8.507348817149177194e+02 1.431366004981100559e+03 3.630362314996309436e+01 3.651856100838632240e-04 5.683824133407324730e-01 2.247203149385750276e+00
4.231120792562142015e+02 1.431366004981100559e+03 3.630362314996309436e+01 3.651856100838632240e-04 5.683824133407324730e-01 2.247203149385750276e+00
8.507348817149177194e+02 8.892124649137258530e+02 3.630362314996309436e+01 3.651856100838632240e-04 5.683824133407324730e-01 2.247203149385750276e+00
8.507348817149177194e+02 1.431366004981100559e+03 1.871822229768149626e+01 3.651856100838632240e-04 5.683824133407324730e-01 2.247203149385750276e+00
8.507348817149177194e+02 1.431366004981100559e+03 3.630362314996309436e+01 8.657144944146276866e-04 5.683824133407324730e-01 2.247203149385750276e+00
8.507348817149177194e+02 1.431366004981100559e+03 3.630362314996309436e+01 3.651856100838632240e-04 3.501856447458267407e+00 2.247203149385750276e+00
8.507348817149177194e+02 1.431366004981100559e+03 3.630362314996309436e+01 3.651856100838632240e-04 5.683824133407324730e-01 3.978682494871318198e+00
8.507348817149177194e+02 8.892124649137258530e+02 1.871822229768149626e+01 8.657144944146276866e-04 3.501856447458267407e+00 3.978682494871318198e+00
4.231120792562142015e+02 1.431366004981100559e+03 1.871822229768149626e+01 8.657144944146276866e-04 3.501856447458267407e+00 3.978682494871318198e+00
4.231120792562142015e+02 8.892124649137258530e+02 3.630362314996309436e+01 8.657144944146276866e-04 3.501856447458267407e+00 3.978682494871318198e+00
4.231120792562142015e+02 8.892124649137258530e+02 1.871822229768149626e+01 3.651856100838632240e-04 3.501856447458267407e+00 3.978682494871318198e+00
4.231120792562142015e+02 8.892124649137258530e+02 1.871822229768149626e+01 8.657144944146276866e-04 5.683824133407324730e-01 3.978682494871318198e+00
4.231120792562142015e+02 8.892124649137258530e+02 1.871822229768149626e+01 8.657144944146276866e-04 3.501856447458267407e+00 2.247203149385750276e+00
4.231120792562142015e+02 8.892124649137258530e+02 1.871822229768149626e+01 8.657144944146276866e-04 3.501856447458267407e+00 3.978682494871318198e+00
2.559435370080173016e+02 6.559003209695219994e+02 8.345685021849348573e+01 5.716232745284215329e-04 2.165463403705507606e+00 1.947623487189412417e-01
5.693123873444274068e+02 6.559003209695219994e+02 8.345685021849348573e+01 5.716232745284215329e-04 2.165463403705507606e+00 1.947623487189412417e-01
2.559435370080173016e+02 1.132408409379422665e+03 8.345685021849348573e+01 5.716232745284215329e-04 2.165463403705507606e+00 1.947623487189412417e-01
2.559435370080173016e+02 6.559003209695219994e+02 7.314990558270365284e+01 5.716232745284215329e-04 2.165463403705507606e+00 1.947623487189412417e-01
2.559435370080173016e+02 6.559003209695219994e+02 8.345685021849348573e+01 4.268240175060928395e-04 2.165463403705507606e+00 1.947623487189412417e-01
2.559435370080173016e+02 6.559003209695219994e+02 8.345685021849348573e+01 5.716232745284215329e-04 1.940729252053424725e+00 1.947623487189412417e-01
2.559435370080173016e+02 6.559003209695219994e+02 8.345685021849348573e+01 5.716232745284215329e-04 2.165463403705507606e+00 6.070865850150585219e-01
2.559435370080173016e+02 1.132408409379422665e+03 7.314990558270365284e+01 4.268240175060928395e-04 1.940729252053424725e+00 6.070865850150585219e-01
5.693123873444274068e+02 6.559003209695219994e+02 7.314990558270365284e+01 4.268240175060928395e-04 1.940729252053424725e+00 6.070865850150585219e-01
5.693123873444274068e+02 1.132408409379422665e+03 8.345685021849348573e+01 4.268240175060928395e-04 1.940729252053424725e+00 6.070865850150585219e-01
5.693123873444274068e+02 1.132408409379422665e+03 7.314990558270365284e+01 5.716232745284215329e-04 1.940729252053424725e+00 6.070865850150585219e-01
5.693123873444274068e+02 1.132408409379422665e+03 7.314990558270365284e+01 4.268240175060928395e-04 2.165463403705507606e+00 6.070865850150585219e-01
5.693123873444274068e+02 1.132408409379422665e+03 7.314990558270365284e+01 4.268240175060928395e-04 1.940729252053424725e+00 1.947623487189412417e-01
5.693123873444274068e+02 1.132408409379422665e+03 7.314990558270365284e+01 4.268240175060928395e-04 1.940729252053424725e+00 6.070865850150585219e-01
7.507258595526218414e+01 1.055403845384716988e+03 1.760327921425923847e+01 2.090349359558895379e-04 3.392393465312197876e+00 1.660171147370711031e+00
1.613375771120190620e+02 1.055403845384716988e+03 1.760327921425923847e+01 2.090349359558895379e-04 3.392393465312197876e+00 1.660171147370711031e+00
7.507258595526218414e+01 1.495095995254814625e+03 1.760327921425923847e+01 2.090349359558895379e-04 3.392393465312197876e+00 1.660171147370711031e+00
7.507258595526218414e+01 1.055403845384716988e+03 8.539382205796428593e+01 2.090349359558895379e-04 3.392393465312197876e+00 1.660171147370711031e+00
7.507258595526218414e+01 1.055403845384716988e+03 1.760327921425923847e+01 2.070338541725650575e-04 3.392393465312197876e+00 1.660171147370711031e+00
7.507258595526218414e+01 1.055403845384716988e+03 1.760327921425923847e+01 2.090349359558895379e-04 8.546484000142664517e-01 1.660171147370711031e+00
7.507258595526218414e+01 1.055403845384716988e+03 1.760327921425923847e+01 2.090349359558895379e-04 3.392393465312197876e+00 1.742364487508311965e+00
7.507258595526218414e+01 1.495095995254814625e+03 8.539382205796428593e+01 2.070338541725650575e-04 8.546484000142664517e-01 1.742364487508311965e+00
1.613375771120190620e+02 1.055403845384716988e+03 8.539382205796428593e+01 2.070338541725650575e-04 8.546484000142664517e-01 1.742364487508311965e+00
1.613375771120190620e+02 1.495095995254814625e+03 1.760327921425923847e+01 2.070338541725650575e-04 8.546484000142664517e-01 1.742364487508311965e+00
1.613375771120190620e+02 1.495095995254814625e+03 8.539382205796428593e+01 2.090349359558895379e-04 8.546484000142664517e-01 1.742364487508311965e+00
1.613375771120190620e+02 1.495095995254814625e+03 8.539382205796428593e+01 2.070338541725650575e-04 3.392393465312197876e+00 1.742364487508311965e+00
1.613375771120190620e+02 1.495095995254814625e+03 8.539382205796428593e+01 2.070338541725650575e-04 8.546484000142664517e-01 1.660171147370711031e+00
1.613375771120190620e+02 1.495095995254814625e+03 8.539382205796428593e+01 2.070338541725650575e-04 8.546484000142664517e-01 1.742364487508311965e+00
5.397680215435102582e+02 7.799362950026988983e+02 6.468848987133242190e+01 9.771581039298327283e-04 1.765179282426834195e+00 3.714621072793379497e+00
8.307272318638861179e+02 7.799362950026988983e+02 6.468848987133242190e+01 9.771581039298327283e-04 1.765179282426834195e+00 3.714621072793379497e+00
5.397680215435102582e+02 7.381661869585514069e+02 6.468848987133242190e+01 9.771581039298327283e-04 1.765179282426834195e+00 3.714621072793379497e+00
5.397680215435102582e+02 7.799362950026988983e+02 3.069391030548140620e+01 9.771581039298327283e-04 1.765179282426834195e+00 3.714621072793379497e+00
5.397680215435102582e+02 7.799362950026988983e+02 6.468848987133242190e+01 5.171496073128656378e-04 1.765179282426834195e+00 3.714621072793379497e+00
5.397680215435102582e+02 7.799362950026988983e+02 6.468848987133242190e+01 9.771581039298327283e-04 2.719565490819513709e+00 3.714621072793379497e+00
5.397680215435102582e+02 7.799362950026988983e+02 6.468848987133242190e+01 9.771581039298327283e-04 1.765179282426834195e+00 2.874450027542188923e+00
5.397680215435102582e+02 7.381661869585514069e+02 3.069391030548140620e+01 5.171496073128656378e-04 2.719565490819513709e+00 2.874450027542188923e+00
8.307272318638861179e+02 7.799362950026988983e+02 3.069391030548140620e+01 5.171496073128656378e-04 2.719565490819513709e+00 2.874450027542188923e+00
8.307272318638861179e+02 7.381661869585514069e+02 6.468848987133242190e+01 5.171496073128656378e-04 2.719565490819513709e+00 2.874450027542188923e+00
8.307272318638861179e+02 7.381661869585514069e+02 3.069391030548140620e+01 9.771581039298327283e-04 2.719565490819513709e+00 2.874450027542188923e+00
8.307272318638861179e+02 7.381661869585514069e+02 3.069391030548140620e+01 5.171496073128656378e-04 1.765179282426834195e+00 2.874450027542188923e+00
8.307272318638861179e+02 7.381661869585514069e+02 3.069391030548140620e+01 5.171496073128656378e-04 2.719565490819513709e+00 3.714621072793379497e+00
8.307272318638861179e+02 7.381661869585514069e+02 3.069391030548140620e+01 5.171496073128656378e-04 2.719565490819513709e+00 2.874450027542188923e+00
7.327496885154396296e+02 1.125404715538024902e+03 9.138308268645778298e+01 8.134242470599712055e-04 1.294701483901590233e+00 2.839969535740092255e+00
1.090973866675049067e+02 1.125404715538024902e+03 9.138308268645778298e+01 8.134242470599712055e-04 1.294701483901590233e+00 2.839969535740092255e+00
7.327496885154396296e+02 1.373288842849433422e+03 9.138308268645778298e+01 8.134242470599712055e-04 1.294701483901590233e+00 2.839969535740092255e+00
7.327496885154396296e+02 1.125404715538024902e+03 8.853307528235018253e+01 8.134242470599712055e-04 1.294701483901590233e+00 2.839969535740092255e+00
7.327496885154396296e+02 1.125404715538024902e+03 9.138308268645778298e+01 3.139131893599406251e-04 1.294701483901590233e+00 2.839969535740092255e+00
7.327496885154396296e+02 1.125404715538024902e+03 9.138308268645778298e+01 8.134242470599712055e-04 1.049607127439230736e-01 2.839969535740092255e+00
7.327496885154396296e+02 1.125404715538024902e+03 9.138308268645778298e+01 8.134242470599712055e-04 1.294701483901590233e+00 2.222141923699527677e+00
7.327496885154396296e+02 1.373288842849433422e+03 8.853307528235018253e+01 3.139131893599406251e-04 1.049607127439230736e-01 2.222141923699527677e+00
1.090973866675049067e+02 1.125404715538024902e+03 8.853307528235018253e+01 3.139131893599406251e-04 1.049607127439230736e-01 2.222141923699527677e+00
1.090973866675049067e+02 1.373288842849433422e+03 9.138308268645778298e+01 3.139131893599406251e-04 1.049607127439230736e-01 2.222141923699527677e+00
1.090973866675049067e+02 1.373288842849433422e+03 8.853307528235018253e+01 8.134242470599712055e-04 1.049607127439230736e-01 2.222141923699527677e+00
1.090973866675049067e+02 1.373288842849433422e+03 8.853307528235018253e+01 3.139131893599406251e-04 1.294701483901590233e+00 2.222141923699527677e+00
1.090973866675049067e+02 1.373288842849433422e+03 8.853307528235018253e+01 3.139131893599406251e-04 1.049607127439230736e-01 2.839969535740092255e+00
1.090973866675049067e+02 1.373288842849433422e+03 8.853307528235018253e+01 3.139131893599406251e-04 1.049607127439230736e-01 2.222141923699527677e+00
1.391787808118388057e+02 9.125606995075941086e+02 3.776026304815895429e+01 1.233550994908437189e-04 3.937025815909728443e+00 7.855766877252609026e-01
8.994282504450529814e+02 9.125606995075941086e+02 3.776026304815895429e+01 1.233550994908437189e-04 3.937025815909728443e+00 7.855766877252609026e-01
1.391787808118388057e+02 6.163512710481882095e+02 3.776026304815895429e+01 1.233550994908437189e-04 3.937025815909728443e+00 7.855766877252609026e-01
1.391787808118388057e+02 9.125606995075941086e+02 4.623580218604765690e+01 1.233550994908437189e-04 3.937025815909728443e+00 7.855766877252609026e-01
1.391787808118388057e+02 9.125606995075941086e+02 3.776026304815895429e+01 8.776782941119746920e-04 3.937025815909728443e+00 7.855766877252609026e-01
1.391787808118388057e+02 9.125606995075941086e+02 3.776026304815895429e+01 1.233550994908437189e-04 2.472460878491401726e+00 7.855766877252609026e-01
1.391787808118388057e+02 9.125606995075941086e+02 3.776026304815895429e+01 1.233550994908437189e-04 3.937025815909728443e+00 1.334828774463385326e+00
1.391787808118388057e+02 6.163512710481882095e+02 4.623580218604765690e+01 8.776782941119746920e-04 2.472460878491401726e+00 1.334828774463385326e+00
8.994282504450529814e+02 9.125606995075941086e+02 4.623580218604765690e+01 8.776782941119746920e-04 2.472460878491401726e+00 1.334828774463385326e+00
8.994282504450529814e+02 6.163512710481882095e+02 3.776026304815895429e+01 8.776782941119746920e-04 2.472460878491401726e+00 1.334828774463385326e+00
8.994282504450529814e+02 6.163512710481882095e+02 4.623580218604765690e+01 1.233550994908437189e-04 2.472460878491401726e+00 1.334828774463385326e+00
8.994282504450529814e+02 6.163512710481882095e+02 4.623580218604765690e+01 8.776782941119746920e-04 3.937025815909728443e+00 1.334828774463385326e+00
8.994282504450529814e+02 6.163512710481882095e+02 4.623580218604765690e+01 8.776782941119746920e-04 2.472460878491401726e+00 7.855766877252609026e-01
8.994282504450529814e+02 6.163512710481882095e+02 4.623580218604765690e+01 8.776782941119746920e-04 2.472460878491401726e+00 1.334828774463385326e+00
4.411005037641152740e+02 1.251380260102450848e+03 6.008396444716490947e+01 7.197029748065398658e-04 2.639776031114160926e+00 1.318759484961629092e+00
3.699848947292193770e+02 1.251380260102450848e+03 6.008396444716490947e+01 7.197029748065398658e-04 2.639776031114160926e+00 1.318759484961629092e+00
4.411005037641152740e+02 7.600428089499473572e+02 6.008396444716490947e+01 7.197029748065398658e-04 2.639776031114160926e+00 1.318759484961629092e+00
4.411005037641152740e+02 1.251380260102450848e+03 9.382424203399569507e+00 7.197029748065398658e-04 2.639776031114160926e+00 1.318759484961629092e+00
4.411005037641152740e+02 1.251380260102450848e+03 6.008396444716490947e+01 7.247186498492957495e-04 2.639776031114160926e+00 1.318759484961629092e+00
4.411005037641152740e+02 1.251380260102450848e+03 6.008396444716490947e+01 7.197029748065398658e-04 3.254747286774218207e+00 1.318759484961629092e+00
4.411005037641152740e+02 1.251380260102450848e+03 6.008396444716490947e+01 7.197029748065398658e-04 2.639776031114160926e+00 4.528283985238522602e-01
4.411005037641152740e+02 7.600428089499473572e+02 9.382424203399569507e+00 7.247186498492957495e-04 3.254747286774218207e+00 4.528283985238522602e-01
3.699848947292193770e+02 1.251380260102450848e+03 9.382424203399569507e+00 7.247186498492957495e-04 3.254747286774218207e+00 4.528283985238522602e-01
3.699848947292193770e+02 7.600428089499473572e+02 6.008396444716490947e+01 7.247186498492957495e-04 3.254747286774218207e+00 4.528283985238522602e-01
3.699848947292193770e+02 7.600428089499473572e+02 9.382424203399569507e+00 7.197029748065398658e-04 3.254747286774218207e+00 4.528283985238522602e-01
3.699848947292193770e+02 7.600428089499473572e+02 9.382424203399569507e+00 7.247186498492957495e-04 2.639776031114160926e+00 4.528283985238522602e-01
3.699848947292193770e+02 7.600428089499473572e+02 9.382424203399569507e+00 7.247186498492957495e-04 3.254747286774218207e+00 1.318759484961629092e+00
3.699848947292193770e+02 7.600428089499473572e+02 9.382424203399569507e+00 7.247186498492957495e-04 3.254747286774218207e+00 4.528283985238522602e-01
9.070144671928137541e+02 5.385342286899685860e+02 6.578060251008719383e+00 4.664605270177126493e-04 2.770641894079745038e-02 3.371264973357319672e+00
6.371893062917515635e+02 5.385342286899685860e+02 6.578060251008719383e+00 4.664605270177126493e-04 2.770641894079745038e-02 3.371264973357319672e+00
9.070144671928137541e+02 1.003246516920626163e+03 6.578060251008719383e+00 4.664605270177126493e-04 2.770641894079745038e-02 3.371264973357319672e+00
9.070144671928137541e+02 5.385342286899685860e+02 5.121625138209201111e+01 4.664605270177126493e-04 2.770641894079745038e-02 3.371264973357319672e+00
9.070144671928137541e+02 5.385342286899685860e+02 6.578060251008719383e+00 3.997779250517487476e-05 2.770641894079745038e-02 3.371264973357319672e+00
9.070144671928137541e+02 5.385342286899685860e+02 6.578060251008719383e+00 4.664605270177126493e-04 1.191031011408195006e+00 3.371264973357319672e+00
9.070144671928137541e+02 5.385342286899685860e+02 6.578060251008719383e+00 4.664605270177126493e-04 2.770641894079745038e-02 3.073096998250111955e+00
9.070144671928137541e+02 1.003246516920626163e+03 5.121625138209201111e+01 3.997779250517487476e-05 1.191031011408195006e+00 3.073096998250111955e+00
6.371893062917515635e+02 5.385342286899685860e+02 5.121625138209201111e+01 3.997779250517487476e-05 1.191031011408195006e+00 3.073096998250111955e+00
6.371893062917515635e+02 1.003246516920626163e+03 6.578060251008719383e+00 3.997779250517487476e-05 1.191031011408195006e+00 3.073096998250111955e+00
6.371893062917515635e+02 1.003246516920626163e+03 5.121625138209201111e+01 4.664605270177126493e-04 1.191031011408195006e+00 3.073096998250111955e+00
6.371893062917515635e+02 1.003246516920626163e+03 5.121625138209201111e+01 3.997779250517487476e-05 2.770641894079745038e-02 3.073096998250111955e+00
6.371893062917515635e+02 1.003246516920626163e+03 5.121625138209201111e+01 3.997779250517487476e-05 1.191031011408195006e+00 3.371264973357319672e+00
6.371893062917515635e+02 1.003246516920626163e+03 5.121625138209201111e+01 3.997779250517487476e-05 1.191031011408195006e+00 3.073096998250111955e+00
9.644853926179930568e+02 1.100297774188220501e+03 5.422798763494938612e+01 1.468206486944109489e-05 2.416982225198298639e+00 3.984274103939533074e+00
1.426801285054534674e+01 1.100297774188220501e+03 5.422798763494938612e+01 1.468206486944109489e-05 2.416982225198298639e+00 3.984274103939533074e+00
9.644853926179930568e+02 1.257782559841871262e+03 5.422798763494938612e+01 1.468206486944109489e-05 2.416982225198298639e+00 3.984274103939533074e+00
9.644853926179930568e+02 1.100297774188220501e+03 9.804683618377893595e+01 1.468206486944109489e-05 2.416982225198298639e+00 3.984274103939533074e+00
9.644853926179930568e+02 1.100297774188220501e+03 5.422798763494938612e+01 5.660717639038339829e-04 2.416982225198298639e+00 3.984274103939533074e+00
9.644853926179930568e+02 1.100297774188220501e+03 5.422798763494938612e+01 1.468206486944109489e-05 1.406543828463181933e+00 3.984274103939533074e+00
9.644853926179930568e+02 1.100297774188220501e+03 5.422798763494938612e+01 1.468206486944109489e-05 2.416982225198298639e+00 3.633252995423972731e+00
9.644853926179930568e+02 1.257782559841871262e+03 9.804683618377893595e+01 5.660717639038339829e-04 1.406543828463181933e+00 3.633252995423972731e+00
1.426801285054534674e+01 1.100297774188220501e+03 9.804683618377893595e+01 5.660717639038339829e-04 1.406543828463181933e+00 3.633252995423972731e+00
1.426801285054534674e+01 1.257782559841871262e+03 5.422798763494938612e+01 5.660717639038339829e-04 1.406543828463181933e+00 3.633252995423972731e+00
1.426801285054534674e+01 1.257782559841871262e+03 9.804683618377893595e+01 1.468206486944109489e-05 1.406543828463181933e+00 3.633252995423972731e+00
1.426801285054534674e+01 1.257782559841871262e+03 9.804683618377893595e+01 5.660717639038339829e-04 2.416982225198298639e+00 3.633252995423972731e+00
1.426801285054534674e+01 1.257782559841871262e+03 9.804683618377893595e+01 5.660717639038339829e-04 1.406543828463181933e+00 3.984274103939533074e+00
1.426801285054534674e+01 1.257782559841871262e+03 9.804683618377893595e+01 5.660717639038339829e-04 1.406543828463181933e+00 3.633252995423972731e+00
4.304618789348751307e+02 8.131413804367184639e+02 1.501992781227454721e+00 8.006672934722156281e-04 8.198744797986001753e-01 1.922031209766864812e+00
9.958451080573722720e+02 8.131413804367184639e+02 1.501992781227454721e+00 8.006672934722156281e-04 8.198744797986001753e-01 1.922031209766864812e+00
4.304618789348751307e+02 5.145397381857037544e+02 1.501992781227454721e+00 8.006672934722156281e-04 8.198744797986001753e-01 1.922031209766864812e+00
4.304618789348751307e+02 8.131413804367184639e+02 4.302993283825926341e+01 8.006672934722156281e-04 8.198744797986001753e-01 1.922031209766864812e+00
4.304618789348751307e+02 8.131413804367184639e+02 1.501992781227454721e+00 1.269348970623687114e-04 8.198744797986001753e-01 1.922031209766864812e+00
4.304618789348751307e+02 8.131413804367184639e+02 1.501992781227454721e+00 8.006672934722156281e-04 3.040733940787613498e+00 1.922031209766864812e+00
4.304618789348751307e+02 8.131413804367184639e+02 1.501992781227454721e+00 8.006672934722156281e-04 8.198744797986001753e-01 7.673098845779896537e-01
4.304618789348751307e+02 5.145397381857037544e+02 4.302993283825926341e+01 1.269348970623687114e-04 3.040733940787613498e+00 7.673098845779896537e-01
9.958451080573722720e+02 8.131413804367184639e+02 4.302993283825926341e+01 1.269348970623687114e-04 3.040733940787613498e+00 7.673098845779896537e-01
9.958451080573722720e+02 5.145397381857037544e+02 1.501992781227454721e+00 1.269348970623687114e-04 3.040733940787613498e+00 7.673098845779896537e-01
9.958451080573722720e+02 5.145397381857037544e+02 4.302993283825926341e+01 8.006672934722156281e-04 3.040733940787613498e+00 7.673098845779896537e-01
9.958451080573722720e+02 5.145397381857037544e+02 4.302993283825926341e+01 1.269348970623687114e-04 8.198744797986001753e-01 7.673098845779896537e-01
9.958451080573722720e+02 5.145397381857037544e+02 4.302993283825926341e+01 1.269348970623687114e-04 3.040733940787613498e+00 1.922031209766864812e+00
9.958451080573722720e+02 5.145397381857037544e+02 4.302993283825926341e+01 1.269348970623687114e-04 3.040733940787613498e+00 7.673098845779896537e-01
2.415210267733782530e+02 1.476286858320236206e+03 9.801991403321736129e+01 4.209566818494350402e-04 1.517552367225289522e+00 3.932962385285646012e-01
2.755547797102481127e+02 1.476286858320236206e+03 9.801991403321736129e+01 4.209566818494350402e-04 1.517552367225289522e+00 3.932962385285646012e-01
2.415210267733782530e+02 8.628535484895110130e+02 9.801991403321736129e+01 4.209566818494350402e-04 1.517552367225289522e+00 3.932962385285646012e-01
2.415210267733782530e+02 1.476286858320236206e+03 6.188944933470338583e+00 4.209566818494350402e-04 1.517552367225289522e+00 3.932962385285646012e-01
2.415210267733782530e+02 1.476286858320236206e+03 9.801991403321736129e+01 4.754871308431030314e-04 1.517552367225289522e+00 3.932962385285646012e-01
2.415210267733782530e+02 1.476286858320236206e+03 9.801991403321736129e+01 4.209566818494350402e-04 2.248697878867387701e+00 3.932962385285646012e-01
2.415210267733782530e+02 1.476286858320236206e+03 9.801991403321736129e+01 4.209566818494350402e-04 1.517552367225289522e+00 1.911469745198264736e+00
2.415210267733782530e+02 8.628535484895110130e+02 6.188944933470338583e+00 4.754871308431030314e-04 2.248697878867387701e+00 1.911469745198264736e+00
2.755547797102481127e+02 1.476286858320236206e+03 6.188944933470338583e+00 4.754871308431030314e-04 2.248697878867387701e+00 1.911469745198264736e+00
2.755547797102481127e+02 8.628535484895110130e+02 9.801991403321736129e+01 4.754871308431030314e-04 2.248697878867387701e+00 1.911469745198264736e+00
2.755547797102481127e+02 8.628535484895110130e+02 6.188944933470338583e+00 4.209566818494350402e-04 2.248697878867387701e+00 1.911469745198264736e+00
2.755547797102481127e+02 8.628535484895110130e+02 6.188944933470338583e+00 4.754871308431030314e-04 1.517552367225289522e+00 1.911469745198264736e+00
2.755547797102481127e+02 8.628535484895110130e+02 6.188944933470338583e+00 4.754871308431030314e-04 2.248697878867387701e+00 3.932962385285646012e-01
2.755547797102481127e+02 8.628535484895110130e+02 6.188944933470338583e+00 4.754871308431030314e-04 2.248697878867387701e+00 1.911469745198264736e+00
6.460126419579610229e+02 6.891323607414960861e+02 4.517890975996851921e+01 6.447524177031592344e-04 3.144800677644088882e+00 2.453530007945373459e+00
7.339424091633409262e+02 6.891323607414960861e+02 4.517890975996851921e+01 6.447524177031592344e-04 3.144800677644088882e+00 2.453530007945373459e+00
6.460126419579610229e+02 1.119706256315112114e+03 4.517890975996851921e+01 6.447524177031592344e-04 3.144800677644088882e+00 2.453530007945373459e+00
6.460126419579610229e+02 6.891323607414960861e+02 6.069322035019285977e+01 6.447524177031592344e-04 3.144800677644088882e+00 2.453530007945373459e+00
6.460126419579610229e+02 6.891323607414960861e+02 4.517890975996851921e+01 7.858440339528025443e-04 3.144800677644088882e+00 2.453530007945373459e+00
6.460126419579610229e+02 6.891323607414960861e+02 4.517890975996851921e+01 6.447524177031592344e-04 3.263114784192294171e-01 2.453530007945373459e+00
6.460126419579610229e+02 6.891323607414960861e+02 4.517890975996851921e+01 6.447524177031592344e-04 3.144800677644088882e+00 2.520384002821519864e+00
6.460126419579610229e+02 1.119706256315112114e+03 6.069322035019285977e+01 7.858440339528025443e-04 3.263114784192294171e-01 2.520384002821519864e+00
7.339424091633409262e+02 6.891323607414960861e+02 6.069322035019285977e+01 7.858440339528025443e-04 3.263114784192294171e-01 2.520384002821519864e+00
7.339424091633409262e+02 1.119706256315112114e+03 4.517890975996851921e+01 7.858440339528025443e-04 3.263114784192294171e-01 2.520384002821519864e+00
7.339424091633409262e+02 1.119706256315112114e+03 6.069322035019285977e+01 6.447524177031592344e-04 3.263114784192294171e-01 2.520384002821519864e+00
7.339424091633409262e+02 1.119706256315112114e+03 6.069322035019285977e+01 7.858440339528025443e-04 3.144800677644088882e+00 2.520384002821519864e+00
7.339424091633409262e+02 1.119706256315112114e+03 6.069322035019285977e+01 7.858440339528025443e-04 3.263114784192294171e-01 2.453530007945373459e+00
7.339424091633409262e+02 1.119706256315112114e+03 6.069322035019285977e+01 7.858440339528025443e-04 3.263114784192294171e-01 2.520384002821519864e+00
5.818721566013991833e+02 1.343164192512631416e+03 2.502098408504389226e+01 5.585919336741790872e-04 3.685415789475664283e+00 3.078842337289824815e+00
4.575438358932733536e+02 1.343164192512631416e+03 2.502098408504389226e+01 5.585919336741790872e-04 3.685415789475664283e+00 3.078842337289824815e+00
5.818721566013991833e+02 9.914970183745026588e+02 2.502098408504389226e+01 5.585919336741790872e-04 3.685415789475664283e+00 3.078842337289824815e+00
5.818721566013991833e+02 1.343164192512631416e+03 2.174109113379381597e+01 5.585919336741790872e-04 3.685415789475664283e+00 3.078842337289824815e+00
5.818721566013991833e+02 1.343164192512631416e+03 2.502098408504389226e+01 1.159457454681396533e-04 3.685415789475664283e+00 3.078842337289824815e+00
5.818721566013991833e+02 1.343164192512631416e+03 2.502098408504389226e+01 5.585919336741790872e-04 2.994957146234810352e+00 3.078842337289824815e+00
5.818721566013991833e+02 1.343164192512631416e+03 2.502098408504389226e+01 5.585919336741790872e-04 3.685415789475664283e+00 2.429192242119461387e+00
5.818721566013991833e+02 9.914970183745026588e+02 2.174109113379381597e+01 1.159457454681396533e-04 2.994957146234810352e+00 2.429192242119461387e+00
4.575438358932733536e+02 1.343164192512631416e+03 2.174109113379381597e+01 1.159457454681396533e-04 2.994957146234810352e+00 2.429192242119461387e+00
4.575438358932733536e+02 9.914970183745026588e+02 2.502098408504389226e+01 1.159457454681396533e-04 2.994957146234810352e+00 2.429192242119461387e+00
4.575438358932733536e+02 9.914970183745026588e+02 2.174109113379381597e+01 5.585919336741790872e-04 2.994957146234810352e+00 2.429192242119461387e+00
4.575438358932733536e+02 9.914970183745026588e+02 2.174109113379381597e+01 1.159457454681396533e-04 3.685415789475664283e+00 2.429192242119461387e+00
4.575438358932733536e+02 9.914970183745026588e+02 2.174109113379381597e+01 1.159457454681396533e-04 2.994957146234810352e+00 3.078842337289824815e+00
4.575438358932733536e+02 9.914970183745026588e+02 2.174109113379381597e+01 1.159457454681396533e-04 2.994957146234810352e+00 2.429192242119461387e+00
4.858128695283085108e+01 6.186303012073040009e+02 7.132629135716706514e+01 2.567259811647237063e-04 1.043057092111557838e+00 1.018543880144134217e+00
5.374355688206851482e+02 6.186303012073040009e+02 7.132629135716706514e+01 2.567259811647237063e-04 1.043057092111557838e+00 1.018543880144134217e+00
4.858128695283085108e+01 1.248357191681861877e+03 7.132629135716706514e+01 2.567259811647237063e-04 1.043057092111557838e+00 1.018543880144134217e+00
4.858128695283085108e+01 6.186303012073040009e+02 6.384357087835669375e+01 2.567259811647237063e-04 1.043057092111557838e+00 1.018543880144134217e+00
4.858128695283085108e+01 6.186303012073040009e+02 7.132629135716706514e+01 6.799579844661057717e-04 1.043057092111557838e+00 1.018543880144134217e+00
4.858128695283085108e+01 6.186303012073040009e+02 7.132629135716706514e+01 2.567259811647237063e-04 5.777729698177427320e-01 1.018543880144134217e+00
4.858128695283085108e+01 6.186303012073040009e+02 7.132629135716706514e+01 2.567259811647237063e-04 1.043057092111557838e+00 1.067505189012736055e+00
4.858128695283085108e+01 1.248357191681861877e+03 6.384357087835669375e+01 6.799579844661057717e-04 5.777729698177427320e-01 1.067505189012736055e+00
5.374355688206851482e+02 6.186303012073040009e+02 6.384357087835669375e+01 6.799579844661057717e-04 5.777729698177427320e-01 1.067505189012736055e+00
5.374355688206851482e+02 1.248357191681861877e+03 7.132629135716706514e+01 6.799579844661057717e-04 5.777729698177427320e-01 1.067505189012736055e+00
5.374355688206851482e+02 1.248357191681861877e+03 6.384357087835669375e+01 2.567259811647237063e-04 5.777729698177427320e-01 1.067505189012736055e+00
5.374355688206851482e+02 1.248357191681861877e+03 6.384357087835669375e+01 6.799579844661057717e-04 1.043057092111557838e+00 1.067505189012736055e+00
5.374355688206851482e+02 1.248357191681861877e+03 6.384357087835669375e+01 6.799579844661057717e-04 5.777729698177427320e-01 1.018543880144134217e+00
5.374355688206851482e+02 1.248357191681861877e+03 6.384357087835669375e+01 6.799579844661057717e-04 5.777729698177427320e-01 1.067505189012736055e+00
3.741403663055971265e+02 1.217184611596167088e+03 3.122849454246461676e+01 9.024209525287152150e-04 2.754247769061476392e-01 5.486863042041659755e-01
1.951928912410512567e+02 1.217184611596167088e+03 3.122849454246461676e+01 9.024209525287152150e-04 2.754247769061476392e-01 5.486863042041659755e-01
3.741403663055971265e+02 1.378163235262036324e+03 3.122849454246461676e+01 9.024209525287152150e-04 2.754247769061476392e-01 5.486863042041659755e-01
3.741403663055971265e+02 1.217184611596167088e+03 7.609988041021861704e+01 9.024209525287152150e-04 2.754247769061476392e-01 5.486863042041659755e-01
3.741403663055971265e+02 1.217184611596167088e+03 3.122849454246461676e+01 9.538750712210313214e-04 2.754247769061476392e-01 5.486863042041659755e-01
3.741403663055971265e+02 1.217184611596167088e+03 3.122849454246461676e+01 9.024209525287152150e-04 1.658002317352220478e+00 5.486863042041659755e-01
3.741403663055971265e+02 1.217184611596167088e+03 3.122849454246461676e+01 9.024209525287152150e-04 2.754247769061476392e-01 1.766071586590260423e-01
3.741403663055971265e+02 1.378163235262036324e+03 7.609988041021861704e+01 9.538750712210313214e-04 1.658002317352220478e+00 1.766071586590260423e-01
1.951928912410512567e+02 1.217184611596167088e+03 7.609988041021861704e+01 9.538750712210313214e-04 1.658002317352220478e+00 1.766071586590260423e-01
1.951928912410512567e+02 1.378163235262036324e+03 3.122849454246461676e+01 9.538750712210313214e-04 1.658002317352220478e+00 1.766071586590260423e-01
1.951928912410512567e+02 1.378163235262036324e+03 7.609988041021861704e+01 9.024209525287152150e-04 1.658002317352220478e+00 1.766071586590260423e-01
1.951928912410512567e+02 1.378163235262036324e+03 7.609988041021861704e+01 9.538750712210313214e-04 2.754247769061476392e-01 1.766071586590260423e-01
1.951928912410512567e+02 1.378163235262036324e+03 7.609988041021861704e+01 9.538750712210313214e-04 1.658002317352220478e+00 5.486863042041659755e-01
1.951928912410512567e+02 1.378163235262036324e+03 7.609988041021861704e+01 9.538750712210313214e-04 1.658002317352220478e+00 1.766071586590260423e-01
7.793627163618803024e+02 9.926527058705687523e+02 7.759991220342926965e+01 1.632567035211250335e-04 2.887520906291901834e+00 2.610872120968997567e+00
7.982111954735592008e+02 9.926527058705687523e+02 7.759991220342926965e+01 1.632567035211250335e-04 2.887520906291901834e+00 2.610872120968997567e+00
7.793627163618803024e+02 6.349129481241106987e+02 7.759991220342926965e+01 1.632567035211250335e-04 2.887520906291901834e+00 2.610872120968997567e+00
7.793627163618803024e+02 9.926527058705687523e+02 3.367998422952368998e+01 1.632567035211250335e-04 2.887520906291901834e+00 2.610872120968997567e+00
7.793627163618803024e+02 9.926527058705687523e+02 7.759991220342926965e+01 2.688932723151520651e-04 2.887520906291901834e+00 2.610872120968997567e+00
7.793627163618803024e+02 9.926527058705687523e+02 7.759991220342926965e+01 1.632567035211250335e-04 3.786980871111154556e+00 2.610872120968997567e+00
7.793627163618803024e+02 9.926527058705687523e+02 7.759991220342926965e+01 1.632567035211250335e-04 2.887520906291901834e+00 3.288799538230523289e+00
7.793627163618803024e+02 6.349129481241106987e+02 3.367998422952368998e+01 2.688932723151520651e-04 3.786980871111154556e+00 3.288799538230523289e+00
7.982111954735592008e+02 9.926527058705687523e+02 3.367998422952368998e+01 2.688932723151520651e-04 3.786980871111154556e+00 3.288799538230523289e+00
7.982111954735592008e+02 6.349129481241106987e+02 7.759991220342926965e+01 2.688932723151520651e-04 3.786980871111154556e+00 3.288799538230523289e+00
7.982111954735592008e+02 6.349129481241106987e+02 3.367998422952368998e+01 1.632567035211250335e-04 3.786980871111154556e+00 3.288799538230523289e+00
7.982111954735592008e+02 6.349129481241106987e+02 3.367998422952368998e+01 2.688932723151520651e-04 2.887520906291901834e+00 3.288799538230523289e+00
7.982111954735592008e+02 6.349129481241106987e+02 3.367998422952368998e+01 2.688932723151520651e-04 3.786980871111154556e+00 2.610872120968997567e+00
7.982111954735592008e+02 6.349129481241106987e+02 3.367998422952368998e+01 2.688932723151520651e-04 3.786980871111154556e+00 3.288799538230523289e+00
7.951208413848653436e+02 1.237344947643578053e+03 5.110101970518007519e+00 6.889991396106780880e-04 1.925713854525238355e+00 1.247534397402778383e+00
5.981730448994785547e+02 1.237344947643578053e+03 5.110101970518007519e+00 6.889991396106780880e-04 1.925713854525238355e+00 1.247534397402778383e+00
7.951208413848653436e+02 1.420411298051476479e+03 5.110101970518007519e+00 6.889991396106780880e-04 1.925713854525238355e+00 1.247534397402778383e+00
7.951208413848653436e+02 1.237344947643578053e+03 3.783800775213166645e+01 6.889991396106780880e-04 1.925713854525238355e+00 1.247534397402778383e+00
7.951208413848653436e+02 1.237344947643578053e+03 5.110101970518007519e+00 9.210407349579037041e-04 1.925713854525238355e+00 1.247534397402778383e+00
7.951208413848653436e+02 1.237344947643578053e+03 5.110101970518007519e+00 6.889991396106780880e-04 3.933712966609746342e+00 1.247534397402778383e+00
7.951208413848653436e+02 1.237344947643578053e+03 5.110101970518007519e+00 6.889991396106780880e-04 1.925713854525238355e+00 2.099716301783919103e+00
7.951208413848653436e+02 1.420411298051476479e+03 3.783800775213166645e+01 9.210407349579037041e-04 3.933712966609746342e+00 2.099716301783919103e+00
5.981730448994785547e+02 1.237344947643578053e+03 3.783800775213166645e+01 9.210407349579037041e-04 3.933712966609746342e+00 2.099716301783919103e+00
5.981730448994785547e+02 1.420411298051476479e+03 5.110101970518007519e+00 9.210407349579037041e-04 3.933712966609746342e+00 2.099716301783919103e+00
5.981730448994785547e+02 1.420411298051476479e+03 3.783800775213166645e+01 6.889991396106780880e-04 3.933712966609746342e+00 2.099716301783919103e+00
5.981730448994785547e+02 1.420411298051476479e+03 3.783800775213166645e+01 9.210407349579037041e-04 1.925713854525238355e+00 2.099716301783919103e+00
5.981730448994785547e+02 1.420411298051476479e+03 3.783800775213166645e+01 9.210407349579037041e-04 3.933712966609746342e+00 1.247534397402778383e+00
5.981730448994785547e+02 1.420411298051476479e+03 3.783800775213166645e+01 9.210407349579037041e-04 3.933712966609746342e+00 2.099716301783919103e+00
3.271632605455815792e+02 9.580949870869517326e+02 5.219378732545300892e+01 4.971957424497233094e-04 3.305531587107107150e+00 3.177239745417609562e+00
3.934072646927088499e+02 9.580949870869517326e+02 5.219378732545300892e+01 4.971957424497233094e-04 3.305531587107107150e+00 3.177239745417609562e+00
3.271632605455815792e+02 6.636807201430201530e+02 5.219378732545300892e+01 4.971957424497233094e-04 3.305531587107107150e+00 3.177239745417609562e+00
3.271632605455815792e+02 9.580949870869517326e+02 9.536840069559403332e+01 4.971957424497233094e-04 3.305531587107107150e+00 3.177239745417609562e+00
3.271632605455815792e+02 9.580949870869517326e+02 5.219378732545300892e+01 3.572755036726594580e-04 3.305531587107107150e+00 3.177239745417609562e+00
3.271632605455815792e+02 9.580949870869517326e+02 5.219378732545300892e+01 4.971957424497233094e-04 1.511521198945120048e+00 3.177239745417609562e+00
3.271632605455815792e+02 9.580949870869517326e+02 5.219378732545300892e+01 4.971957424497233094e-04 3.305531587107107150e+00 1.490499533899128481e+00
3.271632605455815792e+02 6.636807201430201530e+02 9.536840069559403332e+01 3.572755036726594580e-04 1.511521198945120048e+00 1.490499533899128481e+00
3.934072646927088499e+02 9.580949870869517326e+02 9.536840069559403332e+01 3.572755036726594580e-04 1.511521198945120048e+00 1.490499533899128481e+00
3.934072646927088499e+02 6.636807201430201530e+02 5.219378732545300892e+01 3.572755036726594580e-04 1.511521198945120048e+00 1.490499533899128481e+00
3.934072646927088499e+02 6.636807201430201530e+02 9.536840069559403332e+01 4.971957424497233094e-04 1.511521198945120048e+00 1.490499533899128481e+00
3.934072646927088499e+02 6.636807201430201530e+02 9.536840069559403332e+01 3.572755036726594580e-04 3.305531587107107150e+00 1.490499533899128481e+00
3.934072646927088499e+02 6.636807201430201530e+02 9.536840069559403332e+01 3.572755036726594580e-04 1.511521198945120048e+00 3.177239745417609562e+00
3.934072646927088499e+02 6.636807201430201530e+02 9.536840069559403332e+01 3.572755036726594580e-04 1.511521198945120048e+00 1.490499533899128481e+00
1.901660770177841187e+00 1.361363505944609642e+03 4.879832699904218174e+01 8.451502919597552246e-04 2.008822581022977616e+00 2.644787754528224344e+00
8.604129994576796889e+02 1.361363505944609642e+03 4.879832699904218174e+01 8.451502919597552246e-04 2.008822581022977616e+00 2.644787754528224344e+00
1.901660770177841187e+00 9.638349274173378944e+02 4.879832699904218174e+01 8.451502919597552246e-04 2.008822581022977616e+00 2.644787754528224344e+00
1.901660770177841187e+00 1.361363505944609642e+03 5.844257933218032264e+01 8.451502919597552246e-04 2.008822581022977616e+00 2.644787754528224344e+00
1.901660770177841187e+00 1.361363505944609642e+03 4.879832699904218174e+01 1.122294090408832085e-05 2.008822581022977616e+00 2.644787754528224344e+00
1.901660770177841187e+00 1.361363505944609642e+03 4.879832699904218174e+01 8.451502919597552246e-04 7.196267900709063525e-01 2.644787754528224344e+00
1.901660770177841187e+00 1.361363505944609642e+03 4.879832699904218174e+01 8.451502919597552246e-04 2.008822581022977616e+00 3.775068141240626729e-01
1.901660770177841187e+00 9.638349274173378944e+02 5.844257933218032264e+01 1.122294090408832085e-05 7.196267900709063525e-01 3.775068141240626729e-01
8.604129994576796889e+02 1.361363505944609642e+03 5.844257933218032264e+01 1.122294090408832085e-05 7.196267900709063525e-01 3.775068141240626729e-01
8.604129994576796889e+02 9.638349274173378944e+02 4.879832699904218174e+01 1.122294090408832085e-05 7.196267900709063525e-01 3.775068141240626729e-01
8.604129994576796889e+02 9.638349274173378944e+02 5.844257933218032264e+01 8.451502919597552246e-04 7.196267900709063525e-01 3.775068141240626729e-01
8.604129994576796889e+02 9.638349274173378944e+02 5.844257933218032264e+01 1.122294090408832085e-05 2.008822581022977616e+00 3.775068141240626729e-01
8.604129994576796889e+02 9.638349274173378944e+02 5.844257933218032264e+01 1.122294090408832085e-05 7.196267900709063525e-01 2.644787754528224344e+00
8.604129994576796889e+02 9.638349274173378944e+02 5.844257933218032264e+01 1.122294090408832085e-05 7.196267900709063525e-01 3.775068141240626729e-01
5.973332635210826993e+02 5.821116194128990173e+02 9.595002913777716458e+01 9.166043482720852786e-05 6.591378031391650349e-01 7.169697661325336036e-01
1.325187425045296550e+02 5.821116194128990173e+02 9.595002913777716458e+01 9.166043482720852786e-05 6.591378031391650349e-01 7.169697661325336036e-01
5.973332635210826993e+02 1.206955619156360626e+03 9.595002913777716458e+01 9.166043482720852786e-05 6.591378031391650349e-01 7.169697661325336036e-01
5.973332635210826993e+02 5.821116194128990173e+02 5.951516039203853525e-01 9.166043482720852786e-05 6.591378031391650349e-01 7.169697661325336036e-01
5.973332635210826993e+02 5.821116194128990173e+02 9.595002913777716458e+01 6.959639247814194832e-04 6.591378031391650349e-01 7.169697661325336036e-01
5.973332635210826993e+02 5.821116194128990173e+02 9.595002913777716458e+01 9.166043482720852786e-05 2.853338963519781668e+00 7.169697661325336036e-01
5.973332635210826993e+02 5.821116194128990173e+02 9.595002913777716458e+01 9.166043482720852786e-05 6.591378031391650349e-01 3.243756240392103862e+00
5.973332635210826993e+02 1.206955619156360626e+03 5.951516039203853525e-01 6.959639247814194832e-04 2.853338963519781668e+00 3.243756240392103862e+00
1.325187425045296550e+02 5.821116194128990173e+02 5.951516039203853525e-01 6.959639247814194832e-04 2.853338963519781668e+00 3.243756240392103862e+00
1.325187425045296550e+02 1.206955619156360626e+03 9.595002913777716458e+01 6.959639247814194832e-04 2.853338963519781668e+00 3.243756240392103862e+00
1.325187425045296550e+02 1.206955619156360626e+03 5.951516039203853525e-01 9.166043482720852786e-05 2.853338963519781668e+00 3.243756240392103862e+00
1.325187425045296550e+02 1.206955619156360626e+03 5.951516039203853525e-01 6.959639247814194832e-04 6.591378031391650349e-01 3.243756240392103862e+00
1.325187425045296550e+02 1.206955619156360626e+03 5.951516039203853525e-01 6.959639247814194832e-04 2.853338963519781668e+00 7.169697661325336036e-01
1.325187425045296550e+02 1.206955619156360626e+03 5.951516039203853525e-01 6.959639247814194832e-04 2.853338963519781668e+00 3.243756240392103862e+00
6.615261540953069925e+02 1.448091853410005569e+03 7.257714169090613154e+01 2.397539532762021095e-04 1.867731057759374480e-01 1.841274050176143762e+00
9.321951686972752213e+02 1.448091853410005569e+03 7.257714169090613154e+01 2.397539532762021095e-04 1.867731057759374480e-01 1.841274050176143762e+00
6.615261540953069925e+02 8.419898292049765587e+02 7.257714169090613154e+01 2.397539532762021095e-04 1.867731057759374480e-01 1.841274050176143762e+00
6.615261540953069925e+02 1.448091853410005569e+03 6.787630990357138216e+01 2.397539532762021095e-04 1.867731057759374480e-01 1.841274050176143762e+00
6.615261540953069925e+02 1.448091853410005569e+03 7.257714169090613154e+01 4.009460249738768141e-04 1.867731057759374480e-01 1.841274050176143762e+00
6.615261540953069925e+02 1.448091853410005569e+03 7.257714169090613154e+01 2.397539532762021095e-04 4.718212552834302742e-01 1.841274050176143762e+00
6.615261540953069925e+02 1.448091853410005569e+03 7.257714169090613154e+01 2.397539532762021095e-04 1.867731057759374480e-01 3.834213592913001900e+00
6.615261540953069925e+02 8.419898292049765587e+02 6.787630990357138216e+01 4.009460249738768141e-04 4.718212552834302742e-01 3.834213592913001900e+00
9.321951686972752213e+02 1.448091853410005569e+03 6.787630990357138216e+01 4.009460249738768141e-04 4.718212552834302742e-01 3.834213592913001900e+00
9.321951686972752213e+02 8.419898292049765587e+02 7.257714169090613154e+01 4.009460249738768141e-04 4.718212552834302742e-01 3.834213592913001900e+00
9.321951686972752213e+02 8.419898292049765587e+02 6.787630990357138216e+01 2.397539532762021095e-04 4.718212552834302742e-01 3.834213592913001900e+00
9.321951686972752213e+02 8.419898292049765587e+02 6.787630990357138216e+01 4.009460249738768141e-04 1.867731057759374480e-01 3.834213592913001900e+00
9.321951686972752213e+02 8.419898292049765587e+02 6.787630990357138216e+01 4.009460249738768141e-04 4.718212552834302742e-01 1.841274050176143762e+00
9.321951686972752213e+02 8.419898292049765587e+02 6.787630990357138216e+01 4.009460249738768141e-04 4.718212552834302742e-01 3.834213592913001900e+00
1.947890102593228221e+02 7.312193010002374649e+02 1.907276279688812792e+01 9.464075872832910293e-04 2.547549812998622709e+00 3.769027350842952817e+00
7.549402621109038591e+01 7.312193010002374649e+02 1.907276279688812792e+01 9.464075872832910293e-04 2.547549812998622709e+00 3.769027350842952817e+00
1.947890102593228221e+02 1.085118105635046959e+03 1.907276279688812792e+01 9.464075872832910293e-04 2.547549812998622709e+00 3.769027350842952817e+00
1.947890102593228221e+02 7.312193010002374649e+02 2.243087407210841988e+01 9.464075872832910293e-04 2.547549812998622709e+00 3.769027350842952817e+00
1.947890102593228221e+02 7.312193010002374649e+02 1.907276279688812792e+01 8.398363902354614042e-04 2.547549812998622709e+00 3.769027350842952817e+00
1.947890102593228221e+02 7.312193010002374649e+02 1.907276279688812792e+01 9.464075872832910293e-04 2.102952018547803004e+00 3.769027350842952817e+00
1.947890102593228221e+02 7.312193010002374649e+02 1.907276279688812792e+01 9.464075872832910293e-04 2.547549812998622709e+00 7.222057636268437442e-01
1.947890102593228221e+02 1.085118105635046959e+03 2.243087407210841988e+01 8.398363902354614042e-04 2.102952018547803004e+00 7.222057636268437442e-01
7.549402621109038591e+01 7.312193010002374649e+02 2.243087407210841988e+01 8.398363902354614042e-04 2.102952018547803004e+00 7.222057636268437442e-01
7.549402621109038591e+01 1.085118105635046959e+03 1.907276279688812792e+01 8.398363902354614042e-04 2.102952018547803004e+00 7.222057636268437442e-01
7.549402621109038591e+01 1.085118105635046959e+03 2.243087407210841988e+01 9.464075872832910293e-04 2.102952018547803004e+00 7.222057636268437442e-01
7.549402621109038591e+01 1.085118105635046959e+03 2.243087407210841988e+01 8.398363902354614042e-04 2.547549812998622709e+00 7.222057636268437442e-01
7.549402621109038591e+01 1.085118105635046959e+03 2.243087407210841988e+01 8.398363902354614042e-04 2.102952018547803004e+00 3.769027350842952817e+00
7.549402621109038591e+01 1.085118105635046959e+03 2.243087407210841988e+01 8.398363902354614042e-04 2.102952018547803004e+00 7.222057636268437442e-01
3.835390726691111922e+02 1.074078991077840328e+03 7.888837883737869561e+01 3.334747510300949927e-04 3.774061812320724130e+00 2.302400685297325111e+00
6.707812117710709572e+02 1.074078991077840328e+03 7.888837883737869561e+01 3.334747510300949927e-04 3.774061812320724130e+00 2.302400685297325111e+00
3.835390726691111922e+02 1.291280079632997513e+03 7.888837883737869561e+01 3.334747510300949927e-04 3.774061812320724130e+00 2.302400685297325111e+00
3.835390726691111922e+02 1.074078991077840328e+03 3.479603689438663139e+01 3.334747510300949927e-04 3.774061812320724130e+00 2.302400685297325111e+00
3.835390726691111922e+02 1.074078991077840328e+03 7.888837883737869561e+01 5.596387606002391473e-04 3.774061812320724130e+00 2.302400685297325111e+00
3.835390726691111922e+02 1.074078991077840328e+03 7.888837883737869561e+01 3.334747510300949927e-04 3.183313684593886084e+00 2.302400685297325111e+00
3.835390726691111922e+02 1.074078991077840328e+03 7.888837883737869561e+01 3.334747510300949927e-04 3.774061812320724130e+00 1.581932862838730358e+00
3.835390726691111922e+02 1.291280079632997513e+03 3.479603689438663139e+01 5.596387606002391473e-04 3.183313684593886084e+00 1.581932862838730358e+00
6.707812117710709572e+02 1.074078991077840328e+03 3.479603689438663139e+01 5.596387606002391473e-04 3.183313684593886084e+00 1.581932862838730358e+00
6.707812117710709572e+02 1.291280079632997513e+03 7.888837883737869561e+01 5.596387606002391473e-04 3.183313684593886084e+00 1.581932862838730358e+00
6.707812117710709572e+02 1.291280079632997513e+03 3.479603689438663139e+01 3.334747510300949927e-04 3.183313684593886084e+00 1.581932862838730358e+00
6.707812117710709572e+02 1.291280079632997513e+03 3.479603689438663139e+01 5.596387606002391473e-04 3.774061812320724130e+00 1.581932862838730358e+00
6.707812117710709572e+02 1.291280079632997513e+03 3.479603689438663139e+01 5.596387606002391473e-04 3.183313684593886084e+00 2.302400685297325111e+00
6.707812117710709572e+02 1.291280079632997513e+03 3.479603689438663139e+01 5.596387606002391473e-04 3.183313684593886084e+00 1.581932862838730358e+00
9.801892032604664564e+02 8.572046020999550819e+02 2.526708412887528610e+01 6.033026342559606910e-04 1.383030147440731605e+00 3.726382598746568187e-01
3.372676295973360538e+02 8.572046020999550819e+02 2.526708412887528610e+01 6.033026342559606910e-04 1.383030147440731605e+00 3.726382598746568187e-01
9.801892032604664564e+02 5.345419170334935188e+02 2.526708412887528610e+01 6.033026342559606910e-04 1.383030147440731605e+00 3.726382598746568187e-01
9.801892032604664564e+02 8.572046020999550819e+02 7.972922570370137407e+01 6.033026342559606910e-04 1.383030147440731605e+00 3.726382598746568187e-01
9.801892032604664564e+02 8.572046020999550819e+02 2.526708412887528610e+01 2.495231191068888240e-04 1.383030147440731605e+00 3.726382598746568187e-01
9.801892032604664564e+02 8.572046020999550819e+02 2.526708412887528610e+01 6.033026342559606910e-04 1.263712661648169311e+00 3.726382598746568187e-01
9.801892032604664564e+02 8.572046020999550819e+02 2.526708412887528610e+01 6.033026342559606910e-04 1.383030147440731605e+00 2.943439170820638662e+00
9.801892032604664564e+02 5.345419170334935188e+02 7.972922570370137407e+01 2.495231191068888240e-04 1.263712661648169311e+00 2.943439170820638662e+00
3.372676295973360538e+02 8.572046020999550819e+02 7.972922570370137407e+01 2.495231191068888240e-04 1.263712661648169311e+00 2.943439170820638662e+00
3.372676295973360538e+02 5.345419170334935188e+02 2.526708412887528610e+01 2.495231191068888240e-04 1.263712661648169311e+00 2.943439170820638662e+00
3.372676295973360538e+02 5.345419170334935188e+02 7.972922570370137407e+01 6.033026342559606910e-04 1.263712661648169311e+00 2.943439170820638662e+00
3.372676295973360538e+02 5.345419170334935188e+02 7.972922570370137407e+01 2.495231191068888240e-04 1.383030147440731605e+00 2.943439170820638662e+00
3.372676295973360538e+02 5.345419170334935188e+02 7.972922570370137407e+01 2.495231191068888240e-04 1.263712661648169311e+00 3.726382598746568187e-01
3.372676295973360538e+02 5.345419170334935188e+02 7.972922570370137407e+01 2.495231191068888240e-04 1.263712661648169311e+00 2.943439170820638662e+00
8.913182783154770732e+02 1.292995377443730831e+03 8.552521148733794121e+01 9.321872510677204444e-04 3.054378239391371430e+00 9.773679557163268417e-01
9.621178771704435349e+02 1.292995377443730831e+03 8.552521148733794121e+01 9.321872510677204444e-04 3.054378239391371430e+00 9.773679557163268417e-01
8.913182783154770732e+02 7.890238165855407715e+02 8.552521148733794121e+01 9.321872510677204444e-04 3.054378239391371430e+00 9.773679557163268417e-01
8.913182783154770732e+02 1.292995377443730831e+03 7.106998279173858180e+01 9.321872510677204444e-04 3.054378239391371430e+00 9.773679557163268417e-01
8.913182783154770732e+02 1.292995377443730831e+03 8.552521148733794121e+01 6.512145952852443865e-04 3.054378239391371430e+00 9.773679557163268417e-01
8.913182783154770732e+02 1.292995377443730831e+03 8.552521148733794121e+01 9.321872510677204444e-04 1.041388012701645494e+00 9.773679557163268417e-01
8.913182783154770732e+02 1.292995377443730831e+03 8.552521148733794121e+01 9.321872510677204444e-04 3.054378239391371430e+00 2.266691145226359172e+00
8.913182783154770732e+02 7.890238165855407715e+02 7.106998279173858180e+01 6.512145952852443865e-04 1.041388012701645494e+00 2.266691145226359172e+00
9.621178771704435349e+02 1.292995377443730831e+03 7.106998279173858180e+01 6.512145952852443865e-04 1.041388012701645494e+00 2.266691145226359172e+00
9.621178771704435349e+02 7.890238165855407715e+02 8.552521148733794121e+01 6.512145952852443865e-04 1.041388012701645494e+00 2.266691145226359172e+00
9.621178771704435349e+02 7.890238165855407715e+02 7.106998279173858180e+01 9.321872510677204444e-04 1.041388012701645494e+00 2.266691145226359172e+00
9.621178771704435349e+02 7.890238165855407715e+02 7.106998279173858180e+01 6.512145952852443865e-04 3.054378239391371430e+00 2.266691145226359172e+00
9.621178771704435349e+02 7.890238165855407715e+02 7.106998279173858180e+01 6.512145952852443865e-04 1.041388012701645494e+00 9.773679557163268417e-01
9.621178771704435349e+02 7.890238165855407715e+02 7.106998279173858180e+01 6.512145952852443865e-04 1.041388012701645494e+00 2.266691145226359172e+00
4.880156882647424936e+02 5.098673859611153603e+02 3.268573251622729003e+01 1.335198797769844656e-04 1.674587024021893855e+00 2.912978912862017822e+00
4.691106067225337029e+01 5.098673859611153603e+02 3.268573251622729003e+01 1.335198797769844656e-04 1.674587024021893855e+00 2.912978912862017822e+00
4.880156882647424936e+02 1.045831614173948765e+03 3.268573251622729003e+01 1.335198797769844656e-04 1.674587024021893855e+00 2.912978912862017822e+00
4.880156882647424936e+02 5.098673859611153603e+02 1.295371148576960074e+01 1.335198797769844656e-04 1.674587024021893855e+00 2.912978912862017822e+00
4.880156882647424936e+02 5.098673859611153603e+02 3.268573251622729003e+01 8.720248282048851502e-05 1.674587024021893855e+00 2.912978912862017822e+00
4.880156882647424936e+02 5.098673859611153603e+02 3.268573251622729003e+01 1.335198797769844656e-04 3.404154558759182603e+00 2.912978912862017822e+00
4.880156882647424936e+02 5.098673859611153603e+02 3.268573251622729003e+01 1.335198797769844656e-04 1.674587024021893855e+00 1.134424860067665630e+00
4.880156882647424936e+02 1.045831614173948765e+03 1.295371148576960074e+01 8.720248282048851502e-05 3.404154558759182603e+00 1.134424860067665630e+00
4.691106067225337029e+01 5.098673859611153603e+02 1.295371148576960074e+01 8.720248282048851502e-05 3.404154558759182603e+00 1.134424860067665630e+00
4.691106067225337029e+01 1.045831614173948765e+03 3.268573251622729003e+01 8.720248282048851502e-05 3.404154558759182603e+00 1.134424860067665630e+00
4.691106067225337029e+01 1.045831614173948765e+03 1.295371148576960074e+01 1.335198797769844656e-04 3.404154558759182603e+00 1.134424860067665630e+00
4.691106067225337029e+01 1.045831614173948765e+03 1.295371148576960074e+01 8.720248282048851502e-05 1.674587024021893855e+00 1.134424860067665630e+00
4.691106067225337029e+01 1.045831614173948765e+03 1.295371148576960074e+01 8.720248282048851502e-05 3.404154558759182603e+00 2.912978912862017822e+00
4.691106067225337029e+01 1.045831614173948765e+03 1.295371148576960074e+01 8.720248282048851502e-05 3.404154558759182603e+00 1.134424860067665630e+00
1.859184190910309553e+02 1.168965119868516922e+03 6.672116655423306497e+01 5.259131085872650792e-04 9.063996012974531169e-01 3.384054355695843785e+00
7.013413629243150353e+02 1.168965119868516922e+03 6.672116655423306497e+01 5.259131085872650792e-04 9.063996012974531169e-01 3.384054355695843785e+00
1.859184190910309553e+02 1.331551010720431805e+03 6.672116655423306497e+01 5.259131085872650792e-04 9.063996012974531169e-01 3.384054355695843785e+00
1.859184190910309553e+02 1.168965119868516922e+03 2.528246365371160209e+01 5.259131085872650792e-04 9.063996012974531169e-01 3.384054355695843785e+00
1.859184190910309553e+02 1.168965119868516922e+03 6.672116655423306497e+01 3.122976030968130042e-04 9.063996012974531169e-01 3.384054355695843785e+00
1.859184190910309553e+02 1.168965119868516922e+03 6.672116655423306497e+01 5.259131085872650792e-04 2.317939723450690437e+00 3.384054355695843785e+00
1.859184190910309553e+02 1.168965119868516922e+03 6.672116655423306497e+01 5.259131085872650792e-04 9.063996012974531169e-01 3.031219583936035911e-02
1.859184190910309553e+02 1.331551010720431805e+03 2.528246365371160209e+01 3.122976030968130042e-04 2.317939723450690437e+00 3.031219583936035911e-02
7.013413629243150353e+02 1.168965119868516922e+03 2.528246365371160209e+01 3.122976030968130042e-04 2.317939723450690437e+00 3.031219583936035911e-02
7.013413629243150353e+02 1.331551010720431805e+03 6.672116655423306497e+01 3.122976030968130042e-04 2.317939723450690437e+00 3.031219583936035911e-02
7.013413629243150353e+02 1.331551010720431805e+03 2.528246365371160209e+01 5.259131085872650792e-04 2.317939723450690437e+00 3.031219583936035911e-02
7.013413629243150353e+02 1.331551010720431805e+03 2.528246365371160209e+01 3.122976030968130042e-04 9.063996012974531169e-01 3.031219583936035911e-02
7.013413629243150353e+02 1.331551010720431805e+03 2.528246365371160209e+01 3.122976030968130042e-04 2.317939723450690437e+00 3.384054355695843785e+00
7.013413629243150353e+02 1.331551010720431805e+03 2.528246365371160209e+01 3.122976030968130042e-04 2.317939723450690437e+00 3.031219583936035911e-02
7.172285546129569411e+02 8.858390841633081436e+02 1.399669663030654299e+01 2.894342810465023487e-04 2.256050013825297462e+00 1.446556038931012145e+00
3.092629040824249387e+02 8.858390841633081436e+02 1.399669663030654299e+01 2.894342810465023487e-04 2.256050013825297462e+00 1.446556038931012145e+00
7.172285546129569411e+02 5.884770769625902176e+02 1.399669663030654299e+01 2.894342810465023487e-04 2.256050013825297462e+00 1.446556038931012145e+00
7.172285546129569411e+02 8.858390841633081436e+02 8.293490739073604345e+01 2.894342810465023487e-04 2.256050013825297462e+00 1.446556038931012145e+00
7.172285546129569411e+02 8.858390841633081436e+02 1.399669663030654299e+01 9.972792754694818646e-04 2.256050013825297462e+00 1.446556038931012145e+00
7.172285546129569411e+02 8.858390841633081436e+02 1.399669663030654299e+01 2.894342810465023487e-04 2.592310393322259099e-01 1.446556038931012145e+00
7.172285546129569411e+02 8.858390841633081436e+02 1.399669663030654299e+01 2.894342810465023487e-04 2.256050013825297462e+00 3.402092655980959446e+00
7.172285546129569411e+02 5.884770769625902176e+02 8.293490739073604345e+01 9.972792754694818646e-04 2.592310393322259099e-01 3.402092655980959446e+00
3.092629040824249387e+02 8.858390841633081436e+02 8.293490739073604345e+01 9.972792754694818646e-04 2.592310393322259099e-01 3.402092655980959446e+00
3.092629040824249387e+02 5.884770769625902176e+02 1.399669663030654299e+01 9.972792754694818646e-04 2.592310393322259099e-01 3.402092655980959446e+00
3.092629040824249387e+02 5.884770769625902176e+02 8.293490739073604345e+01 2.894342810465023487e-04 2.592310393322259099e-01 3.402092655980959446e+00
3.092629040824249387e+02 5.884770769625902176e+02 8.293490739073604345e+01 9.972792754694818646e-04 2.256050013825297462e+00 3.402092655980959446e+00
3.092629040824249387e+02 5.884770769625902176e+02 8.293490739073604345e+01 9.972792754694818646e-04 2.592310393322259099e-01 1.446556038931012145e+00
3.092629040824249387e+02 5.884770769625902176e+02 8.293490739073604345e+01 9.972792754694818646e-04 2.592310393322259099e-01 3.402092655980959446e+00
5.243145363889634609e+02 1.021319871768355370e+03 4.372319708834402263e+01 3.911750820958987719e-04 2.798551073204726070e+00 7.290945548564195522e-02
5.076145390858873725e+02 1.021319871768355370e+03 4.372319708834402263e+01 3.911750820958987719e-04 2.798551073204726070e+00 7.290945548564195522e-02
5.243145363889634609e+02 1.460231845267117023e+03 4.372319708834402263e+01 3.911750820958987719e-04 2.798551073204726070e+00 7.290945548564195522e-02
5.243145363889634609e+02 1.021319871768355370e+03 4.713214301811530760e+01 3.911750820958987719e-04 2.798551073204726070e+00 7.290945548564195522e-02
5.243145363889634609e+02 1.021319871768355370e+03 4.372319708834402263e+01 1.693821008689701713e-04 2.798551073204726070e+00 7.290945548564195522e-02
5.243145363889634609e+02 1.021319871768355370e+03 4.372319708834402263e+01 3.911750820958987719e-04 2.569188898783177244e+00 7.290945548564195522e-02
5.243145363889634609e+02 1.021319871768355370e+03 4.372319708834402263e+01 3.911750820958987719e-04 2.798551073204726070e+00 3.556105469074100078e+00
5.243145363889634609e+02 1.460231845267117023e+03 4.713214301811530760e+01 1.693821008689701713e-04 2.569188898783177244e+00 3.556105469074100078e+00
5.076145390858873725e+02 1.021319871768355370e+03 4.713214301811530760e+01 1.693821008689701713e-04 2.569188898783177244e+00 3.556105469074100078e+00
5.076145390858873725e+02 1.460231845267117023e+03 4.372319708834402263e+01 1.693821008689701713e-04 2.569188898783177244e+00 3.556105469074100078e+00
5.076145390858873725e+02 1.460231845267117023e+03 4.713214301811530760e+01 3.911750820958987719e-04 2.569188898783177244e+00 3.556105469074100078e+00
5.076145390858873725e+02 1.460231845267117023e+03 4.713214301811530760e+01 1.693821008689701713e-04 2.798551073204726070e+00 3.556105469074100078e+00
5.076145390858873725e+02 1.460231845267117023e+03 4.713214301811530760e+01 1.693821008689701713e-04 2.569188898783177244e+00 7.290945548564195522e-02
5.076145390858873725e+02 1.460231845267117023e+03 4.713214301811530760e+01 1.693821008689701713e-04 2.569188898783177244e+00 3.556105469074100078e+00
1.217445903727784753e+02 8.005703613162040710e+02 9.009308944717049883e+01 6.745044235717506231e-04 4.378084935154766266e-01 2.010464849658310182e+00
4.862882782770320773e+02 8.005703613162040710e+02 9.009308944717049883e+01 6.745044235717506231e-04 4.378084935154766266e-01 2.010464849658310182e+00
1.217445903727784753e+02 7.171502672135829926e+02 9.009308944717049883e+01 6.745044235717506231e-04 4.378084935154766266e-01 2.010464849658310182e+00
1.217445903727784753e+02 8.005703613162040710e+02 9.238213315331377373e+01 6.745044235717506231e-04 4.378084935154766266e-01 2.010464849658310182e+00
1.217445903727784753e+02 8.005703613162040710e+02 9.009308944717049883e+01 6.085190793573857539e-04 4.378084935154766266e-01 2.010464849658310182e+00
1.217445903727784753e+02 8.005703613162040710e+02 9.009308944717049883e+01 6.745044235717506231e-04 1.005276325875893217e+00 2.010464849658310182e+00
1.217445903727784753e+02 8.005703613162040710e+02 9.009308944717049883e+01 6.745044235717506231e-04 4.378084935154766266e-01 9.361431847698986619e-01
1.217445903727784753e+02 7.171502672135829926e+02 9.238213315331377373e+01 6.085190793573857539e-04 1.005276325875893217e+00 9.361431847698986619e-01
4.862882782770320773e+02 8.005703613162040710e+02 9.238213315331377373e+01 6.085190793573857539e-04 1.005276325875893217e+00 9.361431847698986619e-01
4.862882782770320773e+02 7.171502672135829926e+02 9.009308944717049883e+01 6.085190793573857539e-04 1.005276325875893217e+00 9.361431847698986619e-01
4.862882782770320773e+02 7.171502672135829926e+02 9.238213315331377373e+01 6.745044235717506231e-04 1.005276325875893217e+00 9.361431847698986619e-01
4.862882782770320773e+02 7.171502672135829926e+02 9.238213315331377373e+01 6.085190793573857539e-04 4.378084935154766266e-01 9.361431847698986619e-01
4.862882782770320773e+02 7.171502672135829926e+02 9.238213315331377373e+01 6.085190793573857539e-04 1.005276325875893217e+00 2.010464849658310182e+00
4.862882782770320773e+02 7.171502672135829926e+02 9.238213315331377373e+01 6.085190793573857539e-04 1.005276325875893217e+00 9.361431847698986619e-01
3.029282645331695676e+02 1.395352062769234180e+03 1.252780516576022052e+01 4.734558502025902415e-05 1.135920674614608439e+00 3.538469014549627811e+00
7.695162275750190020e+02 1.395352062769234180e+03 1.252780516576022052e+01 4.734558502025902415e-05 1.135920674614608439e+00 3.538469014549627811e+00
3.029282645331695676e+02 9.093657117336988449e+02 1.252780516576022052e+01 4.734558502025902415e-05 1.135920674614608439e+00 3.538469014549627811e+00
3.029282645331695676e+02 1.395352062769234180e+03 5.541989815682172349e+01 4.734558502025902415e-05 1.135920674614608439e+00 3.538469014549627811e+00
3.029282645331695676e+02 1.395352062769234180e+03 1.252780516576022052e+01 7.599546385454015269e-04 1.135920674614608439e+00 3.538469014549627811e+00
3.029282645331695676e+02 1.395352062769234180e+03 1.252780516576022052e+01 4.734558502025902415e-05 1.787422745870426377e+00 3.538469014549627811e+00
3.029282645331695676e+02 1.395352062769234180e+03 1.252780516576022052e+01 4.734558502025902415e-05 1.135920674614608439e+00 1.786974532147869610e+00
3.029282645331695676e+02 9.093657117336988449e+02 5.541989815682172349e+01 7.599546385454015269e-04 1.787422745870426377e+00 1.786974532147869610e+00
7.695162275750190020e+02 1.395352062769234180e+03 5.541989815682172349e+01 7.599546385454015269e-04 1.787422745870426377e+00 1.786974532147869610e+00
7.695162275750190020e+02 9.093657117336988449e+02 1.252780516576022052e+01 7.599546385454015269e-04 1.787422745870426377e+00 1.786974532147869610e+00
7.695162275750190020e+02 9.093657117336988449e+02 5.541989815682172349e+01 4.734558502025902415e-05 1.787422745870426377e+00 1.786974532147869610e+00
7.695162275750190020e+02 9.093657117336988449e+02 5.541989815682172349e+01 7.599546385454015269e-04 1.135920674614608439e+00 1.786974532147869610e+00
7.695162275750190020e+02 9.093657117336988449e+02 5.541989815682172349e+01 7.599546385454015269e-04 1.787422745870426377e+00 3.538469014549627811e+00
7.695162275750190020e+02 9.093657117336988449e+02 5.541989815682172349e+01 7.599546385454015269e-04 1.787422745870426377e+00 1.786974532147869610e+00
8.349691349267959595e+02 6.746043590828776360e+02 5.883158750808797777e+01 7.679741794364528277e-04 3.526925584459677410e+00 1.602922745132818960e+00
2.250025255437940359e+02 6.746043590828776360e+02 5.883158750808797777e+01 7.679741794364528277e-04 3.526925584459677410e+00 1.602922745132818960e+00
8.349691349267959595e+02 1.166181153617799282e+03 5.883158750808797777e+01 7.679741794364528277e-04 3.526925584459677410e+00 1.602922745132818960e+00
8.349691349267959595e+02 6.746043590828776360e+02 9.901298647513614881e+00 7.679741794364528277e-04 3.526925584459677410e+00 1.602922745132818960e+00
8.349691349267959595e+02 6.746043590828776360e+02 5.883158750808797777e+01 4.495976237887517571e-04 3.526925584459677410e+00 1.602922745132818960e+00
8.349691349267959595e+02 6.746043590828776360e+02 5.883158750808797777e+01 7.679741794364528277e-04 3.655399185735732193e+00 1.602922745132818960e+00
8.349691349267959595e+02 6.746043590828776360e+02 5.883158750808797777e+01 7.679741794364528277e-04 3.526925584459677410e+00 2.673985171122476245e+00
8.349691349267959595e+02 1.166181153617799282e+03 9.901298647513614881e+00 4.495976237887517571e-04 3.655399185735732193e+00 2.673985171122476245e+00
2.250025255437940359e+02 6.746043590828776360e+02 9.901298647513614881e+00 4.495976237887517571e-04 3.655399185735732193e+00 2.673985171122476245e+00
2.250025255437940359e+02 1.166181153617799282e+03 5.883158750808797777e+01 4.495976237887517571e-04 3.655399185735732193e+00 2.673985171122476245e+00
2.250025255437940359e+02 1.166181153617799282e+03 9.901298647513614881e+00 7.679741794364528277e-04 3.655399185735732193e+00 2.673985171122476245e+00
2.250025255437940359e+02 1.166181153617799282e+03 9.901298647513614881e+00 4.495976237887517571e-04 3.526925584459677410e+00 2.673985171122476245e+00
2.250025255437940359e+02 1.166181153617799282e+03 9.901298647513614881e+00 4.495976237887517571e-04 3.655399185735732193e+00 1.602922745132818960e+00
2.250025255437940359e+02 1.166181153617799282e+03 9.901298647513614881e+00 4.495976237887517571e-04 3.655399185735732193e+00 2.673985171122476245e+00
8.147315937709063292e+02 1.042093148455023766e+03 9.862377645820379257e+01 6.115493655260653303e-04 1.031349788885563556e-01 1.430333647457882940e+00
8.528993932344019413e+02 1.042093148455023766e+03 9.862377645820379257e+01 6.115493655260653303e-04 1.031349788885563556e-01 1.430333647457882940e+00
8.147315937709063292e+02 1.061628149822354317e+03 9.862377645820379257e+01 6.115493655260653303e-04 1.031349788885563556e-01 1.430333647457882940e+00
8.147315937709063292e+02 1.042093148455023766e+03 9.460081636412068917e+01 6.115493655260653303e-04 1.031349788885563556e-01 1.430333647457882940e+00
8.147315937709063292e+02 1.042093148455023766e+03 9.862377645820379257e+01 8.250497881313787439e-04 1.031349788885563556e-01 1.430333647457882940e+00
8.147315937709063292e+02 1.042093148455023766e+03 9.862377645820379257e+01 6.115493655260653303e-04 2.400326814632862682e+00 1.430333647457882940e+00
8.147315937709063292e+02 1.042093148455023766e+03 9.862377645820379257e+01 6.115493655260653303e-04 1.031349788885563556e-01 1.115074585769325610e+00
8.147315937709063292e+02 1.061628149822354317e+03 9.460081636412068917e+01 8.250497881313787439e-04 2.400326814632862682e+00 1.115074585769325610e+00
8.528993932344019413e+02 1.042093148455023766e+03 9.460081636412068917e+01 8.250497881313787439e-04 2.400326814632862682e+00 1.115074585769325610e+00
8.528993932344019413e+02 1.061628149822354317e+03 9.862377645820379257e+01 8.250497881313787439e-04 2.400326814632862682e+00 1.115074585769325610e+00
8.528993932344019413e+02 1.061628149822354317e+03 9.460081636412068917e+01 6.115493655260653303e-04 2.400326814632862682e+00 1.115074585769325610e+00
8.528993932344019413e+02 1.061628149822354317e+03 9.460081636412068917e+01 8.250497881313787439e-04 1.031349788885563556e-01 1.115074585769325610e+00
8.528993932344019413e+02 1.061628149822354317e+03 9.460081636412068917e+01 8.250497881313787439e-04 2.400326814632862682e+00 1.430333647457882940e+00
8.528993932344019413e+02 1.061628149822354317e+03 9.460081636412068917e+01 8.250497881313787439e-04 2.400326814632862682e+00 1.115074585769325610e+00
2.836353421723470092e+02 7.627186849713325500e+02 4.573401632006279982e+01 3.253804252902046425e-04 2.696707601714879221e+00 3.492580346791073431e+00
1.561943444982171059e+02 7.627186849713325500e+02 4.573401632006279982e+01 3.253804252902046425e-04 2.696707601714879221e+00 3.492580346791073431e+00
2.836353421723470092e+02 8.027375442907214165e+02 4.573401632006279982e+01 3.253804252902046425e-04 2.696707601714879221e+00 3.492580346791073431e+00
2.836353421723470092e+02 7.627186849713325500e+02 4.016958659258671105e+01 3.253804252902046425e-04 2.696707601714879221e+00 3.492580346791073431e+00
2.836353421723470092e+02 7.627186849713325500e+02 4.573401632006279982e+01 3.898152575967834296e-04 2.696707601714879221e+00 3.492580346791073431e+00
2.836353421723470092e+02 7.627186849713325500e+02 4.573401632006279982e+01 3.253804252902046425e-04 5.218682997860014938e-02 3.492580346791073431e+00
2.836353421723470092e+02 7.627186849713325500e+02 4.573401632006279982e+01 3.253804252902046425e-04 2.696707601714879221e+00 2.473072743844241028e+00
2.836353421723470092e+02 8.027375442907214165e+02 4.016958659258671105e+01 3.898152575967834296e-04 5.218682997860014938e-02 2.473072743844241028e+00
1.561943444982171059e+02 7.627186849713325500e+02 4.016958659258671105e+01 3.898152575967834296e-04 5.218682997860014938e-02 2.473072743844241028e+00
1.561943444982171059e+02 8.027375442907214165e+02 4.573401632006279982e+01 3.898152575967834296e-04 5.218682997860014938e-02 2.473072743844241028e+00
1.561943444982171059e+02 8.027375442907214165e+02 4.016958659258671105e+01 3.253804252902046425e-04 5.218682997860014938e-02 2.473072743844241028e+00
1.561943444982171059e+02 8.027375442907214165e+02 4.016958659258671105e+01 3.898152575967834296e-04 2.696707601714879221e+00 2.473072743844241028e+00
1.561943444982171059e+02 8.027375442907214165e+02 4.016958659258671105e+01 3.898152575967834296e-04 5.218682997860014938e-02 3.492580346791073431e+00
1.561943444982171059e+02 8.027375442907214165e+02 4.016958659258671105e+01 3.898152575967834296e-04 5.218682997860014938e-02 2.473072743844241028e+00
1.093304896829649806e+02 1.416113805957138538e+03 5.484412266365252009e+01 9.547762667955831924e-04 3.987263752417638862e+00 2.960310305003076792e+00
6.231900794180110097e+02 1.416113805957138538e+03 5.484412266365252009e+01 9.547762667955831924e-04 3.987263752417638862e+00 2.960310305003076792e+00
1.093304896829649806e+02 5.736568653956055641e+02 5.484412266365252009e+01 9.547762667955831924e-04 3.987263752417638862e+00 2.960310305003076792e+00
1.093304896829649806e+02 1.416113805957138538e+03 2.950371045060455888e+00 9.547762667955831924e-04 3.987263752417638862e+00 2.960310305003076792e+00
1.093304896829649806e+02 1.416113805957138538e+03 5.484412266365252009e+01 2.290506616029888492e-04 3.987263752417638862e+00 2.960310305003076792e+00
1.093304896829649806e+02 1.416113805957138538e+03 5.484412266365252009e+01 9.547762667955831924e-04 1.247489017890766272e+00 2.960310305003076792e+00
1.093304896829649806e+02 1.416113805957138538e+03 5.484412266365252009e+01 9.547762667955831924e-04 3.987263752417638862e+00 3.366882517216727155e+00
1.093304896829649806e+02 5.736568653956055641e+02 2.950371045060455888e+00 2.290506616029888492e-04 1.247489017890766272e+00 3.366882517216727155e+00
6.231900794180110097e+02 1.416113805957138538e+03 2.950371045060455888e+00 2.290506616029888492e-04 1.247489017890766272e+00 3.366882517216727155e+00
6.231900794180110097e+02 5.736568653956055641e+02 5.484412266365252009e+01 2.290506616029888492e-04 1.247489017890766272e+00 3.366882517216727155e+00
6.231900794180110097e+02 5.736568653956055641e+02 2.950371045060455888e+00 9.547762667955831924e-04 1.247489017890766272e+00 3.366882517216727155e+00
6.231900794180110097e+02 5.736568653956055641e+02 2.950371045060455888e+00 2.290506616029888492e-04 3.987263752417638862e+00 3.366882517216727155e+00
6.231900794180110097e+02 5.736568653956055641e+02 2.950371045060455888e+00 2.290506616029888492e-04 1.247489017890766272e+00 2.960310305003076792e+00
6.231900794180110097e+02 5.736568653956055641e+02 2.950371045060455888e+00 2.290506616029888492e-04 1.247489017890766272e+00 3.366882517216727155e+00
5.128460146579891443e+02 6.367413280531764030e+02 2.069276252947747530e+00 2.312937828097492694e-04 1.361480319425463659e+00 9.000727304257453154e-01
3.872350909942761064e+02 6.367413280531764030e+02 2.069276252947747530e+00 2.312937828097492694e-04 1.361480319425463659e+00 9.000727304257453154e-01
5.128460146579891443e+02 1.314907357096672058e+03 2.069276252947747530e+00 2.312937828097492694e-04 1.361480319425463659e+00 9.000727304257453154e-01
5.128460146579891443e+02 6.367413280531764030e+02 5.764982928405515850e+01 2.312937828097492694e-04 1.361480319425463659e+00 9.000727304257453154e-01
5.128460146579891443e+02 6.367413280531764030e+02 2.069276252947747530e+00 5.433099159058183769e-04 1.361480319425463659e+00 9.000727304257453154e-01
5.128460146579891443e+02 6.367413280531764030e+02 2.069276252947747530e+00 2.312937828097492694e-04 3.322771554309874809e+00 9.000727304257453154e-01
5.128460146579891443e+02 6.367413280531764030e+02 2.069276252947747530e+00 2.312937828097492694e-04 1.361480319425463659e+00 2.525537481065839862e-01
5.128460146579891443e+02 1.314907357096672058e+03 5.764982928405515850e+01 5.433099159058183769e-04 3.322771554309874809e+00 2.525537481065839862e-01
3.872350909942761064e+02 6.367413280531764030e+02 5.764982928405515850e+01 5.433099159058183769e-04 3.322771554309874809e+00 2.525537481065839862e-01
3.872350909942761064e+02 1.314907357096672058e+03 2.069276252947747530e+00 5.433099159058183769e-04 3.322771554309874809e+00 2.525537481065839862e-01
3.872350909942761064e+02 1.314907357096672058e+03 5.764982928405515850e+01 2.312937828097492694e-04 3.322771554309874809e+00 2.525537481065839862e-01
3.872350909942761064e+02 1.314907357096672058e+03 5.764982928405515850e+01 5.433099159058183769e-04 1.361480319425463659e+00 2.525537481065839862e-01
3.872350909942761064e+02 1.314907357096672058e+03 5.764982928405515850e+01 5.433099159058183769e-04 3.322771554309874809e+00 9.000727304257453154e-01
3.872350909942761064e+02 1.314907357096672058e+03 5.764982928405515850e+01 5.433099159058183769e-04 3.322771554309874809e+00 2.525537481065839862e-01
6.984536182777956128e+02 1.268342702649533749e+03 2.867234070035629045e+01 6.768235054239630523e-05 1.822323109637945970e+00 1.525325098764151344e+00
6.793609198359772563e+02 1.268342702649533749e+03 2.867234070035629045e+01 6.768235054239630523e-05 1.822323109637945970e+00 1.525325098764151344e+00
6.984536182777956128e+02 7.027956759557127953e+02 2.867234070035629045e+01 6.768235054239630523e-05 1.822323109637945970e+00 1.525325098764151344e+00
6.984536182777956128e+02 1.268342702649533749e+03 2.478443826348521029e+01 6.768235054239630523e-05 1.822323109637945970e+00 1.525325098764151344e+00
6.984536182777956128e+02 1.268342702649533749e+03 2.867234070035629045e+01 3.700725868958980270e-04 1.822323109637945970e+00 1.525325098764151344e+00
6.984536182777956128e+02 1.268342702649533749e+03 2.867234070035629045e+01 6.768235054239630523e-05 1.993496728474274393e+00 1.525325098764151344e+00
6.984536182777956128e+02 1.268342702649533749e+03 2.867234070035629045e+01 6.768235054239630523e-05 1.822323109637945970e+00 8.463822053000331636e-01
6.984536182777956128e+02 7.027956759557127953e+02 2.478443826348521029e+01 3.700725868958980270e-04 1.993496728474274393e+00 8.463822053000331636e-01
6.793609198359772563e+02 1.268342702649533749e+03 2.478443826348521029e+01 3.700725868958980270e-04 1.993496728474274393e+00 8.463822053000331636e-01
6.793609198359772563e+02 7.027956759557127953e+02 2.867234070035629045e+01 3.700725868958980270e-04 1.993496728474274393e+00 8.463822053000331636e-01
6.793609198359772563e+02 7.027956759557127953e+02 2.478443826348521029e+01 6.768235054239630523e-05 1.993496728474274393e+00 8.463822053000331636e-01
6.793609198359772563e+02 7.027956759557127953e+02 2.478443826348521029e+01 3.700725868958980270e-04 1.822323109637945970e+00 8.463822053000331636e-01
6.793609198359772563e+02 7.027956759557127953e+02 2.478443826348521029e+01 3.700725868958980270e-04 1.993496728474274393e+00 1.525325098764151344e+00
6.793609198359772563e+02 7.027956759557127953e+02 2.478443826348521029e+01 3.700725868958980270e-04 1.993496728474274393e+00 8.463822053000331636e-01
1.661388351172208786e+02 5.515908310189843178e+02 7.509260954596102522e+01 8.692198076536880287e-04 3.468094926616176910e+00 3.585619750749319934e+00
3.145990458792075515e+02 5.515908310189843178e+02 7.509260954596102522e+01 8.692198076536880287e-04 3.468094926616176910e+00 3.585619750749319934e+00
1.661388351172208786e+02 1.444038582965731621e+03 7.509260954596102522e+01 8.692198076536880287e-04 3.468094926616176910e+00 3.585619750749319934e+00
1.661388351172208786e+02 5.515908310189843178e+02 6.708216487327590016e+01 8.692198076536880287e-04 3.468094926616176910e+00 3.585619750749319934e+00
1.661388351172208786e+02 5.515908310189843178e+02 7.509260954596102522e+01 9.301824598144741406e-04 3.468094926616176910e+00 3.585619750749319934e+00
1.661388351172208786e+02 5.515908310189843178e+02 7.509260954596102522e+01 8.692198076536880287e-04 3.573982202392071539e+00 3.585619750749319934e+00
1.661388351172208786e+02 5.515908310189843178e+02 7.509260954596102522e+01 8.692198076536880287e-04 3.468094926616176910e+00 3.708210243135690476e+00
1.661388351172208786e+02 1.444038582965731621e+03 6.708216487327590016e+01 9.301824598144741406e-04 3.573982202392071539e+00 3.708210243135690476e+00
3.145990458792075515e+02 5.515908310189843178e+02 6.708216487327590016e+01 9.301824598144741406e-04 3.573982202392071539e+00 3.708210243135690476e+00
3.145990458792075515e+02 1.444038582965731621e+03 7.509260954596102522e+01 9.301824598144741406e-04 3.573982202392071539e+00 3.708210243135690476e+00
3.145990458792075515e+02 1.444038582965731621e+03 6.708216487327590016e+01 8.692198076536880287e-04 3.573982202392071539e+00 3.708210243135690476e+00
3.145990458792075515e+02 1.444038582965731621e+03 6.708216487327590016e+01 9.301824598144741406e-04 3.468094926616176910e+00 3.708210243135690476e+00
3.145990458792075515e+02 1.444038582965731621e+03 6.708216487327590016e+01 9.301824598144741406e-04 3.573982202392071539e+00 3.585619750749319934e+00
3.145990458792075515e+02 1.444038582965731621e+03 6.708216487327590016e+01 9.301824598144741406e-04 3.573982202392071539e+00 3.708210243135690476e+00
4.770657405667006969e+02 1.144331548362970352e+03 2.245265295896679447e+01 4.733396064070985562e-04 2.232028317861258770e+00 2.119175480222329266e+00
9.098924278449267149e+02 1.144331548362970352e+03 2.245265295896679447e+01 4.733396064070985562e-04 2.232028317861258770e+00 2.119175480222329266e+00
4.770657405667006969e+02 1.183465670794248581e+03 2.245265295896679447e+01 4.733396064070985562e-04 2.232028317861258770e+00 2.119175480222329266e+00
4.770657405667006969e+02 1.144331548362970352e+03 7.896024378365837038e+01 4.733396064070985562e-04 2.232028317861258770e+00 2.119175480222329266e+00
4.770657405667006969e+02 1.144331548362970352e+03 2.245265295896679447e+01 7.181967718517408804e-04 2.232028317861258770e+00 2.119175480222329266e+00
4.770657405667006969e+02 1.144331548362970352e+03 2.245265295896679447e+01 4.733396064070985562e-04 2.651550037581473340e+00 2.119175480222329266e+00
4.770657405667006969e+02 1.144331548362970352e+03 2.245265295896679447e+01 4.733396064070985562e-04 2.232028317861258770e+00 2.568912300029769558e+00
4.770657405667006969e+02 1.183465670794248581e+03 7.896024378365837038e+01 7.181967718517408804e-04 2.651550037581473340e+00 2.568912300029769558e+00
9.098924278449267149e+02 1.144331548362970352e+03 7.896024378365837038e+01 7.181967718517408804e-04 2.651550037581473340e+00 2.568912300029769558e+00
9.098924278449267149e+02 1.183465670794248581e+03 2.245265295896679447e+01 7.181967718517408804e-04 2.651550037581473340e+00 2.568912300029769558e+00
9.098924278449267149e+02 1.183465670794248581e+03 7.896024378365837038e+01 4.733396064070985562e-04 2.651550037581473340e+00 2.568912300029769558e+00
9.098924278449267149e+02 1.183465670794248581e+03 7.896024378365837038e+01 7.181967718517408804e-04 2.232028317861258770e+00 2.568912300029769558e+00
9.098924278449267149e+02 1.183465670794248581e+03 7.896024378365837038e+01 7.181967718517408804e-04 2.651550037581473340e+00 2.119175480222329266e+00
9.098924278449267149e+02 1.183465670794248581e+03 7.896024378365837038e+01 7.181967718517408804e-04 2.651550037581473340e+00 2.568912300029769558e+00
8.793608322599902749e+02 9.275815729051828384e+02 6.880671646832487909e+01 7.127028105780483210e-04 6.183453080896288423e-01 5.699346861802041808e-02
8.443957714177668095e+01 9.275815729051828384e+02 6.880671646832487909e+01 7.127028105780483210e-04 6.183453080896288423e-01 5.699346861802041808e-02
8.793608322599902749e+02 9.245826499536633492e+02 6.880671646832487909e+01 7.127028105780483210e-04 6.183453080896288423e-01 5.699346861802041808e-02
8.793608322599902749e+02 9.275815729051828384e+02 3.712596309147775031e+01 7.127028105780483210e-04 6.183453080896288423e-01 5.699346861802041808e-02
8.793608322599902749e+02 9.275815729051828384e+02 6.880671646832487909e+01 2.931265152525157214e-05 6.183453080896288423e-01 5.699346861802041808e-02
8.793608322599902749e+02 9.275815729051828384e+02 6.880671646832487909e+01 7.127028105780483210e-04 7.981973052490503040e-01 5.699346861802041808e-02
8.793608322599902749e+02 9.275815729051828384e+02 6.880671646832487909e+01 7.127028105780483210e-04 6.183453080896288423e-01 1.954391346471384239e+00
8.793608322599902749e+02 9.245826499536633492e+02 3.712596309147775031e+01 2.931265152525157214e-05 7.981973052490503040e-01 1.954391346471384239e+00
8.443957714177668095e+01 9.275815729051828384e+02 3.712596309147775031e+01 2.931265152525157214e-05 7.981973052490503040e-01 1.954391346471384239e+00
8.443957714177668095e+01 9.245826499536633492e+02 6.880671646832487909e+01 2.931265152525157214e-05 7.981973052490503040e-01 1.954391346471384239e+00
8.443957714177668095e+01 9.245826499536633492e+02 3.712596309147775031e+01 7.127028105780483210e-04 7.981973052490503040e-01 1.954391346471384239e+00
8.443957714177668095e+01 9.245826499536633492e+02 3.712596309147775031e+01 2.931265152525157214e-05 6.183453080896288423e-01 1.954391346471384239e+00
8.443957714177668095e+01 9.245826499536633492e+02 3.712596309147775031e+01 2.931265152525157214e-05 7.981973052490503040e-01 5.699346861802041808e-02
8.443957714177668095e+01 9.245826499536633492e+02 3.712596309147775031e+01 2.931265152525157214e-05 7.981973052490503040e-01 1.954391346471384239e+00
9.995093339830636978e+02 1.488365177065134048e+03 1.659669085429050028e+01 7.606115729222075184e-04 2.944303243253380220e+00 6.698798827733845052e-01
7.073344400282949209e+02 1.488365177065134048e+03 1.659669085429050028e+01 7.606115729222075184e-04 2.944303243253380220e+00 6.698798827733845052e-01
9.995093339830636978e+02 6.781573817133903503e+02 1.659669085429050028e+01 7.606115729222075184e-04 2.944303243253380220e+00 6.698798827733845052e-01
9.995093339830636978e+02 1.488365177065134048e+03 1.528286711950786447e+01 7.606115729222075184e-04 2.944303243253380220e+00 6.698798827733845052e-01
9.995093339830636978e+02 1.488365177065134048e+03 1.659669085429050028e+01 6.193047013524920251e-04 2.944303243253380220e+00 6.698798827733845052e-01
9.995093339830636978e+02 1.488365177065134048e+03 1.659669085429050028e+01 7.606115729222075184e-04 5.213458951283246323e-01 6.698798827733845052e-01
9.995093339830636978e+02 1.488365177065134048e+03 1.659669085429050028e+01 7.606115729222075184e-04 2.944303243253380220e+00 1.260716510210186270e+00
9.995093339830636978e+02 6.781573817133903503e+02 1.528286711950786447e+01 6.193047013524920251e-04 5.213458951283246323e-01 1.260716510210186270e+00
7.073344400282949209e+02 1.488365177065134048e+03 1.528286711950786447e+01 6.193047013524920251e-04 5.213458951283246323e-01 1.260716510210186270e+00
7.073344400282949209e+02 6.781573817133903503e+02 1.659669085429050028e+01 6.193047013524920251e-04 5.213458951283246323e-01 1.260716510210186270e+00
7.073344400282949209e+02 6.781573817133903503e+02 1.528286711950786447e+01 7.606115729222075184e-04 5.213458951283246323e-01 1.260716510210186270e+00
7.073344400282949209e+02 6.781573817133903503e+02 1.528286711950786447e+01 6.193047013524920251e-04 2.944303243253380220e+00 1.260716510210186270e+00
7.073344400282949209e+02 6.781573817133903503e+02 1.528286711950786447e+01 6.193047013524920251e-04 5.213458951283246323e-01 6.698798827733845052e-01
7.073344400282949209e+02 6.781573817133903503e+02 1.528286711950786447e+01 6.193047013524920251e-04 5.213458951283246323e-01 1.260716510210186270e+00
4.037419027881696820e+02 7.051175776869058609e+02 6.373065737625584148e+01 5.486065660975873845e-05 3.507571376394480467e-01 2.722324488600715853e+00
2.840667729694396257e+02 7.051175776869058609e+02 6.373065737625584148e+01 5.486065660975873845e-05 3.507571376394480467e-01 2.722324488600715853e+00
4.037419027881696820e+02 1.436970771290361881e+03 6.373065737625584148e+01 5.486065660975873845e-05 3.507571376394480467e-01 2.722324488600715853e+00
4.037419027881696820e+02 7.051175776869058609e+02 7.030027014901861548e+01 5.486065660975873845e-05 3.507571376394480467e-01 2.722324488600715853e+00
4.037419027881696820e+02 7.051175776869058609e+02 6.373065737625584148e+01 1.843165756370872472e-04 3.507571376394480467e-01 2.722324488600715853e+00
4.037419027881696820e+02 7.051175776869058609e+02 6.373065737625584148e+01 5.486065660975873845e-05 2.926962859202176137e+00 2.722324488600715853e+00
4.037419027881696820e+02 7.051175776869058609e+02 6.373065737625584148e+01 5.486065660975873845e-05 3.507571376394480467e-01 2.142468149792402965e+00
4.037419027881696820e+02 1.436970771290361881e+03 7.030027014901861548e+01 1.843165756370872472e-04 2.926962859202176137e+00 2.142468149792402965e+00
2.840667729694396257e+02 7.051175776869058609e+02 7.030027014901861548e+01 1.843165756370872472e-04 2.926962859202176137e+00 2.142468149792402965e+00
2.840667729694396257e+02 1.436970771290361881e+03 6.373065737625584148e+01 1.843165756370872472e-04 2.926962859202176137e+00 2.142468149792402965e+00
2.840667729694396257e+02 1.436970771290361881e+03 7.030027014901861548e+01 5.486065660975873845e-05 2.926962859202176137e+00 2.142468149792402965e+00
2.840667729694396257e+02 1.436970771290361881e+03 7.030027014901861548e+01 1.843165756370872472e-04 3.507571376394480467e-01 2.142468149792402965e+00
2.840667729694396257e+02 1.436970771290361881e+03 7.030027014901861548e+01 1.843165756370872472e-04 2.926962859202176137e+00 2.722324488600715853e+00
2.840667729694396257e+02 1.436970771290361881e+03 7.030027014901861548e+01 1.843165756370872472e-04 2.926962859202176137e+00 2.142468149792402965e+00
2.062912977496162057e+02 1.114340960048139095e+03 3.530916404174640633e+01 6.672637652996928374e-04 1.109991106837987962e+00 3.193216585125774110e+00
9.385070750666782260e+02 1.114340960048139095e+03 3.530916404174640633e+01 6.672637652996928374e-04 1.109991106837987962e+00 3.193216585125774110e+00
2.062912977496162057e+02 1.189549031667411327e+03 3.530916404174640633e+01 6.672637652996928374e-04 1.109991106837987962e+00 3.193216585125774110e+00
2.062912977496162057e+02 1.114340960048139095e+03 8.214155712607316673e+01 6.672637652996928374e-04 1.109991106837987962e+00 3.193216585125774110e+00
2.062912977496162057e+02 1.114340960048139095e+03 3.530916404174640633e+01 4.660385545780883123e-04 1.109991106837987962e+00 3.193216585125774110e+00
2.062912977496162057e+02 1.114340960048139095e+03 3.530916404174640633e+01 6.672637652996928374e-04 3.859144915472715986e+00 3.193216585125774110e+00
2.062912977496162057e+02 1.114340960048139095e+03 3.530916404174640633e+01 6.672637652996928374e-04 1.109991106837987962e+00 3.029346109805628462e+00
2.062912977496162057e+02 1.189549031667411327e+03 8.214155712607316673e+01 4.660385545780883123e-04 3.859144915472715986e+00 3.029346109805628462e+00
9.385070750666782260e+02 1.114340960048139095e+03 8.214155712607316673e+01 4.660385545780883123e-04 3.859144915472715986e+00 3.029346109805628462e+00
9.385070750666782260e+02 1.189549031667411327e+03 3.530916404174640633e+01 4.660385545780883123e-04 3.859144915472715986e+00 3.029346109805628462e+00
9.385070750666782260e+02 1.189549031667411327e+03 8.214155712607316673e+01 6.672637652996928374e-04 3.859144915472715986e+00 3.029346109805628462e+00
9.385070750666782260e+02 1.189549031667411327e+03 8.214155712607316673e+01 4.660385545780883123e-04 1.109991106837987962e+00 3.029346109805628462e+00
9.385070750666782260e+02 1.189549031667411327e+03 8.214155712607316673e+01 4.660385545780883123e-04 3.859144915472715986e+00 3.193216585125774110e+00
9.385070750666782260e+02 1.189549031667411327e+03 8.214155712607316673e+01 4.660385545780883123e-04 3.859144915472715986e+00 3.029346109805628462e+00
6.739139917008578777e+02 8.310913452878594398e+02 8.251124266725965128e+01 3.983243089588359761e-04 3.735740174474194486e+00 1.138762854542583192e+00
5.448946678545325994e+01 8.310913452878594398e+02 8.251124266725965128e+01 3.983243089588359761e-04 3.735740174474194486e+00 1.138762854542583192e+00
6.739139917008578777e+02 9.482517782598733902e+02 8.251124266725965128e+01 3.983243089588359761e-04 3.735740174474194486e+00 1.138762854542583192e+00
6.739139917008578777e+02 8.310913452878594398e+02 2.763678202535957240e+01 3.983243089588359761e-04 3.735740174474194486e+00 1.138762854542583192e+00
6.739139917008578777e+02 8.310913452878594398e+02 8.251124266725965128e+01 7.800566440252587955e-04 3.735740174474194486e+00 1.138762854542583192e+00
6.739139917008578777e+02 8.310913452878594398e+02 8.251124266725965128e+01 3.983243089588359761e-04 1.710807131910696777e+00 1.138762854542583192e+00
6.739139917008578777e+02 8.310913452878594398e+02 8.251124266725965128e+01 3.983243089588359761e-04 3.735740174474194486e+00 4.048858582135290152e-01
6.739139917008578777e+02 9.482517782598733902e+02 2.763678202535957240e+01 7.800566440252587955e-04 1.710807131910696777e+00 4.048858582135290152e-01
5.448946678545325994e+01 8.310913452878594398e+02 2.763678202535957240e+01 7.800566440252587955e-04 1.710807131910696777e+00 4.048858582135290152e-01
5.448946678545325994e+01 9.482517782598733902e+02 8.251124266725965128e+01 7.800566440252587955e-04 1.710807131910696777e+00 4.048858582135290152e-01
5.448946678545325994e+01 9.482517782598733902e+02 2.763678202535957240e+01 3.983243089588359761e-04 1.710807131910696777e+00 4.048858582135290152e-01
5.448946678545325994e+01 9.482517782598733902e+02 2.763678202535957240e+01 7.800566440252587955e-04 3.735740174474194486e+00 4.048858582135290152e-01
5.448946678545325994e+01 9.482517782598733902e+02 2.763678202535957240e+01 7.800566440252587955e-04 1.710807131910696777e+00 1.138762854542583192e+00
5.448946678545325994e+01 9.482517782598733902e+02 2.763678202535957240e+01 7.800566440252587955e-04 1.710807131910696777e+00 4.048858582135290152e-01
6.171399367665871978e+02 1.200943392701447010e+03 6.226179420975967815e+01 3.122843440910801939e-04 3.220347197568043995e+00 2.641731810756027810e-01
7.603839285122230649e+02 1.200943392701447010e+03 6.226179420975967815e+01 3.122843440910801939e-04 3.220347197568043995e+00 2.641731810756027810e-01
6.171399367665871978e+02 1.069199499674141407e+03 6.226179420975967815e+01 3.122843440910801939e-04 3.220347197568043995e+00 2.641731810756027810e-01
6.171399367665871978e+02 1.200943392701447010e+03 9.159013728545978950e+01 3.122843440910801939e-04 3.220347197568043995e+00 2.641731810756027810e-01
6.171399367665871978e+02 1.200943392701447010e+03 6.226179420975967815e+01 7.820821381267160899e-05 3.220347197568043995e+00 2.641731810756027810e-01
6.171399367665871978e+02 1.200943392701447010e+03 6.226179420975967815e+01 3.122843440910801939e-04 3.108719443250447245e+00 2.641731810756027810e-01
6.171399367665871978e+02 1.200943392701447010e+03 6.226179420975967815e+01 3.122843440910801939e-04 3.220347197568043995e+00 5.623463548347353846e-01
6.171399367665871978e+02 1.069199499674141407e+03 9.159013728545978950e+01 7.820821381267160899e-05 3.108719443250447245e+00 5.623463548347353846e-01
7.603839285122230649e+02 1.200943392701447010e+03 9.159013728545978950e+01 7.820821381267160899e-05 3.108719443250447245e+00 5.623463548347353846e-01
7.603839285122230649e+02 1.069199499674141407e+03 6.226179420975967815e+01 7.820821381267160899e-05 3.108719443250447245e+00 5.623463548347353846e-01
7.603839285122230649e+02 1.069199499674141407e+03 9.159013728545978950e+01 3.122843440910801939e-04 3.108719443250447245e+00 5.623463548347353846e-01
7.603839285122230649e+02 1.069199499674141407e+03 9.159013728545978950e+01 7.820821381267160899e-05 3.220347197568043995e+00 5.623463548347353846e-01
7.603839285122230649e+02 1.069199499674141407e+03 9.159013728545978950e+01 7.820821381267160899e-05 3.108719443250447245e+00 2.641731810756027810e-01
7.603839285122230649e+02 1.069199499674141407e+03 9.159013728545978950e+01 7.820821381267160899e-05 3.108719443250447245e+00 5.623463548347353846e-01
2.064176697842776775e+01 9.803173122927546501e+02 8.707038828963414190e+00 5.031545364968479381e-04 1.574609508123248958e+00 2.318562223929911958e+00
2.471185182640329003e+02 9.803173122927546501e+02 8.707038828963414190e+00 5.031545364968479381e-04 1.574609508123248958e+00 2.318562223929911958e+00
2.064176697842776775e+01 8.279098905622959137e+02 8.707038828963414190e+00 5.031545364968479381e-04 1.574609508123248958e+00 2.318562223929911958e+00
2.064176697842776775e+01 9.803173122927546501e+02 4.948815722488797775e+01 5.031545364968479381e-04 1.574609508123248958e+00 2.318562223929911958e+00
2.064176697842776775e+01 9.803173122927546501e+02 8.707038828963414190e+00 6.380709971440957223e-04 1.574609508123248958e+00 2.318562223929911958e+00
2.064176697842776775e+01 9.803173122927546501e+02 8.707038828963414190e+00 5.031545364968479381e-04 1.462964021163061457e+00 2.318562223929911958e+00
2.064176697842776775e+01 9.803173122927546501e+02 8.707038828963414190e+00 5.031545364968479381e-04 1.574609508123248958e+00 3.931729296296834875e+00
2.064176697842776775e+01 8.279098905622959137e+02 4.948815722488797775e+01 6.380709971440957223e-04 1.462964021163061457e+00 3.931729296296834875e+00
2.471185182640329003e+02 9.803173122927546501e+02 4.948815722488797775e+01 6.380709971440957223e-04 1.462964021163061457e+00 3.931729296296834875e+00
2.471185182640329003e+02 8.279098905622959137e+02 8.707038828963414190e+00 6.380709971440957223e-04 1.462964021163061457e+00 3.931729296296834875e+00
2.471185182640329003e+02 8.279098905622959137e+02 4.948815722488797775e+01 5.031545364968479381e-04 1.462964021163061457e+00 3.931729296296834875e+00
2.471185182640329003e+02 8.279098905622959137e+02 4.948815722488797775e+01 6.380709971440957223e-04 1.574609508123248958e+00 3.931729296296834875e+00
2.471185182640329003e+02 8.279098905622959137e+02 4.948815722488797775e+01 6.380709971440957223e-04 1.462964021163061457e+00 2.318562223929911958e+00
2.471185182640329003e+02 8.279098905622959137e+02 4.948815722488797775e+01 6.380709971440957223e-04 1.462964021163061457e+00 3.931729296296834875e+00
3.391545914504677057e+02 1.324980994686484337e+03 9.354868787755258097e+01 1.564918910637498075e-04 8.699868460092694544e-01 3.846383488429710340e+00
5.303402711562812328e+02 1.324980994686484337e+03 9.354868787755258097e+01 1.564918910637498075e-04 8.699868460092694544e-01 3.846383488429710340e+00
3.391545914504677057e+02 5.494841989129781723e+02 9.354868787755258097e+01 1.564918910637498075e-04 8.699868460092694544e-01 3.846383488429710340e+00
3.391545914504677057e+02 1.324980994686484337e+03 1.223214676529169154e+01 1.564918910637498075e-04 8.699868460092694544e-01 3.846383488429710340e+00
3.391545914504677057e+02 1.324980994686484337e+03 9.354868787755258097e+01 9.788188150990754805e-04 8.699868460092694544e-01 3.846383488429710340e+00
3.391545914504677057e+02 1.324980994686484337e+03 9.354868787755258097e+01 1.564918910637498075e-04 2.735130999330431245e-01 3.846383488429710340e+00
3.391545914504677057e+02 1.324980994686484337e+03 9.354868787755258097e+01 1.564918910637498075e-04 8.699868460092694544e-01 2.799378862837329507e+00
3.391545914504677057e+02 5.494841989129781723e+02 1.223214676529169154e+01 9.788188150990754805e-04 2.735130999330431245e-01 2.799378862837329507e+00
5.303402711562812328e+02 1.324980994686484337e+03 1.223214676529169154e+01 9.788188150990754805e-04 2.735130999330431245e-01 2.799378862837329507e+00
5.303402711562812328e+02 5.494841989129781723e+02 9.354868787755258097e+01 9.788188150990754805e-04 2.735130999330431245e-01 2.799378862837329507e+00
5.303402711562812328e+02 5.494841989129781723e+02 1.223214676529169154e+01 1.564918910637498075e-04 2.735130999330431245e-01 2.799378862837329507e+00
5.303402711562812328e+02 5.494841989129781723e+02 1.223214676529169154e+01 9.788188150990754805e-04 8.699868460092694544e-01 2.799378862837329507e+00
5.303402711562812328e+02 5.494841989129781723e+02 1.223214676529169154e+01 9.788188150990754805e-04 2.735130999330431245e-01 3.846383488429710340e+00
5.303402711562812328e+02 5.494841989129781723e+02 1.223214676529169154e+01 9.788188150990754805e-04 2.735130999330431245e-01 2.799378862837329507e+00
8.060446450887247920e+02 6.043530479073524475e+02 3.987711200201884054e+01 9.090628342507408406e-04 2.483643100745975829e+00 1.793881805194541990e+00
4.777657185643911362e+02 6.043530479073524475e+02 3.987711200201884054e+01 9.090628342507408406e-04 2.483643100745975829e+00 1.793881805194541990e+00
8.060446450887247920e+02 1.308289944194257259e+03 3.987711200201884054e+01 9.090628342507408406e-04 2.483643100745975829e+00 1.793881805194541990e+00
8.060446450887247920e+02 6.043530479073524475e+02 5.465154326199553481e+01 9.090628342507408406e-04 2.483643100745975829e+00 1.793881805194541990e+00
8.060446450887247920e+02 6.043530479073524475e+02 3.987711200201884054e+01 2.901755916755647093e-04 2.483643100745975829e+00 1.793881805194541990e+00
8.060446450887247920e+02 6.043530479073524475e+02 3.987711200201884054e+01 9.090628342507408406e-04 2.176542173158377391e+00 1.793881805194541990e+00
8.060446450887247920e+02 6.043530479073524475e+02 3.987711200201884054e+01 9.090628342507408406e-04 2.483643100745975829e+00 1.663649614052847170e+00
8.060446450887247920e+02 1.308289944194257259e+03 5.465154326199553481e+01 2.901755916755647093e-04 2.176542173158377391e+00 1.663649614052847170e+00
4.777657185643911362e+02 6.043530479073524475e+02 5.465154326199553481e+01 2.901755916755647093e-04 2.176542173158377391e+00 1.663649614052847170e+00
4.777657185643911362e+02 1.308289944194257259e+03 3.987711200201884054e+01 2.901755916755647093e-04 2.176542173158377391e+00 1.663649614052847170e+00
4.777657185643911362e+02 1.308289944194257259e+03 5.465154326199553481e+01 9.090628342507408406e-04 2.176542173158377391e+00 1.663649614052847170e+00
4.777657185643911362e+02 1.308289944194257259e+03 5.465154326199553481e+01 2.901755916755647093e-04 2.483643100745975829e+00 1.663649614052847170e+00
4.777657185643911362e+02 1.308289944194257259e+03 5.465154326199553481e+01 2.901755916755647093e-04 2.176542173158377391e+00 1.793881805194541990e+00
4.777657185643911362e+02 1.308289944194257259e+03 5.465154326199553481e+01 2.901755916755647093e-04 2.176542173158377391e+00 1.663649614052847170e+00
7.591289860885590315e+02 1.345371128991246223e+03 6.733730139676481485e+01 4.436104639731348041e-04 1.455805098433047728e+00 2.438344634193926996e+00
1.858934576241299510e+02 1.345371128991246223e+03 6.733730139676481485e+01 4.436104639731348041e-04 1.455805098433047728e+00 2.438344634193926996e+00
7.591289860885590315e+02 5.303594153374433517e+02 6.733730139676481485e+01 4.436104639731348041e-04 1.455805098433047728e+00 2.438344634193926996e+00
7.591289860885590315e+02 1.345371128991246223e+03 7.391818023766390411e+01 4.436104639731348041e-04 1.455805098433047728e+00 2.438344634193926996e+00
7.591289860885590315e+02 1.345371128991246223e+03 6.733730139676481485e+01 8.964734943686054674e-04 1.455805098433047728e+00 2.438344634193926996e+00
7.591289860885590315e+02 1.345371128991246223e+03 6.733730139676481485e+01 4.436104639731348041e-04 2.050512023754417879e+00 2.438344634193926996e+00
7.591289860885590315e+02 1.345371128991246223e+03 6.733730139676481485e+01 4.436104639731348041e-04 1.455805098433047728e+00 9.814746417663992029e-01
7.591289860885590315e+02 5.303594153374433517e+02 7.391818023766390411e+01 8.964734943686054674e-04 2.050512023754417879e+00 9.814746417663992029e-01
1.858934576241299510e+02 1.345371128991246223e+03 7.391818023766390411e+01 8.964734943686054674e-04 2.050512023754417879e+00 9.814746417663992029e-01
1.858934576241299510e+02 5.303594153374433517e+02 6.733730139676481485e+01 8.964734943686054674e-04 2.050512023754417879e+00 9.814746417663992029e-01
1.858934576241299510e+02 5.303594153374433517e+02 7.391818023766390411e+01 4.436104639731348041e-04 2.050512023754417879e+00 9.814746417663992029e-01
1.858934576241299510e+02 5.303594153374433517e+02 7.391818023766390411e+01 8.964734943686054674e-04 1.455805098433047728e+00 9.814746417663992029e-01
1.858934576241299510e+02 5.303594153374433517e+02 7.391818023766390411e+01 8.964734943686054674e-04 2.050512023754417879e+00 2.438344634193926996e+00
1.858934576241299510e+02 5.303594153374433517e+02 7.391818023766390411e+01 8.964734943686054674e-04 2.050512023754417879e+00 9.814746417663992029e-01
3.548512548273429275e+02 5.700252018868923187e+02 1.456398028819821810e+01 7.424615468969570069e-04 3.834131198553368591e+00 5.027374822087585793e-01
8.240329151516780257e+02 5.700252018868923187e+02 1.456398028819821810e+01 7.424615468969570069e-04 3.834131198553368591e+00 5.027374822087585793e-01
3.548512548273429275e+02 1.271534658037126064e+03 1.456398028819821810e+01 7.424615468969570069e-04 3.834131198553368591e+00 5.027374822087585793e-01
3.548512548273429275e+02 5.700252018868923187e+02 1.638747824970633005e+01 7.424615468969570069e-04 3.834131198553368591e+00 5.027374822087585793e-01
3.548512548273429275e+02 5.700252018868923187e+02 1.456398028819821810e+01 3.363637330969796108e-04 3.834131198553368591e+00 5.027374822087585793e-01
3.548512548273429275e+02 5.700252018868923187e+02 1.456398028819821810e+01 7.424615468969570069e-04 3.997794517036527551e-01 5.027374822087585793e-01
3.548512548273429275e+02 5.700252018868923187e+02 1.456398028819821810e+01 7.424615468969570069e-04 3.834131198553368591e+00 3.606119443643838185e+00
3.548512548273429275e+02 1.271534658037126064e+03 1.638747824970633005e+01 3.363637330969796108e-04 3.997794517036527551e-01 3.606119443643838185e+00
8.240329151516780257e+02 5.700252018868923187e+02 1.638747824970633005e+01 3.363637330969796108e-04 3.997794517036527551e-01 3.606119443643838185e+00
8.240329151516780257e+02 1.271534658037126064e+03 1.456398028819821810e+01 3.363637330969796108e-04 3.997794517036527551e-01 3.606119443643838185e+00
8.240329151516780257e+02 1.271534658037126064e+03 1.638747824970633005e+01 7.424615468969570069e-04 3.997794517036527551e-01 3.606119443643838185e+00
8.240329151516780257e+02 1.271534658037126064e+03 1.638747824970633005e+01 3.363637330969796108e-04 3.834131198553368591e+00 3.606119443643838185e+00
8.240329151516780257e+02 1.271534658037126064e+03 1.638747824970633005e+01 3.363637330969796108e-04 3.997794517036527551e-01 5.027374822087585793e-01
8.240329151516780257e+02 1.271534658037126064e+03 1.638747824970633005e+01 3.363637330969796108e-04 3.997794517036527551e-01 3.606119443643838185e+00
3.616337538044899702e+01 1.219403081573545933e+03 8.612907409849576368e+01 1.003830882040783907e-04 2.598483603373169970e+00 1.968451392306014958e+00
4.160519159566611052e+02 1.219403081573545933e+03 8.612907409849576368e+01 1.003830882040783907e-04 2.598483603373169970e+00 1.968451392306014958e+00
3.616337538044899702e+01 1.104863380081951618e+03 8.612907409849576368e+01 1.003830882040783907e-04 2.598483603373169970e+00 1.968451392306014958e+00
3.616337538044899702e+01 1.219403081573545933e+03 2.833800054085440934e+01 1.003830882040783907e-04 2.598483603373169970e+00 1.968451392306014958e+00
3.616337538044899702e+01 1.219403081573545933e+03 8.612907409849576368e+01 4.836162809096277115e-05 2.598483603373169970e+00 1.968451392306014958e+00
3.616337538044899702e+01 1.219403081573545933e+03 8.612907409849576368e+01 1.003830882040783907e-04 1.332070817155763587e+00 1.968451392306014958e+00
3.616337538044899702e+01 1.219403081573545933e+03 8.612907409849576368e+01 1.003830882040783907e-04 2.598483603373169970e+00 2.750408594748005253e+00
3.616337538044899702e+01 1.104863380081951618e+03 2.833800054085440934e+01 4.836162809096277115e-05 1.332070817155763587e+00 2.750408594748005253e+00
4.160519159566611052e+02 1.219403081573545933e+03 2.833800054085440934e+01 4.836162809096277115e-05 1.332070817155763587e+00 2.750408594748005253e+00
4.160519159566611052e+02 1.104863380081951618e+03 8.612907409849576368e+01 4.836162809096277115e-05 1.332070817155763587e+00 2.750408594748005253e+00
4.160519159566611052e+02 1.104863380081951618e+03 2.833800054085440934e+01 1.003830882040783907e-04 1.332070817155763587e+00 2.750408594748005253e+00
4.160519159566611052e+02 1.104863380081951618e+03 2.833800054085440934e+01 4.836162809096277115e-05 2.598483603373169970e+00 2.750408594748005253e+00
4.160519159566611052e+02 1.104863380081951618e+03 2.833800054085440934e+01 4.836162809096277115e-05 1.332070817155763587e+00 1.968451392306014958e+00
4.160519159566611052e+02 1.104863380081951618e+03 2.833800054085440934e+01 4.836162809096277115e-05 1.332070817155763587e+00 2.750408594748005253e+00
5.703998239878565073e+02 9.440589612349867821e+02 3.324083889015018656e+01 8.365486638769508093e-04 2.523680755961686395e-01 3.905945903910323924e+00
5.935024212691932917e+02 9.440589612349867821e+02 3.324083889015018656e+01 8.365486638769508093e-04 2.523680755961686395e-01 3.905945903910323924e+00
5.703998239878565073e+02 8.461720012128353119e+02 3.324083889015018656e+01 8.365486638769508093e-04 2.523680755961686395e-01 3.905945903910323924e+00
5.703998239878565073e+02 9.440589612349867821e+02 8.618573731360956458e+01 8.365486638769508093e-04 2.523680755961686395e-01 3.905945903910323924e+00
5.703998239878565073e+02 9.440589612349867821e+02 3.324083889015018656e+01 7.372456367705018665e-04 2.523680755961686395e-01 3.905945903910323924e+00
5.703998239878565073e+02 9.440589612349867821e+02 3.324083889015018656e+01 8.365486638769508093e-04 3.239863951355218763e+00 3.905945903910323924e+00
5.703998239878565073e+02 9.440589612349867821e+02 3.324083889015018656e+01 8.365486638769508093e-04 2.523680755961686395e-01 1.868476210040971752e+00
5.703998239878565073e+02 8.461720012128353119e+02 8.618573731360956458e+01 7.372456367705018665e-04 3.239863951355218763e+00 1.868476210040971752e+00
5.935024212691932917e+02 9.440589612349867821e+02 8.618573731360956458e+01 7.372456367705018665e-04 3.239863951355218763e+00 1.868476210040971752e+00
5.935024212691932917e+02 8.461720012128353119e+02 3.324083889015018656e+01 7.372456367705018665e-04 3.239863951355218763e+00 1.868476210040971752e+00
5.935024212691932917e+02 8.461720012128353119e+02 8.618573731360956458e+01 8.365486638769508093e-04 3.239863951355218763e+00 1.868476210040971752e+00
5.935024212691932917e+02 8.461720012128353119e+02 8.618573731360956458e+01 7.372456367705018665e-04 2.523680755961686395e-01 1.868476210040971752e+00
5.935024212691932917e+02 8.461720012128353119e+02 8.618573731360956458e+01 7.372456367705018665e-04 3.239863951355218763e+00 3.905945903910323924e+00
5.935024212691932917e+02 8.461720012128353119e+02 8.618573731360956458e+01 7.372456367705018665e-04 3.239863951355218763e+00 1.868476210040971752e+00
6.272415165053680539e+02 1.086406270973384380e+03 9.959474225854501483e+00 9.845207104440779292e-04 7.189951705839485729e-01 2.532359222015365674e+00
3.482042968906462193e+02 1.086406270973384380e+03 9.959474225854501483e+00 9.845207104440779292e-04 7.189951705839485729e-01 2.532359222015365674e+00
6.272415165053680539e+02 1.234025265090167522e+03 9.959474225854501483e+00 9.845207104440779292e-04 7.189951705839485729e-01 2.532359222015365674e+00
6.272415165053680539e+02 1.086406270973384380e+03 4.388140320219099522e+01 9.845207104440779292e-04 7.189951705839485729e-01 2.532359222015365674e+00
6.272415165053680539e+02 1.086406270973384380e+03 9.959474225854501483e+00 4.097896831762046026e-04 7.189951705839485729e-01 2.532359222015365674e+00
6.272415165053680539e+02 1.086406270973384380e+03 9.959474225854501483e+00 9.845207104440779292e-04 1.583556566452607672e+00 2.532359222015365674e+00
6.272415165053680539e+02 1.086406270973384380e+03 9.959474225854501483e+00 9.845207104440779292e-04 7.189951705839485729e-01 1.211807184144854554e+00
6.272415165053680539e+02 1.234025265090167522e+03 4.388140320219099522e+01 4.097896831762046026e-04 1.583556566452607672e+00 1.211807184144854554e+00
3.482042968906462193e+02 1.086406270973384380e+03 4.388140320219099522e+01 4.097896831762046026e-04 1.583556566452607672e+00 1.211807184144854554e+00
3.482042968906462193e+02 1.234025265090167522e+03 9.959474225854501483e+00 4.097896831762046026e-04 1.583556566452607672e+00 1.211807184144854554e+00
3.482042968906462193e+02 1.234025265090167522e+03 4.388140320219099522e+01 9.845207104440779292e-04 1.583556566452607672e+00 1.211807184144854554e+00
3.482042968906462193e+02 1.234025265090167522e+03 4.388140320219099522e+01 4.097896831762046026e-04 7.189951705839485729e-01 1.211807184144854554e+00
3.482042968906462193e+02 1.234025265090167522e+03 4.388140320219099522e+01 4.097896831762046026e-04 1.583556566452607672e+00 2.532359222015365674e+00
3.482042968906462193e+02 1.234025265090167522e+03 4.388140320219099522e+01 4.097896831762046026e-04 1.583556566452607672e+00 1.211807184144854554e+00
2.217452536821365356e+02 8.734386758878827095e+02 5.631201243307441473e+01 2.015198643663898169e-04 2.081324392836541026e+00 5.948000226821751335e-01
6.465960112288594246e+02 8.734386758878827095e+02 5.631201243307441473e+01 2.015198643663898169e-04 2.081324392836541026e+00 5.948000226821751335e-01
2.217452536821365356e+02 9.753416497260332108e+02 5.631201243307441473e+01 2.015198643663898169e-04 2.081324392836541026e+00 5.948000226821751335e-01
2.217452536821365356e+02 8.734386758878827095e+02 8.932652998915872899e+01 2.015198643663898169e-04 2.081324392836541026e+00 5.948000226821751335e-01
2.217452536821365356e+02 8.734386758878827095e+02 5.631201243307441473e+01 8.450243402440101503e-04 2.081324392836541026e+00 5.948000226821751335e-01
2.217452536821365356e+02 8.734386758878827095e+02 5.631201243307441473e+01 2.015198643663898169e-04 3.986144622750580346e+00 5.948000226821751335e-01
2.217452536821365356e+02 8.734386758878827095e+02 5.631201243307441473e+01 2.015198643663898169e-04 2.081324392836541026e+00 2.347233922667801398e+00
2.217452536821365356e+02 9.753416497260332108e+02 8.932652998915872899e+01 8.450243402440101503e-04 3.986144622750580346e+00 2.347233922667801398e+00
6.465960112288594246e+02 8.734386758878827095e+02 8.932652998915872899e+01 8.450243402440101503e-04 3.986144622750580346e+00 2.347233922667801398e+00
6.465960112288594246e+02 9.753416497260332108e+02 5.631201243307441473e+01 8.450243402440101503e-04 3.986144622750580346e+00 2.347233922667801398e+00
6.465960112288594246e+02 9.753416497260332108e+02 8.932652998915872899e+01 2.015198643663898169e-04 3.986144622750580346e+00 2.347233922667801398e+00
6.465960112288594246e+02 9.753416497260332108e+02 8.932652998915872899e+01 8.450243402440101503e-04 2.081324392836541026e+00 2.347233922667801398e+00
6.465960112288594246e+02 9.753416497260332108e+02 8.932652998915872899e+01 8.450243402440101503e-04 3.986144622750580346e+00 5.948000226821751335e-01
6.465960112288594246e+02 9.753416497260332108e+02 8.932652998915872899e+01 8.450243402440101503e-04 3.986144622750580346e+00 2.347233922667801398e+00
4.195081203542649746e+02 1.462376251816749573e+03 4.116704306006431580e+01 5.788639328004793186e-04 3.371340716117992908e+00 1.128287485446781035e+00
1.171626628013327718e+02 1.462376251816749573e+03 4.116704306006431580e+01 5.788639328004793186e-04 3.371340716117992908e+00 1.128287485446781035e+00
4.195081203542649746e+02 6.521743237972259521e+02 4.116704306006431580e+01 5.788639328004793186e-04 3.371340716117992908e+00 1.128287485446781035e+00
4.195081203542649746e+02 1.462376251816749573e+03 5.198606809461489320e+01 5.788639328004793186e-04 3.371340716117992908e+00 1.128287485446781035e+00
4.195081203542649746e+02 1.462376251816749573e+03 4.116704306006431580e+01 5.067767292065546375e-04 3.371340716117992908e+00 1.128287485446781035e+00
4.195081203542649746e+02 1.462376251816749573e+03 4.116704306006431580e+01 5.788639328004793186e-04 2.796797481328249013e+00 1.128287485446781035e+00
4.195081203542649746e+02 1.462376251816749573e+03 4.116704306006431580e+01 5.788639328004793186e-04 3.371340716117992908e+00 3.448413454713299853e+00
4.195081203542649746e+02 6.521743237972259521e+02 5.198606809461489320e+01 5.067767292065546375e-04 2.796797481328249013e+00 3.448413454713299853e+00
1.171626628013327718e+02 1.462376251816749573e+03 5.198606809461489320e+01 5.067767292065546375e-04 2.796797481328249013e+00 3.448413454713299853e+00
1.171626628013327718e+02 6.521743237972259521e+02 4.116704306006431580e+01 5.067767292065546375e-04 2.796797481328249013e+00 3.448413454713299853e+00
1.171626628013327718e+02 6.521743237972259521e+02 5.198606809461489320e+01 5.788639328004793186e-04 2.796797481328249013e+00 3.448413454713299853e+00
1.171626628013327718e+02 6.521743237972259521e+02 5.198606809461489320e+01 5.067767292065546375e-04 3.371340716117992908e+00 3.448413454713299853e+00
1.171626628013327718e+02 6.521743237972259521e+02 5.198606809461489320e+01 5.067767292065546375e-04 2.796797481328249013e+00 1.128287485446781035e+00
1.171626628013327718e+02 6.521743237972259521e+02 5.198606809461489320e+01 5.067767292065546375e-04 2.796797481328249013e+00 3.448413454713299853e+00
9.525241356799378991e+02 7.494106125086545944e+02 8.758578697587363138e+01 3.580363832209259656e-04 1.976922448836267110e+00 3.063837560024112339e+00
8.763062238031998277e+02 7.494106125086545944e+02 8.758578697587363138e+01 3.580363832209259656e-04 1.976922448836267110e+00 3.063837560024112339e+00
9.525241356799378991e+02 1.393341802991926670e+03 8.758578697587363138e+01 3.580363832209259656e-04 1.976922448836267110e+00 3.063837560024112339e+00
9.525241356799378991e+02 7.494106125086545944e+02 7.053188329795375466e+00 3.580363832209259656e-04 1.976922448836267110e+00 3.063837560024112339e+00
9.525241356799378991e+02 7.494106125086545944e+02 8.758578697587363138e+01 1.925173483705148222e-04 1.976922448836267110e+00 3.063837560024112339e+00
9.525241356799378991e+02 7.494106125086545944e+02 8.758578697587363138e+01 3.580363832209259656e-04 6.512755165528506529e-01 3.063837560024112339e+00
9.525241356799378991e+02 7.494106125086545944e+02 8.758578697587363138e+01 3.580363832209259656e-04 1.976922448836267110e+00 7.933682867325841936e-02
9.525241356799378991e+02 1.393341802991926670e+03 7.053188329795375466e+00 1.925173483705148222e-04 6.512755165528506529e-01 7.933682867325841936e-02
8.763062238031998277e+02 7.494106125086545944e+02 7.053188329795375466e+00 1.925173483705148222e-04 6.512755165528506529e-01 7.933682867325841936e-02
8.763062238031998277e+02 1.393341802991926670e+03 8.758578697587363138e+01 1.925173483705148222e-04 6.512755165528506529e-01 7.933682867325841936e-02
8.763062238031998277e+02 1.393341802991926670e+03 7.053188329795375466e+00 3.580363832209259656e-04 6.512755165528506529e-01 7.933682867325841936e-02
8.763062238031998277e+02 1.393341802991926670e+03 7.053188329795375466e+00 1.925173483705148222e-04 1.976922448836267110e+00 7.933682867325841936e-02
8.763062238031998277e+02 1.393341802991926670e+03 7.053188329795375466e+00 1.925173483705148222e-04 6.512755165528506529e-01 3.063837560024112339e+00
8.763062238031998277e+02 1.393341802991926670e+03 7.053188329795375466e+00 1.925173483705148222e-04 6.512755165528506529e-01 7.933682867325841936e-02
9.263384087979793549e+02 1.186174616217613220e+03 4.780386807699687779e+01 1.872347878059372561e-04 3.586900911880657183e+00 3.668446442019194453e+00
2.514218941377475858e+02 1.186174616217613220e+03 4.780386807699687779e+01 1.872347878059372561e-04 3.586900911880657183e+00 3.668446442019194453e+00
9.263384087979793549e+02 1.146862406283617020e+03 4.780386807699687779e+01 1.872347878059372561e-04 3.586900911880657183e+00 3.668446442019194453e+00
9.263384087979793549e+02 1.186174616217613220e+03 4.069989624153822660e+01 1.872347878059372561e-04 3.586900911880657183e+00 3.668446442019194453e+00
9.263384087979793549e+02 1.186174616217613220e+03 4.780386807699687779e+01 6.571314361300320799e-04 3.586900911880657183e+00 3.668446442019194453e+00
9.263384087979793549e+02 1.186174616217613220e+03 4.780386807699687779e+01 1.872347878059372561e-04 9.368872385751456644e-01 3.668446442019194453e+00
9.263384087979793549e+02 1.186174616217613220e+03 4.780386807699687779e+01 1.872347878059372561e-04 3.586900911880657183e+00 6.420513503812254053e-01
9.263384087979793549e+02 1.146862406283617020e+03 4.069989624153822660e+01 6.571314361300320799e-04 9.368872385751456644e-01 6.420513503812254053e-01
2.514218941377475858e+02 1.186174616217613220e+03 4.069989624153822660e+01 6.571314361300320799e-04 9.368872385751456644e-01 6.420513503812254053e-01
2.514218941377475858e+02 1.146862406283617020e+03 4.780386807699687779e+01 6.571314361300320799e-04 9.368872385751456644e-01 6.420513503812254053e-01
2.514218941377475858e+02 1.146862406283617020e+03 4.069989624153822660e+01 1.872347878059372561e-04 9.368872385751456644e-01 6.420513503812254053e-01
2.514218941377475858e+02 1.146862406283617020e+03 4.069989624153822660e+01 6.571314361300320799e-04 3.586900911880657183e+00 6.420513503812254053e-01
2.514218941377475858e+02 1.146862406283617020e+03 4.069989624153822660e+01 6.571314361300320799e-04 9.368872385751456644e-01 3.668446442019194453e+00
2.514218941377475858e+02 1.146862406283617020e+03 4.069989624153822660e+01 6.571314361300320799e-04 9.368872385751456644e-01 6.420513503812254053e-01
4.613071447657421231e+02 8.991426359862089157e+02 9.500442140037193894e+01 8.783514368347825193e-04 1.208548056725412767e+00 1.738744899164885283e+00
7.410597208151593804e+02 8.991426359862089157e+02 9.500442140037193894e+01 8.783514368347825193e-04 1.208548056725412767e+00 1.738744899164885283e+00
4.613071447657421231e+02 9.057340444996953011e+02 9.500442140037193894e+01 8.783514368347825193e-04 1.208548056725412767e+00 1.738744899164885283e+00
4.613071447657421231e+02 8.991426359862089157e+02 9.881590467351489337e+01 8.783514368347825193e-04 1.208548056725412767e+00 1.738744899164885283e+00
4.613071447657421231e+02 8.991426359862089157e+02 9.500442140037193894e+01 9.726854115165770964e-05 1.208548056725412767e+00 1.738744899164885283e+00
4.613071447657421231e+02 8.991426359862089157e+02 9.500442140037193894e+01 8.783514368347825193e-04 2.512608651518821734e+00 1.738744899164885283e+00
4.613071447657421231e+02 8.991426359862089157e+02 9.500442140037193894e+01 8.783514368347825193e-04 1.208548056725412767e+00 3.756686434913426798e+00
4.613071447657421231e+02 9.057340444996953011e+02 9.881590467351489337e+01 9.726854115165770964e-05 2.512608651518821734e+00 3.756686434913426798e+00
7.410597208151593804e+02 8.991426359862089157e+02 9.881590467351489337e+01 9.726854115165770964e-05 2.512608651518821734e+00 3.756686434913426798e+00
7.410597208151593804e+02 9.057340444996953011e+02 9.500442140037193894e+01 9.726854115165770964e-05 2.512608651518821734e+00 3.756686434913426798e+00
7.410597208151593804e+02 9.057340444996953011e+02 9.881590467351489337e+01 8.783514368347825193e-04 2.512608651518821734e+00 3.756686434913426798e+00
7.410597208151593804e+02 9.057340444996953011e+02 9.881590467351489337e+01 9.726854115165770964e-05 1.208548056725412767e+00 3.756686434913426798e+00
7.410597208151593804e+02 9.057340444996953011e+02 9.881590467351489337e+01 9.726854115165770964e-05 2.512608651518821734e+00 1.738744899164885283e+00
7.410597208151593804e+02 9.057340444996953011e+02 9.881590467351489337e+01 9.726854115165770964e-05 2.512608651518821734e+00 3.756686434913426798e+00
1.506772574195638299e+02 1.312161515466868877e+03 4.103513424377888796e+00 2.805821172073484052e-04 5.034920522291213008e-01 2.097062136884778882e-01
2.077558143064379692e+01 1.312161515466868877e+03 4.103513424377888796e+00 2.805821172073484052e-04 5.034920522291213008e-01 2.097062136884778882e-01
1.506772574195638299e+02 7.207827409729361534e+02 4.103513424377888796e+00 2.805821172073484052e-04 5.034920522291213008e-01 2.097062136884778882e-01
1.506772574195638299e+02 1.312161515466868877e+03 6.148745157783850601e+01 2.805821172073484052e-04 5.034920522291213008e-01 2.097062136884778882e-01
1.506772574195638299e+02 1.312161515466868877e+03 4.103513424377888796e+00 2.565085161654279090e-04 5.034920522291213008e-01 2.097062136884778882e-01
1.506772574195638299e+02 1.312161515466868877e+03 4.103513424377888796e+00 2.805821172073484052e-04 3.707809200026094931e+00 2.097062136884778882e-01
1.506772574195638299e+02 1.312161515466868877e+03 4.103513424377888796e+00 2.805821172073484052e-04 5.034920522291213008e-01 2.894041870078071899e+00
1.506772574195638299e+02 7.207827409729361534e+02 6.148745157783850601e+01 2.565085161654279090e-04 3.707809200026094931e+00 2.894041870078071899e+00
2.077558143064379692e+01 1.312161515466868877e+03 6.148745157783850601e+01 2.565085161654279090e-04 3.707809200026094931e+00 2.894041870078071899e+00
2.077558143064379692e+01 7.207827409729361534e+02 4.103513424377888796e+00 2.565085161654279090e-04 3.707809200026094931e+00 2.894041870078071899e+00
2.077558143064379692e+01 7.207827409729361534e+02 6.148745157783850601e+01 2.805821172073484052e-04 3.707809200026094931e+00 2.894041870078071899e+00
2.077558143064379692e+01 7.207827409729361534e+02 6.148745157783850601e+01 2.565085161654279090e-04 5.034920522291213008e-01 2.894041870078071899e+00
2.077558143064379692e+01 7.207827409729361534e+02 6.148745157783850601e+01 2.565085161654279090e-04 3.707809200026094931e+00 2.097062136884778882e-01
2.077558143064379692e+01 7.207827409729361534e+02 6.148745157783850601e+01 2.565085161654279090e-04 3.707809200026094931e+00 2.894041870078071899e+00
7.451337152384221554e+02 5.251276986673474312e+02 5.123595501654781259e+01 5.348882627068088542e-04 2.849641707539558144e+00 2.137520396923646260e+00
9.711024794131517410e+02 5.251276986673474312e+02 5.123595501654781259e+01 5.348882627068088542e-04 2.849641707539558144e+00 2.137520396923646260e+00
7.451337152384221554e+02 1.479551216587424278e+03 5.123595501654781259e+01 5.348882627068088542e-04 2.849641707539558144e+00 2.137520396923646260e+00
7.451337152384221554e+02 5.251276986673474312e+02 3.835270714806392700e+00 5.348882627068088542e-04 2.849641707539558144e+00 2.137520396923646260e+00
7.451337152384221554e+02 5.251276986673474312e+02 5.123595501654781259e+01 9.451518512358890456e-04 2.849641707539558144e+00 2.137520396923646260e+00
7.451337152384221554e+02 5.251276986673474312e+02 5.123595501654781259e+01 5.348882627068088542e-04 1.859433617657050508e+00 2.137520396923646260e+00
7.451337152384221554e+02 5.251276986673474312e+02 5.123595501654781259e+01 5.348882627068088542e-04 2.849641707539558144e+00 1.535741201741620987e+00
7.451337152384221554e+02 1.479551216587424278e+03 3.835270714806392700e+00 9.451518512358890456e-04 1.859433617657050508e+00 1.535741201741620987e+00
9.711024794131517410e+02 5.251276986673474312e+02 3.835270714806392700e+00 9.451518512358890456e-04 1.859433617657050508e+00 1.535741201741620987e+00
9.711024794131517410e+02 1.479551216587424278e+03 5.123595501654781259e+01 9.451518512358890456e-04 1.859433617657050508e+00 1.535741201741620987e+00
9.711024794131517410e+02 1.479551216587424278e+03 3.835270714806392700e+00 5.348882627068088542e-04 1.859433617657050508e+00 1.535741201741620987e+00
9.711024794131517410e+02 1.479551216587424278e+03 3.835270714806392700e+00 9.451518512358890456e-04 2.849641707539558144e+00 1.535741201741620987e+00
9.711024794131517410e+02 1.479551216587424278e+03 3.835270714806392700e+00 9.451518512358890456e-04 1.859433617657050508e+00 2.137520396923646260e+00
9.711024794131517410e+02 1.479551216587424278e+03 3.835270714806392700e+00 9.451518512358890456e-04 1.859433617657050508e+00 1.535741201741620987e+00
5.595785056715831161e+02 1.382288300432264805e+03 8.105398384230211661e+01 6.365056864330545950e-04 2.328463474567979308e+00 3.261762876836582947e+00
2.183797177728265524e+02 1.382288300432264805e+03 8.105398384230211661e+01 6.365056864330545950e-04 2.328463474567979308e+00 3.261762876836582947e+00
5.595785056715831161e+02 6.004095235839486122e+02 8.105398384230211661e+01 6.365056864330545950e-04 2.328463474567979308e+00 3.261762876836582947e+00
5.595785056715831161e+02 1.382288300432264805e+03 6.463621089919470819e+01 6.365056864330545950e-04 2.328463474567979308e+00 3.261762876836582947e+00
5.595785056715831161e+02 1.382288300432264805e+03 8.105398384230211661e+01 1.477414394570514581e-04 2.328463474567979308e+00 3.261762876836582947e+00
5.595785056715831161e+02 1.382288300432264805e+03 8.105398384230211661e+01 6.365056864330545950e-04 3.460725991725921435e+00 3.261762876836582947e+00
5.595785056715831161e+02 1.382288300432264805e+03 8.105398384230211661e+01 6.365056864330545950e-04 2.328463474567979308e+00 1.440143332704901802e+00
5.595785056715831161e+02 6.004095235839486122e+02 6.463621089919470819e+01 1.477414394570514581e-04 3.460725991725921435e+00 1.440143332704901802e+00
2.183797177728265524e+02 1.382288300432264805e+03 6.463621089919470819e+01 1.477414394570514581e-04 3.460725991725921435e+00 1.440143332704901802e+00
2.183797177728265524e+02 6.004095235839486122e+02 8.105398384230211661e+01 1.477414394570514581e-04 3.460725991725921435e+00 1.440143332704901802e+00
2.183797177728265524e+02 6.004095235839486122e+02 6.463621089919470819e+01 6.365056864330545950e-04 3.460725991725921435e+00 1.440143332704901802e+00
2.183797177728265524e+02 6.004095235839486122e+02 6.463621089919470819e+01 1.477414394570514581e-04 2.328463474567979308e+00 1.440143332704901802e+00
2.183797177728265524e+02 6.004095235839486122e+02 6.463621089919470819e+01 1.477414394570514581e-04 3.460725991725921435e+00 3.261762876836582947e+00
2.183797177728265524e+02 6.004095235839486122e+02 6.463621089919470819e+01 1.477414394570514581e-04 3.460725991725921435e+00 1.440143332704901802e+00
9.381650304608047009e+01 6.576338177546858788e+02 2.738393326890654933e+01 4.290510075893253904e-04 9.660998869594187299e-01 1.334005771009251662e+00
7.902107192296534777e+02 6.576338177546858788e+02 2.738393326890654933e+01 4.290510075893253904e-04 9.660998869594187299e-01 1.334005771009251662e+00
9.381650304608047009e+01 1.359170533716678619e+03 2.738393326890654933e+01 4.290510075893253904e-04 9.660998869594187299e-01 1.334005771009251662e+00
9.381650304608047009e+01 6.576338177546858788e+02 1.938595789000392244e+01 4.290510075893253904e-04 9.660998869594187299e-01 1.334005771009251662e+00
9.381650304608047009e+01 6.576338177546858788e+02 2.738393326890654933e+01 5.827294386392460569e-04 9.660998869594187299e-01 1.334005771009251662e+00
9.381650304608047009e+01 6.576338177546858788e+02 2.738393326890654933e+01 4.290510075893253904e-04 1.109770188285037928e+00 1.334005771009251662e+00
9.381650304608047009e+01 6.576338177546858788e+02 2.738393326890654933e+01 4.290510075893253904e-04 9.660998869594187299e-01 2.054483541138469871e+00
9.381650304608047009e+01 1.359170533716678619e+03 1.938595789000392244e+01 5.827294386392460569e-04 1.109770188285037928e+00 2.054483541138469871e+00
7.902107192296534777e+02 6.576338177546858788e+02 1.938595789000392244e+01 5.827294386392460569e-04 1.109770188285037928e+00 2.054483541138469871e+00
7.902107192296534777e+02 1.359170533716678619e+03 2.738393326890654933e+01 5.827294386392460569e-04 1.109770188285037928e+00 2.054483541138469871e+00
7.902107192296534777e+02 1.359170533716678619e+03 1.938595789000392244e+01 4.290510075893253904e-04 1.109770188285037928e+00 2.054483541138469871e+00
7.902107192296534777e+02 1.359170533716678619e+03 1.938595789000392244e+01 5.827294386392460569e-04 9.660998869594187299e-01 2.054483541138469871e+00
7.902107192296534777e+02 1.359170533716678619e+03 1.938595789000392244e+01 5.827294386392460569e-04 1.109770188285037928e+00 1.334005771009251662e+00
7.902107192296534777e+02 1.359170533716678619e+03 1.938595789000392244e+01 5.827294386392460569e-04 1.109770188285037928e+00 2.054483541138469871e+00
2.679310570303350687e+02 1.006307097151875496e+03 7.475497163967229142e+01 7.922986139599234650e-04 1.725889914967119854e+00 8.638440349139273611e-01
4.479580343617126346e+02 1.006307097151875496e+03 7.475497163967229142e+01 7.922986139599234650e-04 1.725889914967119854e+00 8.638440349139273611e-01
2.679310570303350687e+02 1.018211463466286659e+03 7.475497163967229142e+01 7.922986139599234650e-04 1.725889914967119854e+00 8.638440349139273611e-01
2.679310570303350687e+02 1.006307097151875496e+03 3.134849195876158845e+01 7.922986139599234650e-04 1.725889914967119854e+00 8.638440349139273611e-01
2.679310570303350687e+02 1.006307097151875496e+03 7.475497163967229142e+01 8.000196667294950850e-04 1.725889914967119854e+00 8.638440349139273611e-01
2.679310570303350687e+02 1.006307097151875496e+03 7.475497163967229142e+01 7.922986139599234650e-04 1.872265738900751042e-01 8.638440349139273611e-01
2.679310570303350687e+02 1.006307097151875496e+03 7.475497163967229142e+01 7.922986139599234650e-04 1.725889914967119854e+00 3.162612485410645657e+00
2.679310570303350687e+02 1.018211463466286659e+03 3.134849195876158845e+01 8.000196667294950850e-04 1.872265738900751042e-01 3.162612485410645657e+00
4.479580343617126346e+02 1.006307097151875496e+03 3.134849195876158845e+01 8.000196667294950850e-04 1.872265738900751042e-01 3.162612485410645657e+00
4.479580343617126346e+02 1.018211463466286659e+03 7.475497163967229142e+01 8.000196667294950850e-04 1.872265738900751042e-01 3.162612485410645657e+00
4.479580343617126346e+02 1.018211463466286659e+03 3.134849195876158845e+01 7.922986139599234650e-04 1.872265738900751042e-01 3.162612485410645657e+00
4.479580343617126346e+02 1.018211463466286659e+03 3.134849195876158845e+01 8.000196667294950850e-04 1.725889914967119854e+00 3.162612485410645657e+00
4.479580343617126346e+02 1.018211463466286659e+03 3.134849195876158845e+01 8.000196667294950850e-04 1.872265738900751042e-01 8.638440349139273611e-01
4.479580343617126346e+02 1.018211463466286659e+03 3.134849195876158845e+01 8.000196667294950850e-04 1.872265738900751042e-01 3.162612485410645657e+00
8.616548745362088084e+02 7.816506884992122650e+02 2.120174118867144131e+01 2.314223533589393323e-05 3.120334699461236649e+00 2.793610265497118217e+00
5.590370700648054481e+02 7.816506884992122650e+02 2.120174118867144131e+01 2.314223533589393323e-05 3.120334699461236649e+00 2.793610265497118217e+00
8.616548745362088084e+02 7.770905671641230583e+02 2.120174118867144131e+01 2.314223533589393323e-05 3.120334699461236649e+00 2.793610265497118217e+00
8.616548745362088084e+02 7.816506884992122650e+02 7.686735434206202910e+01 2.314223533589393323e-05 3.120334699461236649e+00 2.793610265497118217e+00
8.616548745362088084e+02 7.816506884992122650e+02 2.120174118867144131e+01 4.860017038155347809e-04 3.120334699461236649e+00 2.793610265497118217e+00
8.616548745362088084e+02 7.816506884992122650e+02 2.120174118867144131e+01 2.314223533589393323e-05 2.265538018085062610e+00 2.793610265497118217e+00
8.616548745362088084e+02 7.816506884992122650e+02 2.120174118867144131e+01 2.314223533589393323e-05 3.120334699461236649e+00 3.009689978603273808e-01
8.616548745362088084e+02 7.770905671641230583e+02 7.686735434206202910e+01 4.860017038155347809e-04 2.265538018085062610e+00 3.009689978603273808e-01
5.590370700648054481e+02 7.816506884992122650e+02 7.686735434206202910e+01 4.860017038155347809e-04 2.265538018085062610e+00 3.009689978603273808e-01
5.590370700648054481e+02 7.770905671641230583e+02 2.120174118867144131e+01 4.860017038155347809e-04 2.265538018085062610e+00 3.009689978603273808e-01
5.590370700648054481e+02 7.770905671641230583e+02 7.686735434206202910e+01 2.314223533589393323e-05 2.265538018085062610e+00 3.009689978603273808e-01
5.590370700648054481e+02 7.770905671641230583e+02 7.686735434206202910e+01 4.860017038155347809e-04 3.120334699461236649e+00 3.009689978603273808e-01
5.590370700648054481e+02 7.770905671641230583e+02 7.686735434206202910e+01 4.860017038155347809e-04 2.265538018085062610e+00 2.793610265497118217e+00
5.590370700648054481e+02 7.770905671641230583e+02 7.686735434206202910e+01 4.860017038155347809e-04 2.265538018085062610e+00 3.009689978603273808e-01
