8.505854671820998192e-01 9.313660049811005592e-01 3.627175902947783470e-01 3.645501602441072464e-01 1.399454670026898384e-01 5.607025437057018280e-01 4.225346138700842857e-01 3.892124649137258530e-01
1.867756107822060585e-01 9.313660049811005592e-01 3.627175902947783470e-01 3.645501602441072464e-01 1.399454670026898384e-01 5.607025437057018280e-01 4.225346138700842857e-01 3.892124649137258530e-01
8.505854671820998192e-01 8.655800744891166687e-01 3.627175902947783470e-01 3.645501602441072464e-01 1.399454670026898384e-01 5.607025437057018280e-01 4.225346138700842857e-01 3.892124649137258530e-01
8.505854671820998192e-01 9.313660049811005592e-01 8.751519918441772461e-01 3.645501602441072464e-01 1.399454670026898384e-01 5.607025437057018280e-01 4.225346138700842857e-01 3.892124649137258530e-01
8.505854671820998192e-01 9.313660049811005592e-01 3.627175902947783470e-01 9.946572668850421906e-01 1.399454670026898384e-01 5.607025437057018280e-01 4.225346138700842857e-01 3.892124649137258530e-01
8.505854671820998192e-01 9.313660049811005592e-01 3.627175902947783470e-01 3.645501602441072464e-01 8.105370020493865013e-01 5.607025437057018280e-01 4.225346138700842857e-01 3.892124649137258530e-01
8.505854671820998192e-01 9.313660049811005592e-01 3.627175902947783470e-01 3.645501602441072464e-01 1.399454670026898384e-01 8.279781211167573929e-01 4.225346138700842857e-01 3.892124649137258530e-01
8.505854671820998192e-01 9.313660049811005592e-01 3.627175902947783470e-01 3.645501602441072464e-01 1.399454670026898384e-01 5.607025437057018280e-01 5.192377157509326935e-01 3.892124649137258530e-01
8.505854671820998192e-01 9.313660049811005592e-01 3.627175902947783470e-01 3.645501602441072464e-01 1.399454670026898384e-01 5.607025437057018280e-01 4.225346138700842857e-01 8.615590399131178856e-01
8.505854671820998192e-01 8.655800744891166687e-01 8.751519918441772461e-01 9.946572668850421906e-01 8.105370020493865013e-01 8.279781211167573929e-01 5.192377157509326935e-01 8.615590399131178856e-01
1.867756107822060585e-01 9.313660049811005592e-01 8.751519918441772461e-01 9.946572668850421906e-01 8.105370020493865013e-01 8.279781211167573929e-01 5.192377157509326935e-01 8.615590399131178856e-01
1.867756107822060585e-01 8.655800744891166687e-01 3.627175902947783470e-01 9.946572668850421906e-01 8.105370020493865013e-01 8.279781211167573929e-01 5.192377157509326935e-01 8.615590399131178856e-01
1.867756107822060585e-01 8.655800744891166687e-01 8.751519918441772461e-01 3.645501602441072464e-01 8.105370020493865013e-01 8.279781211167573929e-01 5.192377157509326935e-01 8.615590399131178856e-01
1.867756107822060585e-01 8.655800744891166687e-01 8.751519918441772461e-01 9.946572668850421906e-01 1.399454670026898384e-01 8.279781211167573929e-01 5.192377157509326935e-01 8.615590399131178856e-01
1.867756107822060585e-01 8.655800744891166687e-01 8.751519918441772461e-01 9.946572668850421906e-01 8.105370020493865013e-01 5.607025437057018280e-01 5.192377157509326935e-01 8.615590399131178856e-01
1.867756107822060585e-01 8.655800744891166687e-01 8.751519918441772461e-01 9.946572668850421906e-01 8.105370020493865013e-01 8.279781211167573929e-01 4.225346138700842857e-01 8.615590399131178856e-01
1.867756107822060585e-01 8.655800744891166687e-01 8.751519918441772461e-01 9.946572668850421906e-01 8.105370020493865013e-01 8.279781211167573929e-01 5.192377157509326935e-01 3.892124649137258530e-01
1.867756107822060585e-01 8.655800744891166687e-01 8.751519918441772461e-01 9.946572668850421906e-01 8.105370020493865013e-01 8.279781211167573929e-01 5.192377157509326935e-01 8.615590399131178856e-01
3.400152204558253288e-01 4.614161932840943336e-01 7.945291502401232719e-01 6.718356311321258545e-01 7.279960857704281807e-01 2.910568518564105034e-01 7.059881342574954033e-01 7.804863443598151207e-01
8.806673008948564529e-01 4.614161932840943336e-01 7.945291502401232719e-01 6.718356311321258545e-01 7.279960857704281807e-01 2.910568518564105034e-01 7.059881342574954033e-01 7.804863443598151207e-01
3.400152204558253288e-01 3.323834398761391640e-01 7.945291502401232719e-01 6.718356311321258545e-01 7.279960857704281807e-01 2.910568518564105034e-01 7.059881342574954033e-01 7.804863443598151207e-01
3.400152204558253288e-01 4.614161932840943336e-01 3.694307403638958931e-01 6.718356311321258545e-01 7.279960857704281807e-01 2.910568518564105034e-01 7.059881342574954033e-01 7.804863443598151207e-01
3.400152204558253288e-01 4.614161932840943336e-01 7.945291502401232719e-01 4.386989437043666840e-01 7.279960857704281807e-01 2.910568518564105034e-01 7.059881342574954033e-01 7.804863443598151207e-01
3.400152204558253288e-01 4.614161932840943336e-01 7.945291502401232719e-01 6.718356311321258545e-01 2.454008553177118301e-01 2.910568518564105034e-01 7.059881342574954033e-01 7.804863443598151207e-01
3.400152204558253288e-01 4.614161932840943336e-01 7.945291502401232719e-01 6.718356311321258545e-01 7.279960857704281807e-01 1.114837713539600372e-01 7.059881342574954033e-01 7.804863443598151207e-01
3.400152204558253288e-01 4.614161932840943336e-01 7.945291502401232719e-01 6.718356311321258545e-01 7.279960857704281807e-01 2.910568518564105034e-01 8.945549000054597855e-02 7.804863443598151207e-01
3.400152204558253288e-01 4.614161932840943336e-01 7.945291502401232719e-01 6.718356311321258545e-01 7.279960857704281807e-01 2.910568518564105034e-01 7.059881342574954033e-01 1.449508126825094223e-02
3.400152204558253288e-01 3.323834398761391640e-01 3.694307403638958931e-01 4.386989437043666840e-01 2.454008553177118301e-01 1.114837713539600372e-01 8.945549000054597855e-02 1.449508126825094223e-02
8.806673008948564529e-01 4.614161932840943336e-01 3.694307403638958931e-01 4.386989437043666840e-01 2.454008553177118301e-01 1.114837713539600372e-01 8.945549000054597855e-02 1.449508126825094223e-02
8.806673008948564529e-01 3.323834398761391640e-01 7.945291502401232719e-01 4.386989437043666840e-01 2.454008553177118301e-01 1.114837713539600372e-01 8.945549000054597855e-02 1.449508126825094223e-02
8.806673008948564529e-01 3.323834398761391640e-01 3.694307403638958931e-01 6.718356311321258545e-01 2.454008553177118301e-01 1.114837713539600372e-01 8.945549000054597855e-02 1.449508126825094223e-02
8.806673008948564529e-01 3.323834398761391640e-01 3.694307403638958931e-01 4.386989437043666840e-01 7.279960857704281807e-01 1.114837713539600372e-01 8.945549000054597855e-02 1.449508126825094223e-02
8.806673008948564529e-01 3.323834398761391640e-01 3.694307403638958931e-01 4.386989437043666840e-01 2.454008553177118301e-01 2.910568518564105034e-01 8.945549000054597855e-02 1.449508126825094223e-02
8.806673008948564529e-01 3.323834398761391640e-01 3.694307403638958931e-01 4.386989437043666840e-01 2.454008553177118301e-01 1.114837713539600372e-01 7.059881342574954033e-01 1.449508126825094223e-02
8.806673008948564529e-01 3.323834398761391640e-01 3.694307403638958931e-01 4.386989437043666840e-01 2.454008553177118301e-01 1.114837713539600372e-01 8.945549000054597855e-02 7.804863443598151207e-01
8.806673008948564529e-01 3.323834398761391640e-01 3.694307403638958931e-01 4.386989437043666840e-01 2.454008553177118301e-01 1.114837713539600372e-01 8.945549000054597855e-02 1.449508126825094223e-02
1.795047419145703316e-01 6.655453611165285110e-01 1.181100727990269661e-01 1.116853086277842522e-01 8.071960760280489922e-01 1.608224762603640556e-01 2.499839980155229568e-01 6.972114602103829384e-01
7.332522561773657799e-01 6.655453611165285110e-01 1.181100727990269661e-01 1.116853086277842522e-01 8.071960760280489922e-01 1.608224762603640556e-01 2.499839980155229568e-01 6.972114602103829384e-01
1.795047419145703316e-01 3.220654372125864029e-02 1.181100727990269661e-01 1.116853086277842522e-01 8.071960760280489922e-01 1.608224762603640556e-01 2.499839980155229568e-01 6.972114602103829384e-01
1.795047419145703316e-01 6.655453611165285110e-01 1.368548814207315445e-02 1.116853086277842522e-01 8.071960760280489922e-01 1.608224762603640556e-01 2.499839980155229568e-01 6.972114602103829384e-01
1.795047419145703316e-01 6.655453611165285110e-01 1.181100727990269661e-01 1.518474221229553223e-01 8.071960760280489922e-01 1.608224762603640556e-01 2.499839980155229568e-01 6.972114602103829384e-01
1.795047419145703316e-01 6.655453611165285110e-01 1.181100727990269661e-01 1.116853086277842522e-01 7.192918471992015839e-01 1.608224762603640556e-01 2.499839980155229568e-01 6.972114602103829384e-01
1.795047419145703316e-01 6.655453611165285110e-01 1.181100727990269661e-01 1.116853086277842522e-01 8.071960760280489922e-01 6.974465213716030121e-01 2.499839980155229568e-01 6.972114602103829384e-01
1.795047419145703316e-01 6.655453611165285110e-01 1.181100727990269661e-01 1.116853086277842522e-01 8.071960760280489922e-01 1.608224762603640556e-01 3.474145308136940002e-01 6.972114602103829384e-01
1.795047419145703316e-01 6.655453611165285110e-01 1.181100727990269661e-01 1.116853086277842522e-01 8.071960760280489922e-01 1.608224762603640556e-01 2.499839980155229568e-01 6.683262428268790245e-01
1.795047419145703316e-01 3.220654372125864029e-02 1.368548814207315445e-02 1.518474221229553223e-01 7.192918471992015839e-01 6.974465213716030121e-01 3.474145308136940002e-01 6.683262428268790245e-01
7.332522561773657799e-01 6.655453611165285110e-01 1.368548814207315445e-02 1.518474221229553223e-01 7.192918471992015839e-01 6.974465213716030121e-01 3.474145308136940002e-01 6.683262428268790245e-01
7.332522561773657799e-01 3.220654372125864029e-02 1.181100727990269661e-01 1.518474221229553223e-01 7.192918471992015839e-01 6.974465213716030121e-01 3.474145308136940002e-01 6.683262428268790245e-01
7.332522561773657799e-01 3.220654372125864029e-02 1.368548814207315445e-02 1.116853086277842522e-01 7.192918471992015839e-01 6.974465213716030121e-01 3.474145308136940002e-01 6.683262428268790245e-01
7.332522561773657799e-01 3.220654372125864029e-02 1.368548814207315445e-02 1.518474221229553223e-01 8.071960760280489922e-01 6.974465213716030121e-01 3.474145308136940002e-01 6.683262428268790245e-01
7.332522561773657799e-01 3.220654372125864029e-02 1.368548814207315445e-02 1.518474221229553223e-01 7.192918471992015839e-01 1.608224762603640556e-01 3.474145308136940002e-01 6.683262428268790245e-01
7.332522561773657799e-01 3.220654372125864029e-02 1.368548814207315445e-02 1.518474221229553223e-01 7.192918471992015839e-01 6.974465213716030121e-01 2.499839980155229568e-01 6.683262428268790245e-01
7.332522561773657799e-01 3.220654372125864029e-02 1.368548814207315445e-02 1.518474221229553223e-01 7.192918471992015839e-01 6.974465213716030121e-01 3.474145308136940002e-01 6.972114602103829384e-01
7.332522561773657799e-01 3.220654372125864029e-02 1.368548814207315445e-02 1.518474221229553223e-01 7.192918471992015839e-01 6.974465213716030121e-01 3.474145308136940002e-01 6.683262428268790245e-01
6.377068171277642250e-01 1.955634225159883499e-01 5.371281066909432411e-01 9.149348596110939980e-01 3.404981000348925591e-01 9.224115274846553802e-01 9.040285702794790268e-01 8.622629195451736450e-02
4.573595635592937469e-01 1.955634225159883499e-01 5.371281066909432411e-01 9.149348596110939980e-01 3.404981000348925591e-01 9.224115274846553802e-01 9.040285702794790268e-01 8.622629195451736450e-02
6.377068171277642250e-01 5.029146075248718262e-01 5.371281066909432411e-01 9.149348596110939980e-01 3.404981000348925591e-01 9.224115274846553802e-01 9.040285702794790268e-01 8.622629195451736450e-02
6.377068171277642250e-01 1.955634225159883499e-01 7.386790029704570770e-01 9.149348596110939980e-01 3.404981000348925591e-01 9.224115274846553802e-01 9.040285702794790268e-01 8.622629195451736450e-02
6.377068171277642250e-01 1.955634225159883499e-01 5.371281066909432411e-01 6.569852903485298157e-01 3.404981000348925591e-01 9.224115274846553802e-01 9.040285702794790268e-01 8.622629195451736450e-02
6.377068171277642250e-01 1.955634225159883499e-01 5.371281066909432411e-01 9.149348596110939980e-01 2.873277524486184120e-01 9.224115274846553802e-01 9.040285702794790268e-01 8.622629195451736450e-02
6.377068171277642250e-01 1.955634225159883499e-01 5.371281066909432411e-01 9.149348596110939980e-01 3.404981000348925591e-01 4.920610431581735611e-01 9.040285702794790268e-01 8.622629195451736450e-02
6.377068171277642250e-01 1.955634225159883499e-01 5.371281066909432411e-01 9.149348596110939980e-01 3.404981000348925591e-01 9.224115274846553802e-01 7.928832704201340675e-01 8.622629195451736450e-02
6.377068171277642250e-01 1.955634225159883499e-01 5.371281066909432411e-01 9.149348596110939980e-01 3.404981000348925591e-01 9.224115274846553802e-01 9.040285702794790268e-01 4.538228949531912804e-01
6.377068171277642250e-01 5.029146075248718262e-01 7.386790029704570770e-01 6.569852903485298157e-01 2.873277524486184120e-01 4.920610431581735611e-01 7.928832704201340675e-01 4.538228949531912804e-01
4.573595635592937469e-01 1.955634225159883499e-01 7.386790029704570770e-01 6.569852903485298157e-01 2.873277524486184120e-01 4.920610431581735611e-01 7.928832704201340675e-01 4.538228949531912804e-01
4.573595635592937469e-01 5.029146075248718262e-01 5.371281066909432411e-01 6.569852903485298157e-01 2.873277524486184120e-01 4.920610431581735611e-01 7.928832704201340675e-01 4.538228949531912804e-01
4.573595635592937469e-01 5.029146075248718262e-01 7.386790029704570770e-01 9.149348596110939980e-01 2.873277524486184120e-01 4.920610431581735611e-01 7.928832704201340675e-01 4.538228949531912804e-01
4.573595635592937469e-01 5.029146075248718262e-01 7.386790029704570770e-01 6.569852903485298157e-01 3.404981000348925591e-01 4.920610431581735611e-01 7.928832704201340675e-01 4.538228949531912804e-01
4.573595635592937469e-01 5.029146075248718262e-01 7.386790029704570770e-01 6.569852903485298157e-01 2.873277524486184120e-01 9.224115274846553802e-01 7.928832704201340675e-01 4.538228949531912804e-01
4.573595635592937469e-01 5.029146075248718262e-01 7.386790029704570770e-01 6.569852903485298157e-01 2.873277524486184120e-01 4.920610431581735611e-01 9.040285702794790268e-01 4.538228949531912804e-01
4.573595635592937469e-01 5.029146075248718262e-01 7.386790029704570770e-01 6.569852903485298157e-01 2.873277524486184120e-01 4.920610431581735611e-01 7.928832704201340675e-01 8.622629195451736450e-02
4.573595635592937469e-01 5.029146075248718262e-01 7.386790029704570770e-01 6.569852903485298157e-01 2.873277524486184120e-01 4.920610431581735611e-01 7.928832704201340675e-01 4.538228949531912804e-01
6.035042060539126396e-01 5.357424514368176460e-01 9.363425420597195625e-01 7.945086555555462837e-01 4.694950878620147705e-01 6.799295125529170036e-01 8.467603474855422974e-02 5.054939240217208862e-01
5.968706905841827393e-01 5.357424514368176460e-01 9.363425420597195625e-01 7.945086555555462837e-01 4.694950878620147705e-01 6.799295125529170036e-01 8.467603474855422974e-02 5.054939240217208862e-01
6.035042060539126396e-01 3.985201213508844376e-01 9.363425420597195625e-01 7.945086555555462837e-01 4.694950878620147705e-01 6.799295125529170036e-01 8.467603474855422974e-02 5.054939240217208862e-01
6.035042060539126396e-01 5.357424514368176460e-01 1.325275488197803497e-01 7.945086555555462837e-01 4.694950878620147705e-01 6.799295125529170036e-01 8.467603474855422974e-02 5.054939240217208862e-01
6.035042060539126396e-01 5.357424514368176460e-01 9.363425420597195625e-01 5.403668526560068130e-01 4.694950878620147705e-01 6.799295125529170036e-01 8.467603474855422974e-02 5.054939240217208862e-01
6.035042060539126396e-01 5.357424514368176460e-01 9.363425420597195625e-01 7.945086555555462837e-01 5.943778185173869133e-01 6.799295125529170036e-01 8.467603474855422974e-02 5.054939240217208862e-01
6.035042060539126396e-01 5.357424514368176460e-01 9.363425420597195625e-01 7.945086555555462837e-01 4.694950878620147705e-01 1.639691116288304329e-01 8.467603474855422974e-02 5.054939240217208862e-01
6.035042060539126396e-01 5.357424514368176460e-01 9.363425420597195625e-01 7.945086555555462837e-01 4.694950878620147705e-01 6.799295125529170036e-01 9.847722221165895462e-01 5.054939240217208862e-01
6.035042060539126396e-01 5.357424514368176460e-01 9.363425420597195625e-01 7.945086555555462837e-01 4.694950878620147705e-01 6.799295125529170036e-01 8.467603474855422974e-02 2.569764573127031326e-01
6.035042060539126396e-01 3.985201213508844376e-01 1.325275488197803497e-01 5.403668526560068130e-01 5.943778185173869133e-01 1.639691116288304329e-01 9.847722221165895462e-01 2.569764573127031326e-01
5.968706905841827393e-01 5.357424514368176460e-01 1.325275488197803497e-01 5.403668526560068130e-01 5.943778185173869133e-01 1.639691116288304329e-01 9.847722221165895462e-01 2.569764573127031326e-01
5.968706905841827393e-01 3.985201213508844376e-01 9.363425420597195625e-01 5.403668526560068130e-01 5.943778185173869133e-01 1.639691116288304329e-01 9.847722221165895462e-01 2.569764573127031326e-01
5.968706905841827393e-01 3.985201213508844376e-01 1.325275488197803497e-01 7.945086555555462837e-01 5.943778185173869133e-01 1.639691116288304329e-01 9.847722221165895462e-01 2.569764573127031326e-01
5.968706905841827393e-01 3.985201213508844376e-01 1.325275488197803497e-01 5.403668526560068130e-01 4.694950878620147705e-01 1.639691116288304329e-01 9.847722221165895462e-01 2.569764573127031326e-01
5.968706905841827393e-01 3.985201213508844376e-01 1.325275488197803497e-01 5.403668526560068130e-01 5.943778185173869133e-01 6.799295125529170036e-01 9.847722221165895462e-01 2.569764573127031326e-01
5.968706905841827393e-01 3.985201213508844376e-01 1.325275488197803497e-01 5.403668526560068130e-01 5.943778185173869133e-01 1.639691116288304329e-01 8.467603474855422974e-02 2.569764573127031326e-01
5.968706905841827393e-01 3.985201213508844376e-01 1.325275488197803497e-01 5.403668526560068130e-01 5.943778185173869133e-01 1.639691116288304329e-01 9.847722221165895462e-01 5.054939240217208862e-01
5.968706905841827393e-01 3.985201213508844376e-01 1.325275488197803497e-01 5.403668526560068130e-01 5.943778185173869133e-01 1.639691116288304329e-01 9.847722221165895462e-01 2.569764573127031326e-01
8.123044576495885849e-02 6.773694325238466263e-02 4.688936108723282814e-01 2.413735454902052879e-01 8.818102031946182251e-01 4.180810637772083282e-01 8.017242662608623505e-01 1.446315431967377663e-01
3.376376507803797722e-01 6.773694325238466263e-02 4.688936108723282814e-01 2.413735454902052879e-01 8.818102031946182251e-01 4.180810637772083282e-01 8.017242662608623505e-01 1.446315431967377663e-01
8.123044576495885849e-02 9.317145971581339836e-01 4.688936108723282814e-01 2.413735454902052879e-01 8.818102031946182251e-01 4.180810637772083282e-01 8.017242662608623505e-01 1.446315431967377663e-01
8.123044576495885849e-02 6.773694325238466263e-02 6.229194412007927895e-01 2.413735454902052879e-01 8.818102031946182251e-01 4.180810637772083282e-01 8.017242662608623505e-01 1.446315431967377663e-01
8.123044576495885849e-02 6.773694325238466263e-02 4.688936108723282814e-01 1.846613176167011261e-02 8.818102031946182251e-01 4.180810637772083282e-01 8.017242662608623505e-01 1.446315431967377663e-01
8.123044576495885849e-02 6.773694325238466263e-02 4.688936108723282814e-01 2.413735454902052879e-01 4.121842663735151291e-01 4.180810637772083282e-01 8.017242662608623505e-01 1.446315431967377663e-01
8.123044576495885849e-02 6.773694325238466263e-02 4.688936108723282814e-01 2.413735454902052879e-01 8.818102031946182251e-01 9.004753632470965385e-01 8.017242662608623505e-01 1.446315431967377663e-01
8.123044576495885849e-02 6.773694325238466263e-02 4.688936108723282814e-01 2.413735454902052879e-01 8.818102031946182251e-01 4.180810637772083282e-01 4.299357561394572258e-01 1.446315431967377663e-01
8.123044576495885849e-02 6.773694325238466263e-02 4.688936108723282814e-01 2.413735454902052879e-01 8.818102031946182251e-01 4.180810637772083282e-01 8.017242662608623505e-01 6.209090072661638260e-01
8.123044576495885849e-02 9.317145971581339836e-01 6.229194412007927895e-01 1.846613176167011261e-02 4.121842663735151291e-01 9.004753632470965385e-01 4.299357561394572258e-01 6.209090072661638260e-01
3.376376507803797722e-01 6.773694325238466263e-02 6.229194412007927895e-01 1.846613176167011261e-02 4.121842663735151291e-01 9.004753632470965385e-01 4.299357561394572258e-01 6.209090072661638260e-01
3.376376507803797722e-01 9.317145971581339836e-01 4.688936108723282814e-01 1.846613176167011261e-02 4.121842663735151291e-01 9.004753632470965385e-01 4.299357561394572258e-01 6.209090072661638260e-01
3.376376507803797722e-01 9.317145971581339836e-01 6.229194412007927895e-01 2.413735454902052879e-01 4.121842663735151291e-01 9.004753632470965385e-01 4.299357561394572258e-01 6.209090072661638260e-01
3.376376507803797722e-01 9.317145971581339836e-01 6.229194412007927895e-01 1.846613176167011261e-02 8.818102031946182251e-01 9.004753632470965385e-01 4.299357561394572258e-01 6.209090072661638260e-01
3.376376507803797722e-01 9.317145971581339836e-01 6.229194412007927895e-01 1.846613176167011261e-02 4.121842663735151291e-01 4.180810637772083282e-01 4.299357561394572258e-01 6.209090072661638260e-01
3.376376507803797722e-01 9.317145971581339836e-01 6.229194412007927895e-01 1.846613176167011261e-02 4.121842663735151291e-01 9.004753632470965385e-01 8.017242662608623505e-01 6.209090072661638260e-01
3.376376507803797722e-01 9.317145971581339836e-01 6.229194412007927895e-01 1.846613176167011261e-02 4.121842663735151291e-01 9.004753632470965385e-01 4.299357561394572258e-01 1.446315431967377663e-01
3.376376507803797722e-01 9.317145971581339836e-01 6.229194412007927895e-01 1.846613176167011261e-02 4.121842663735151291e-01 9.004753632470965385e-01 4.299357561394572258e-01 6.209090072661638260e-01
4.304922604933381081e-01 8.014109265059232712e-01 6.770532419905066490e-01 5.415141023695468903e-01 5.831263791769742966e-01 3.390923514962196350e-02 2.752779619768261909e-01 3.152934378013014793e-01
4.947526566684246063e-02 8.014109265059232712e-01 6.770532419905066490e-01 5.415141023695468903e-01 5.831263791769742966e-01 3.390923514962196350e-02 2.752779619768261909e-01 3.152934378013014793e-01
4.304922604933381081e-01 7.018660260364413261e-01 6.770532419905066490e-01 5.415141023695468903e-01 5.831263791769742966e-01 3.390923514962196350e-02 2.752779619768261909e-01 3.152934378013014793e-01
4.304922604933381081e-01 8.014109265059232712e-01 7.593422653153538704e-01 5.415141023695468903e-01 5.831263791769742966e-01 3.390923514962196350e-02 2.752779619768261909e-01 3.152934378013014793e-01
4.304922604933381081e-01 8.014109265059232712e-01 6.770532419905066490e-01 3.209816049784421921e-01 5.831263791769742966e-01 3.390923514962196350e-02 2.752779619768261909e-01 3.152934378013014793e-01
4.304922604933381081e-01 8.014109265059232712e-01 6.770532419905066490e-01 5.415141023695468903e-01 9.353941604495048523e-01 3.390923514962196350e-02 2.752779619768261909e-01 3.152934378013014793e-01
4.304922604933381081e-01 8.014109265059232712e-01 6.770532419905066490e-01 5.415141023695468903e-01 5.831263791769742966e-01 2.832701234146952629e-01 2.752779619768261909e-01 3.152934378013014793e-01
4.304922604933381081e-01 8.014109265059232712e-01 6.770532419905066490e-01 5.415141023695468903e-01 5.831263791769742966e-01 3.390923514962196350e-02 1.251051258295774460e-01 3.152934378013014793e-01
4.304922604933381081e-01 8.014109265059232712e-01 6.770532419905066490e-01 5.415141023695468903e-01 5.831263791769742966e-01 3.390923514962196350e-02 2.752779619768261909e-01 2.121807429939508438e-01
4.304922604933381081e-01 7.018660260364413261e-01 7.593422653153538704e-01 3.209816049784421921e-01 9.353941604495048523e-01 2.832701234146952629e-01 1.251051258295774460e-01 2.121807429939508438e-01
4.947526566684246063e-02 8.014109265059232712e-01 7.593422653153538704e-01 3.209816049784421921e-01 9.353941604495048523e-01 2.832701234146952629e-01 1.251051258295774460e-01 2.121807429939508438e-01
4.947526566684246063e-02 7.018660260364413261e-01 6.770532419905066490e-01 3.209816049784421921e-01 9.353941604495048523e-01 2.832701234146952629e-01 1.251051258295774460e-01 2.121807429939508438e-01
4.947526566684246063e-02 7.018660260364413261e-01 7.593422653153538704e-01 5.415141023695468903e-01 9.353941604495048523e-01 2.832701234146952629e-01 1.251051258295774460e-01 2.121807429939508438e-01
4.947526566684246063e-02 7.018660260364413261e-01 7.593422653153538704e-01 3.209816049784421921e-01 5.831263791769742966e-01 2.832701234146952629e-01 1.251051258295774460e-01 2.121807429939508438e-01
4.947526566684246063e-02 7.018660260364413261e-01 7.593422653153538704e-01 3.209816049784421921e-01 9.353941604495048523e-01 3.390923514962196350e-02 1.251051258295774460e-01 2.121807429939508438e-01
4.947526566684246063e-02 7.018660260364413261e-01 7.593422653153538704e-01 3.209816049784421921e-01 9.353941604495048523e-01 2.832701234146952629e-01 2.752779619768261909e-01 2.121807429939508438e-01
4.947526566684246063e-02 7.018660260364413261e-01 7.593422653153538704e-01 3.209816049784421921e-01 9.353941604495048523e-01 2.832701234146952629e-01 1.251051258295774460e-01 3.152934378013014793e-01
4.947526566684246063e-02 7.018660260364413261e-01 7.593422653153538704e-01 3.209816049784421921e-01 9.353941604495048523e-01 2.832701234146952629e-01 1.251051258295774460e-01 2.121807429939508438e-01
8.769603641703724861e-01 3.333756756037473679e-01 2.301950482651591301e-01 4.846024718135595322e-01 4.994594864547252655e-02 8.033260433003306389e-01 6.207278231158852577e-01 9.564445298165082932e-01
7.579578431323170662e-01 3.333756756037473679e-01 2.301950482651591301e-01 4.846024718135595322e-01 4.994594864547252655e-02 8.033260433003306389e-01 6.207278231158852577e-01 9.564445298165082932e-01
8.769603641703724861e-01 2.311524618417024612e-01 2.301950482651591301e-01 4.846024718135595322e-01 4.994594864547252655e-02 8.033260433003306389e-01 6.207278231158852577e-01 9.564445298165082932e-01
8.769603641703724861e-01 3.333756756037473679e-01 4.882614836096763611e-01 4.846024718135595322e-01 4.994594864547252655e-02 8.033260433003306389e-01 6.207278231158852577e-01 9.564445298165082932e-01
8.769603641703724861e-01 3.333756756037473679e-01 2.301950482651591301e-01 8.623743411153554916e-01 4.994594864547252655e-02 8.033260433003306389e-01 6.207278231158852577e-01 9.564445298165082932e-01
8.769603641703724861e-01 3.333756756037473679e-01 2.301950482651591301e-01 4.846024718135595322e-01 1.204862939193844795e-01 8.033260433003306389e-01 6.207278231158852577e-01 9.564445298165082932e-01
8.769603641703724861e-01 3.333756756037473679e-01 2.301950482651591301e-01 4.846024718135595322e-01 4.994594864547252655e-02 5.311284409835934639e-01 6.207278231158852577e-01 9.564445298165082932e-01
8.769603641703724861e-01 3.333756756037473679e-01 2.301950482651591301e-01 4.846024718135595322e-01 4.994594864547252655e-02 8.033260433003306389e-01 6.955060353502631187e-01 9.564445298165082932e-01
8.769603641703724861e-01 3.333756756037473679e-01 2.301950482651591301e-01 4.846024718135595322e-01 4.994594864547252655e-02 8.033260433003306389e-01 6.207278231158852577e-01 9.117991421371698380e-01
8.769603641703724861e-01 2.311524618417024612e-01 4.882614836096763611e-01 8.623743411153554916e-01 1.204862939193844795e-01 5.311284409835934639e-01 6.955060353502631187e-01 9.117991421371698380e-01
7.579578431323170662e-01 3.333756756037473679e-01 4.882614836096763611e-01 8.623743411153554916e-01 1.204862939193844795e-01 5.311284409835934639e-01 6.955060353502631187e-01 9.117991421371698380e-01
7.579578431323170662e-01 2.311524618417024612e-01 2.301950482651591301e-01 8.623743411153554916e-01 1.204862939193844795e-01 5.311284409835934639e-01 6.955060353502631187e-01 9.117991421371698380e-01
7.579578431323170662e-01 2.311524618417024612e-01 4.882614836096763611e-01 4.846024718135595322e-01 1.204862939193844795e-01 5.311284409835934639e-01 6.955060353502631187e-01 9.117991421371698380e-01
7.579578431323170662e-01 2.311524618417024612e-01 4.882614836096763611e-01 8.623743411153554916e-01 4.994594864547252655e-02 5.311284409835934639e-01 6.955060353502631187e-01 9.117991421371698380e-01
7.579578431323170662e-01 2.311524618417024612e-01 4.882614836096763611e-01 8.623743411153554916e-01 1.204862939193844795e-01 8.033260433003306389e-01 6.955060353502631187e-01 9.117991421371698380e-01
7.579578431323170662e-01 2.311524618417024612e-01 4.882614836096763611e-01 8.623743411153554916e-01 1.204862939193844795e-01 5.311284409835934639e-01 6.207278231158852577e-01 9.117991421371698380e-01
7.579578431323170662e-01 2.311524618417024612e-01 4.882614836096763611e-01 8.623743411153554916e-01 1.204862939193844795e-01 5.311284409835934639e-01 6.955060353502631187e-01 9.564445298165082932e-01
7.579578431323170662e-01 2.311524618417024612e-01 4.882614836096763611e-01 8.623743411153554916e-01 1.204862939193844795e-01 5.311284409835934639e-01 6.955060353502631187e-01 9.117991421371698380e-01
9.849021732807159424e-01 6.967752007767558098e-01 7.395999217405915260e-01 1.268415246158838272e-01 6.563924364745616913e-01 9.724455280229449272e-01 3.514002356678247452e-02 5.877255843952298164e-01
5.514785991981625557e-01 6.967752007767558098e-01 7.395999217405915260e-01 1.268415246158838272e-01 6.563924364745616913e-01 9.724455280229449272e-01 3.514002356678247452e-02 5.877255843952298164e-01
9.849021732807159424e-01 5.943157682195305824e-01 7.395999217405915260e-01 1.268415246158838272e-01 6.563924364745616913e-01 9.724455280229449272e-01 3.514002356678247452e-02 5.877255843952298164e-01
9.849021732807159424e-01 6.967752007767558098e-01 4.109425693750381470e-01 1.268415246158838272e-01 6.563924364745616913e-01 9.724455280229449272e-01 3.514002356678247452e-02 5.877255843952298164e-01
9.849021732807159424e-01 6.967752007767558098e-01 7.395999217405915260e-01 8.876783819869160652e-01 6.563924364745616913e-01 9.724455280229449272e-01 3.514002356678247452e-02 5.877255843952298164e-01
9.849021732807159424e-01 6.967752007767558098e-01 7.395999217405915260e-01 1.268415246158838272e-01 4.486021976917982101e-01 9.724455280229449272e-01 3.514002356678247452e-02 5.877255843952298164e-01
9.849021732807159424e-01 6.967752007767558098e-01 7.395999217405915260e-01 1.268415246158838272e-01 6.563924364745616913e-01 3.162304284051060677e-01 3.514002356678247452e-02 5.877255843952298164e-01
9.849021732807159424e-01 6.967752007767558098e-01 7.395999217405915260e-01 1.268415246158838272e-01 6.563924364745616913e-01 9.724455280229449272e-01 2.817933838814496994e-01 5.877255843952298164e-01
9.849021732807159424e-01 6.967752007767558098e-01 7.395999217405915260e-01 1.268415246158838272e-01 6.563924364745616913e-01 9.724455280229449272e-01 3.514002356678247452e-02 3.229809319600462914e-01
9.849021732807159424e-01 5.943157682195305824e-01 4.109425693750381470e-01 8.876783819869160652e-01 4.486021976917982101e-01 3.162304284051060677e-01 2.817933838814496994e-01 3.229809319600462914e-01
5.514785991981625557e-01 6.967752007767558098e-01 4.109425693750381470e-01 8.876783819869160652e-01 4.486021976917982101e-01 3.162304284051060677e-01 2.817933838814496994e-01 3.229809319600462914e-01
5.514785991981625557e-01 5.943157682195305824e-01 7.395999217405915260e-01 8.876783819869160652e-01 4.486021976917982101e-01 3.162304284051060677e-01 2.817933838814496994e-01 3.229809319600462914e-01
5.514785991981625557e-01 5.943157682195305824e-01 4.109425693750381470e-01 1.268415246158838272e-01 4.486021976917982101e-01 3.162304284051060677e-01 2.817933838814496994e-01 3.229809319600462914e-01
5.514785991981625557e-01 5.943157682195305824e-01 4.109425693750381470e-01 8.876783819869160652e-01 6.563924364745616913e-01 3.162304284051060677e-01 2.817933838814496994e-01 3.229809319600462914e-01
5.514785991981625557e-01 5.943157682195305824e-01 4.109425693750381470e-01 8.876783819869160652e-01 4.486021976917982101e-01 9.724455280229449272e-01 2.817933838814496994e-01 3.229809319600462914e-01
5.514785991981625557e-01 5.943157682195305824e-01 4.109425693750381470e-01 8.876783819869160652e-01 4.486021976917982101e-01 3.162304284051060677e-01 3.514002356678247452e-02 3.229809319600462914e-01
5.514785991981625557e-01 5.943157682195305824e-01 4.109425693750381470e-01 8.876783819869160652e-01 4.486021976917982101e-01 3.162304284051060677e-01 2.817933838814496994e-01 5.877255843952298164e-01
5.514785991981625557e-01 5.943157682195305824e-01 4.109425693750381470e-01 8.876783819869160652e-01 4.486021976917982101e-01 3.162304284051060677e-01 2.817933838814496994e-01 3.229809319600462914e-01
4.476056285202503204e-01 1.647722451016306877e-01 1.676506893709301949e-01 8.392169997096061707e-01 1.934786699712276459e-01 2.421064786612987518e-01 8.141855495050549507e-01 1.957350634038448334e-01
2.638910319656133652e-01 1.647722451016306877e-01 1.676506893709301949e-01 8.392169997096061707e-01 1.934786699712276459e-01 2.421064786612987518e-01 8.141855495050549507e-01 1.957350634038448334e-01
4.476056285202503204e-01 6.501240283250808716e-02 1.676506893709301949e-01 8.392169997096061707e-01 1.934786699712276459e-01 2.421064786612987518e-01 8.141855495050549507e-01 1.957350634038448334e-01
4.476056285202503204e-01 1.647722451016306877e-01 8.424299405887722969e-01 8.392169997096061707e-01 1.934786699712276459e-01 2.421064786612987518e-01 8.141855495050549507e-01 1.957350634038448334e-01
4.476056285202503204e-01 1.647722451016306877e-01 1.676506893709301949e-01 4.289805190637707710e-01 1.934786699712276459e-01 2.421064786612987518e-01 8.141855495050549507e-01 1.957350634038448334e-01
4.476056285202503204e-01 1.647722451016306877e-01 1.676506893709301949e-01 8.392169997096061707e-01 5.135857192799448967e-01 2.421064786612987518e-01 8.141855495050549507e-01 1.957350634038448334e-01
4.476056285202503204e-01 1.647722451016306877e-01 1.676506893709301949e-01 8.392169997096061707e-01 1.934786699712276459e-01 6.231702966615557671e-01 8.141855495050549507e-01 1.957350634038448334e-01
4.476056285202503204e-01 1.647722451016306877e-01 1.676506893709301949e-01 8.392169997096061707e-01 1.934786699712276459e-01 2.421064786612987518e-01 8.522005816921591759e-01 1.957350634038448334e-01
4.476056285202503204e-01 1.647722451016306877e-01 1.676506893709301949e-01 8.392169997096061707e-01 1.934786699712276459e-01 2.421064786612987518e-01 8.141855495050549507e-01 5.530425226315855980e-01
4.476056285202503204e-01 6.501240283250808716e-02 8.424299405887722969e-01 4.289805190637707710e-01 5.135857192799448967e-01 6.231702966615557671e-01 8.522005816921591759e-01 5.530425226315855980e-01
2.638910319656133652e-01 1.647722451016306877e-01 8.424299405887722969e-01 4.289805190637707710e-01 5.135857192799448967e-01 6.231702966615557671e-01 8.522005816921591759e-01 5.530425226315855980e-01
2.638910319656133652e-01 6.501240283250808716e-02 1.676506893709301949e-01 4.289805190637707710e-01 5.135857192799448967e-01 6.231702966615557671e-01 8.522005816921591759e-01 5.530425226315855980e-01
2.638910319656133652e-01 6.501240283250808716e-02 8.424299405887722969e-01 8.392169997096061707e-01 5.135857192799448967e-01 6.231702966615557671e-01 8.522005816921591759e-01 5.530425226315855980e-01
2.638910319656133652e-01 6.501240283250808716e-02 8.424299405887722969e-01 4.289805190637707710e-01 1.934786699712276459e-01 6.231702966615557671e-01 8.522005816921591759e-01 5.530425226315855980e-01
2.638910319656133652e-01 6.501240283250808716e-02 8.424299405887722969e-01 4.289805190637707710e-01 5.135857192799448967e-01 2.421064786612987518e-01 8.522005816921591759e-01 5.530425226315855980e-01
2.638910319656133652e-01 6.501240283250808716e-02 8.424299405887722969e-01 4.289805190637707710e-01 5.135857192799448967e-01 6.231702966615557671e-01 8.141855495050549507e-01 5.530425226315855980e-01
2.638910319656133652e-01 6.501240283250808716e-02 8.424299405887722969e-01 4.289805190637707710e-01 5.135857192799448967e-01 6.231702966615557671e-01 8.522005816921591759e-01 1.957350634038448334e-01
2.638910319656133652e-01 6.501240283250808716e-02 8.424299405887722969e-01 4.289805190637707710e-01 5.135857192799448967e-01 6.231702966615557671e-01 8.522005816921591759e-01 5.530425226315855980e-01
3.285892494022846222e-02 9.621726796030998230e-01 9.987956760451197624e-01 3.817892028018832207e-01 2.714579124003648758e-01 3.684641383588314056e-01 3.561271540820598602e-01 2.799407113343477249e-01
9.880627226084470749e-02 9.621726796030998230e-01 9.987956760451197624e-01 3.817892028018832207e-01 2.714579124003648758e-01 3.684641383588314056e-01 3.561271540820598602e-01 2.799407113343477249e-01
3.285892494022846222e-02 3.029329627752304077e-01 9.987956760451197624e-01 3.817892028018832207e-01 2.714579124003648758e-01 3.684641383588314056e-01 3.561271540820598602e-01 2.799407113343477249e-01
3.285892494022846222e-02 9.621726796030998230e-01 5.419098222628235817e-01 3.817892028018832207e-01 2.714579124003648758e-01 3.684641383588314056e-01 3.561271540820598602e-01 2.799407113343477249e-01
3.285892494022846222e-02 9.621726796030998230e-01 9.987956760451197624e-01 2.314491951838135719e-01 2.714579124003648758e-01 3.684641383588314056e-01 3.561271540820598602e-01 2.799407113343477249e-01
3.285892494022846222e-02 9.621726796030998230e-01 9.987956760451197624e-01 3.817892028018832207e-01 2.165693510323762894e-02 3.684641383588314056e-01 3.561271540820598602e-01 2.799407113343477249e-01
3.285892494022846222e-02 9.621726796030998230e-01 9.987956760451197624e-01 3.817892028018832207e-01 2.714579124003648758e-01 1.935119060799479485e-01 3.561271540820598602e-01 2.799407113343477249e-01
3.285892494022846222e-02 9.621726796030998230e-01 9.987956760451197624e-01 3.817892028018832207e-01 2.714579124003648758e-01 3.684641383588314056e-01 5.790934283286333084e-01 2.799407113343477249e-01
3.285892494022846222e-02 9.621726796030998230e-01 9.987956760451197624e-01 3.817892028018832207e-01 2.714579124003648758e-01 3.684641383588314056e-01 3.561271540820598602e-01 1.453656842932105064e-01
3.285892494022846222e-02 3.029329627752304077e-01 5.419098222628235817e-01 2.314491951838135719e-01 2.165693510323762894e-02 1.935119060799479485e-01 5.790934283286333084e-01 1.453656842932105064e-01
9.880627226084470749e-02 9.621726796030998230e-01 5.419098222628235817e-01 2.314491951838135719e-01 2.165693510323762894e-02 1.935119060799479485e-01 5.790934283286333084e-01 1.453656842932105064e-01
9.880627226084470749e-02 3.029329627752304077e-01 9.987956760451197624e-01 2.314491951838135719e-01 2.165693510323762894e-02 1.935119060799479485e-01 5.790934283286333084e-01 1.453656842932105064e-01
9.880627226084470749e-02 3.029329627752304077e-01 5.419098222628235817e-01 3.817892028018832207e-01 2.165693510323762894e-02 1.935119060799479485e-01 5.790934283286333084e-01 1.453656842932105064e-01
9.880627226084470749e-02 3.029329627752304077e-01 5.419098222628235817e-01 2.314491951838135719e-01 2.714579124003648758e-01 1.935119060799479485e-01 5.790934283286333084e-01 1.453656842932105064e-01
9.880627226084470749e-02 3.029329627752304077e-01 5.419098222628235817e-01 2.314491951838135719e-01 2.165693510323762894e-02 3.684641383588314056e-01 5.790934283286333084e-01 1.453656842932105064e-01
9.880627226084470749e-02 3.029329627752304077e-01 5.419098222628235817e-01 2.314491951838135719e-01 2.165693510323762894e-02 1.935119060799479485e-01 3.561271540820598602e-01 1.453656842932105064e-01
9.880627226084470749e-02 3.029329627752304077e-01 5.419098222628235817e-01 2.314491951838135719e-01 2.165693510323762894e-02 1.935119060799479485e-01 5.790934283286333084e-01 2.799407113343477249e-01
9.880627226084470749e-02 3.029329627752304077e-01 5.419098222628235817e-01 2.314491951838135719e-01 2.165693510323762894e-02 1.935119060799479485e-01 5.790934283286333084e-01 1.453656842932105064e-01
5.268205162137746811e-01 4.302013739943504333e-01 4.064387520775198936e-01 5.901286983862519264e-01 8.630486000329256058e-01 6.068598283454775810e-01 5.145835354924201965e-01 8.897199435159564018e-01
8.433943614363670349e-01 4.302013739943504333e-01 4.064387520775198936e-01 5.901286983862519264e-01 8.630486000329256058e-01 6.068598283454775810e-01 5.145835354924201965e-01 8.897199435159564018e-01
5.268205162137746811e-01 7.697248989716172218e-01 4.064387520775198936e-01 5.901286983862519264e-01 8.630486000329256058e-01 6.068598283454775810e-01 5.145835354924201965e-01 8.897199435159564018e-01
5.268205162137746811e-01 4.302013739943504333e-01 2.036199234426021576e-01 5.901286983862519264e-01 8.630486000329256058e-01 6.068598283454775810e-01 5.145835354924201965e-01 8.897199435159564018e-01
5.268205162137746811e-01 4.302013739943504333e-01 4.064387520775198936e-01 7.097020158544182777e-01 8.630486000329256058e-01 6.068598283454775810e-01 5.145835354924201965e-01 8.897199435159564018e-01
5.268205162137746811e-01 4.302013739943504333e-01 4.064387520775198936e-01 5.901286983862519264e-01 9.537126049399375916e-01 6.068598283454775810e-01 5.145835354924201965e-01 8.897199435159564018e-01
5.268205162137746811e-01 4.302013739943504333e-01 4.064387520775198936e-01 5.901286983862519264e-01 8.630486000329256058e-01 9.959346996620297432e-01 5.145835354924201965e-01 8.897199435159564018e-01
5.268205162137746811e-01 4.302013739943504333e-01 4.064387520775198936e-01 5.901286983862519264e-01 8.630486000329256058e-01 6.068598283454775810e-01 2.424972038716077805e-02 8.897199435159564018e-01
5.268205162137746811e-01 4.302013739943504333e-01 4.064387520775198936e-01 5.901286983862519264e-01 8.630486000329256058e-01 6.068598283454775810e-01 5.145835354924201965e-01 9.767531445249915123e-01
5.268205162137746811e-01 7.697248989716172218e-01 2.036199234426021576e-01 7.097020158544182777e-01 9.537126049399375916e-01 9.959346996620297432e-01 2.424972038716077805e-02 9.767531445249915123e-01
8.433943614363670349e-01 4.302013739943504333e-01 2.036199234426021576e-01 7.097020158544182777e-01 9.537126049399375916e-01 9.959346996620297432e-01 2.424972038716077805e-02 9.767531445249915123e-01
8.433943614363670349e-01 7.697248989716172218e-01 4.064387520775198936e-01 7.097020158544182777e-01 9.537126049399375916e-01 9.959346996620297432e-01 2.424972038716077805e-02 9.767531445249915123e-01
8.433943614363670349e-01 7.697248989716172218e-01 2.036199234426021576e-01 5.901286983862519264e-01 9.537126049399375916e-01 9.959346996620297432e-01 2.424972038716077805e-02 9.767531445249915123e-01
8.433943614363670349e-01 7.697248989716172218e-01 2.036199234426021576e-01 7.097020158544182777e-01 8.630486000329256058e-01 9.959346996620297432e-01 2.424972038716077805e-02 9.767531445249915123e-01
8.433943614363670349e-01 7.697248989716172218e-01 2.036199234426021576e-01 7.097020158544182777e-01 9.537126049399375916e-01 6.068598283454775810e-01 2.424972038716077805e-02 9.767531445249915123e-01
8.433943614363670349e-01 7.697248989716172218e-01 2.036199234426021576e-01 7.097020158544182777e-01 9.537126049399375916e-01 9.959346996620297432e-01 5.145835354924201965e-01 9.767531445249915123e-01
8.433943614363670349e-01 7.697248989716172218e-01 2.036199234426021576e-01 7.097020158544182777e-01 9.537126049399375916e-01 9.959346996620297432e-01 2.424972038716077805e-02 8.897199435159564018e-01
8.433943614363670349e-01 7.697248989716172218e-01 2.036199234426021576e-01 7.097020158544182777e-01 9.537126049399375916e-01 9.959346996620297432e-01 2.424972038716077805e-02 9.767531445249915123e-01
7.495453916490077972e-01 8.323930790647864342e-01 5.556118022650480270e-02 7.121493937447667122e-01 9.528039926663041115e-01 8.494853563606739044e-01 4.432450290769338608e-01 4.560288367792963982e-01
2.273207791149616241e-01 8.323930790647864342e-01 5.556118022650480270e-02 7.121493937447667122e-01 9.528039926663041115e-01 8.494853563606739044e-01 4.432450290769338608e-01 4.560288367792963982e-01
7.495453916490077972e-01 1.395088313147425652e-01 5.556118022650480270e-02 7.121493937447667122e-01 9.528039926663041115e-01 8.494853563606739044e-01 4.432450290769338608e-01 4.560288367792963982e-01
7.495453916490077972e-01 8.323930790647864342e-01 6.595333255827426910e-01 7.121493937447667122e-01 9.528039926663041115e-01 8.494853563606739044e-01 4.432450290769338608e-01 4.560288367792963982e-01
7.495453916490077972e-01 8.323930790647864342e-01 5.556118022650480270e-02 5.929300365969538689e-01 9.528039926663041115e-01 8.494853563606739044e-01 4.432450290769338608e-01 4.560288367792963982e-01
7.495453916490077972e-01 8.323930790647864342e-01 5.556118022650480270e-02 7.121493937447667122e-01 1.465135011821985245e-01 8.494853563606739044e-01 4.432450290769338608e-01 4.560288367792963982e-01
7.495453916490077972e-01 8.323930790647864342e-01 5.556118022650480270e-02 7.121493937447667122e-01 9.528039926663041115e-01 6.679041851311922073e-01 4.432450290769338608e-01 4.560288367792963982e-01
7.495453916490077972e-01 8.323930790647864342e-01 5.556118022650480270e-02 7.121493937447667122e-01 9.528039926663041115e-01 8.494853563606739044e-01 1.907553300261497498e-01 4.560288367792963982e-01
7.495453916490077972e-01 8.323930790647864342e-01 5.556118022650480270e-02 7.121493937447667122e-01 9.528039926663041115e-01 8.494853563606739044e-01 4.432450290769338608e-01 8.121485281735658646e-01
7.495453916490077972e-01 1.395088313147425652e-01 6.595333255827426910e-01 5.929300365969538689e-01 1.465135011821985245e-01 6.679041851311922073e-01 1.907553300261497498e-01 8.121485281735658646e-01
2.273207791149616241e-01 8.323930790647864342e-01 6.595333255827426910e-01 5.929300365969538689e-01 1.465135011821985245e-01 6.679041851311922073e-01 1.907553300261497498e-01 8.121485281735658646e-01
2.273207791149616241e-01 1.395088313147425652e-01 5.556118022650480270e-02 5.929300365969538689e-01 1.465135011821985245e-01 6.679041851311922073e-01 1.907553300261497498e-01 8.121485281735658646e-01
2.273207791149616241e-01 1.395088313147425652e-01 6.595333255827426910e-01 7.121493937447667122e-01 1.465135011821985245e-01 6.679041851311922073e-01 1.907553300261497498e-01 8.121485281735658646e-01
2.273207791149616241e-01 1.395088313147425652e-01 6.595333255827426910e-01 5.929300365969538689e-01 9.528039926663041115e-01 6.679041851311922073e-01 1.907553300261497498e-01 8.121485281735658646e-01
2.273207791149616241e-01 1.395088313147425652e-01 6.595333255827426910e-01 5.929300365969538689e-01 1.465135011821985245e-01 8.494853563606739044e-01 1.907553300261497498e-01 8.121485281735658646e-01
2.273207791149616241e-01 1.395088313147425652e-01 6.595333255827426910e-01 5.929300365969538689e-01 1.465135011821985245e-01 6.679041851311922073e-01 4.432450290769338608e-01 8.121485281735658646e-01
2.273207791149616241e-01 1.395088313147425652e-01 6.595333255827426910e-01 5.929300365969538689e-01 1.465135011821985245e-01 6.679041851311922073e-01 1.907553300261497498e-01 4.560288367792963982e-01
2.273207791149616241e-01 1.395088313147425652e-01 6.595333255827426910e-01 5.929300365969538689e-01 1.465135011821985245e-01 6.679041851311922073e-01 1.907553300261497498e-01 8.121485281735658646e-01
1.927328184247016907e-01 3.023515930399298668e-01 5.996712213382124901e-01 2.534360578283667564e-01 4.155952120199799538e-01 1.113185463473200798e-01 6.636977512389421463e-01 8.156862352043390274e-01
9.553584223613142967e-01 3.023515930399298668e-01 5.996712213382124901e-01 2.534360578283667564e-01 4.155952120199799538e-01 1.113185463473200798e-01 6.636977512389421463e-01 8.156862352043390274e-01
1.927328184247016907e-01 6.688143555074930191e-01 5.996712213382124901e-01 2.534360578283667564e-01 4.155952120199799538e-01 1.113185463473200798e-01 6.636977512389421463e-01 8.156862352043390274e-01
1.927328184247016907e-01 3.023515930399298668e-01 8.712531719356775284e-02 2.534360578283667564e-01 4.155952120199799538e-01 1.113185463473200798e-01 6.636977512389421463e-01 8.156862352043390274e-01
1.927328184247016907e-01 3.023515930399298668e-01 5.996712213382124901e-01 9.822144638746976852e-02 4.155952120199799538e-01 1.113185463473200798e-01 6.636977512389421463e-01 8.156862352043390274e-01
1.927328184247016907e-01 3.023515930399298668e-01 5.996712213382124901e-01 2.534360578283667564e-01 8.287986433133482933e-01 1.113185463473200798e-01 6.636977512389421463e-01 8.156862352043390274e-01
1.927328184247016907e-01 3.023515930399298668e-01 5.996712213382124901e-01 2.534360578283667564e-01 4.155952120199799538e-01 3.966012187302112579e-01 6.636977512389421463e-01 8.156862352043390274e-01
1.927328184247016907e-01 3.023515930399298668e-01 5.996712213382124901e-01 2.534360578283667564e-01 4.155952120199799538e-01 1.113185463473200798e-01 6.362167680636048317e-01 8.156862352043390274e-01
1.927328184247016907e-01 3.023515930399298668e-01 5.996712213382124901e-01 2.534360578283667564e-01 4.155952120199799538e-01 1.113185463473200798e-01 6.636977512389421463e-01 6.570662744343280792e-02
1.927328184247016907e-01 6.688143555074930191e-01 8.712531719356775284e-02 9.822144638746976852e-02 8.287986433133482933e-01 3.966012187302112579e-01 6.362167680636048317e-01 6.570662744343280792e-02
9.553584223613142967e-01 3.023515930399298668e-01 8.712531719356775284e-02 9.822144638746976852e-02 8.287986433133482933e-01 3.966012187302112579e-01 6.362167680636048317e-01 6.570662744343280792e-02
9.553584223613142967e-01 6.688143555074930191e-01 5.996712213382124901e-01 9.822144638746976852e-02 8.287986433133482933e-01 3.966012187302112579e-01 6.362167680636048317e-01 6.570662744343280792e-02
9.553584223613142967e-01 6.688143555074930191e-01 8.712531719356775284e-02 2.534360578283667564e-01 8.287986433133482933e-01 3.966012187302112579e-01 6.362167680636048317e-01 6.570662744343280792e-02
9.553584223613142967e-01 6.688143555074930191e-01 8.712531719356775284e-02 9.822144638746976852e-02 4.155952120199799538e-01 3.966012187302112579e-01 6.362167680636048317e-01 6.570662744343280792e-02
9.553584223613142967e-01 6.688143555074930191e-01 8.712531719356775284e-02 9.822144638746976852e-02 8.287986433133482933e-01 1.113185463473200798e-01 6.362167680636048317e-01 6.570662744343280792e-02
9.553584223613142967e-01 6.688143555074930191e-01 8.712531719356775284e-02 9.822144638746976852e-02 8.287986433133482933e-01 3.966012187302112579e-01 6.636977512389421463e-01 6.570662744343280792e-02
9.553584223613142967e-01 6.688143555074930191e-01 8.712531719356775284e-02 9.822144638746976852e-02 8.287986433133482933e-01 3.966012187302112579e-01 6.362167680636048317e-01 8.156862352043390274e-01
9.553584223613142967e-01 6.688143555074930191e-01 8.712531719356775284e-02 9.822144638746976852e-02 8.287986433133482933e-01 3.966012187302112579e-01 6.362167680636048317e-01 6.570662744343280792e-02
2.955594789236783981e-01 5.667815543711185455e-01 3.002658197656273842e-01 9.669673703610897064e-01 1.195969497784972191e-01 4.993632761761546135e-01 1.354565871879458427e-01 6.460161544382572174e-01
6.810205224901437759e-01 5.667815543711185455e-01 3.002658197656273842e-01 9.669673703610897064e-01 1.195969497784972191e-01 4.993632761761546135e-01 1.354565871879458427e-01 6.460161544382572174e-01
2.955594789236783981e-01 9.614075440913438797e-01 3.002658197656273842e-01 9.669673703610897064e-01 1.195969497784972191e-01 4.993632761761546135e-01 1.354565871879458427e-01 6.460161544382572174e-01
2.955594789236783981e-01 5.667815543711185455e-01 2.944068582728505135e-01 9.669673703610897064e-01 1.195969497784972191e-01 4.993632761761546135e-01 1.354565871879458427e-01 6.460161544382572174e-01
2.955594789236783981e-01 5.667815543711185455e-01 3.002658197656273842e-01 3.113537793979048729e-01 1.195969497784972191e-01 4.993632761761546135e-01 1.354565871879458427e-01 6.460161544382572174e-01
2.955594789236783981e-01 5.667815543711185455e-01 3.002658197656273842e-01 9.669673703610897064e-01 3.236875692382454872e-01 4.993632761761546135e-01 1.354565871879458427e-01 6.460161544382572174e-01
2.955594789236783981e-01 5.667815543711185455e-01 3.002658197656273842e-01 9.669673703610897064e-01 1.195969497784972191e-01 7.950173579156398773e-01 1.354565871879458427e-01 6.460161544382572174e-01
2.955594789236783981e-01 5.667815543711185455e-01 3.002658197656273842e-01 9.669673703610897064e-01 1.195969497784972191e-01 4.993632761761546135e-01 9.249532558023929596e-01 6.460161544382572174e-01
2.955594789236783981e-01 5.667815543711185455e-01 3.002658197656273842e-01 9.669673703610897064e-01 1.195969497784972191e-01 4.993632761761546135e-01 1.354565871879458427e-01 7.204700056463479996e-01
2.955594789236783981e-01 9.614075440913438797e-01 2.944068582728505135e-01 3.113537793979048729e-01 3.236875692382454872e-01 7.950173579156398773e-01 9.249532558023929596e-01 7.204700056463479996e-01
6.810205224901437759e-01 5.667815543711185455e-01 2.944068582728505135e-01 3.113537793979048729e-01 3.236875692382454872e-01 7.950173579156398773e-01 9.249532558023929596e-01 7.204700056463479996e-01
6.810205224901437759e-01 9.614075440913438797e-01 3.002658197656273842e-01 3.113537793979048729e-01 3.236875692382454872e-01 7.950173579156398773e-01 9.249532558023929596e-01 7.204700056463479996e-01
6.810205224901437759e-01 9.614075440913438797e-01 2.944068582728505135e-01 9.669673703610897064e-01 3.236875692382454872e-01 7.950173579156398773e-01 9.249532558023929596e-01 7.204700056463479996e-01
6.810205224901437759e-01 9.614075440913438797e-01 2.944068582728505135e-01 3.113537793979048729e-01 1.195969497784972191e-01 7.950173579156398773e-01 9.249532558023929596e-01 7.204700056463479996e-01
6.810205224901437759e-01 9.614075440913438797e-01 2.944068582728505135e-01 3.113537793979048729e-01 3.236875692382454872e-01 4.993632761761546135e-01 9.249532558023929596e-01 7.204700056463479996e-01
6.810205224901437759e-01 9.614075440913438797e-01 2.944068582728505135e-01 3.113537793979048729e-01 3.236875692382454872e-01 7.950173579156398773e-01 1.354565871879458427e-01 7.204700056463479996e-01
6.810205224901437759e-01 9.614075440913438797e-01 2.944068582728505135e-01 3.113537793979048729e-01 3.236875692382454872e-01 7.950173579156398773e-01 9.249532558023929596e-01 6.460161544382572174e-01
6.810205224901437759e-01 9.614075440913438797e-01 2.944068582728505135e-01 3.113537793979048729e-01 3.236875692382454872e-01 7.950173579156398773e-01 9.249532558023929596e-01 7.204700056463479996e-01
7.699745837599039078e-01 3.677028790116310120e-02 8.569863410666584969e-01 4.477454349398612976e-03 5.276395743712782860e-01 7.299617268145084381e-01 9.775057723745703697e-01 4.147467203438282013e-03
3.787338221445679665e-01 3.677028790116310120e-02 8.569863410666584969e-01 4.477454349398612976e-03 5.276395743712782860e-01 7.299617268145084381e-01 9.775057723745703697e-01 4.147467203438282013e-03
7.699745837599039078e-01 4.946211082860827446e-01 8.569863410666584969e-01 4.477454349398612976e-03 5.276395743712782860e-01 7.299617268145084381e-01 9.775057723745703697e-01 4.147467203438282013e-03
7.699745837599039078e-01 3.677028790116310120e-02 9.600340202450752258e-01 4.477454349398612976e-03 5.276395743712782860e-01 7.299617268145084381e-01 9.775057723745703697e-01 4.147467203438282013e-03
7.699745837599039078e-01 3.677028790116310120e-02 8.569863410666584969e-01 7.553048571571707726e-01 5.276395743712782860e-01 7.299617268145084381e-01 9.775057723745703697e-01 4.147467203438282013e-03
7.699745837599039078e-01 3.677028790116310120e-02 8.569863410666584969e-01 4.477454349398612976e-03 6.384428255259990692e-01 7.299617268145084381e-01 9.775057723745703697e-01 4.147467203438282013e-03
7.699745837599039078e-01 3.677028790116310120e-02 8.569863410666584969e-01 4.477454349398612976e-03 5.276395743712782860e-01 1.944240368902683258e-02 9.775057723745703697e-01 4.147467203438282013e-03
7.699745837599039078e-01 3.677028790116310120e-02 8.569863410666584969e-01 4.477454349398612976e-03 5.276395743712782860e-01 7.299617268145084381e-01 4.951773779466748238e-01 4.147467203438282013e-03
7.699745837599039078e-01 3.677028790116310120e-02 8.569863410666584969e-01 4.477454349398612976e-03 5.276395743712782860e-01 7.299617268145084381e-01 9.775057723745703697e-01 4.034792128950357437e-01
7.699745837599039078e-01 4.946211082860827446e-01 9.600340202450752258e-01 7.553048571571707726e-01 6.384428255259990692e-01 1.944240368902683258e-02 4.951773779466748238e-01 4.034792128950357437e-01
3.787338221445679665e-01 3.677028790116310120e-02 9.600340202450752258e-01 7.553048571571707726e-01 6.384428255259990692e-01 1.944240368902683258e-02 4.951773779466748238e-01 4.034792128950357437e-01
3.787338221445679665e-01 4.946211082860827446e-01 8.569863410666584969e-01 7.553048571571707726e-01 6.384428255259990692e-01 1.944240368902683258e-02 4.951773779466748238e-01 4.034792128950357437e-01
3.787338221445679665e-01 4.946211082860827446e-01 9.600340202450752258e-01 4.477454349398612976e-03 6.384428255259990692e-01 1.944240368902683258e-02 4.951773779466748238e-01 4.034792128950357437e-01
3.787338221445679665e-01 4.946211082860827446e-01 9.600340202450752258e-01 7.553048571571707726e-01 5.276395743712782860e-01 1.944240368902683258e-02 4.951773779466748238e-01 4.034792128950357437e-01
3.787338221445679665e-01 4.946211082860827446e-01 9.600340202450752258e-01 7.553048571571707726e-01 6.384428255259990692e-01 7.299617268145084381e-01 4.951773779466748238e-01 4.034792128950357437e-01
3.787338221445679665e-01 4.946211082860827446e-01 9.600340202450752258e-01 7.553048571571707726e-01 6.384428255259990692e-01 1.944240368902683258e-02 9.775057723745703697e-01 4.034792128950357437e-01
3.787338221445679665e-01 4.946211082860827446e-01 9.600340202450752258e-01 7.553048571571707726e-01 6.384428255259990692e-01 1.944240368902683258e-02 4.951773779466748238e-01 4.147467203438282013e-03
3.787338221445679665e-01 4.946211082860827446e-01 9.600340202450752258e-01 7.553048571571707726e-01 6.384428255259990692e-01 1.944240368902683258e-02 4.951773779466748238e-01 4.034792128950357437e-01
8.036182029172778130e-01 6.118811080232262611e-01 1.492684138938784599e-01 5.184957673773169518e-01 3.456959463655948639e-01 6.738754920661449432e-02 7.456166828051209450e-01 6.702350806444883347e-01
3.058295380324125290e-01 6.118811080232262611e-01 1.492684138938784599e-01 5.184957673773169518e-01 3.456959463655948639e-01 6.738754920661449432e-02 7.456166828051209450e-01 6.702350806444883347e-01
8.036182029172778130e-01 8.779075592756271362e-01 1.492684138938784599e-01 5.184957673773169518e-01 3.456959463655948639e-01 6.738754920661449432e-02 7.456166828051209450e-01 6.702350806444883347e-01
8.036182029172778130e-01 6.118811080232262611e-01 9.820121256634593010e-01 5.184957673773169518e-01 3.456959463655948639e-01 6.738754920661449432e-02 7.456166828051209450e-01 6.702350806444883347e-01
8.036182029172778130e-01 6.118811080232262611e-01 1.492684138938784599e-01 5.216053109616041183e-01 3.456959463655948639e-01 6.738754920661449432e-02 7.456166828051209450e-01 6.702350806444883347e-01
8.036182029172778130e-01 6.118811080232262611e-01 1.492684138938784599e-01 5.184957673773169518e-01 6.400462705641984940e-02 6.738754920661449432e-02 7.456166828051209450e-01 6.702350806444883347e-01
8.036182029172778130e-01 6.118811080232262611e-01 1.492684138938784599e-01 5.184957673773169518e-01 3.456959463655948639e-01 1.336850263178348541e-01 7.456166828051209450e-01 6.702350806444883347e-01
8.036182029172778130e-01 6.118811080232262611e-01 1.492684138938784599e-01 5.184957673773169518e-01 3.456959463655948639e-01 6.738754920661449432e-02 8.255040086805820465e-01 6.702350806444883347e-01
8.036182029172778130e-01 6.118811080232262611e-01 1.492684138938784599e-01 5.184957673773169518e-01 3.456959463655948639e-01 6.738754920661449432e-02 7.456166828051209450e-01 8.410598468035459518e-01
8.036182029172778130e-01 8.779075592756271362e-01 9.820121256634593010e-01 5.216053109616041183e-01 6.400462705641984940e-02 1.336850263178348541e-01 8.255040086805820465e-01 8.410598468035459518e-01
3.058295380324125290e-01 6.118811080232262611e-01 9.820121256634593010e-01 5.216053109616041183e-01 6.400462705641984940e-02 1.336850263178348541e-01 8.255040086805820465e-01 8.410598468035459518e-01
3.058295380324125290e-01 8.779075592756271362e-01 1.492684138938784599e-01 5.216053109616041183e-01 6.400462705641984940e-02 1.336850263178348541e-01 8.255040086805820465e-01 8.410598468035459518e-01
3.058295380324125290e-01 8.779075592756271362e-01 9.820121256634593010e-01 5.184957673773169518e-01 6.400462705641984940e-02 1.336850263178348541e-01 8.255040086805820465e-01 8.410598468035459518e-01
3.058295380324125290e-01 8.779075592756271362e-01 9.820121256634593010e-01 5.216053109616041183e-01 3.456959463655948639e-01 1.336850263178348541e-01 8.255040086805820465e-01 8.410598468035459518e-01
3.058295380324125290e-01 8.779075592756271362e-01 9.820121256634593010e-01 5.216053109616041183e-01 6.400462705641984940e-02 6.738754920661449432e-02 8.255040086805820465e-01 8.410598468035459518e-01
3.058295380324125290e-01 8.779075592756271362e-01 9.820121256634593010e-01 5.216053109616041183e-01 6.400462705641984940e-02 1.336850263178348541e-01 7.456166828051209450e-01 8.410598468035459518e-01
3.058295380324125290e-01 8.779075592756271362e-01 9.820121256634593010e-01 5.216053109616041183e-01 6.400462705641984940e-02 1.336850263178348541e-01 8.255040086805820465e-01 6.702350806444883347e-01
3.058295380324125290e-01 8.779075592756271362e-01 9.820121256634593010e-01 5.216053109616041183e-01 6.400462705641984940e-02 1.336850263178348541e-01 8.255040086805820465e-01 8.410598468035459518e-01
2.619195571169257164e-01 1.888096425682306290e-02 6.935305660590529442e-01 4.455928923562169075e-01 7.575838156044483185e-01 8.292359942570328712e-01 4.001487018540501595e-01 6.240992899984121323e-02
5.035586031153798103e-01 1.888096425682306290e-02 6.935305660590529442e-01 4.455928923562169075e-01 7.575838156044483185e-01 8.292359942570328712e-01 4.001487018540501595e-01 6.240992899984121323e-02
2.619195571169257164e-01 4.072151118889451027e-01 6.935305660590529442e-01 4.455928923562169075e-01 7.575838156044483185e-01 8.292359942570328712e-01 4.001487018540501595e-01 6.240992899984121323e-02
2.619195571169257164e-01 1.888096425682306290e-02 2.734346892684698105e-01 4.455928923562169075e-01 7.575838156044483185e-01 8.292359942570328712e-01 4.001487018540501595e-01 6.240992899984121323e-02
2.619195571169257164e-01 1.888096425682306290e-02 6.935305660590529442e-01 4.456554912030696869e-02 7.575838156044483185e-01 8.292359942570328712e-01 4.001487018540501595e-01 6.240992899984121323e-02
2.619195571169257164e-01 1.888096425682306290e-02 6.935305660590529442e-01 4.455928923562169075e-01 8.820699453353881836e-01 8.292359942570328712e-01 4.001487018540501595e-01 6.240992899984121323e-02
2.619195571169257164e-01 1.888096425682306290e-02 6.935305660590529442e-01 4.455928923562169075e-01 7.575838156044483185e-01 9.268380422145128250e-01 4.001487018540501595e-01 6.240992899984121323e-02
2.619195571169257164e-01 1.888096425682306290e-02 6.935305660590529442e-01 4.455928923562169075e-01 7.575838156044483185e-01 8.292359942570328712e-01 2.553476290777325630e-01 6.240992899984121323e-02
2.619195571169257164e-01 1.888096425682306290e-02 6.935305660590529442e-01 4.455928923562169075e-01 7.575838156044483185e-01 8.292359942570328712e-01 4.001487018540501595e-01 3.304122202098369598e-02
2.619195571169257164e-01 4.072151118889451027e-01 2.734346892684698105e-01 4.456554912030696869e-02 8.820699453353881836e-01 9.268380422145128250e-01 2.553476290777325630e-01 3.304122202098369598e-02
5.035586031153798103e-01 1.888096425682306290e-02 2.734346892684698105e-01 4.456554912030696869e-02 8.820699453353881836e-01 9.268380422145128250e-01 2.553476290777325630e-01 3.304122202098369598e-02
5.035586031153798103e-01 4.072151118889451027e-01 6.935305660590529442e-01 4.456554912030696869e-02 8.820699453353881836e-01 9.268380422145128250e-01 2.553476290777325630e-01 3.304122202098369598e-02
5.035586031153798103e-01 4.072151118889451027e-01 2.734346892684698105e-01 4.455928923562169075e-01 8.820699453353881836e-01 9.268380422145128250e-01 2.553476290777325630e-01 3.304122202098369598e-02
5.035586031153798103e-01 4.072151118889451027e-01 2.734346892684698105e-01 4.456554912030696869e-02 7.575838156044483185e-01 9.268380422145128250e-01 2.553476290777325630e-01 3.304122202098369598e-02
5.035586031153798103e-01 4.072151118889451027e-01 2.734346892684698105e-01 4.456554912030696869e-02 8.820699453353881836e-01 8.292359942570328712e-01 2.553476290777325630e-01 3.304122202098369598e-02
5.035586031153798103e-01 4.072151118889451027e-01 2.734346892684698105e-01 4.456554912030696869e-02 8.820699453353881836e-01 9.268380422145128250e-01 4.001487018540501595e-01 3.304122202098369598e-02
5.035586031153798103e-01 4.072151118889451027e-01 2.734346892684698105e-01 4.456554912030696869e-02 8.820699453353881836e-01 9.268380422145128250e-01 2.553476290777325630e-01 6.240992899984121323e-02
5.035586031153798103e-01 4.072151118889451027e-01 2.734346892684698105e-01 4.456554912030696869e-02 8.820699453353881836e-01 9.268380422145128250e-01 2.553476290777325630e-01 3.304122202098369598e-02
2.263499433174729347e-01 8.463604096323251724e-01 3.938148627057671547e-01 7.713682185858488083e-01 7.071622703224420547e-01 7.182897115126252174e-01 9.265969879925251007e-01 4.777159923687577248e-01
8.522370755672454834e-01 8.463604096323251724e-01 3.938148627057671547e-01 7.713682185858488083e-01 7.071622703224420547e-01 7.182897115126252174e-01 9.265969879925251007e-01 4.777159923687577248e-01
2.263499433174729347e-01 2.073761830106377602e-01 3.938148627057671547e-01 7.713682185858488083e-01 7.071622703224420547e-01 7.182897115126252174e-01 9.265969879925251007e-01 4.777159923687577248e-01
2.263499433174729347e-01 8.463604096323251724e-01 9.735440649092197418e-02 7.713682185858488083e-01 7.071622703224420547e-01 7.182897115126252174e-01 9.265969879925251007e-01 4.777159923687577248e-01
2.263499433174729347e-01 8.463604096323251724e-01 3.938148627057671547e-01 3.670853469520807266e-01 7.071622703224420547e-01 7.182897115126252174e-01 9.265969879925251007e-01 4.777159923687577248e-01
2.263499433174729347e-01 8.463604096323251724e-01 3.938148627057671547e-01 7.713682185858488083e-01 4.032938238233327866e-01 7.182897115126252174e-01 9.265969879925251007e-01 4.777159923687577248e-01
2.263499433174729347e-01 8.463604096323251724e-01 3.938148627057671547e-01 7.713682185858488083e-01 7.071622703224420547e-01 2.627665791660547256e-01 9.265969879925251007e-01 4.777159923687577248e-01
2.263499433174729347e-01 8.463604096323251724e-01 3.938148627057671547e-01 7.713682185858488083e-01 7.071622703224420547e-01 7.182897115126252174e-01 5.970483273267745972e-02 4.777159923687577248e-01
2.263499433174729347e-01 8.463604096323251724e-01 3.938148627057671547e-01 7.713682185858488083e-01 7.071622703224420547e-01 7.182897115126252174e-01 9.265969879925251007e-01 6.282957252115011215e-01
2.263499433174729347e-01 2.073761830106377602e-01 9.735440649092197418e-02 3.670853469520807266e-01 4.032938238233327866e-01 2.627665791660547256e-01 5.970483273267745972e-02 6.282957252115011215e-01
8.522370755672454834e-01 8.463604096323251724e-01 9.735440649092197418e-02 3.670853469520807266e-01 4.032938238233327866e-01 2.627665791660547256e-01 5.970483273267745972e-02 6.282957252115011215e-01
8.522370755672454834e-01 2.073761830106377602e-01 3.938148627057671547e-01 3.670853469520807266e-01 4.032938238233327866e-01 2.627665791660547256e-01 5.970483273267745972e-02 6.282957252115011215e-01
8.522370755672454834e-01 2.073761830106377602e-01 9.735440649092197418e-02 7.713682185858488083e-01 4.032938238233327866e-01 2.627665791660547256e-01 5.970483273267745972e-02 6.282957252115011215e-01
8.522370755672454834e-01 2.073761830106377602e-01 9.735440649092197418e-02 3.670853469520807266e-01 7.071622703224420547e-01 2.627665791660547256e-01 5.970483273267745972e-02 6.282957252115011215e-01
8.522370755672454834e-01 2.073761830106377602e-01 9.735440649092197418e-02 3.670853469520807266e-01 4.032938238233327866e-01 7.182897115126252174e-01 5.970483273267745972e-02 6.282957252115011215e-01
8.522370755672454834e-01 2.073761830106377602e-01 9.735440649092197418e-02 3.670853469520807266e-01 4.032938238233327866e-01 2.627665791660547256e-01 9.265969879925251007e-01 6.282957252115011215e-01
8.522370755672454834e-01 2.073761830106377602e-01 9.735440649092197418e-02 3.670853469520807266e-01 4.032938238233327866e-01 2.627665791660547256e-01 5.970483273267745972e-02 4.777159923687577248e-01
8.522370755672454834e-01 2.073761830106377602e-01 9.735440649092197418e-02 3.670853469520807266e-01 4.032938238233327866e-01 2.627665791660547256e-01 5.970483273267745972e-02 6.282957252115011215e-01
7.159245731309056282e-01 2.533309999853372574e-01 9.508706005290150642e-01 2.024860642850399017e-01 1.739208046346902847e-01 4.488729070872068405e-01 2.095630615949630737e-01 8.677524328231811523e-01
8.032004814594984055e-02 2.533309999853372574e-01 9.508706005290150642e-01 2.024860642850399017e-01 1.739208046346902847e-01 4.488729070872068405e-01 2.095630615949630737e-01 8.677524328231811523e-01
7.159245731309056282e-01 7.405877187848091125e-01 9.508706005290150642e-01 2.024860642850399017e-01 1.739208046346902847e-01 4.488729070872068405e-01 2.095630615949630737e-01 8.677524328231811523e-01
7.159245731309056282e-01 2.533309999853372574e-01 6.502496441826224327e-01 2.024860642850399017e-01 1.739208046346902847e-01 4.488729070872068405e-01 2.095630615949630737e-01 8.677524328231811523e-01
7.159245731309056282e-01 2.533309999853372574e-01 9.508706005290150642e-01 8.245548624545335770e-01 1.739208046346902847e-01 4.488729070872068405e-01 2.095630615949630737e-01 8.677524328231811523e-01
7.159245731309056282e-01 2.533309999853372574e-01 9.508706005290150642e-01 2.024860642850399017e-01 5.881890607997775078e-01 4.488729070872068405e-01 2.095630615949630737e-01 8.677524328231811523e-01
7.159245731309056282e-01 2.533309999853372574e-01 9.508706005290150642e-01 2.024860642850399017e-01 1.739208046346902847e-01 5.477413646876811981e-01 2.095630615949630737e-01 8.677524328231811523e-01
7.159245731309056282e-01 2.533309999853372574e-01 9.508706005290150642e-01 2.024860642850399017e-01 1.739208046346902847e-01 4.488729070872068405e-01 6.142977261915802956e-01 8.677524328231811523e-01
7.159245731309056282e-01 2.533309999853372574e-01 9.508706005290150642e-01 2.024860642850399017e-01 1.739208046346902847e-01 4.488729070872068405e-01 2.095630615949630737e-01 4.997127112001180649e-01
7.159245731309056282e-01 7.405877187848091125e-01 6.502496441826224327e-01 8.245548624545335770e-01 5.881890607997775078e-01 5.477413646876811981e-01 6.142977261915802956e-01 4.997127112001180649e-01
8.032004814594984055e-02 2.533309999853372574e-01 6.502496441826224327e-01 8.245548624545335770e-01 5.881890607997775078e-01 5.477413646876811981e-01 6.142977261915802956e-01 4.997127112001180649e-01
8.032004814594984055e-02 7.405877187848091125e-01 9.508706005290150642e-01 8.245548624545335770e-01 5.881890607997775078e-01 5.477413646876811981e-01 6.142977261915802956e-01 4.997127112001180649e-01
8.032004814594984055e-02 7.405877187848091125e-01 6.502496441826224327e-01 2.024860642850399017e-01 5.881890607997775078e-01 5.477413646876811981e-01 6.142977261915802956e-01 4.997127112001180649e-01
8.032004814594984055e-02 7.405877187848091125e-01 6.502496441826224327e-01 8.245548624545335770e-01 1.739208046346902847e-01 5.477413646876811981e-01 6.142977261915802956e-01 4.997127112001180649e-01
8.032004814594984055e-02 7.405877187848091125e-01 6.502496441826224327e-01 8.245548624545335770e-01 5.881890607997775078e-01 4.488729070872068405e-01 6.142977261915802956e-01 4.997127112001180649e-01
8.032004814594984055e-02 7.405877187848091125e-01 6.502496441826224327e-01 8.245548624545335770e-01 5.881890607997775078e-01 5.477413646876811981e-01 2.095630615949630737e-01 4.997127112001180649e-01
8.032004814594984055e-02 7.405877187848091125e-01 6.502496441826224327e-01 8.245548624545335770e-01 5.881890607997775078e-01 5.477413646876811981e-01 6.142977261915802956e-01 8.677524328231811523e-01
8.032004814594984055e-02 7.405877187848091125e-01 6.502496441826224327e-01 8.245548624545335770e-01 5.881890607997775078e-01 5.477413646876811981e-01 6.142977261915802956e-01 4.997127112001180649e-01
5.565388416871428490e-01 9.840750666335225105e-01 5.833948934450745583e-01 7.244687527418136597e-02 1.410128269344568253e-02 1.905155489221215248e-01 7.789126913994550705e-01 2.866196557879447937e-01
9.739815285429358482e-01 9.840750666335225105e-01 5.833948934450745583e-01 7.244687527418136597e-02 1.410128269344568253e-02 1.905155489221215248e-01 7.789126913994550705e-01 2.866196557879447937e-01
5.565388416871428490e-01 3.561592716723680496e-01 5.833948934450745583e-01 7.244687527418136597e-02 1.410128269344568253e-02 1.905155489221215248e-01 7.789126913994550705e-01 2.866196557879447937e-01
5.565388416871428490e-01 9.840750666335225105e-01 2.285385644063353539e-01 7.244687527418136597e-02 1.410128269344568253e-02 1.905155489221215248e-01 7.789126913994550705e-01 2.866196557879447937e-01
5.565388416871428490e-01 9.840750666335225105e-01 5.833948934450745583e-01 9.431655555963516235e-01 1.410128269344568253e-02 1.905155489221215248e-01 7.789126913994550705e-01 2.866196557879447937e-01
5.565388416871428490e-01 9.840750666335225105e-01 5.833948934450745583e-01 7.244687527418136597e-02 2.781508052721619606e-01 1.905155489221215248e-01 7.789126913994550705e-01 2.866196557879447937e-01
5.565388416871428490e-01 9.840750666335225105e-01 5.833948934450745583e-01 7.244687527418136597e-02 1.410128269344568253e-02 8.445825828239321709e-01 7.789126913994550705e-01 2.866196557879447937e-01
5.565388416871428490e-01 9.840750666335225105e-01 5.833948934450745583e-01 7.244687527418136597e-02 1.410128269344568253e-02 1.905155489221215248e-01 6.704549808055162430e-01 2.866196557879447937e-01
5.565388416871428490e-01 9.840750666335225105e-01 5.833948934450745583e-01 7.244687527418136597e-02 1.410128269344568253e-02 1.905155489221215248e-01 7.789126913994550705e-01 2.892096741124987602e-01
5.565388416871428490e-01 3.561592716723680496e-01 2.285385644063353539e-01 9.431655555963516235e-01 2.781508052721619606e-01 8.445825828239321709e-01 6.704549808055162430e-01 2.892096741124987602e-01
9.739815285429358482e-01 9.840750666335225105e-01 2.285385644063353539e-01 9.431655555963516235e-01 2.781508052721619606e-01 8.445825828239321709e-01 6.704549808055162430e-01 2.892096741124987602e-01
9.739815285429358482e-01 3.561592716723680496e-01 5.833948934450745583e-01 9.431655555963516235e-01 2.781508052721619606e-01 8.445825828239321709e-01 6.704549808055162430e-01 2.892096741124987602e-01
9.739815285429358482e-01 3.561592716723680496e-01 2.285385644063353539e-01 7.244687527418136597e-02 2.781508052721619606e-01 8.445825828239321709e-01 6.704549808055162430e-01 2.892096741124987602e-01
9.739815285429358482e-01 3.561592716723680496e-01 2.285385644063353539e-01 9.431655555963516235e-01 1.410128269344568253e-02 8.445825828239321709e-01 6.704549808055162430e-01 2.892096741124987602e-01
9.739815285429358482e-01 3.561592716723680496e-01 2.285385644063353539e-01 9.431655555963516235e-01 2.781508052721619606e-01 1.905155489221215248e-01 6.704549808055162430e-01 2.892096741124987602e-01
9.739815285429358482e-01 3.561592716723680496e-01 2.285385644063353539e-01 9.431655555963516235e-01 2.781508052721619606e-01 8.445825828239321709e-01 7.789126913994550705e-01 2.892096741124987602e-01
9.739815285429358482e-01 3.561592716723680496e-01 2.285385644063353539e-01 9.431655555963516235e-01 2.781508052721619606e-01 8.445825828239321709e-01 6.704549808055162430e-01 2.866196557879447937e-01
9.739815285429358482e-01 3.561592716723680496e-01 2.285385644063353539e-01 9.431655555963516235e-01 2.781508052721619606e-01 8.445825828239321709e-01 6.704549808055162430e-01 2.892096741124987602e-01
3.136667422950267792e-03 3.891148837283253670e-01 1.129259634763002396e-02 8.911993298679590225e-01 6.018467256799340248e-01 9.601612444967031479e-01 1.248519066721200943e-01 9.265361735597252846e-01
2.185853235423564911e-01 3.891148837283253670e-01 1.129259634763002396e-02 8.911993298679590225e-01 6.018467256799340248e-01 9.601612444967031479e-01 1.248519066721200943e-01 9.265361735597252846e-01
3.136667422950267792e-03 8.268576962873339653e-01 1.129259634763002396e-02 8.911993298679590225e-01 6.018467256799340248e-01 9.601612444967031479e-01 1.248519066721200943e-01 9.265361735597252846e-01
3.136667422950267792e-03 3.891148837283253670e-01 5.160439927130937576e-01 8.911993298679590225e-01 6.018467256799340248e-01 9.601612444967031479e-01 1.248519066721200943e-01 9.265361735597252846e-01
3.136667422950267792e-03 3.891148837283253670e-01 1.129259634763002396e-02 4.984744414687156677e-01 6.018467256799340248e-01 9.601612444967031479e-01 1.248519066721200943e-01 9.265361735597252846e-01
3.136667422950267792e-03 3.891148837283253670e-01 1.129259634763002396e-02 8.911993298679590225e-01 7.132745571434497833e-01 9.601612444967031479e-01 1.248519066721200943e-01 9.265361735597252846e-01
3.136667422950267792e-03 3.891148837283253670e-01 1.129259634763002396e-02 8.911993298679590225e-01 6.018467256799340248e-01 9.098797757178544998e-02 1.248519066721200943e-01 9.265361735597252846e-01
3.136667422950267792e-03 3.891148837283253670e-01 1.129259634763002396e-02 8.911993298679590225e-01 6.018467256799340248e-01 9.601612444967031479e-01 2.252310095354914665e-01 9.265361735597252846e-01
3.136667422950267792e-03 3.891148837283253670e-01 1.129259634763002396e-02 8.911993298679590225e-01 6.018467256799340248e-01 9.601612444967031479e-01 1.248519066721200943e-01 5.828163726255297661e-01
3.136667422950267792e-03 8.268576962873339653e-01 5.160439927130937576e-01 4.984744414687156677e-01 7.132745571434497833e-01 9.098797757178544998e-02 2.252310095354914665e-01 5.828163726255297661e-01
2.185853235423564911e-01 3.891148837283253670e-01 5.160439927130937576e-01 4.984744414687156677e-01 7.132745571434497833e-01 9.098797757178544998e-02 2.252310095354914665e-01 5.828163726255297661e-01
2.185853235423564911e-01 8.268576962873339653e-01 1.129259634763002396e-02 4.984744414687156677e-01 7.132745571434497833e-01 9.098797757178544998e-02 2.252310095354914665e-01 5.828163726255297661e-01
2.185853235423564911e-01 8.268576962873339653e-01 5.160439927130937576e-01 8.911993298679590225e-01 7.132745571434497833e-01 9.098797757178544998e-02 2.252310095354914665e-01 5.828163726255297661e-01
2.185853235423564911e-01 8.268576962873339653e-01 5.160439927130937576e-01 4.984744414687156677e-01 6.018467256799340248e-01 9.098797757178544998e-02 2.252310095354914665e-01 5.828163726255297661e-01
2.185853235423564911e-01 8.268576962873339653e-01 5.160439927130937576e-01 4.984744414687156677e-01 7.132745571434497833e-01 9.601612444967031479e-01 2.252310095354914665e-01 5.828163726255297661e-01
2.185853235423564911e-01 8.268576962873339653e-01 5.160439927130937576e-01 4.984744414687156677e-01 7.132745571434497833e-01 9.098797757178544998e-02 1.248519066721200943e-01 5.828163726255297661e-01
2.185853235423564911e-01 8.268576962873339653e-01 5.160439927130937576e-01 4.984744414687156677e-01 7.132745571434497833e-01 9.098797757178544998e-02 2.252310095354914665e-01 9.265361735597252846e-01
2.185853235423564911e-01 8.268576962873339653e-01 5.160439927130937576e-01 4.984744414687156677e-01 7.132745571434497833e-01 9.098797757178544998e-02 2.252310095354914665e-01 5.828163726255297661e-01
4.773355470970273018e-01 7.495647128671407700e-01 8.427452621981501579e-01 3.254337692633271217e-01 9.332765331491827965e-01 5.874668564647436142e-01 5.808579651638865471e-01 5.957179805263876915e-01
4.265169957652688026e-01 7.495647128671407700e-01 8.427452621981501579e-01 3.254337692633271217e-01 9.332765331491827965e-01 5.874668564647436142e-01 5.808579651638865471e-01 5.957179805263876915e-01
4.773355470970273018e-01 5.567220924422144890e-01 8.427452621981501579e-01 3.254337692633271217e-01 9.332765331491827965e-01 5.874668564647436142e-01 5.808579651638865471e-01 5.957179805263876915e-01
4.773355470970273018e-01 7.495647128671407700e-01 8.477870654314756393e-01 3.254337692633271217e-01 9.332765331491827965e-01 5.874668564647436142e-01 5.808579651638865471e-01 5.957179805263876915e-01
4.773355470970273018e-01 7.495647128671407700e-01 8.427452621981501579e-01 1.603688336908817291e-01 9.332765331491827965e-01 5.874668564647436142e-01 5.808579651638865471e-01 5.957179805263876915e-01
4.773355470970273018e-01 7.495647128671407700e-01 8.427452621981501579e-01 3.254337692633271217e-01 1.890905369073152542e-01 5.874668564647436142e-01 5.808579651638865471e-01 5.957179805263876915e-01
4.773355470970273018e-01 7.495647128671407700e-01 8.427452621981501579e-01 3.254337692633271217e-01 9.332765331491827965e-01 7.238019304350018501e-01 5.808579651638865471e-01 5.957179805263876915e-01
4.773355470970273018e-01 7.495647128671407700e-01 8.427452621981501579e-01 3.254337692633271217e-01 9.332765331491827965e-01 5.874668564647436142e-01 4.677445869892835617e-01 5.957179805263876915e-01
4.773355470970273018e-01 7.495647128671407700e-01 8.427452621981501579e-01 3.254337692633271217e-01 9.332765331491827965e-01 5.874668564647436142e-01 5.808579651638865471e-01 2.405077544972300529e-01
4.773355470970273018e-01 5.567220924422144890e-01 8.477870654314756393e-01 1.603688336908817291e-01 1.890905369073152542e-01 7.238019304350018501e-01 4.677445869892835617e-01 2.405077544972300529e-01
4.265169957652688026e-01 7.495647128671407700e-01 8.477870654314756393e-01 1.603688336908817291e-01 1.890905369073152542e-01 7.238019304350018501e-01 4.677445869892835617e-01 2.405077544972300529e-01
4.265169957652688026e-01 5.567220924422144890e-01 8.427452621981501579e-01 1.603688336908817291e-01 1.890905369073152542e-01 7.238019304350018501e-01 4.677445869892835617e-01 2.405077544972300529e-01
4.265169957652688026e-01 5.567220924422144890e-01 8.477870654314756393e-01 3.254337692633271217e-01 1.890905369073152542e-01 7.238019304350018501e-01 4.677445869892835617e-01 2.405077544972300529e-01
4.265169957652688026e-01 5.567220924422144890e-01 8.477870654314756393e-01 1.603688336908817291e-01 9.332765331491827965e-01 7.238019304350018501e-01 4.677445869892835617e-01 2.405077544972300529e-01
4.265169957652688026e-01 5.567220924422144890e-01 8.477870654314756393e-01 1.603688336908817291e-01 1.890905369073152542e-01 5.874668564647436142e-01 4.677445869892835617e-01 2.405077544972300529e-01
4.265169957652688026e-01 5.567220924422144890e-01 8.477870654314756393e-01 1.603688336908817291e-01 1.890905369073152542e-01 7.238019304350018501e-01 5.808579651638865471e-01 2.405077544972300529e-01
4.265169957652688026e-01 5.567220924422144890e-01 8.477870654314756393e-01 1.603688336908817291e-01 1.890905369073152542e-01 7.238019304350018501e-01 4.677445869892835617e-01 5.957179805263876915e-01
4.265169957652688026e-01 5.567220924422144890e-01 8.477870654314756393e-01 1.603688336908817291e-01 1.890905369073152542e-01 7.238019304350018501e-01 4.677445869892835617e-01 2.405077544972300529e-01
9.551761904731392860e-01 1.545738335698843002e-01 2.500521680340170860e-01 6.479780627414584160e-01 4.663954516872763634e-01 3.258778015151619911e-01 2.974168425425887108e-01 2.380127515643835068e-01
6.389746982604265213e-01 1.545738335698843002e-01 2.500521680340170860e-01 6.479780627414584160e-01 4.663954516872763634e-01 3.258778015151619911e-01 2.974168425425887108e-01 2.380127515643835068e-01
9.551761904731392860e-01 2.351223863661289215e-02 2.500521680340170860e-01 6.479780627414584160e-01 4.663954516872763634e-01 3.258778015151619911e-01 2.974168425425887108e-01 2.380127515643835068e-01
9.551761904731392860e-01 1.545738335698843002e-01 4.045777274295687675e-01 6.479780627414584160e-01 4.663954516872763634e-01 3.258778015151619911e-01 2.974168425425887108e-01 2.380127515643835068e-01
9.551761904731392860e-01 1.545738335698843002e-01 2.500521680340170860e-01 6.558022312819957733e-01 4.663954516872763634e-01 3.258778015151619911e-01 2.974168425425887108e-01 2.380127515643835068e-01
9.551761904731392860e-01 1.545738335698843002e-01 2.500521680340170860e-01 6.479780627414584160e-01 7.569266399368643761e-01 3.258778015151619911e-01 2.974168425425887108e-01 2.380127515643835068e-01
9.551761904731392860e-01 1.545738335698843002e-01 2.500521680340170860e-01 6.479780627414584160e-01 4.663954516872763634e-01 4.617839930579066277e-01 2.974168425425887108e-01 2.380127515643835068e-01
9.551761904731392860e-01 1.545738335698843002e-01 2.500521680340170860e-01 6.479780627414584160e-01 4.663954516872763634e-01 3.258778015151619911e-01 8.972830018028616905e-01 2.380127515643835068e-01
9.551761904731392860e-01 1.545738335698843002e-01 2.500521680340170860e-01 6.479780627414584160e-01 4.663954516872763634e-01 3.258778015151619911e-01 2.974168425425887108e-01 8.854253022000193596e-01
9.551761904731392860e-01 2.351223863661289215e-02 4.045777274295687675e-01 6.558022312819957733e-01 7.569266399368643761e-01 4.617839930579066277e-01 8.972830018028616905e-01 8.854253022000193596e-01
6.389746982604265213e-01 1.545738335698843002e-01 4.045777274295687675e-01 6.558022312819957733e-01 7.569266399368643761e-01 4.617839930579066277e-01 8.972830018028616905e-01 8.854253022000193596e-01
6.389746982604265213e-01 2.351223863661289215e-02 2.500521680340170860e-01 6.558022312819957733e-01 7.569266399368643761e-01 4.617839930579066277e-01 8.972830018028616905e-01 8.854253022000193596e-01
6.389746982604265213e-01 2.351223863661289215e-02 4.045777274295687675e-01 6.479780627414584160e-01 7.569266399368643761e-01 4.617839930579066277e-01 8.972830018028616905e-01 8.854253022000193596e-01
6.389746982604265213e-01 2.351223863661289215e-02 4.045777274295687675e-01 6.558022312819957733e-01 4.663954516872763634e-01 4.617839930579066277e-01 8.972830018028616905e-01 8.854253022000193596e-01
6.389746982604265213e-01 2.351223863661289215e-02 4.045777274295687675e-01 6.558022312819957733e-01 7.569266399368643761e-01 3.258778015151619911e-01 8.972830018028616905e-01 8.854253022000193596e-01
6.389746982604265213e-01 2.351223863661289215e-02 4.045777274295687675e-01 6.558022312819957733e-01 7.569266399368643761e-01 4.617839930579066277e-01 2.974168425425887108e-01 8.854253022000193596e-01
6.389746982604265213e-01 2.351223863661289215e-02 4.045777274295687675e-01 6.558022312819957733e-01 7.569266399368643761e-01 4.617839930579066277e-01 8.972830018028616905e-01 2.380127515643835068e-01
6.389746982604265213e-01 2.351223863661289215e-02 4.045777274295687675e-01 6.558022312819957733e-01 7.569266399368643761e-01 4.617839930579066277e-01 8.972830018028616905e-01 8.854253022000193596e-01
9.068084172904491425e-01 7.522869808599352837e-01 7.801981316879391670e-01 9.749701088294386864e-01 8.267463119700551033e-01 3.992965454235672951e-01 8.523775106295943260e-01 3.682062746956944466e-01
9.246815089136362076e-01 7.522869808599352837e-01 7.801981316879391670e-01 9.749701088294386864e-01 8.267463119700551033e-01 3.992965454235672951e-01 8.523775106295943260e-01 3.682062746956944466e-01
9.068084172904491425e-01 6.447333777323365211e-01 7.801981316879391670e-01 9.749701088294386864e-01 8.267463119700551033e-01 3.992965454235672951e-01 8.523775106295943260e-01 3.682062746956944466e-01
9.068084172904491425e-01 7.522869808599352837e-01 4.467675564810633659e-01 9.749701088294386864e-01 8.267463119700551033e-01 3.992965454235672951e-01 8.523775106295943260e-01 3.682062746956944466e-01
9.068084172904491425e-01 7.522869808599352837e-01 7.801981316879391670e-01 5.941288983449339867e-01 8.267463119700551033e-01 3.992965454235672951e-01 8.523775106295943260e-01 3.682062746956944466e-01
9.068084172904491425e-01 7.522869808599352837e-01 7.801981316879391670e-01 9.749701088294386864e-01 6.788686998188495636e-01 3.992965454235672951e-01 8.523775106295943260e-01 3.682062746956944466e-01
9.068084172904491425e-01 7.522869808599352837e-01 7.801981316879391670e-01 9.749701088294386864e-01 8.267463119700551033e-01 6.298071993514895439e-01 8.523775106295943260e-01 3.682062746956944466e-01
9.068084172904491425e-01 7.522869808599352837e-01 7.801981316879391670e-01 9.749701088294386864e-01 8.267463119700551033e-01 3.992965454235672951e-01 1.234648358076810837e-01 3.682062746956944466e-01
9.068084172904491425e-01 7.522869808599352837e-01 7.801981316879391670e-01 9.749701088294386864e-01 8.267463119700551033e-01 3.992965454235672951e-01 8.523775106295943260e-01 3.493414204567670822e-01
9.068084172904491425e-01 6.447333777323365211e-01 4.467675564810633659e-01 5.941288983449339867e-01 6.788686998188495636e-01 6.298071993514895439e-01 1.234648358076810837e-01 3.493414204567670822e-01
9.246815089136362076e-01 7.522869808599352837e-01 4.467675564810633659e-01 5.941288983449339867e-01 6.788686998188495636e-01 6.298071993514895439e-01 1.234648358076810837e-01 3.493414204567670822e-01
9.246815089136362076e-01 6.447333777323365211e-01 7.801981316879391670e-01 5.941288983449339867e-01 6.788686998188495636e-01 6.298071993514895439e-01 1.234648358076810837e-01 3.493414204567670822e-01
9.246815089136362076e-01 6.447333777323365211e-01 4.467675564810633659e-01 9.749701088294386864e-01 6.788686998188495636e-01 6.298071993514895439e-01 1.234648358076810837e-01 3.493414204567670822e-01
9.246815089136362076e-01 6.447333777323365211e-01 4.467675564810633659e-01 5.941288983449339867e-01 8.267463119700551033e-01 6.298071993514895439e-01 1.234648358076810837e-01 3.493414204567670822e-01
9.246815089136362076e-01 6.447333777323365211e-01 4.467675564810633659e-01 5.941288983449339867e-01 6.788686998188495636e-01 3.992965454235672951e-01 1.234648358076810837e-01 3.493414204567670822e-01
9.246815089136362076e-01 6.447333777323365211e-01 4.467675564810633659e-01 5.941288983449339867e-01 6.788686998188495636e-01 6.298071993514895439e-01 8.523775106295943260e-01 3.493414204567670822e-01
9.246815089136362076e-01 6.447333777323365211e-01 4.467675564810633659e-01 5.941288983449339867e-01 6.788686998188495636e-01 6.298071993514895439e-01 1.234648358076810837e-01 3.682062746956944466e-01
9.246815089136362076e-01 6.447333777323365211e-01 4.467675564810633659e-01 5.941288983449339867e-01 6.788686998188495636e-01 6.298071993514895439e-01 1.234648358076810837e-01 3.493414204567670822e-01
4.006402716040611267e-01 3.472403688356280327e-01 3.125970894470810890e-01 5.947728920727968216e-02 2.897206367924809456e-01 6.374633591622114182e-01 1.034453790634870529e-02 9.772392697632312775e-01
1.331178033724427223e-01 3.472403688356280327e-01 3.125970894470810890e-01 5.947728920727968216e-02 2.897206367924809456e-01 6.374633591622114182e-01 1.034453790634870529e-02 9.772392697632312775e-01
4.006402716040611267e-01 1.779258251190185547e-01 3.125970894470810890e-01 5.947728920727968216e-02 2.897206367924809456e-01 6.374633591622114182e-01 1.034453790634870529e-02 9.772392697632312775e-01
4.006402716040611267e-01 3.472403688356280327e-01 7.998913880437612534e-01 5.947728920727968216e-02 2.897206367924809456e-01 6.374633591622114182e-01 1.034453790634870529e-02 9.772392697632312775e-01
4.006402716040611267e-01 3.472403688356280327e-01 3.125970894470810890e-01 8.971583750098943710e-02 2.897206367924809456e-01 6.374633591622114182e-01 1.034453790634870529e-02 9.772392697632312775e-01
4.006402716040611267e-01 3.472403688356280327e-01 3.125970894470810890e-01 5.947728920727968216e-02 3.609559321776032448e-01 6.374633591622114182e-01 1.034453790634870529e-02 9.772392697632312775e-01
4.006402716040611267e-01 3.472403688356280327e-01 3.125970894470810890e-01 5.947728920727968216e-02 2.897206367924809456e-01 4.307770701125264168e-01 1.034453790634870529e-02 9.772392697632312775e-01
4.006402716040611267e-01 3.472403688356280327e-01 3.125970894470810890e-01 5.947728920727968216e-02 2.897206367924809456e-01 6.374633591622114182e-01 5.529962470754981041e-01 9.772392697632312775e-01
4.006402716040611267e-01 3.472403688356280327e-01 3.125970894470810890e-01 5.947728920727968216e-02 2.897206367924809456e-01 6.374633591622114182e-01 1.034453790634870529e-02 5.247288625687360764e-01
4.006402716040611267e-01 1.779258251190185547e-01 7.998913880437612534e-01 8.971583750098943710e-02 3.609559321776032448e-01 4.307770701125264168e-01 5.529962470754981041e-01 5.247288625687360764e-01
1.331178033724427223e-01 3.472403688356280327e-01 7.998913880437612534e-01 8.971583750098943710e-02 3.609559321776032448e-01 4.307770701125264168e-01 5.529962470754981041e-01 5.247288625687360764e-01
1.331178033724427223e-01 1.779258251190185547e-01 3.125970894470810890e-01 8.971583750098943710e-02 3.609559321776032448e-01 4.307770701125264168e-01 5.529962470754981041e-01 5.247288625687360764e-01
1.331178033724427223e-01 1.779258251190185547e-01 7.998913880437612534e-01 5.947728920727968216e-02 3.609559321776032448e-01 4.307770701125264168e-01 5.529962470754981041e-01 5.247288625687360764e-01
1.331178033724427223e-01 1.779258251190185547e-01 7.998913880437612534e-01 8.971583750098943710e-02 2.897206367924809456e-01 4.307770701125264168e-01 5.529962470754981041e-01 5.247288625687360764e-01
1.331178033724427223e-01 1.779258251190185547e-01 7.998913880437612534e-01 8.971583750098943710e-02 3.609559321776032448e-01 6.374633591622114182e-01 5.529962470754981041e-01 5.247288625687360764e-01
1.331178033724427223e-01 1.779258251190185547e-01 7.998913880437612534e-01 8.971583750098943710e-02 3.609559321776032448e-01 4.307770701125264168e-01 1.034453790634870529e-02 5.247288625687360764e-01
1.331178033724427223e-01 1.779258251190185547e-01 7.998913880437612534e-01 8.971583750098943710e-02 3.609559321776032448e-01 4.307770701125264168e-01 5.529962470754981041e-01 9.772392697632312775e-01
1.331178033724427223e-01 1.779258251190185547e-01 7.998913880437612534e-01 8.971583750098943710e-02 3.609559321776032448e-01 4.307770701125264168e-01 5.529962470754981041e-01 5.247288625687360764e-01
1.110747735947370529e-01 5.179872363805770874e-01 5.209413757547736168e-01 7.200300898402929306e-01 2.454026220366358757e-01 7.523473929613828659e-01 5.385837797075510025e-01 5.610024277120828629e-01
4.719391353428363800e-01 5.179872363805770874e-01 5.209413757547736168e-01 7.200300898402929306e-01 2.454026220366358757e-01 7.523473929613828659e-01 5.385837797075510025e-01 5.610024277120828629e-01
1.110747735947370529e-01 4.400201365351676941e-01 5.209413757547736168e-01 7.200300898402929306e-01 2.454026220366358757e-01 7.523473929613828659e-01 5.385837797075510025e-01 5.610024277120828629e-01
1.110747735947370529e-01 5.179872363805770874e-01 5.696760211139917374e-01 7.200300898402929306e-01 2.454026220366358757e-01 7.523473929613828659e-01 5.385837797075510025e-01 5.610024277120828629e-01
1.110747735947370529e-01 5.179872363805770874e-01 5.209413757547736168e-01 2.515634326264262199e-01 2.454026220366358757e-01 7.523473929613828659e-01 5.385837797075510025e-01 5.610024277120828629e-01
1.110747735947370529e-01 5.179872363805770874e-01 5.209413757547736168e-01 7.200300898402929306e-01 8.538597961887717247e-01 7.523473929613828659e-01 5.385837797075510025e-01 5.610024277120828629e-01
1.110747735947370529e-01 5.179872363805770874e-01 5.209413757547736168e-01 7.200300898402929306e-01 2.454026220366358757e-01 7.510765986517071724e-01 5.385837797075510025e-01 5.610024277120828629e-01
1.110747735947370529e-01 5.179872363805770874e-01 5.209413757547736168e-01 7.200300898402929306e-01 2.454026220366358757e-01 7.523473929613828659e-01 7.637872565537691116e-01 5.610024277120828629e-01
1.110747735947370529e-01 5.179872363805770874e-01 5.209413757547736168e-01 7.200300898402929306e-01 2.454026220366358757e-01 7.523473929613828659e-01 5.385837797075510025e-01 1.834449674934148788e-01
1.110747735947370529e-01 4.400201365351676941e-01 5.696760211139917374e-01 2.515634326264262199e-01 8.538597961887717247e-01 7.510765986517071724e-01 7.637872565537691116e-01 1.834449674934148788e-01
4.719391353428363800e-01 5.179872363805770874e-01 5.696760211139917374e-01 2.515634326264262199e-01 8.538597961887717247e-01 7.510765986517071724e-01 7.637872565537691116e-01 1.834449674934148788e-01
4.719391353428363800e-01 4.400201365351676941e-01 5.209413757547736168e-01 2.515634326264262199e-01 8.538597961887717247e-01 7.510765986517071724e-01 7.637872565537691116e-01 1.834449674934148788e-01
4.719391353428363800e-01 4.400201365351676941e-01 5.696760211139917374e-01 7.200300898402929306e-01 8.538597961887717247e-01 7.510765986517071724e-01 7.637872565537691116e-01 1.834449674934148788e-01
4.719391353428363800e-01 4.400201365351676941e-01 5.696760211139917374e-01 2.515634326264262199e-01 2.454026220366358757e-01 7.510765986517071724e-01 7.637872565537691116e-01 1.834449674934148788e-01
4.719391353428363800e-01 4.400201365351676941e-01 5.696760211139917374e-01 2.515634326264262199e-01 8.538597961887717247e-01 7.523473929613828659e-01 7.637872565537691116e-01 1.834449674934148788e-01
4.719391353428363800e-01 4.400201365351676941e-01 5.696760211139917374e-01 2.515634326264262199e-01 8.538597961887717247e-01 7.510765986517071724e-01 5.385837797075510025e-01 1.834449674934148788e-01
4.719391353428363800e-01 4.400201365351676941e-01 5.696760211139917374e-01 2.515634326264262199e-01 8.538597961887717247e-01 7.510765986517071724e-01 7.637872565537691116e-01 5.610024277120828629e-01
4.719391353428363800e-01 4.400201365351676941e-01 5.696760211139917374e-01 2.515634326264262199e-01 8.538597961887717247e-01 7.510765986517071724e-01 7.637872565537691116e-01 1.834449674934148788e-01
5.736638102680444717e-01 1.129694133996963501e-01 7.374796550720930099e-02 3.085579313337802887e-01 6.537504224106669426e-01 2.174893859773874283e-02 3.181186597794294357e-01 1.716807214543223381e-01
7.126912837848067284e-01 1.129694133996963501e-01 7.374796550720930099e-02 3.085579313337802887e-01 6.537504224106669426e-01 2.174893859773874283e-02 3.181186597794294357e-01 1.716807214543223381e-01
5.736638102680444717e-01 9.693086007609963417e-01 7.374796550720930099e-02 3.085579313337802887e-01 6.537504224106669426e-01 2.174893859773874283e-02 3.181186597794294357e-01 1.716807214543223381e-01
5.736638102680444717e-01 1.129694133996963501e-01 1.847646823152899742e-01 3.085579313337802887e-01 6.537504224106669426e-01 2.174893859773874283e-02 3.181186597794294357e-01 1.716807214543223381e-01
5.736638102680444717e-01 1.129694133996963501e-01 7.374796550720930099e-02 8.067817194387316704e-01 6.537504224106669426e-01 2.174893859773874283e-02 3.181186597794294357e-01 1.716807214543223381e-01
5.736638102680444717e-01 1.129694133996963501e-01 7.374796550720930099e-02 3.085579313337802887e-01 1.688730288296937943e-01 2.174893859773874283e-02 3.181186597794294357e-01 1.716807214543223381e-01
5.736638102680444717e-01 1.129694133996963501e-01 7.374796550720930099e-02 3.085579313337802887e-01 6.537504224106669426e-01 5.949227791279554367e-02 3.181186597794294357e-01 1.716807214543223381e-01
5.736638102680444717e-01 1.129694133996963501e-01 7.374796550720930099e-02 3.085579313337802887e-01 6.537504224106669426e-01 2.174893859773874283e-02 3.185693351551890373e-01 1.716807214543223381e-01
5.736638102680444717e-01 1.129694133996963501e-01 7.374796550720930099e-02 3.085579313337802887e-01 6.537504224106669426e-01 2.174893859773874283e-02 3.181186597794294357e-01 9.445332791656255722e-01
5.736638102680444717e-01 9.693086007609963417e-01 1.847646823152899742e-01 8.067817194387316704e-01 1.688730288296937943e-01 5.949227791279554367e-02 3.185693351551890373e-01 9.445332791656255722e-01
7.126912837848067284e-01 1.129694133996963501e-01 1.847646823152899742e-01 8.067817194387316704e-01 1.688730288296937943e-01 5.949227791279554367e-02 3.185693351551890373e-01 9.445332791656255722e-01
7.126912837848067284e-01 9.693086007609963417e-01 7.374796550720930099e-02 8.067817194387316704e-01 1.688730288296937943e-01 5.949227791279554367e-02 3.185693351551890373e-01 9.445332791656255722e-01
7.126912837848067284e-01 9.693086007609963417e-01 1.847646823152899742e-01 3.085579313337802887e-01 1.688730288296937943e-01 5.949227791279554367e-02 3.185693351551890373e-01 9.445332791656255722e-01
7.126912837848067284e-01 9.693086007609963417e-01 1.847646823152899742e-01 8.067817194387316704e-01 6.537504224106669426e-01 5.949227791279554367e-02 3.185693351551890373e-01 9.445332791656255722e-01
7.126912837848067284e-01 9.693086007609963417e-01 1.847646823152899742e-01 8.067817194387316704e-01 1.688730288296937943e-01 2.174893859773874283e-02 3.185693351551890373e-01 9.445332791656255722e-01
7.126912837848067284e-01 9.693086007609963417e-01 1.847646823152899742e-01 8.067817194387316704e-01 1.688730288296937943e-01 5.949227791279554367e-02 3.181186597794294357e-01 9.445332791656255722e-01
7.126912837848067284e-01 9.693086007609963417e-01 1.847646823152899742e-01 8.067817194387316704e-01 1.688730288296937943e-01 5.949227791279554367e-02 3.185693351551890373e-01 1.716807214543223381e-01
7.126912837848067284e-01 9.693086007609963417e-01 1.847646823152899742e-01 8.067817194387316704e-01 1.688730288296937943e-01 5.949227791279554367e-02 3.185693351551890373e-01 9.445332791656255722e-01
6.714497059583663940e-01 6.557242488488554955e-01 4.563633715733885765e-01 4.360413253307342529e-01 5.323185101151466370e-01 2.802374120801687241e-01 6.394505351781845093e-01 7.364753140136599541e-01
3.580922586843371391e-01 6.557242488488554955e-01 4.563633715733885765e-01 4.360413253307342529e-01 5.323185101151466370e-01 2.802374120801687241e-01 6.394505351781845093e-01 7.364753140136599541e-01
6.714497059583663940e-01 1.196128679439425468e-01 4.563633715733885765e-01 4.360413253307342529e-01 5.323185101151466370e-01 2.802374120801687241e-01 6.394505351781845093e-01 7.364753140136599541e-01
6.714497059583663940e-01 6.557242488488554955e-01 7.020873194560408592e-01 4.360413253307342529e-01 5.323185101151466370e-01 2.802374120801687241e-01 6.394505351781845093e-01 7.364753140136599541e-01
6.714497059583663940e-01 6.557242488488554955e-01 4.563633715733885765e-01 9.254830116406083107e-01 5.323185101151466370e-01 2.802374120801687241e-01 6.394505351781845093e-01 7.364753140136599541e-01
6.714497059583663940e-01 6.557242488488554955e-01 4.563633715733885765e-01 4.360413253307342529e-01 9.789453446865081787e-01 2.802374120801687241e-01 6.394505351781845093e-01 7.364753140136599541e-01
6.714497059583663940e-01 6.557242488488554955e-01 4.563633715733885765e-01 4.360413253307342529e-01 5.323185101151466370e-01 3.562730289995670319e-01 6.394505351781845093e-01 7.364753140136599541e-01
6.714497059583663940e-01 6.557242488488554955e-01 4.563633715733885765e-01 4.360413253307342529e-01 5.323185101151466370e-01 2.802374120801687241e-01 4.040173962712287903e-01 7.364753140136599541e-01
6.714497059583663940e-01 6.557242488488554955e-01 4.563633715733885765e-01 4.360413253307342529e-01 5.323185101151466370e-01 2.802374120801687241e-01 6.394505351781845093e-01 7.662415457889437675e-01
6.714497059583663940e-01 1.196128679439425468e-01 7.020873194560408592e-01 9.254830116406083107e-01 9.789453446865081787e-01 3.562730289995670319e-01 4.040173962712287903e-01 7.662415457889437675e-01
3.580922586843371391e-01 6.557242488488554955e-01 7.020873194560408592e-01 9.254830116406083107e-01 9.789453446865081787e-01 3.562730289995670319e-01 4.040173962712287903e-01 7.662415457889437675e-01
3.580922586843371391e-01 1.196128679439425468e-01 4.563633715733885765e-01 9.254830116406083107e-01 9.789453446865081787e-01 3.562730289995670319e-01 4.040173962712287903e-01 7.662415457889437675e-01
3.580922586843371391e-01 1.196128679439425468e-01 7.020873194560408592e-01 4.360413253307342529e-01 9.789453446865081787e-01 3.562730289995670319e-01 4.040173962712287903e-01 7.662415457889437675e-01
3.580922586843371391e-01 1.196128679439425468e-01 7.020873194560408592e-01 9.254830116406083107e-01 5.323185101151466370e-01 3.562730289995670319e-01 4.040173962712287903e-01 7.662415457889437675e-01
3.580922586843371391e-01 1.196128679439425468e-01 7.020873194560408592e-01 9.254830116406083107e-01 9.789453446865081787e-01 2.802374120801687241e-01 4.040173962712287903e-01 7.662415457889437675e-01
3.580922586843371391e-01 1.196128679439425468e-01 7.020873194560408592e-01 9.254830116406083107e-01 9.789453446865081787e-01 3.562730289995670319e-01 6.394505351781845093e-01 7.662415457889437675e-01
3.580922586843371391e-01 1.196128679439425468e-01 7.020873194560408592e-01 9.254830116406083107e-01 9.789453446865081787e-01 3.562730289995670319e-01 4.040173962712287903e-01 7.364753140136599541e-01
3.580922586843371391e-01 1.196128679439425468e-01 7.020873194560408592e-01 9.254830116406083107e-01 9.789453446865081787e-01 3.562730289995670319e-01 4.040173962712287903e-01 7.662415457889437675e-01
1.457655467092990875e-01 2.487309491261839867e-01 8.883279962465167046e-01 5.978720653802156448e-01 6.946577876806259155e-02 5.105764577165246010e-01 4.810122735798358917e-01 9.727829881012439728e-02
5.821533426642417908e-01 2.487309491261839867e-01 8.883279962465167046e-01 5.978720653802156448e-01 6.946577876806259155e-02 5.105764577165246010e-01 4.810122735798358917e-01 9.727829881012439728e-02
1.457655467092990875e-01 5.864144433289766312e-01 8.883279962465167046e-01 5.978720653802156448e-01 6.946577876806259155e-02 5.105764577165246010e-01 4.810122735798358917e-01 9.727829881012439728e-02
1.457655467092990875e-01 2.487309491261839867e-01 5.128549225628376007e-02 5.978720653802156448e-01 6.946577876806259155e-02 5.105764577165246010e-01 4.810122735798358917e-01 9.727829881012439728e-02
1.457655467092990875e-01 2.487309491261839867e-01 8.883279962465167046e-01 3.828619280830025673e-01 6.946577876806259155e-02 5.105764577165246010e-01 4.810122735798358917e-01 9.727829881012439728e-02
1.457655467092990875e-01 2.487309491261839867e-01 8.883279962465167046e-01 5.978720653802156448e-01 4.373007733374834061e-02 5.105764577165246010e-01 4.810122735798358917e-01 9.727829881012439728e-02
1.457655467092990875e-01 2.487309491261839867e-01 8.883279962465167046e-01 5.978720653802156448e-01 6.946577876806259155e-02 5.792365688830614090e-01 4.810122735798358917e-01 9.727829881012439728e-02
1.457655467092990875e-01 2.487309491261839867e-01 8.883279962465167046e-01 5.978720653802156448e-01 6.946577876806259155e-02 5.105764577165246010e-01 9.586163992062211037e-01 9.727829881012439728e-02
1.457655467092990875e-01 2.487309491261839867e-01 8.883279962465167046e-01 5.978720653802156448e-01 6.946577876806259155e-02 5.105764577165246010e-01 4.810122735798358917e-01 1.057543111965060234e-01
1.457655467092990875e-01 5.864144433289766312e-01 5.128549225628376007e-02 3.828619280830025673e-01 4.373007733374834061e-02 5.792365688830614090e-01 9.586163992062211037e-01 1.057543111965060234e-01
5.821533426642417908e-01 2.487309491261839867e-01 5.128549225628376007e-02 3.828619280830025673e-01 4.373007733374834061e-02 5.792365688830614090e-01 9.586163992062211037e-01 1.057543111965060234e-01
5.821533426642417908e-01 5.864144433289766312e-01 8.883279962465167046e-01 3.828619280830025673e-01 4.373007733374834061e-02 5.792365688830614090e-01 9.586163992062211037e-01 1.057543111965060234e-01
5.821533426642417908e-01 5.864144433289766312e-01 5.128549225628376007e-02 5.978720653802156448e-01 4.373007733374834061e-02 5.792365688830614090e-01 9.586163992062211037e-01 1.057543111965060234e-01
5.821533426642417908e-01 5.864144433289766312e-01 5.128549225628376007e-02 3.828619280830025673e-01 6.946577876806259155e-02 5.792365688830614090e-01 9.586163992062211037e-01 1.057543111965060234e-01
5.821533426642417908e-01 5.864144433289766312e-01 5.128549225628376007e-02 3.828619280830025673e-01 4.373007733374834061e-02 5.105764577165246010e-01 9.586163992062211037e-01 1.057543111965060234e-01
5.821533426642417908e-01 5.864144433289766312e-01 5.128549225628376007e-02 3.828619280830025673e-01 4.373007733374834061e-02 5.792365688830614090e-01 4.810122735798358917e-01 1.057543111965060234e-01
5.821533426642417908e-01 5.864144433289766312e-01 5.128549225628376007e-02 3.828619280830025673e-01 4.373007733374834061e-02 5.792365688830614090e-01 9.586163992062211037e-01 9.727829881012439728e-02
5.821533426642417908e-01 5.864144433289766312e-01 5.128549225628376007e-02 3.828619280830025673e-01 4.373007733374834061e-02 5.792365688830614090e-01 9.586163992062211037e-01 1.057543111965060234e-01
3.737772125750780106e-01 8.899329714477062225e-01 2.117197336629033089e-01 1.812157491222023964e-01 3.952803071588277817e-01 8.793369093909859657e-01 9.390686871483922005e-01 4.271046929061412811e-01
8.117219554260373116e-01 8.899329714477062225e-01 2.117197336629033089e-01 1.812157491222023964e-01 3.952803071588277817e-01 8.793369093909859657e-01 9.390686871483922005e-01 4.271046929061412811e-01
3.737772125750780106e-01 7.938063833862543106e-01 2.117197336629033089e-01 1.812157491222023964e-01 3.952803071588277817e-01 8.793369093909859657e-01 9.390686871483922005e-01 4.271046929061412811e-01
3.737772125750780106e-01 8.899329714477062225e-01 3.132770638912916183e-01 1.812157491222023964e-01 3.952803071588277817e-01 8.793369093909859657e-01 9.390686871483922005e-01 4.271046929061412811e-01
3.737772125750780106e-01 8.899329714477062225e-01 2.117197336629033089e-01 2.053655805066227913e-01 3.952803071588277817e-01 8.793369093909859657e-01 9.390686871483922005e-01 4.271046929061412811e-01
3.737772125750780106e-01 8.899329714477062225e-01 2.117197336629033089e-01 1.812157491222023964e-01 5.537253273651003838e-01 8.793369093909859657e-01 9.390686871483922005e-01 4.271046929061412811e-01
3.737772125750780106e-01 8.899329714477062225e-01 2.117197336629033089e-01 1.812157491222023964e-01 3.952803071588277817e-01 2.276792917400598526e-01 9.390686871483922005e-01 4.271046929061412811e-01
3.737772125750780106e-01 8.899329714477062225e-01 2.117197336629033089e-01 1.812157491222023964e-01 3.952803071588277817e-01 8.793369093909859657e-01 7.321970947086811066e-01 4.271046929061412811e-01
3.737772125750780106e-01 8.899329714477062225e-01 2.117197336629033089e-01 1.812157491222023964e-01 3.952803071588277817e-01 8.793369093909859657e-01 9.390686871483922005e-01 7.019066987559199333e-01
3.737772125750780106e-01 7.938063833862543106e-01 3.132770638912916183e-01 2.053655805066227913e-01 5.537253273651003838e-01 2.276792917400598526e-01 7.321970947086811066e-01 7.019066987559199333e-01
8.117219554260373116e-01 8.899329714477062225e-01 3.132770638912916183e-01 2.053655805066227913e-01 5.537253273651003838e-01 2.276792917400598526e-01 7.321970947086811066e-01 7.019066987559199333e-01
8.117219554260373116e-01 7.938063833862543106e-01 2.117197336629033089e-01 2.053655805066227913e-01 5.537253273651003838e-01 2.276792917400598526e-01 7.321970947086811066e-01 7.019066987559199333e-01
8.117219554260373116e-01 7.938063833862543106e-01 3.132770638912916183e-01 1.812157491222023964e-01 5.537253273651003838e-01 2.276792917400598526e-01 7.321970947086811066e-01 7.019066987559199333e-01
8.117219554260373116e-01 7.938063833862543106e-01 3.132770638912916183e-01 2.053655805066227913e-01 3.952803071588277817e-01 2.276792917400598526e-01 7.321970947086811066e-01 7.019066987559199333e-01
8.117219554260373116e-01 7.938063833862543106e-01 3.132770638912916183e-01 2.053655805066227913e-01 5.537253273651003838e-01 8.793369093909859657e-01 7.321970947086811066e-01 7.019066987559199333e-01
8.117219554260373116e-01 7.938063833862543106e-01 3.132770638912916183e-01 2.053655805066227913e-01 5.537253273651003838e-01 2.276792917400598526e-01 9.390686871483922005e-01 7.019066987559199333e-01
8.117219554260373116e-01 7.938063833862543106e-01 3.132770638912916183e-01 2.053655805066227913e-01 5.537253273651003838e-01 2.276792917400598526e-01 7.321970947086811066e-01 4.271046929061412811e-01
8.117219554260373116e-01 7.938063833862543106e-01 3.132770638912916183e-01 2.053655805066227913e-01 5.537253273651003838e-01 2.276792917400598526e-01 7.321970947086811066e-01 7.019066987559199333e-01
8.168197777122259140e-01 4.829708449542522430e-01 6.310739377513527870e-01 8.468382684513926506e-01 9.872982408851385117e-01 1.409412231296300888e-01 1.600088560953736305e-01 7.860129969194531441e-01
5.598893389105796814e-03 4.829708449542522430e-01 6.310739377513527870e-01 8.468382684513926506e-01 9.872982408851385117e-01 1.409412231296300888e-01 1.600088560953736305e-01 7.860129969194531441e-01
8.168197777122259140e-01 2.645162371918559074e-01 6.310739377513527870e-01 8.468382684513926506e-01 9.872982408851385117e-01 1.409412231296300888e-01 1.600088560953736305e-01 7.860129969194531441e-01
8.168197777122259140e-01 4.829708449542522430e-01 9.322525067254900932e-01 8.468382684513926506e-01 9.872982408851385117e-01 1.409412231296300888e-01 1.600088560953736305e-01 7.860129969194531441e-01
8.168197777122259140e-01 4.829708449542522430e-01 6.310739377513527870e-01 7.284793602302670479e-01 9.872982408851385117e-01 1.409412231296300888e-01 1.600088560953736305e-01 7.860129969194531441e-01
8.168197777122259140e-01 4.829708449542522430e-01 6.310739377513527870e-01 8.468382684513926506e-01 4.860417898744344711e-01 1.409412231296300888e-01 1.600088560953736305e-01 7.860129969194531441e-01
8.168197777122259140e-01 4.829708449542522430e-01 6.310739377513527870e-01 8.468382684513926506e-01 9.872982408851385117e-01 9.578454606235027313e-01 1.600088560953736305e-01 7.860129969194531441e-01
8.168197777122259140e-01 4.829708449542522430e-01 6.310739377513527870e-01 8.468382684513926506e-01 9.872982408851385117e-01 1.409412231296300888e-01 1.620336519554257393e-01 7.860129969194531441e-01
8.168197777122259140e-01 4.829708449542522430e-01 6.310739377513527870e-01 8.468382684513926506e-01 9.872982408851385117e-01 1.409412231296300888e-01 1.600088560953736305e-01 4.239955721423029900e-01
8.168197777122259140e-01 2.645162371918559074e-01 9.322525067254900932e-01 7.284793602302670479e-01 4.860417898744344711e-01 9.578454606235027313e-01 1.620336519554257393e-01 4.239955721423029900e-01
5.598893389105796814e-03 4.829708449542522430e-01 9.322525067254900932e-01 7.284793602302670479e-01 4.860417898744344711e-01 9.578454606235027313e-01 1.620336519554257393e-01 4.239955721423029900e-01
5.598893389105796814e-03 2.645162371918559074e-01 6.310739377513527870e-01 7.284793602302670479e-01 4.860417898744344711e-01 9.578454606235027313e-01 1.620336519554257393e-01 4.239955721423029900e-01
5.598893389105796814e-03 2.645162371918559074e-01 9.322525067254900932e-01 8.468382684513926506e-01 4.860417898744344711e-01 9.578454606235027313e-01 1.620336519554257393e-01 4.239955721423029900e-01
5.598893389105796814e-03 2.645162371918559074e-01 9.322525067254900932e-01 7.284793602302670479e-01 9.872982408851385117e-01 9.578454606235027313e-01 1.620336519554257393e-01 4.239955721423029900e-01
5.598893389105796814e-03 2.645162371918559074e-01 9.322525067254900932e-01 7.284793602302670479e-01 4.860417898744344711e-01 1.409412231296300888e-01 1.620336519554257393e-01 4.239955721423029900e-01
5.598893389105796814e-03 2.645162371918559074e-01 9.322525067254900932e-01 7.284793602302670479e-01 4.860417898744344711e-01 9.578454606235027313e-01 1.600088560953736305e-01 4.239955721423029900e-01
5.598893389105796814e-03 2.645162371918559074e-01 9.322525067254900932e-01 7.284793602302670479e-01 4.860417898744344711e-01 9.578454606235027313e-01 1.620336519554257393e-01 7.860129969194531441e-01
5.598893389105796814e-03 2.645162371918559074e-01 9.322525067254900932e-01 7.284793602302670479e-01 4.860417898744344711e-01 9.578454606235027313e-01 1.620336519554257393e-01 4.239955721423029900e-01
8.364554233849048615e-01 6.754126138985157013e-01 9.802543288096785545e-01 6.374801881611347198e-01 3.710873425006866455e-02 4.761922173202037811e-03 9.151603300124406815e-01 9.920726167038083076e-01
5.171780716627836227e-01 6.754126138985157013e-01 9.802543288096785545e-01 6.374801881611347198e-01 3.710873425006866455e-02 4.761922173202037811e-03 9.151603300124406815e-01 9.920726167038083076e-01
8.364554233849048615e-01 8.372058710083365440e-01 9.802543288096785545e-01 6.374801881611347198e-01 3.710873425006866455e-02 4.761922173202037811e-03 9.151603300124406815e-01 9.920726167038083076e-01
8.364554233849048615e-01 6.754126138985157013e-01 5.986766032874584198e-01 6.374801881611347198e-01 3.710873425006866455e-02 4.761922173202037811e-03 9.151603300124406815e-01 9.920726167038083076e-01
8.364554233849048615e-01 6.754126138985157013e-01 9.802543288096785545e-01 1.204044483602046967e-01 3.710873425006866455e-02 4.761922173202037811e-03 9.151603300124406815e-01 9.920726167038083076e-01
8.364554233849048615e-01 6.754126138985157013e-01 9.802543288096785545e-01 6.374801881611347198e-01 5.174615830183029175e-01 4.761922173202037811e-03 9.151603300124406815e-01 9.920726167038083076e-01
8.364554233849048615e-01 6.754126138985157013e-01 9.802543288096785545e-01 6.374801881611347198e-01 3.710873425006866455e-02 3.745833672583103180e-01 9.151603300124406815e-01 9.920726167038083076e-01
8.364554233849048615e-01 6.754126138985157013e-01 9.802543288096785545e-01 6.374801881611347198e-01 3.710873425006866455e-02 4.761922173202037811e-03 4.423619946464896202e-01 9.920726167038083076e-01
8.364554233849048615e-01 6.754126138985157013e-01 9.802543288096785545e-01 6.374801881611347198e-01 3.710873425006866455e-02 4.761922173202037811e-03 9.151603300124406815e-01 7.621042905375361443e-01
8.364554233849048615e-01 8.372058710083365440e-01 5.986766032874584198e-01 1.204044483602046967e-01 5.174615830183029175e-01 3.745833672583103180e-01 4.423619946464896202e-01 7.621042905375361443e-01
5.171780716627836227e-01 6.754126138985157013e-01 5.986766032874584198e-01 1.204044483602046967e-01 5.174615830183029175e-01 3.745833672583103180e-01 4.423619946464896202e-01 7.621042905375361443e-01
5.171780716627836227e-01 8.372058710083365440e-01 9.802543288096785545e-01 1.204044483602046967e-01 5.174615830183029175e-01 3.745833672583103180e-01 4.423619946464896202e-01 7.621042905375361443e-01
5.171780716627836227e-01 8.372058710083365440e-01 5.986766032874584198e-01 6.374801881611347198e-01 5.174615830183029175e-01 3.745833672583103180e-01 4.423619946464896202e-01 7.621042905375361443e-01
5.171780716627836227e-01 8.372058710083365440e-01 5.986766032874584198e-01 1.204044483602046967e-01 3.710873425006866455e-02 3.745833672583103180e-01 4.423619946464896202e-01 7.621042905375361443e-01
5.171780716627836227e-01 8.372058710083365440e-01 5.986766032874584198e-01 1.204044483602046967e-01 5.174615830183029175e-01 4.761922173202037811e-03 4.423619946464896202e-01 7.621042905375361443e-01
5.171780716627836227e-01 8.372058710083365440e-01 5.986766032874584198e-01 1.204044483602046967e-01 5.174615830183029175e-01 3.745833672583103180e-01 9.151603300124406815e-01 7.621042905375361443e-01
5.171780716627836227e-01 8.372058710083365440e-01 5.986766032874584198e-01 1.204044483602046967e-01 5.174615830183029175e-01 3.745833672583103180e-01 4.423619946464896202e-01 9.920726167038083076e-01
5.171780716627836227e-01 8.372058710083365440e-01 5.986766032874584198e-01 1.204044483602046967e-01 5.174615830183029175e-01 3.745833672583103180e-01 4.423619946464896202e-01 7.621042905375361443e-01
3.460267484188079834e-01 2.054219730198383331e-01 4.269522977992892265e-01 3.344672676175832748e-01 5.661841332912445068e-01 7.663662321865558624e-01 1.985995527356863022e-01 3.499588333070278168e-01
2.920860918238759041e-01 2.054219730198383331e-01 4.269522977992892265e-01 3.344672676175832748e-01 5.661841332912445068e-01 7.663662321865558624e-01 1.985995527356863022e-01 3.499588333070278168e-01
3.460267484188079834e-01 3.704021330922842026e-01 4.269522977992892265e-01 3.344672676175832748e-01 5.661841332912445068e-01 7.663662321865558624e-01 1.985995527356863022e-01 3.499588333070278168e-01
3.460267484188079834e-01 2.054219730198383331e-01 1.556422645226120949e-01 3.344672676175832748e-01 5.661841332912445068e-01 7.663662321865558624e-01 1.985995527356863022e-01 3.499588333070278168e-01
3.460267484188079834e-01 2.054219730198383331e-01 4.269522977992892265e-01 5.634399838745594025e-01 5.661841332912445068e-01 7.663662321865558624e-01 1.985995527356863022e-01 3.499588333070278168e-01
3.460267484188079834e-01 2.054219730198383331e-01 4.269522977992892265e-01 3.344672676175832748e-01 4.602900566533207893e-01 7.663662321865558624e-01 1.985995527356863022e-01 3.499588333070278168e-01
3.460267484188079834e-01 2.054219730198383331e-01 4.269522977992892265e-01 3.344672676175832748e-01 5.661841332912445068e-01 5.648325998336076736e-01 1.985995527356863022e-01 3.499588333070278168e-01
3.460267484188079834e-01 2.054219730198383331e-01 4.269522977992892265e-01 3.344672676175832748e-01 5.661841332912445068e-01 7.663662321865558624e-01 8.875265102833509445e-01 3.499588333070278168e-01
3.460267484188079834e-01 2.054219730198383331e-01 4.269522977992892265e-01 3.344672676175832748e-01 5.661841332912445068e-01 7.663662321865558624e-01 1.985995527356863022e-01 1.099179564043879509e-01
3.460267484188079834e-01 3.704021330922842026e-01 1.556422645226120949e-01 5.634399838745594025e-01 4.602900566533207893e-01 5.648325998336076736e-01 8.875265102833509445e-01 1.099179564043879509e-01
2.920860918238759041e-01 2.054219730198383331e-01 1.556422645226120949e-01 5.634399838745594025e-01 4.602900566533207893e-01 5.648325998336076736e-01 8.875265102833509445e-01 1.099179564043879509e-01
2.920860918238759041e-01 3.704021330922842026e-01 4.269522977992892265e-01 5.634399838745594025e-01 4.602900566533207893e-01 5.648325998336076736e-01 8.875265102833509445e-01 1.099179564043879509e-01
2.920860918238759041e-01 3.704021330922842026e-01 1.556422645226120949e-01 3.344672676175832748e-01 4.602900566533207893e-01 5.648325998336076736e-01 8.875265102833509445e-01 1.099179564043879509e-01
2.920860918238759041e-01 3.704021330922842026e-01 1.556422645226120949e-01 5.634399838745594025e-01 5.661841332912445068e-01 5.648325998336076736e-01 8.875265102833509445e-01 1.099179564043879509e-01
2.920860918238759041e-01 3.704021330922842026e-01 1.556422645226120949e-01 5.634399838745594025e-01 4.602900566533207893e-01 7.663662321865558624e-01 8.875265102833509445e-01 1.099179564043879509e-01
2.920860918238759041e-01 3.704021330922842026e-01 1.556422645226120949e-01 5.634399838745594025e-01 4.602900566533207893e-01 5.648325998336076736e-01 1.985995527356863022e-01 1.099179564043879509e-01
2.920860918238759041e-01 3.704021330922842026e-01 1.556422645226120949e-01 5.634399838745594025e-01 4.602900566533207893e-01 5.648325998336076736e-01 8.875265102833509445e-01 3.499588333070278168e-01
2.920860918238759041e-01 3.704021330922842026e-01 1.556422645226120949e-01 5.634399838745594025e-01 4.602900566533207893e-01 5.648325998336076736e-01 8.875265102833509445e-01 1.099179564043879509e-01
1.344306822866201401e-01 9.098049243912100792e-01 7.190940352156758308e-01 8.865608321502804756e-01 8.907607179135084152e-01 6.546865142881870270e-01 7.248875787481665611e-01 1.724761892110109329e-01
6.254801154136657715e-02 9.098049243912100792e-01 7.190940352156758308e-01 8.865608321502804756e-01 8.907607179135084152e-01 6.546865142881870270e-01 7.248875787481665611e-01 1.724761892110109329e-01
1.344306822866201401e-01 1.554921083152294159e-02 7.190940352156758308e-01 8.865608321502804756e-01 8.907607179135084152e-01 6.546865142881870270e-01 7.248875787481665611e-01 1.724761892110109329e-01
1.344306822866201401e-01 9.098049243912100792e-01 4.796722428873181343e-01 8.865608321502804756e-01 8.907607179135084152e-01 6.546865142881870270e-01 7.248875787481665611e-01 1.724761892110109329e-01
1.344306822866201401e-01 9.098049243912100792e-01 7.190940352156758308e-01 7.760687842965126038e-01 8.907607179135084152e-01 6.546865142881870270e-01 7.248875787481665611e-01 1.724761892110109329e-01
1.344306822866201401e-01 9.098049243912100792e-01 7.190940352156758308e-01 8.865608321502804756e-01 9.497759444639086723e-01 6.546865142881870270e-01 7.248875787481665611e-01 1.724761892110109329e-01
1.344306822866201401e-01 9.098049243912100792e-01 7.190940352156758308e-01 8.865608321502804756e-01 8.907607179135084152e-01 2.445253822952508926e-01 7.248875787481665611e-01 1.724761892110109329e-01
1.344306822866201401e-01 9.098049243912100792e-01 7.190940352156758308e-01 8.865608321502804756e-01 8.907607179135084152e-01 6.546865142881870270e-01 6.763044176623225212e-01 1.724761892110109329e-01
1.344306822866201401e-01 9.098049243912100792e-01 7.190940352156758308e-01 8.865608321502804756e-01 8.907607179135084152e-01 6.546865142881870270e-01 7.248875787481665611e-01 7.050940943881869316e-01
1.344306822866201401e-01 1.554921083152294159e-02 4.796722428873181343e-01 7.760687842965126038e-01 9.497759444639086723e-01 2.445253822952508926e-01 6.763044176623225212e-01 7.050940943881869316e-01
6.254801154136657715e-02 9.098049243912100792e-01 4.796722428873181343e-01 7.760687842965126038e-01 9.497759444639086723e-01 2.445253822952508926e-01 6.763044176623225212e-01 7.050940943881869316e-01
6.254801154136657715e-02 1.554921083152294159e-02 7.190940352156758308e-01 7.760687842965126038e-01 9.497759444639086723e-01 2.445253822952508926e-01 6.763044176623225212e-01 7.050940943881869316e-01
6.254801154136657715e-02 1.554921083152294159e-02 4.796722428873181343e-01 8.865608321502804756e-01 9.497759444639086723e-01 2.445253822952508926e-01 6.763044176623225212e-01 7.050940943881869316e-01
6.254801154136657715e-02 1.554921083152294159e-02 4.796722428873181343e-01 7.760687842965126038e-01 8.907607179135084152e-01 2.445253822952508926e-01 6.763044176623225212e-01 7.050940943881869316e-01
6.254801154136657715e-02 1.554921083152294159e-02 4.796722428873181343e-01 7.760687842965126038e-01 9.497759444639086723e-01 6.546865142881870270e-01 6.763044176623225212e-01 7.050940943881869316e-01
6.254801154136657715e-02 1.554921083152294159e-02 4.796722428873181343e-01 7.760687842965126038e-01 9.497759444639086723e-01 2.445253822952508926e-01 7.248875787481665611e-01 7.050940943881869316e-01
6.254801154136657715e-02 1.554921083152294159e-02 4.796722428873181343e-01 7.760687842965126038e-01 9.497759444639086723e-01 2.445253822952508926e-01 6.763044176623225212e-01 1.724761892110109329e-01
6.254801154136657715e-02 1.554921083152294159e-02 4.796722428873181343e-01 7.760687842965126038e-01 9.497759444639086723e-01 2.445253822952508926e-01 6.763044176623225212e-01 7.050940943881869316e-01
6.752743888646364212e-01 4.398445030674338341e-01 1.862148949876427650e-01 7.952725049108266830e-02 4.903316628187894821e-01 3.850255636498332024e-01 3.789464486762881279e-01 5.323786837980151176e-01
8.696409938856959343e-01 4.398445030674338341e-01 1.862148949876427650e-01 7.952725049108266830e-02 4.903316628187894821e-01 3.850255636498332024e-01 3.789464486762881279e-01 5.323786837980151176e-01
6.752743888646364212e-01 5.448414897546172142e-01 1.862148949876427650e-01 7.952725049108266830e-02 4.903316628187894821e-01 3.850255636498332024e-01 3.789464486762881279e-01 5.323786837980151176e-01
6.752743888646364212e-01 4.398445030674338341e-01 7.668643891811370850e-01 7.952725049108266830e-02 4.903316628187894821e-01 3.850255636498332024e-01 3.789464486762881279e-01 5.323786837980151176e-01
6.752743888646364212e-01 4.398445030674338341e-01 1.862148949876427650e-01 2.822757065296173096e-01 4.903316628187894821e-01 3.850255636498332024e-01 3.789464486762881279e-01 5.323786837980151176e-01
6.752743888646364212e-01 4.398445030674338341e-01 1.862148949876427650e-01 7.952725049108266830e-02 9.907325729727745056e-03 3.850255636498332024e-01 3.789464486762881279e-01 5.323786837980151176e-01
6.752743888646364212e-01 4.398445030674338341e-01 1.862148949876427650e-01 7.952725049108266830e-02 4.903316628187894821e-01 9.449059776961803436e-01 3.789464486762881279e-01 5.323786837980151176e-01
6.752743888646364212e-01 4.398445030674338341e-01 1.862148949876427650e-01 7.952725049108266830e-02 4.903316628187894821e-01 3.850255636498332024e-01 2.467043418437242508e-01 5.323786837980151176e-01
6.752743888646364212e-01 4.398445030674338341e-01 1.862148949876427650e-01 7.952725049108266830e-02 4.903316628187894821e-01 3.850255636498332024e-01 3.789464486762881279e-01 4.208351923152804375e-01
6.752743888646364212e-01 5.448414897546172142e-01 7.668643891811370850e-01 2.822757065296173096e-01 9.907325729727745056e-03 9.449059776961803436e-01 2.467043418437242508e-01 4.208351923152804375e-01
8.696409938856959343e-01 4.398445030674338341e-01 7.668643891811370850e-01 2.822757065296173096e-01 9.907325729727745056e-03 9.449059776961803436e-01 2.467043418437242508e-01 4.208351923152804375e-01
8.696409938856959343e-01 5.448414897546172142e-01 1.862148949876427650e-01 2.822757065296173096e-01 9.907325729727745056e-03 9.449059776961803436e-01 2.467043418437242508e-01 4.208351923152804375e-01
8.696409938856959343e-01 5.448414897546172142e-01 7.668643891811370850e-01 7.952725049108266830e-02 9.907325729727745056e-03 9.449059776961803436e-01 2.467043418437242508e-01 4.208351923152804375e-01
8.696409938856959343e-01 5.448414897546172142e-01 7.668643891811370850e-01 2.822757065296173096e-01 4.903316628187894821e-01 9.449059776961803436e-01 2.467043418437242508e-01 4.208351923152804375e-01
8.696409938856959343e-01 5.448414897546172142e-01 7.668643891811370850e-01 2.822757065296173096e-01 9.907325729727745056e-03 3.850255636498332024e-01 2.467043418437242508e-01 4.208351923152804375e-01
8.696409938856959343e-01 5.448414897546172142e-01 7.668643891811370850e-01 2.822757065296173096e-01 9.907325729727745056e-03 9.449059776961803436e-01 3.789464486762881279e-01 4.208351923152804375e-01
8.696409938856959343e-01 5.448414897546172142e-01 7.668643891811370850e-01 2.822757065296173096e-01 9.907325729727745056e-03 9.449059776961803436e-01 2.467043418437242508e-01 5.323786837980151176e-01
8.696409938856959343e-01 5.448414897546172142e-01 7.668643891811370850e-01 2.822757065296173096e-01 9.907325729727745056e-03 9.449059776961803436e-01 2.467043418437242508e-01 4.208351923152804375e-01
5.854688361287117004e-01 7.956503108143806458e-01 2.875800626352429390e-01 2.071250258013606071e-01 3.226980315521359444e-01 1.278989426791667938e-01 5.771730439737439156e-01 1.218734858557581902e-01
2.010771324858069420e-01 7.956503108143806458e-01 2.875800626352429390e-01 2.071250258013606071e-01 3.226980315521359444e-01 1.278989426791667938e-01 5.771730439737439156e-01 1.218734858557581902e-01
5.854688361287117004e-01 4.287234814837574959e-01 2.875800626352429390e-01 2.071250258013606071e-01 3.226980315521359444e-01 1.278989426791667938e-01 5.771730439737439156e-01 1.218734858557581902e-01
5.854688361287117004e-01 7.956503108143806458e-01 3.462903425097465515e-01 2.071250258013606071e-01 3.226980315521359444e-01 1.278989426791667938e-01 5.771730439737439156e-01 1.218734858557581902e-01
5.854688361287117004e-01 7.956503108143806458e-01 2.875800626352429390e-01 4.146492350846529007e-01 3.226980315521359444e-01 1.278989426791667938e-01 5.771730439737439156e-01 1.218734858557581902e-01
5.854688361287117004e-01 7.956503108143806458e-01 2.875800626352429390e-01 2.071250258013606071e-01 8.249227739870548248e-01 1.278989426791667938e-01 5.771730439737439156e-01 1.218734858557581902e-01
5.854688361287117004e-01 7.956503108143806458e-01 2.875800626352429390e-01 2.071250258013606071e-01 3.226980315521359444e-01 6.481178356334567070e-01 5.771730439737439156e-01 1.218734858557581902e-01
5.854688361287117004e-01 7.956503108143806458e-01 2.875800626352429390e-01 2.071250258013606071e-01 3.226980315521359444e-01 1.278989426791667938e-01 3.821430448442697525e-02 1.218734858557581902e-01
5.854688361287117004e-01 7.956503108143806458e-01 2.875800626352429390e-01 2.071250258013606071e-01 3.226980315521359444e-01 1.278989426791667938e-01 5.771730439737439156e-01 3.686420824378728867e-01
5.854688361287117004e-01 4.287234814837574959e-01 3.462903425097465515e-01 4.146492350846529007e-01 8.249227739870548248e-01 6.481178356334567070e-01 3.821430448442697525e-02 3.686420824378728867e-01
2.010771324858069420e-01 7.956503108143806458e-01 3.462903425097465515e-01 4.146492350846529007e-01 8.249227739870548248e-01 6.481178356334567070e-01 3.821430448442697525e-02 3.686420824378728867e-01
2.010771324858069420e-01 4.287234814837574959e-01 2.875800626352429390e-01 4.146492350846529007e-01 8.249227739870548248e-01 6.481178356334567070e-01 3.821430448442697525e-02 3.686420824378728867e-01
2.010771324858069420e-01 4.287234814837574959e-01 3.462903425097465515e-01 2.071250258013606071e-01 8.249227739870548248e-01 6.481178356334567070e-01 3.821430448442697525e-02 3.686420824378728867e-01
2.010771324858069420e-01 4.287234814837574959e-01 3.462903425097465515e-01 4.146492350846529007e-01 3.226980315521359444e-01 6.481178356334567070e-01 3.821430448442697525e-02 3.686420824378728867e-01
2.010771324858069420e-01 4.287234814837574959e-01 3.462903425097465515e-01 4.146492350846529007e-01 8.249227739870548248e-01 1.278989426791667938e-01 3.821430448442697525e-02 3.686420824378728867e-01
2.010771324858069420e-01 4.287234814837574959e-01 3.462903425097465515e-01 4.146492350846529007e-01 8.249227739870548248e-01 6.481178356334567070e-01 5.771730439737439156e-01 3.686420824378728867e-01
2.010771324858069420e-01 4.287234814837574959e-01 3.462903425097465515e-01 4.146492350846529007e-01 8.249227739870548248e-01 6.481178356334567070e-01 3.821430448442697525e-02 1.218734858557581902e-01
2.010771324858069420e-01 4.287234814837574959e-01 3.462903425097465515e-01 4.146492350846529007e-01 8.249227739870548248e-01 6.481178356334567070e-01 3.821430448442697525e-02 3.686420824378728867e-01
1.067742072045803070e-01 3.276197090744972229e-01 8.677304172888398170e-01 7.642883071675896645e-01 7.932559447363018990e-01 8.973004920408129692e-01 2.942050555720925331e-01 7.318959031254053116e-01
9.916098825633525848e-01 3.276197090744972229e-01 8.677304172888398170e-01 7.642883071675896645e-01 7.932559447363018990e-01 8.973004920408129692e-01 2.942050555720925331e-01 7.318959031254053116e-01
1.067742072045803070e-01 8.955288715660572052e-01 8.677304172888398170e-01 7.642883071675896645e-01 7.932559447363018990e-01 8.973004920408129692e-01 2.942050555720925331e-01 7.318959031254053116e-01
1.067742072045803070e-01 3.276197090744972229e-01 8.993615331128239632e-01 7.642883071675896645e-01 7.932559447363018990e-01 8.973004920408129692e-01 2.942050555720925331e-01 7.318959031254053116e-01
1.067742072045803070e-01 3.276197090744972229e-01 8.677304172888398170e-01 8.936955276876688004e-01 7.932559447363018990e-01 8.973004920408129692e-01 2.942050555720925331e-01 7.318959031254053116e-01
1.067742072045803070e-01 3.276197090744972229e-01 8.677304172888398170e-01 7.642883071675896645e-01 1.348256403580307961e-01 8.973004920408129692e-01 2.942050555720925331e-01 7.318959031254053116e-01
1.067742072045803070e-01 3.276197090744972229e-01 8.677304172888398170e-01 7.642883071675896645e-01 7.932559447363018990e-01 4.163723262026906013e-01 2.942050555720925331e-01 7.318959031254053116e-01
1.067742072045803070e-01 3.276197090744972229e-01 8.677304172888398170e-01 7.642883071675896645e-01 7.932559447363018990e-01 8.973004920408129692e-01 6.084311529994010925e-01 7.318959031254053116e-01
1.067742072045803070e-01 3.276197090744972229e-01 8.677304172888398170e-01 7.642883071675896645e-01 7.932559447363018990e-01 8.973004920408129692e-01 2.942050555720925331e-01 5.054551865905523300e-01
1.067742072045803070e-01 8.955288715660572052e-01 8.993615331128239632e-01 8.936955276876688004e-01 1.348256403580307961e-01 4.163723262026906013e-01 6.084311529994010925e-01 5.054551865905523300e-01
9.916098825633525848e-01 3.276197090744972229e-01 8.993615331128239632e-01 8.936955276876688004e-01 1.348256403580307961e-01 4.163723262026906013e-01 6.084311529994010925e-01 5.054551865905523300e-01
9.916098825633525848e-01 8.955288715660572052e-01 8.677304172888398170e-01 8.936955276876688004e-01 1.348256403580307961e-01 4.163723262026906013e-01 6.084311529994010925e-01 5.054551865905523300e-01
9.916098825633525848e-01 8.955288715660572052e-01 8.993615331128239632e-01 7.642883071675896645e-01 1.348256403580307961e-01 4.163723262026906013e-01 6.084311529994010925e-01 5.054551865905523300e-01
9.916098825633525848e-01 8.955288715660572052e-01 8.993615331128239632e-01 8.936955276876688004e-01 7.932559447363018990e-01 4.163723262026906013e-01 6.084311529994010925e-01 5.054551865905523300e-01
9.916098825633525848e-01 8.955288715660572052e-01 8.993615331128239632e-01 8.936955276876688004e-01 1.348256403580307961e-01 8.973004920408129692e-01 6.084311529994010925e-01 5.054551865905523300e-01
9.916098825633525848e-01 8.955288715660572052e-01 8.993615331128239632e-01 8.936955276876688004e-01 1.348256403580307961e-01 4.163723262026906013e-01 2.942050555720925331e-01 5.054551865905523300e-01
9.916098825633525848e-01 8.955288715660572052e-01 8.993615331128239632e-01 8.936955276876688004e-01 1.348256403580307961e-01 4.163723262026906013e-01 6.084311529994010925e-01 7.318959031254053116e-01
9.916098825633525848e-01 8.955288715660572052e-01 8.993615331128239632e-01 8.936955276876688004e-01 1.348256403580307961e-01 4.163723262026906013e-01 6.084311529994010925e-01 5.054551865905523300e-01
3.815110269933938980e-01 5.610439656302332878e-01 4.482470359653234482e-02 4.560912270098924637e-01 7.496838076040148735e-01 5.238708807155489922e-01 7.503102496266365051e-01 8.082889951765537262e-01
6.528191426768898964e-01 5.610439656302332878e-01 4.482470359653234482e-02 4.560912270098924637e-01 7.496838076040148735e-01 5.238708807155489922e-01 7.503102496266365051e-01 8.082889951765537262e-01
3.815110269933938980e-01 7.203486971557140350e-01 4.482470359653234482e-02 4.560912270098924637e-01 7.496838076040148735e-01 5.238708807155489922e-01 7.503102496266365051e-01 8.082889951765537262e-01
3.815110269933938980e-01 5.610439656302332878e-01 7.311922023072838783e-01 4.560912270098924637e-01 7.496838076040148735e-01 5.238708807155489922e-01 7.503102496266365051e-01 8.082889951765537262e-01
3.815110269933938980e-01 5.610439656302332878e-01 4.482470359653234482e-02 6.966677363961935043e-01 7.496838076040148735e-01 5.238708807155489922e-01 7.503102496266365051e-01 8.082889951765537262e-01
3.815110269933938980e-01 5.610439656302332878e-01 4.482470359653234482e-02 4.560912270098924637e-01 6.423794915899634361e-01 5.238708807155489922e-01 7.503102496266365051e-01 8.082889951765537262e-01
3.815110269933938980e-01 5.610439656302332878e-01 4.482470359653234482e-02 4.560912270098924637e-01 7.496838076040148735e-01 7.679220335558056831e-01 7.503102496266365051e-01 8.082889951765537262e-01
3.815110269933938980e-01 5.610439656302332878e-01 4.482470359653234482e-02 4.560912270098924637e-01 7.496838076040148735e-01 5.238708807155489922e-01 8.352738814428448677e-01 8.082889951765537262e-01
3.815110269933938980e-01 5.610439656302332878e-01 4.482470359653234482e-02 4.560912270098924637e-01 7.496838076040148735e-01 5.238708807155489922e-01 7.503102496266365051e-01 1.631944458931684494e-01
3.815110269933938980e-01 7.203486971557140350e-01 7.311922023072838783e-01 6.966677363961935043e-01 6.423794915899634361e-01 7.679220335558056831e-01 8.352738814428448677e-01 1.631944458931684494e-01
6.528191426768898964e-01 5.610439656302332878e-01 7.311922023072838783e-01 6.966677363961935043e-01 6.423794915899634361e-01 7.679220335558056831e-01 8.352738814428448677e-01 1.631944458931684494e-01
6.528191426768898964e-01 7.203486971557140350e-01 4.482470359653234482e-02 6.966677363961935043e-01 6.423794915899634361e-01 7.679220335558056831e-01 8.352738814428448677e-01 1.631944458931684494e-01
6.528191426768898964e-01 7.203486971557140350e-01 7.311922023072838783e-01 4.560912270098924637e-01 6.423794915899634361e-01 7.679220335558056831e-01 8.352738814428448677e-01 1.631944458931684494e-01
6.528191426768898964e-01 7.203486971557140350e-01 7.311922023072838783e-01 6.966677363961935043e-01 7.496838076040148735e-01 7.679220335558056831e-01 8.352738814428448677e-01 1.631944458931684494e-01
6.528191426768898964e-01 7.203486971557140350e-01 7.311922023072838783e-01 6.966677363961935043e-01 6.423794915899634361e-01 5.238708807155489922e-01 8.352738814428448677e-01 1.631944458931684494e-01
6.528191426768898964e-01 7.203486971557140350e-01 7.311922023072838783e-01 6.966677363961935043e-01 6.423794915899634361e-01 7.679220335558056831e-01 7.503102496266365051e-01 1.631944458931684494e-01
6.528191426768898964e-01 7.203486971557140350e-01 7.311922023072838783e-01 6.966677363961935043e-01 6.423794915899634361e-01 7.679220335558056831e-01 8.352738814428448677e-01 8.082889951765537262e-01
6.528191426768898964e-01 7.203486971557140350e-01 7.311922023072838783e-01 6.966677363961935043e-01 6.423794915899634361e-01 7.679220335558056831e-01 8.352738814428448677e-01 1.631944458931684494e-01
9.340582024306058884e-01 9.304501395672559738e-02 6.123798964545130730e-01 5.094627290964126587e-01 1.499903155490756035e-01 2.620376907289028168e-01 9.577633067965507507e-02 4.160552890971302986e-01
4.130368549376726151e-01 9.304501395672559738e-02 6.123798964545130730e-01 5.094627290964126587e-01 1.499903155490756035e-01 2.620376907289028168e-01 9.577633067965507507e-02 4.160552890971302986e-01
9.340582024306058884e-01 1.910623656585812569e-01 6.123798964545130730e-01 5.094627290964126587e-01 1.499903155490756035e-01 2.620376907289028168e-01 9.577633067965507507e-02 4.160552890971302986e-01
9.340582024306058884e-01 9.304501395672559738e-02 2.230243757367134094e-02 5.094627290964126587e-01 1.499903155490756035e-01 2.620376907289028168e-01 9.577633067965507507e-02 4.160552890971302986e-01
9.340582024306058884e-01 9.304501395672559738e-02 6.123798964545130730e-01 2.371764313429594040e-01 1.499903155490756035e-01 2.620376907289028168e-01 9.577633067965507507e-02 4.160552890971302986e-01
9.340582024306058884e-01 9.304501395672559738e-02 6.123798964545130730e-01 5.094627290964126587e-01 3.354371804744005203e-01 2.620376907289028168e-01 9.577633067965507507e-02 4.160552890971302986e-01
9.340582024306058884e-01 9.304501395672559738e-02 6.123798964545130730e-01 5.094627290964126587e-01 1.499903155490756035e-01 4.655297379940748215e-02 9.577633067965507507e-02 4.160552890971302986e-01
9.340582024306058884e-01 9.304501395672559738e-02 6.123798964545130730e-01 5.094627290964126587e-01 1.499903155490756035e-01 2.620376907289028168e-01 2.807435430586338043e-01 4.160552890971302986e-01
9.340582024306058884e-01 9.304501395672559738e-02 6.123798964545130730e-01 5.094627290964126587e-01 1.499903155490756035e-01 2.620376907289028168e-01 9.577633067965507507e-02 9.648102205246686935e-01
9.340582024306058884e-01 1.910623656585812569e-01 2.230243757367134094e-02 2.371764313429594040e-01 3.354371804744005203e-01 4.655297379940748215e-02 2.807435430586338043e-01 9.648102205246686935e-01
4.130368549376726151e-01 9.304501395672559738e-02 2.230243757367134094e-02 2.371764313429594040e-01 3.354371804744005203e-01 4.655297379940748215e-02 2.807435430586338043e-01 9.648102205246686935e-01
4.130368549376726151e-01 1.910623656585812569e-01 6.123798964545130730e-01 2.371764313429594040e-01 3.354371804744005203e-01 4.655297379940748215e-02 2.807435430586338043e-01 9.648102205246686935e-01
4.130368549376726151e-01 1.910623656585812569e-01 2.230243757367134094e-02 5.094627290964126587e-01 3.354371804744005203e-01 4.655297379940748215e-02 2.807435430586338043e-01 9.648102205246686935e-01
4.130368549376726151e-01 1.910623656585812569e-01 2.230243757367134094e-02 2.371764313429594040e-01 1.499903155490756035e-01 4.655297379940748215e-02 2.807435430586338043e-01 9.648102205246686935e-01
4.130368549376726151e-01 1.910623656585812569e-01 2.230243757367134094e-02 2.371764313429594040e-01 3.354371804744005203e-01 2.620376907289028168e-01 2.807435430586338043e-01 9.648102205246686935e-01
4.130368549376726151e-01 1.910623656585812569e-01 2.230243757367134094e-02 2.371764313429594040e-01 3.354371804744005203e-01 4.655297379940748215e-02 9.577633067965507507e-02 9.648102205246686935e-01
4.130368549376726151e-01 1.910623656585812569e-01 2.230243757367134094e-02 2.371764313429594040e-01 3.354371804744005203e-01 4.655297379940748215e-02 2.807435430586338043e-01 4.160552890971302986e-01
4.130368549376726151e-01 1.910623656585812569e-01 2.230243757367134094e-02 2.371764313429594040e-01 3.354371804744005203e-01 4.655297379940748215e-02 2.807435430586338043e-01 9.648102205246686935e-01
9.520953772589564323e-01 9.407660942524671555e-01 1.073698038235306740e-01 8.675900511443614960e-01 5.103430533781647682e-01 4.619150646030902863e-01 5.569176189601421356e-01 3.195536695420742035e-02
1.507719401270151138e-01 9.407660942524671555e-01 1.073698038235306740e-01 8.675900511443614960e-01 5.103430533781647682e-01 4.619150646030902863e-01 5.569176189601421356e-01 3.195536695420742035e-02
9.520953772589564323e-01 5.776469912379980087e-01 1.073698038235306740e-01 8.675900511443614960e-01 5.103430533781647682e-01 4.619150646030902863e-01 5.569176189601421356e-01 3.195536695420742035e-02
9.520953772589564323e-01 9.407660942524671555e-01 6.434064731001853943e-02 8.675900511443614960e-01 5.103430533781647682e-01 4.619150646030902863e-01 5.569176189601421356e-01 3.195536695420742035e-02
9.520953772589564323e-01 9.407660942524671555e-01 1.073698038235306740e-01 1.290770340710878372e-02 5.103430533781647682e-01 4.619150646030902863e-01 5.569176189601421356e-01 3.195536695420742035e-02
9.520953772589564323e-01 9.407660942524671555e-01 1.073698038235306740e-01 8.675900511443614960e-01 2.258387440815567970e-01 4.619150646030902863e-01 5.569176189601421356e-01 3.195536695420742035e-02
9.520953772589564323e-01 9.407660942524671555e-01 1.073698038235306740e-01 8.675900511443614960e-01 5.103430533781647682e-01 8.628935767337679863e-01 5.569176189601421356e-01 3.195536695420742035e-02
9.520953772589564323e-01 9.407660942524671555e-01 1.073698038235306740e-01 8.675900511443614960e-01 5.103430533781647682e-01 4.619150646030902863e-01 7.419737325981259346e-01 3.195536695420742035e-02
9.520953772589564323e-01 9.407660942524671555e-01 1.073698038235306740e-01 8.675900511443614960e-01 5.103430533781647682e-01 4.619150646030902863e-01 5.569176189601421356e-01 3.016437618061900139e-01
9.520953772589564323e-01 5.776469912379980087e-01 6.434064731001853943e-02 1.290770340710878372e-02 2.258387440815567970e-01 8.628935767337679863e-01 7.419737325981259346e-01 3.016437618061900139e-01
1.507719401270151138e-01 9.407660942524671555e-01 6.434064731001853943e-02 1.290770340710878372e-02 2.258387440815567970e-01 8.628935767337679863e-01 7.419737325981259346e-01 3.016437618061900139e-01
1.507719401270151138e-01 5.776469912379980087e-01 1.073698038235306740e-01 1.290770340710878372e-02 2.258387440815567970e-01 8.628935767337679863e-01 7.419737325981259346e-01 3.016437618061900139e-01
1.507719401270151138e-01 5.776469912379980087e-01 6.434064731001853943e-02 8.675900511443614960e-01 2.258387440815567970e-01 8.628935767337679863e-01 7.419737325981259346e-01 3.016437618061900139e-01
1.507719401270151138e-01 5.776469912379980087e-01 6.434064731001853943e-02 1.290770340710878372e-02 5.103430533781647682e-01 8.628935767337679863e-01 7.419737325981259346e-01 3.016437618061900139e-01
1.507719401270151138e-01 5.776469912379980087e-01 6.434064731001853943e-02 1.290770340710878372e-02 2.258387440815567970e-01 4.619150646030902863e-01 7.419737325981259346e-01 3.016437618061900139e-01
1.507719401270151138e-01 5.776469912379980087e-01 6.434064731001853943e-02 1.290770340710878372e-02 2.258387440815567970e-01 8.628935767337679863e-01 5.569176189601421356e-01 3.016437618061900139e-01
1.507719401270151138e-01 5.776469912379980087e-01 6.434064731001853943e-02 1.290770340710878372e-02 2.258387440815567970e-01 8.628935767337679863e-01 7.419737325981259346e-01 3.195536695420742035e-02
1.507719401270151138e-01 5.776469912379980087e-01 6.434064731001853943e-02 1.290770340710878372e-02 2.258387440815567970e-01 8.628935767337679863e-01 7.419737325981259346e-01 3.016437618061900139e-01
4.884072011336684227e-01 4.088032525032758713e-01 5.498329447582364082e-01 1.589986663311719894e-01 1.061298483982682228e-01 7.003260133787989616e-01 3.359793499112129211e-01 6.728613665327429771e-01
9.071513498201966286e-01 4.088032525032758713e-01 5.498329447582364082e-01 1.589986663311719894e-01 1.061298483982682228e-01 7.003260133787989616e-01 3.359793499112129211e-01 6.728613665327429771e-01
4.884072011336684227e-01 1.069507291540503502e-01 5.498329447582364082e-01 1.589986663311719894e-01 1.061298483982682228e-01 7.003260133787989616e-01 3.359793499112129211e-01 6.728613665327429771e-01
4.884072011336684227e-01 4.088032525032758713e-01 6.831410909071564674e-01 1.589986663311719894e-01 1.061298483982682228e-01 7.003260133787989616e-01 3.359793499112129211e-01 6.728613665327429771e-01
4.884072011336684227e-01 4.088032525032758713e-01 5.498329447582364082e-01 5.532628567889332771e-01 1.061298483982682228e-01 7.003260133787989616e-01 3.359793499112129211e-01 6.728613665327429771e-01
4.884072011336684227e-01 4.088032525032758713e-01 5.498329447582364082e-01 1.589986663311719894e-01 7.831628359854221344e-01 7.003260133787989616e-01 3.359793499112129211e-01 6.728613665327429771e-01
4.884072011336684227e-01 4.088032525032758713e-01 5.498329447582364082e-01 1.589986663311719894e-01 1.061298483982682228e-01 7.658359128981828690e-02 3.359793499112129211e-01 6.728613665327429771e-01
4.884072011336684227e-01 4.088032525032758713e-01 5.498329447582364082e-01 1.589986663311719894e-01 1.061298483982682228e-01 7.003260133787989616e-01 1.874342449009418488e-01 6.728613665327429771e-01
4.884072011336684227e-01 4.088032525032758713e-01 5.498329447582364082e-01 1.589986663311719894e-01 1.061298483982682228e-01 7.003260133787989616e-01 3.359793499112129211e-01 5.703482357785105705e-01
4.884072011336684227e-01 1.069507291540503502e-01 6.831410909071564674e-01 5.532628567889332771e-01 7.831628359854221344e-01 7.658359128981828690e-02 1.874342449009418488e-01 5.703482357785105705e-01
9.071513498201966286e-01 4.088032525032758713e-01 6.831410909071564674e-01 5.532628567889332771e-01 7.831628359854221344e-01 7.658359128981828690e-02 1.874342449009418488e-01 5.703482357785105705e-01
9.071513498201966286e-01 1.069507291540503502e-01 5.498329447582364082e-01 5.532628567889332771e-01 7.831628359854221344e-01 7.658359128981828690e-02 1.874342449009418488e-01 5.703482357785105705e-01
9.071513498201966286e-01 1.069507291540503502e-01 6.831410909071564674e-01 1.589986663311719894e-01 7.831628359854221344e-01 7.658359128981828690e-02 1.874342449009418488e-01 5.703482357785105705e-01
9.071513498201966286e-01 1.069507291540503502e-01 6.831410909071564674e-01 5.532628567889332771e-01 1.061298483982682228e-01 7.658359128981828690e-02 1.874342449009418488e-01 5.703482357785105705e-01
9.071513498201966286e-01 1.069507291540503502e-01 6.831410909071564674e-01 5.532628567889332771e-01 7.831628359854221344e-01 7.003260133787989616e-01 1.874342449009418488e-01 5.703482357785105705e-01
9.071513498201966286e-01 1.069507291540503502e-01 6.831410909071564674e-01 5.532628567889332771e-01 7.831628359854221344e-01 7.658359128981828690e-02 3.359793499112129211e-01 5.703482357785105705e-01
9.071513498201966286e-01 1.069507291540503502e-01 6.831410909071564674e-01 5.532628567889332771e-01 7.831628359854221344e-01 7.658359128981828690e-02 1.874342449009418488e-01 6.728613665327429771e-01
9.071513498201966286e-01 1.069507291540503502e-01 6.831410909071564674e-01 5.532628567889332771e-01 7.831628359854221344e-01 7.658359128981828690e-02 1.874342449009418488e-01 5.703482357785105705e-01
3.111982438713312149e-02 7.064383672550320625e-01 3.500356106087565422e-01 6.244832249358296394e-01 4.368099039420485497e-01 8.159414557740092278e-01 8.643788555637001991e-01 8.513358095660805702e-01
6.991892345249652863e-01 7.064383672550320625e-01 3.500356106087565422e-01 6.244832249358296394e-01 4.368099039420485497e-01 8.159414557740092278e-01 8.643788555637001991e-01 8.513358095660805702e-01
3.111982438713312149e-02 2.745473152026534081e-01 3.500356106087565422e-01 6.244832249358296394e-01 4.368099039420485497e-01 8.159414557740092278e-01 8.643788555637001991e-01 8.513358095660805702e-01
3.111982438713312149e-02 7.064383672550320625e-01 9.529067622497677803e-01 6.244832249358296394e-01 4.368099039420485497e-01 8.159414557740092278e-01 8.643788555637001991e-01 8.513358095660805702e-01
3.111982438713312149e-02 7.064383672550320625e-01 3.500356106087565422e-01 8.562513301149010658e-01 4.368099039420485497e-01 8.159414557740092278e-01 8.643788555637001991e-01 8.513358095660805702e-01
3.111982438713312149e-02 7.064383672550320625e-01 3.500356106087565422e-01 6.244832249358296394e-01 3.068281132727861404e-01 8.159414557740092278e-01 8.643788555637001991e-01 8.513358095660805702e-01
3.111982438713312149e-02 7.064383672550320625e-01 3.500356106087565422e-01 6.244832249358296394e-01 4.368099039420485497e-01 7.406474845483899117e-01 8.643788555637001991e-01 8.513358095660805702e-01
3.111982438713312149e-02 7.064383672550320625e-01 3.500356106087565422e-01 6.244832249358296394e-01 4.368099039420485497e-01 8.159414557740092278e-01 3.825239175930619240e-01 8.513358095660805702e-01
3.111982438713312149e-02 7.064383672550320625e-01 3.500356106087565422e-01 6.244832249358296394e-01 4.368099039420485497e-01 8.159414557740092278e-01 8.643788555637001991e-01 2.290158970281481743e-01
3.111982438713312149e-02 2.745473152026534081e-01 9.529067622497677803e-01 8.562513301149010658e-01 3.068281132727861404e-01 7.406474845483899117e-01 3.825239175930619240e-01 2.290158970281481743e-01
6.991892345249652863e-01 7.064383672550320625e-01 9.529067622497677803e-01 8.562513301149010658e-01 3.068281132727861404e-01 7.406474845483899117e-01 3.825239175930619240e-01 2.290158970281481743e-01
6.991892345249652863e-01 2.745473152026534081e-01 3.500356106087565422e-01 8.562513301149010658e-01 3.068281132727861404e-01 7.406474845483899117e-01 3.825239175930619240e-01 2.290158970281481743e-01
6.991892345249652863e-01 2.745473152026534081e-01 9.529067622497677803e-01 6.244832249358296394e-01 3.068281132727861404e-01 7.406474845483899117e-01 3.825239175930619240e-01 2.290158970281481743e-01
6.991892345249652863e-01 2.745473152026534081e-01 9.529067622497677803e-01 8.562513301149010658e-01 4.368099039420485497e-01 7.406474845483899117e-01 3.825239175930619240e-01 2.290158970281481743e-01
6.991892345249652863e-01 2.745473152026534081e-01 9.529067622497677803e-01 8.562513301149010658e-01 3.068281132727861404e-01 8.159414557740092278e-01 3.825239175930619240e-01 2.290158970281481743e-01
6.991892345249652863e-01 2.745473152026534081e-01 9.529067622497677803e-01 8.562513301149010658e-01 3.068281132727861404e-01 7.406474845483899117e-01 8.643788555637001991e-01 2.290158970281481743e-01
6.991892345249652863e-01 2.745473152026534081e-01 9.529067622497677803e-01 8.562513301149010658e-01 3.068281132727861404e-01 7.406474845483899117e-01 3.825239175930619240e-01 8.513358095660805702e-01
6.991892345249652863e-01 2.745473152026534081e-01 9.529067622497677803e-01 8.562513301149010658e-01 3.068281132727861404e-01 7.406474845483899117e-01 3.825239175930619240e-01 2.290158970281481743e-01
5.361898439005017281e-01 1.744457827880978584e-01 8.052770784124732018e-01 4.118711194023489952e-01 9.623452937230467796e-01 8.558714762330055237e-02 2.281903196126222610e-02 4.907185211777687073e-01
4.858093028888106346e-01 1.744457827880978584e-01 8.052770784124732018e-01 4.118711194023489952e-01 9.623452937230467796e-01 8.558714762330055237e-02 2.281903196126222610e-02 4.907185211777687073e-01
5.361898439005017281e-01 8.077550362795591354e-01 8.052770784124732018e-01 4.118711194023489952e-01 9.623452937230467796e-01 8.558714762330055237e-02 2.281903196126222610e-02 4.907185211777687073e-01
5.361898439005017281e-01 1.744457827880978584e-01 3.024182170629501343e-01 4.118711194023489952e-01 9.623452937230467796e-01 8.558714762330055237e-02 2.281903196126222610e-02 4.907185211777687073e-01
5.361898439005017281e-01 1.744457827880978584e-01 8.052770784124732018e-01 3.353882217779755592e-01 9.623452937230467796e-01 8.558714762330055237e-02 2.281903196126222610e-02 4.907185211777687073e-01
5.361898439005017281e-01 1.744457827880978584e-01 8.052770784124732018e-01 4.118711194023489952e-01 7.466052165254950523e-01 8.558714762330055237e-02 2.281903196126222610e-02 4.907185211777687073e-01
5.361898439005017281e-01 1.744457827880978584e-01 8.052770784124732018e-01 4.118711194023489952e-01 9.623452937230467796e-01 4.488448081538081169e-01 2.281903196126222610e-02 4.907185211777687073e-01
5.361898439005017281e-01 1.744457827880978584e-01 8.052770784124732018e-01 4.118711194023489952e-01 9.623452937230467796e-01 8.558714762330055237e-02 9.527489617466926575e-01 4.907185211777687073e-01
5.361898439005017281e-01 1.744457827880978584e-01 8.052770784124732018e-01 4.118711194023489952e-01 9.623452937230467796e-01 8.558714762330055237e-02 2.281903196126222610e-02 8.968825442716479301e-01
5.361898439005017281e-01 8.077550362795591354e-01 3.024182170629501343e-01 3.353882217779755592e-01 7.466052165254950523e-01 4.488448081538081169e-01 9.527489617466926575e-01 8.968825442716479301e-01
4.858093028888106346e-01 1.744457827880978584e-01 3.024182170629501343e-01 3.353882217779755592e-01 7.466052165254950523e-01 4.488448081538081169e-01 9.527489617466926575e-01 8.968825442716479301e-01
4.858093028888106346e-01 8.077550362795591354e-01 8.052770784124732018e-01 3.353882217779755592e-01 7.466052165254950523e-01 4.488448081538081169e-01 9.527489617466926575e-01 8.968825442716479301e-01
4.858093028888106346e-01 8.077550362795591354e-01 3.024182170629501343e-01 4.118711194023489952e-01 7.466052165254950523e-01 4.488448081538081169e-01 9.527489617466926575e-01 8.968825442716479301e-01
4.858093028888106346e-01 8.077550362795591354e-01 3.024182170629501343e-01 3.353882217779755592e-01 9.623452937230467796e-01 4.488448081538081169e-01 9.527489617466926575e-01 8.968825442716479301e-01
4.858093028888106346e-01 8.077550362795591354e-01 3.024182170629501343e-01 3.353882217779755592e-01 7.466052165254950523e-01 8.558714762330055237e-02 9.527489617466926575e-01 8.968825442716479301e-01
4.858093028888106346e-01 8.077550362795591354e-01 3.024182170629501343e-01 3.353882217779755592e-01 7.466052165254950523e-01 4.488448081538081169e-01 2.281903196126222610e-02 8.968825442716479301e-01
4.858093028888106346e-01 8.077550362795591354e-01 3.024182170629501343e-01 3.353882217779755592e-01 7.466052165254950523e-01 4.488448081538081169e-01 9.527489617466926575e-01 4.907185211777687073e-01
4.858093028888106346e-01 8.077550362795591354e-01 3.024182170629501343e-01 3.353882217779755592e-01 7.466052165254950523e-01 4.488448081538081169e-01 9.527489617466926575e-01 8.968825442716479301e-01
6.893957694992423058e-01 5.922604519873857498e-01 6.565511329099535942e-01 2.819463117048144341e-01 8.487313054502010345e-01 3.428649408742785454e-01 9.651533020660281181e-01 9.175622016191482544e-01
5.684356195852160454e-01 5.922604519873857498e-01 6.565511329099535942e-01 2.819463117048144341e-01 8.487313054502010345e-01 3.428649408742785454e-01 9.651533020660281181e-01 9.175622016191482544e-01
6.893957694992423058e-01 1.580105759203433990e-01 6.565511329099535942e-01 2.819463117048144341e-01 8.487313054502010345e-01 3.428649408742785454e-01 9.651533020660281181e-01 9.175622016191482544e-01
6.893957694992423058e-01 5.922604519873857498e-01 8.187869563698768616e-01 2.819463117048144341e-01 8.487313054502010345e-01 3.428649408742785454e-01 9.651533020660281181e-01 9.175622016191482544e-01
6.893957694992423058e-01 5.922604519873857498e-01 6.565511329099535942e-01 4.676711512729525566e-01 8.487313054502010345e-01 3.428649408742785454e-01 9.651533020660281181e-01 9.175622016191482544e-01
6.893957694992423058e-01 5.922604519873857498e-01 6.565511329099535942e-01 2.819463117048144341e-01 4.317463757470250130e-01 3.428649408742785454e-01 9.651533020660281181e-01 9.175622016191482544e-01
6.893957694992423058e-01 5.922604519873857498e-01 6.565511329099535942e-01 2.819463117048144341e-01 8.487313054502010345e-01 1.519952453672885895e-01 9.651533020660281181e-01 9.175622016191482544e-01
6.893957694992423058e-01 5.922604519873857498e-01 6.565511329099535942e-01 2.819463117048144341e-01 8.487313054502010345e-01 3.428649408742785454e-01 7.696413127705454826e-01 9.175622016191482544e-01
6.893957694992423058e-01 5.922604519873857498e-01 6.565511329099535942e-01 2.819463117048144341e-01 8.487313054502010345e-01 3.428649408742785454e-01 9.651533020660281181e-01 8.144312556833028793e-01
6.893957694992423058e-01 1.580105759203433990e-01 8.187869563698768616e-01 4.676711512729525566e-01 4.317463757470250130e-01 1.519952453672885895e-01 7.696413127705454826e-01 8.144312556833028793e-01
5.684356195852160454e-01 5.922604519873857498e-01 8.187869563698768616e-01 4.676711512729525566e-01 4.317463757470250130e-01 1.519952453672885895e-01 7.696413127705454826e-01 8.144312556833028793e-01
5.684356195852160454e-01 1.580105759203433990e-01 6.565511329099535942e-01 4.676711512729525566e-01 4.317463757470250130e-01 1.519952453672885895e-01 7.696413127705454826e-01 8.144312556833028793e-01
5.684356195852160454e-01 1.580105759203433990e-01 8.187869563698768616e-01 2.819463117048144341e-01 4.317463757470250130e-01 1.519952453672885895e-01 7.696413127705454826e-01 8.144312556833028793e-01
5.684356195852160454e-01 1.580105759203433990e-01 8.187869563698768616e-01 4.676711512729525566e-01 8.487313054502010345e-01 1.519952453672885895e-01 7.696413127705454826e-01 8.144312556833028793e-01
5.684356195852160454e-01 1.580105759203433990e-01 8.187869563698768616e-01 4.676711512729525566e-01 4.317463757470250130e-01 3.428649408742785454e-01 7.696413127705454826e-01 8.144312556833028793e-01
5.684356195852160454e-01 1.580105759203433990e-01 8.187869563698768616e-01 4.676711512729525566e-01 4.317463757470250130e-01 1.519952453672885895e-01 9.651533020660281181e-01 8.144312556833028793e-01
5.684356195852160454e-01 1.580105759203433990e-01 8.187869563698768616e-01 4.676711512729525566e-01 4.317463757470250130e-01 1.519952453672885895e-01 7.696413127705454826e-01 9.175622016191482544e-01
5.684356195852160454e-01 1.580105759203433990e-01 8.187869563698768616e-01 4.676711512729525566e-01 4.317463757470250130e-01 1.519952453672885895e-01 7.696413127705454826e-01 8.144312556833028793e-01
2.452541245147585869e-01 6.224429793655872345e-02 2.487631058320403099e-01 7.441998356953263283e-01 2.530661039054393768e-01 5.734481327235698700e-01 1.856203367933630943e-01 3.068202221766114235e-01
3.716898187994956970e-01 6.224429793655872345e-02 2.487631058320403099e-01 7.441998356953263283e-01 2.530661039054393768e-01 5.734481327235698700e-01 1.856203367933630943e-01 3.068202221766114235e-01
2.452541245147585869e-01 6.287051858380436897e-01 2.487631058320403099e-01 7.441998356953263283e-01 2.530661039054393768e-01 5.734481327235698700e-01 1.856203367933630943e-01 3.068202221766114235e-01
2.452541245147585869e-01 6.224429793655872345e-02 4.336996646597981453e-01 7.441998356953263283e-01 2.530661039054393768e-01 5.734481327235698700e-01 1.856203367933630943e-01 3.068202221766114235e-01
2.452541245147585869e-01 6.224429793655872345e-02 2.487631058320403099e-01 9.739686725661158562e-01 2.530661039054393768e-01 5.734481327235698700e-01 1.856203367933630943e-01 3.068202221766114235e-01
2.452541245147585869e-01 6.224429793655872345e-02 2.487631058320403099e-01 7.441998356953263283e-01 6.217519789934158325e-01 5.734481327235698700e-01 1.856203367933630943e-01 3.068202221766114235e-01
2.452541245147585869e-01 6.224429793655872345e-02 2.487631058320403099e-01 7.441998356953263283e-01 2.530661039054393768e-01 9.124339539557695389e-01 1.856203367933630943e-01 3.068202221766114235e-01
2.452541245147585869e-01 6.224429793655872345e-02 2.487631058320403099e-01 7.441998356953263283e-01 2.530661039054393768e-01 5.734481327235698700e-01 3.400494921952486038e-01 3.068202221766114235e-01
2.452541245147585869e-01 6.224429793655872345e-02 2.487631058320403099e-01 7.441998356953263283e-01 2.530661039054393768e-01 5.734481327235698700e-01 1.856203367933630943e-01 5.963516794145107269e-02
2.452541245147585869e-01 6.287051858380436897e-01 4.336996646597981453e-01 9.739686725661158562e-01 6.217519789934158325e-01 9.124339539557695389e-01 3.400494921952486038e-01 5.963516794145107269e-02
3.716898187994956970e-01 6.224429793655872345e-02 4.336996646597981453e-01 9.739686725661158562e-01 6.217519789934158325e-01 9.124339539557695389e-01 3.400494921952486038e-01 5.963516794145107269e-02
3.716898187994956970e-01 6.287051858380436897e-01 2.487631058320403099e-01 9.739686725661158562e-01 6.217519789934158325e-01 9.124339539557695389e-01 3.400494921952486038e-01 5.963516794145107269e-02
3.716898187994956970e-01 6.287051858380436897e-01 4.336996646597981453e-01 7.441998356953263283e-01 6.217519789934158325e-01 9.124339539557695389e-01 3.400494921952486038e-01 5.963516794145107269e-02
3.716898187994956970e-01 6.287051858380436897e-01 4.336996646597981453e-01 9.739686725661158562e-01 2.530661039054393768e-01 9.124339539557695389e-01 3.400494921952486038e-01 5.963516794145107269e-02
3.716898187994956970e-01 6.287051858380436897e-01 4.336996646597981453e-01 9.739686725661158562e-01 6.217519789934158325e-01 5.734481327235698700e-01 3.400494921952486038e-01 5.963516794145107269e-02
3.716898187994956970e-01 6.287051858380436897e-01 4.336996646597981453e-01 9.739686725661158562e-01 6.217519789934158325e-01 9.124339539557695389e-01 1.856203367933630943e-01 5.963516794145107269e-02
3.716898187994956970e-01 6.287051858380436897e-01 4.336996646597981453e-01 9.739686725661158562e-01 6.217519789934158325e-01 9.124339539557695389e-01 3.400494921952486038e-01 3.068202221766114235e-01
3.716898187994956970e-01 6.287051858380436897e-01 4.336996646597981453e-01 9.739686725661158562e-01 6.217519789934158325e-01 9.124339539557695389e-01 3.400494921952486038e-01 5.963516794145107269e-02
2.664757044985890388e-01 8.264360064640641212e-01 9.177974024787545204e-01 3.872504271566867828e-02 2.038787472993135452e-01 9.429382048547267914e-01 6.435776110738515854e-01 2.313579088076949120e-01
2.298084367066621780e-02 8.264360064640641212e-01 9.177974024787545204e-01 3.872504271566867828e-02 2.038787472993135452e-01 9.429382048547267914e-01 6.435776110738515854e-01 2.313579088076949120e-01
2.664757044985890388e-01 9.916299777105450630e-01 9.177974024787545204e-01 3.872504271566867828e-02 2.038787472993135452e-01 9.429382048547267914e-01 6.435776110738515854e-01 2.313579088076949120e-01
2.664757044985890388e-01 8.264360064640641212e-01 1.956343511119484901e-01 3.872504271566867828e-02 2.038787472993135452e-01 9.429382048547267914e-01 6.435776110738515854e-01 2.313579088076949120e-01
2.664757044985890388e-01 8.264360064640641212e-01 9.177974024787545204e-01 6.866441508755087852e-01 2.038787472993135452e-01 9.429382048547267914e-01 6.435776110738515854e-01 2.313579088076949120e-01
2.664757044985890388e-01 8.264360064640641212e-01 9.177974024787545204e-01 3.872504271566867828e-02 1.009859349578619003e-01 9.429382048547267914e-01 6.435776110738515854e-01 2.313579088076949120e-01
2.664757044985890388e-01 8.264360064640641212e-01 9.177974024787545204e-01 3.872504271566867828e-02 2.038787472993135452e-01 2.796123120933771133e-01 6.435776110738515854e-01 2.313579088076949120e-01
2.664757044985890388e-01 8.264360064640641212e-01 9.177974024787545204e-01 3.872504271566867828e-02 2.038787472993135452e-01 9.429382048547267914e-01 9.808143880218267441e-02 2.313579088076949120e-01
2.664757044985890388e-01 8.264360064640641212e-01 9.177974024787545204e-01 3.872504271566867828e-02 2.038787472993135452e-01 9.429382048547267914e-01 6.435776110738515854e-01 6.558665465563535690e-01
2.664757044985890388e-01 9.916299777105450630e-01 1.956343511119484901e-01 6.866441508755087852e-01 1.009859349578619003e-01 2.796123120933771133e-01 9.808143880218267441e-02 6.558665465563535690e-01
2.298084367066621780e-02 8.264360064640641212e-01 1.956343511119484901e-01 6.866441508755087852e-01 1.009859349578619003e-01 2.796123120933771133e-01 9.808143880218267441e-02 6.558665465563535690e-01
2.298084367066621780e-02 9.916299777105450630e-01 9.177974024787545204e-01 6.866441508755087852e-01 1.009859349578619003e-01 2.796123120933771133e-01 9.808143880218267441e-02 6.558665465563535690e-01
2.298084367066621780e-02 9.916299777105450630e-01 1.956343511119484901e-01 3.872504271566867828e-02 1.009859349578619003e-01 2.796123120933771133e-01 9.808143880218267441e-02 6.558665465563535690e-01
2.298084367066621780e-02 9.916299777105450630e-01 1.956343511119484901e-01 6.866441508755087852e-01 2.038787472993135452e-01 2.796123120933771133e-01 9.808143880218267441e-02 6.558665465563535690e-01
2.298084367066621780e-02 9.916299777105450630e-01 1.956343511119484901e-01 6.866441508755087852e-01 1.009859349578619003e-01 9.429382048547267914e-01 9.808143880218267441e-02 6.558665465563535690e-01
2.298084367066621780e-02 9.916299777105450630e-01 1.956343511119484901e-01 6.866441508755087852e-01 1.009859349578619003e-01 2.796123120933771133e-01 6.435776110738515854e-01 6.558665465563535690e-01
2.298084367066621780e-02 9.916299777105450630e-01 1.956343511119484901e-01 6.866441508755087852e-01 1.009859349578619003e-01 2.796123120933771133e-01 9.808143880218267441e-02 2.313579088076949120e-01
2.298084367066621780e-02 9.916299777105450630e-01 1.956343511119484901e-01 6.866441508755087852e-01 1.009859349578619003e-01 2.796123120933771133e-01 9.808143880218267441e-02 6.558665465563535690e-01
7.910616779699921608e-01 2.963877255097031593e-01 4.894033195450901985e-01 9.971867278218269348e-01 6.787090916186571121e-01 2.047866536304354668e-01 4.856124836951494217e-01 6.223885994404554367e-01
7.939757015556097031e-01 2.963877255097031593e-01 4.894033195450901985e-01 9.971867278218269348e-01 6.787090916186571121e-01 2.047866536304354668e-01 4.856124836951494217e-01 6.223885994404554367e-01
7.910616779699921608e-01 4.584163092076778412e-01 4.894033195450901985e-01 9.971867278218269348e-01 6.787090916186571121e-01 2.047866536304354668e-01 4.856124836951494217e-01 6.223885994404554367e-01
7.910616779699921608e-01 2.963877255097031593e-01 5.490705110132694244e-01 9.971867278218269348e-01 6.787090916186571121e-01 2.047866536304354668e-01 4.856124836951494217e-01 6.223885994404554367e-01
7.910616779699921608e-01 2.963877255097031593e-01 4.894033195450901985e-01 1.295261448249220848e-01 6.787090916186571121e-01 2.047866536304354668e-01 4.856124836951494217e-01 6.223885994404554367e-01
7.910616779699921608e-01 2.963877255097031593e-01 4.894033195450901985e-01 9.971867278218269348e-01 9.080807967111468315e-01 2.047866536304354668e-01 4.856124836951494217e-01 6.223885994404554367e-01
7.910616779699921608e-01 2.963877255097031593e-01 4.894033195450901985e-01 9.971867278218269348e-01 6.787090916186571121e-01 5.348015241324901581e-01 4.856124836951494217e-01 6.223885994404554367e-01
7.910616779699921608e-01 2.963877255097031593e-01 4.894033195450901985e-01 9.971867278218269348e-01 6.787090916186571121e-01 2.047866536304354668e-01 5.432367455214262009e-01 6.223885994404554367e-01
7.910616779699921608e-01 2.963877255097031593e-01 4.894033195450901985e-01 9.971867278218269348e-01 6.787090916186571121e-01 2.047866536304354668e-01 4.856124836951494217e-01 4.721078705042600632e-01
7.910616779699921608e-01 4.584163092076778412e-01 5.490705110132694244e-01 1.295261448249220848e-01 9.080807967111468315e-01 5.348015241324901581e-01 5.432367455214262009e-01 4.721078705042600632e-01
7.939757015556097031e-01 2.963877255097031593e-01 5.490705110132694244e-01 1.295261448249220848e-01 9.080807967111468315e-01 5.348015241324901581e-01 5.432367455214262009e-01 4.721078705042600632e-01
7.939757015556097031e-01 4.584163092076778412e-01 4.894033195450901985e-01 1.295261448249220848e-01 9.080807967111468315e-01 5.348015241324901581e-01 5.432367455214262009e-01 4.721078705042600632e-01
7.939757015556097031e-01 4.584163092076778412e-01 5.490705110132694244e-01 9.971867278218269348e-01 9.080807967111468315e-01 5.348015241324901581e-01 5.432367455214262009e-01 4.721078705042600632e-01
7.939757015556097031e-01 4.584163092076778412e-01 5.490705110132694244e-01 1.295261448249220848e-01 6.787090916186571121e-01 5.348015241324901581e-01 5.432367455214262009e-01 4.721078705042600632e-01
7.939757015556097031e-01 4.584163092076778412e-01 5.490705110132694244e-01 1.295261448249220848e-01 9.080807967111468315e-01 2.047866536304354668e-01 5.432367455214262009e-01 4.721078705042600632e-01
7.939757015556097031e-01 4.584163092076778412e-01 5.490705110132694244e-01 1.295261448249220848e-01 9.080807967111468315e-01 5.348015241324901581e-01 4.856124836951494217e-01 4.721078705042600632e-01
7.939757015556097031e-01 4.584163092076778412e-01 5.490705110132694244e-01 1.295261448249220848e-01 9.080807967111468315e-01 5.348015241324901581e-01 5.432367455214262009e-01 6.223885994404554367e-01
7.939757015556097031e-01 4.584163092076778412e-01 5.490705110132694244e-01 1.295261448249220848e-01 9.080807967111468315e-01 5.348015241324901581e-01 5.432367455214262009e-01 4.721078705042600632e-01
7.584212645888328552e-01 8.678881190717220306e-01 5.004354519769549370e-01 4.799641007557511330e-01 4.485324332490563393e-01 6.247929940000176430e-01 2.208931930363178253e-01 2.101986231282353401e-01
8.984312275424599648e-01 8.678881190717220306e-01 5.004354519769549370e-01 4.799641007557511330e-01 4.485324332490563393e-01 6.247929940000176430e-01 2.208931930363178253e-01 2.101986231282353401e-01
7.584212645888328552e-01 9.198487168177962303e-01 5.004354519769549370e-01 4.799641007557511330e-01 4.485324332490563393e-01 6.247929940000176430e-01 2.208931930363178253e-01 2.101986231282353401e-01
7.584212645888328552e-01 8.678881190717220306e-01 5.085151931270956993e-01 4.799641007557511330e-01 4.485324332490563393e-01 6.247929940000176430e-01 2.208931930363178253e-01 2.101986231282353401e-01
7.584212645888328552e-01 8.678881190717220306e-01 5.004354519769549370e-01 3.982680048793554306e-01 4.485324332490563393e-01 6.247929940000176430e-01 2.208931930363178253e-01 2.101986231282353401e-01
7.584212645888328552e-01 8.678881190717220306e-01 5.004354519769549370e-01 4.799641007557511330e-01 3.570192996412515640e-01 6.247929940000176430e-01 2.208931930363178253e-01 2.101986231282353401e-01
7.584212645888328552e-01 8.678881190717220306e-01 5.004354519769549370e-01 4.799641007557511330e-01 4.485324332490563393e-01 6.803552675992250443e-01 2.208931930363178253e-01 2.101986231282353401e-01
7.584212645888328552e-01 8.678881190717220306e-01 5.004354519769549370e-01 4.799641007557511330e-01 4.485324332490563393e-01 6.247929940000176430e-01 1.504876008257269859e-01 2.101986231282353401e-01
7.584212645888328552e-01 8.678881190717220306e-01 5.004354519769549370e-01 4.799641007557511330e-01 4.485324332490563393e-01 6.247929940000176430e-01 2.208931930363178253e-01 7.845738474279642105e-01
7.584212645888328552e-01 9.198487168177962303e-01 5.085151931270956993e-01 3.982680048793554306e-01 3.570192996412515640e-01 6.803552675992250443e-01 1.504876008257269859e-01 7.845738474279642105e-01
8.984312275424599648e-01 8.678881190717220306e-01 5.085151931270956993e-01 3.982680048793554306e-01 3.570192996412515640e-01 6.803552675992250443e-01 1.504876008257269859e-01 7.845738474279642105e-01
8.984312275424599648e-01 9.198487168177962303e-01 5.004354519769549370e-01 3.982680048793554306e-01 3.570192996412515640e-01 6.803552675992250443e-01 1.504876008257269859e-01 7.845738474279642105e-01
8.984312275424599648e-01 9.198487168177962303e-01 5.085151931270956993e-01 4.799641007557511330e-01 3.570192996412515640e-01 6.803552675992250443e-01 1.504876008257269859e-01 7.845738474279642105e-01
8.984312275424599648e-01 9.198487168177962303e-01 5.085151931270956993e-01 3.982680048793554306e-01 4.485324332490563393e-01 6.803552675992250443e-01 1.504876008257269859e-01 7.845738474279642105e-01
8.984312275424599648e-01 9.198487168177962303e-01 5.085151931270956993e-01 3.982680048793554306e-01 3.570192996412515640e-01 6.247929940000176430e-01 1.504876008257269859e-01 7.845738474279642105e-01
8.984312275424599648e-01 9.198487168177962303e-01 5.085151931270956993e-01 3.982680048793554306e-01 3.570192996412515640e-01 6.803552675992250443e-01 2.208931930363178253e-01 7.845738474279642105e-01
8.984312275424599648e-01 9.198487168177962303e-01 5.085151931270956993e-01 3.982680048793554306e-01 3.570192996412515640e-01 6.803552675992250443e-01 1.504876008257269859e-01 2.101986231282353401e-01
8.984312275424599648e-01 9.198487168177962303e-01 5.085151931270956993e-01 3.982680048793554306e-01 3.570192996412515640e-01 6.803552675992250443e-01 1.504876008257269859e-01 7.845738474279642105e-01
2.991200499236583710e-01 2.748521529138088226e-01 9.231220837682485580e-02 5.485943658277392387e-01 9.193955222144722939e-01 3.553914483636617661e-01 8.754414170980453491e-01 5.688637383282184601e-01
1.693798024207353592e-01 2.748521529138088226e-01 9.231220837682485580e-02 5.485943658277392387e-01 9.193955222144722939e-01 3.553914483636617661e-01 8.754414170980453491e-01 5.688637383282184601e-01
2.991200499236583710e-01 3.905415367335081100e-01 9.231220837682485580e-02 5.485943658277392387e-01 9.193955222144722939e-01 3.553914483636617661e-01 8.754414170980453491e-01 5.688637383282184601e-01
2.991200499236583710e-01 2.748521529138088226e-01 2.371363881975412369e-01 5.485943658277392387e-01 9.193955222144722939e-01 3.553914483636617661e-01 8.754414170980453491e-01 5.688637383282184601e-01
2.991200499236583710e-01 2.748521529138088226e-01 9.231220837682485580e-02 9.183910768479108810e-01 9.193955222144722939e-01 3.553914483636617661e-01 8.754414170980453491e-01 5.688637383282184601e-01
2.991200499236583710e-01 2.748521529138088226e-01 9.231220837682485580e-02 5.485943658277392387e-01 6.671190625056624413e-01 3.553914483636617661e-01 8.754414170980453491e-01 5.688637383282184601e-01
2.991200499236583710e-01 2.748521529138088226e-01 9.231220837682485580e-02 5.485943658277392387e-01 9.193955222144722939e-01 3.802442438900470734e-01 8.754414170980453491e-01 5.688637383282184601e-01
2.991200499236583710e-01 2.748521529138088226e-01 9.231220837682485580e-02 5.485943658277392387e-01 9.193955222144722939e-01 3.553914483636617661e-01 7.052626442164182663e-01 5.688637383282184601e-01
2.991200499236583710e-01 2.748521529138088226e-01 9.231220837682485580e-02 5.485943658277392387e-01 9.193955222144722939e-01 3.553914483636617661e-01 8.754414170980453491e-01 9.330784715712070465e-02
2.991200499236583710e-01 3.905415367335081100e-01 2.371363881975412369e-01 9.183910768479108810e-01 6.671190625056624413e-01 3.802442438900470734e-01 7.052626442164182663e-01 9.330784715712070465e-02
1.693798024207353592e-01 2.748521529138088226e-01 2.371363881975412369e-01 9.183910768479108810e-01 6.671190625056624413e-01 3.802442438900470734e-01 7.052626442164182663e-01 9.330784715712070465e-02
1.693798024207353592e-01 3.905415367335081100e-01 9.231220837682485580e-02 9.183910768479108810e-01 6.671190625056624413e-01 3.802442438900470734e-01 7.052626442164182663e-01 9.330784715712070465e-02
1.693798024207353592e-01 3.905415367335081100e-01 2.371363881975412369e-01 5.485943658277392387e-01 6.671190625056624413e-01 3.802442438900470734e-01 7.052626442164182663e-01 9.330784715712070465e-02
1.693798024207353592e-01 3.905415367335081100e-01 2.371363881975412369e-01 9.183910768479108810e-01 9.193955222144722939e-01 3.802442438900470734e-01 7.052626442164182663e-01 9.330784715712070465e-02
1.693798024207353592e-01 3.905415367335081100e-01 2.371363881975412369e-01 9.183910768479108810e-01 6.671190625056624413e-01 3.553914483636617661e-01 7.052626442164182663e-01 9.330784715712070465e-02
1.693798024207353592e-01 3.905415367335081100e-01 2.371363881975412369e-01 9.183910768479108810e-01 6.671190625056624413e-01 3.802442438900470734e-01 8.754414170980453491e-01 9.330784715712070465e-02
1.693798024207353592e-01 3.905415367335081100e-01 2.371363881975412369e-01 9.183910768479108810e-01 6.671190625056624413e-01 3.802442438900470734e-01 7.052626442164182663e-01 5.688637383282184601e-01
1.693798024207353592e-01 3.905415367335081100e-01 2.371363881975412369e-01 9.183910768479108810e-01 6.671190625056624413e-01 3.802442438900470734e-01 7.052626442164182663e-01 9.330784715712070465e-02
2.125869188457727432e-01 6.020930176600813866e-01 7.616568068042397499e-01 2.308757975697517395e-01 6.235973974689841270e-01 2.239373829215764999e-01 4.193380558863282204e-01 8.908775690943002701e-01
4.437482049688696861e-01 6.020930176600813866e-01 7.616568068042397499e-01 2.308757975697517395e-01 6.235973974689841270e-01 2.239373829215764999e-01 4.193380558863282204e-01 8.908775690943002701e-01
2.125869188457727432e-01 2.454092111438512802e-01 7.616568068042397499e-01 2.308757975697517395e-01 6.235973974689841270e-01 2.239373829215764999e-01 4.193380558863282204e-01 8.908775690943002701e-01
2.125869188457727432e-01 6.020930176600813866e-01 3.814563360065221786e-01 2.308757975697517395e-01 6.235973974689841270e-01 2.239373829215764999e-01 4.193380558863282204e-01 8.908775690943002701e-01
2.125869188457727432e-01 6.020930176600813866e-01 7.616568068042397499e-01 7.403911668807268143e-01 6.235973974689841270e-01 2.239373829215764999e-01 4.193380558863282204e-01 8.908775690943002701e-01
2.125869188457727432e-01 6.020930176600813866e-01 7.616568068042397499e-01 2.308757975697517395e-01 1.727488646283745766e-01 2.239373829215764999e-01 4.193380558863282204e-01 8.908775690943002701e-01
2.125869188457727432e-01 6.020930176600813866e-01 7.616568068042397499e-01 2.308757975697517395e-01 6.235973974689841270e-01 8.099102042615413666e-01 4.193380558863282204e-01 8.908775690943002701e-01
2.125869188457727432e-01 6.020930176600813866e-01 7.616568068042397499e-01 2.308757975697517395e-01 6.235973974689841270e-01 2.239373829215764999e-01 9.789229063317179680e-01 8.908775690943002701e-01
2.125869188457727432e-01 6.020930176600813866e-01 7.616568068042397499e-01 2.308757975697517395e-01 6.235973974689841270e-01 2.239373829215764999e-01 4.193380558863282204e-01 7.470948267728090286e-01
2.125869188457727432e-01 2.454092111438512802e-01 3.814563360065221786e-01 7.403911668807268143e-01 1.727488646283745766e-01 8.099102042615413666e-01 9.789229063317179680e-01 7.470948267728090286e-01
4.437482049688696861e-01 6.020930176600813866e-01 3.814563360065221786e-01 7.403911668807268143e-01 1.727488646283745766e-01 8.099102042615413666e-01 9.789229063317179680e-01 7.470948267728090286e-01
4.437482049688696861e-01 2.454092111438512802e-01 7.616568068042397499e-01 7.403911668807268143e-01 1.727488646283745766e-01 8.099102042615413666e-01 9.789229063317179680e-01 7.470948267728090286e-01
4.437482049688696861e-01 2.454092111438512802e-01 3.814563360065221786e-01 2.308757975697517395e-01 1.727488646283745766e-01 8.099102042615413666e-01 9.789229063317179680e-01 7.470948267728090286e-01
4.437482049688696861e-01 2.454092111438512802e-01 3.814563360065221786e-01 7.403911668807268143e-01 6.235973974689841270e-01 8.099102042615413666e-01 9.789229063317179680e-01 7.470948267728090286e-01
4.437482049688696861e-01 2.454092111438512802e-01 3.814563360065221786e-01 7.403911668807268143e-01 1.727488646283745766e-01 2.239373829215764999e-01 9.789229063317179680e-01 7.470948267728090286e-01
4.437482049688696861e-01 2.454092111438512802e-01 3.814563360065221786e-01 7.403911668807268143e-01 1.727488646283745766e-01 8.099102042615413666e-01 4.193380558863282204e-01 7.470948267728090286e-01
4.437482049688696861e-01 2.454092111438512802e-01 3.814563360065221786e-01 7.403911668807268143e-01 1.727488646283745766e-01 8.099102042615413666e-01 9.789229063317179680e-01 8.908775690943002701e-01
4.437482049688696861e-01 2.454092111438512802e-01 3.814563360065221786e-01 7.403911668807268143e-01 1.727488646283745766e-01 8.099102042615413666e-01 9.789229063317179680e-01 7.470948267728090286e-01
7.220590393990278244e-01 9.088224731385707855e-03 3.331106128171086311e-01 8.035420421510934830e-01 2.408701088279485703e-02 9.857705691829323769e-01 7.022879244759678841e-01 2.519237427040934563e-01
7.469875924289226532e-01 9.088224731385707855e-03 3.331106128171086311e-01 8.035420421510934830e-01 2.408701088279485703e-02 9.857705691829323769e-01 7.022879244759678841e-01 2.519237427040934563e-01
7.220590393990278244e-01 7.121973326429724693e-01 3.331106128171086311e-01 8.035420421510934830e-01 2.408701088279485703e-02 9.857705691829323769e-01 7.022879244759678841e-01 2.519237427040934563e-01
7.220590393990278244e-01 9.088224731385707855e-03 8.720384864136576653e-01 8.035420421510934830e-01 2.408701088279485703e-02 9.857705691829323769e-01 7.022879244759678841e-01 2.519237427040934563e-01
7.220590393990278244e-01 9.088224731385707855e-03 3.331106128171086311e-01 2.007608208805322647e-01 2.408701088279485703e-02 9.857705691829323769e-01 7.022879244759678841e-01 2.519237427040934563e-01
7.220590393990278244e-01 9.088224731385707855e-03 3.331106128171086311e-01 8.035420421510934830e-01 8.655476830899715424e-01 9.857705691829323769e-01 7.022879244759678841e-01 2.519237427040934563e-01
7.220590393990278244e-01 9.088224731385707855e-03 3.331106128171086311e-01 8.035420421510934830e-01 2.408701088279485703e-02 6.434265524148941040e-04 7.022879244759678841e-01 2.519237427040934563e-01
7.220590393990278244e-01 9.088224731385707855e-03 3.331106128171086311e-01 8.035420421510934830e-01 2.408701088279485703e-02 9.857705691829323769e-01 4.084623027592897415e-01 2.519237427040934563e-01
7.220590393990278244e-01 9.088224731385707855e-03 3.331106128171086311e-01 8.035420421510934830e-01 2.408701088279485703e-02 9.857705691829323769e-01 7.022879244759678841e-01 3.768812585622072220e-01
7.220590393990278244e-01 7.121973326429724693e-01 8.720384864136576653e-01 2.007608208805322647e-01 8.655476830899715424e-01 6.434265524148941040e-04 4.084623027592897415e-01 3.768812585622072220e-01
7.469875924289226532e-01 9.088224731385707855e-03 8.720384864136576653e-01 2.007608208805322647e-01 8.655476830899715424e-01 6.434265524148941040e-04 4.084623027592897415e-01 3.768812585622072220e-01
7.469875924289226532e-01 7.121973326429724693e-01 3.331106128171086311e-01 2.007608208805322647e-01 8.655476830899715424e-01 6.434265524148941040e-04 4.084623027592897415e-01 3.768812585622072220e-01
7.469875924289226532e-01 7.121973326429724693e-01 8.720384864136576653e-01 8.035420421510934830e-01 8.655476830899715424e-01 6.434265524148941040e-04 4.084623027592897415e-01 3.768812585622072220e-01
7.469875924289226532e-01 7.121973326429724693e-01 8.720384864136576653e-01 2.007608208805322647e-01 2.408701088279485703e-02 6.434265524148941040e-04 4.084623027592897415e-01 3.768812585622072220e-01
7.469875924289226532e-01 7.121973326429724693e-01 8.720384864136576653e-01 2.007608208805322647e-01 8.655476830899715424e-01 9.857705691829323769e-01 4.084623027592897415e-01 3.768812585622072220e-01
7.469875924289226532e-01 7.121973326429724693e-01 8.720384864136576653e-01 2.007608208805322647e-01 8.655476830899715424e-01 6.434265524148941040e-04 7.022879244759678841e-01 3.768812585622072220e-01
7.469875924289226532e-01 7.121973326429724693e-01 8.720384864136576653e-01 2.007608208805322647e-01 8.655476830899715424e-01 6.434265524148941040e-04 4.084623027592897415e-01 2.519237427040934563e-01
7.469875924289226532e-01 7.121973326429724693e-01 8.720384864136576653e-01 2.007608208805322647e-01 8.655476830899715424e-01 6.434265524148941040e-04 4.084623027592897415e-01 3.768812585622072220e-01
5.074365772306919098e-01 7.242050170898437500e-01 2.009832793846726418e-01 9.254330974072217941e-01 1.608985848724842072e-01 7.440109830349683762e-01 2.540604202076792717e-01 8.399192644283175468e-01
3.237850964069366455e-01 7.242050170898437500e-01 2.009832793846726418e-01 9.254330974072217941e-01 1.608985848724842072e-01 7.440109830349683762e-01 2.540604202076792717e-01 8.399192644283175468e-01
5.074365772306919098e-01 3.160549001768231392e-01 2.009832793846726418e-01 9.254330974072217941e-01 1.608985848724842072e-01 7.440109830349683762e-01 2.540604202076792717e-01 8.399192644283175468e-01
5.074365772306919098e-01 7.242050170898437500e-01 2.648110641166567802e-01 9.254330974072217941e-01 1.608985848724842072e-01 7.440109830349683762e-01 2.540604202076792717e-01 8.399192644283175468e-01
5.074365772306919098e-01 7.242050170898437500e-01 2.009832793846726418e-01 6.641035526990890503e-02 1.608985848724842072e-01 7.440109830349683762e-01 2.540604202076792717e-01 8.399192644283175468e-01
5.074365772306919098e-01 7.242050170898437500e-01 2.009832793846726418e-01 9.254330974072217941e-01 4.766671173274517059e-02 7.440109830349683762e-01 2.540604202076792717e-01 8.399192644283175468e-01
5.074365772306919098e-01 7.242050170898437500e-01 2.009832793846726418e-01 9.254330974072217941e-01 1.608985848724842072e-01 3.286818088963627815e-01 2.540604202076792717e-01 8.399192644283175468e-01
5.074365772306919098e-01 7.242050170898437500e-01 2.009832793846726418e-01 9.254330974072217941e-01 1.608985848724842072e-01 7.440109830349683762e-01 3.689051801338791847e-01 8.399192644283175468e-01
5.074365772306919098e-01 7.242050170898437500e-01 2.009832793846726418e-01 9.254330974072217941e-01 1.608985848724842072e-01 7.440109830349683762e-01 2.540604202076792717e-01 3.344690492376685143e-01
5.074365772306919098e-01 3.160549001768231392e-01 2.648110641166567802e-01 6.641035526990890503e-02 4.766671173274517059e-02 3.286818088963627815e-01 3.689051801338791847e-01 3.344690492376685143e-01
3.237850964069366455e-01 7.242050170898437500e-01 2.648110641166567802e-01 6.641035526990890503e-02 4.766671173274517059e-02 3.286818088963627815e-01 3.689051801338791847e-01 3.344690492376685143e-01
3.237850964069366455e-01 3.160549001768231392e-01 2.009832793846726418e-01 6.641035526990890503e-02 4.766671173274517059e-02 3.286818088963627815e-01 3.689051801338791847e-01 3.344690492376685143e-01
3.237850964069366455e-01 3.160549001768231392e-01 2.648110641166567802e-01 9.254330974072217941e-01 4.766671173274517059e-02 3.286818088963627815e-01 3.689051801338791847e-01 3.344690492376685143e-01
3.237850964069366455e-01 3.160549001768231392e-01 2.648110641166567802e-01 6.641035526990890503e-02 1.608985848724842072e-01 3.286818088963627815e-01 3.689051801338791847e-01 3.344690492376685143e-01
3.237850964069366455e-01 3.160549001768231392e-01 2.648110641166567802e-01 6.641035526990890503e-02 4.766671173274517059e-02 7.440109830349683762e-01 3.689051801338791847e-01 3.344690492376685143e-01
3.237850964069366455e-01 3.160549001768231392e-01 2.648110641166567802e-01 6.641035526990890503e-02 4.766671173274517059e-02 3.286818088963627815e-01 2.540604202076792717e-01 3.344690492376685143e-01
3.237850964069366455e-01 3.160549001768231392e-01 2.648110641166567802e-01 6.641035526990890503e-02 4.766671173274517059e-02 3.286818088963627815e-01 3.689051801338791847e-01 8.399192644283175468e-01
3.237850964069366455e-01 3.160549001768231392e-01 2.648110641166567802e-01 6.641035526990890503e-02 4.766671173274517059e-02 3.286818088963627815e-01 3.689051801338791847e-01 3.344690492376685143e-01
5.986939370632171631e-02 1.292247474193572998e-01 6.437825905159115791e-01 1.026524119079113007e-01 6.904012300074100494e-01 4.824066692963242531e-01 6.000139480456709862e-01 4.508426506072282791e-01
6.103589413687586784e-01 1.292247474193572998e-01 6.437825905159115791e-01 1.026524119079113007e-01 6.904012300074100494e-01 4.824066692963242531e-01 6.000139480456709862e-01 4.508426506072282791e-01
5.986939370632171631e-02 8.453566096723079681e-01 6.437825905159115791e-01 1.026524119079113007e-01 6.904012300074100494e-01 4.824066692963242531e-01 6.000139480456709862e-01 4.508426506072282791e-01
5.986939370632171631e-02 1.292247474193572998e-01 9.895075093954801559e-01 1.026524119079113007e-01 6.904012300074100494e-01 4.824066692963242531e-01 6.000139480456709862e-01 4.508426506072282791e-01
5.986939370632171631e-02 1.292247474193572998e-01 6.437825905159115791e-01 6.247414201498031616e-01 6.904012300074100494e-01 4.824066692963242531e-01 6.000139480456709862e-01 4.508426506072282791e-01
5.986939370632171631e-02 1.292247474193572998e-01 6.437825905159115791e-01 1.026524119079113007e-01 9.906949875876307487e-01 4.824066692963242531e-01 6.000139480456709862e-01 4.508426506072282791e-01
5.986939370632171631e-02 1.292247474193572998e-01 6.437825905159115791e-01 1.026524119079113007e-01 6.904012300074100494e-01 6.068125469610095024e-01 6.000139480456709862e-01 4.508426506072282791e-01
5.986939370632171631e-02 1.292247474193572998e-01 6.437825905159115791e-01 1.026524119079113007e-01 6.904012300074100494e-01 4.824066692963242531e-01 7.987497225403785706e-01 4.508426506072282791e-01
5.986939370632171631e-02 1.292247474193572998e-01 6.437825905159115791e-01 1.026524119079113007e-01 6.904012300074100494e-01 4.824066692963242531e-01 6.000139480456709862e-01 5.415813019499182701e-01
5.986939370632171631e-02 8.453566096723079681e-01 9.895075093954801559e-01 6.247414201498031616e-01 9.906949875876307487e-01 6.068125469610095024e-01 7.987497225403785706e-01 5.415813019499182701e-01
6.103589413687586784e-01 1.292247474193572998e-01 9.895075093954801559e-01 6.247414201498031616e-01 9.906949875876307487e-01 6.068125469610095024e-01 7.987497225403785706e-01 5.415813019499182701e-01
6.103589413687586784e-01 8.453566096723079681e-01 6.437825905159115791e-01 6.247414201498031616e-01 9.906949875876307487e-01 6.068125469610095024e-01 7.987497225403785706e-01 5.415813019499182701e-01
6.103589413687586784e-01 8.453566096723079681e-01 9.895075093954801559e-01 1.026524119079113007e-01 9.906949875876307487e-01 6.068125469610095024e-01 7.987497225403785706e-01 5.415813019499182701e-01
6.103589413687586784e-01 8.453566096723079681e-01 9.895075093954801559e-01 6.247414201498031616e-01 6.904012300074100494e-01 6.068125469610095024e-01 7.987497225403785706e-01 5.415813019499182701e-01
6.103589413687586784e-01 8.453566096723079681e-01 9.895075093954801559e-01 6.247414201498031616e-01 9.906949875876307487e-01 4.824066692963242531e-01 7.987497225403785706e-01 5.415813019499182701e-01
6.103589413687586784e-01 8.453566096723079681e-01 9.895075093954801559e-01 6.247414201498031616e-01 9.906949875876307487e-01 6.068125469610095024e-01 6.000139480456709862e-01 5.415813019499182701e-01
6.103589413687586784e-01 8.453566096723079681e-01 9.895075093954801559e-01 6.247414201498031616e-01 9.906949875876307487e-01 6.068125469610095024e-01 7.987497225403785706e-01 4.508426506072282791e-01
6.103589413687586784e-01 8.453566096723079681e-01 9.895075093954801559e-01 6.247414201498031616e-01 9.906949875876307487e-01 6.068125469610095024e-01 7.987497225403785706e-01 5.415813019499182701e-01
4.596653487533330917e-01 9.899091077968478203e-01 4.436775771901011467e-01 6.764744957908987999e-01 7.667193356901407242e-01 9.701693896204233170e-02 7.372781448066234589e-02 2.679325267672538757e-02
7.754741441458463669e-01 9.899091077968478203e-01 4.436775771901011467e-01 6.764744957908987999e-01 7.667193356901407242e-01 9.701693896204233170e-02 7.372781448066234589e-02 2.679325267672538757e-02
4.596653487533330917e-01 5.205220319330692291e-01 4.436775771901011467e-01 6.764744957908987999e-01 7.667193356901407242e-01 9.701693896204233170e-02 7.372781448066234589e-02 2.679325267672538757e-02
4.596653487533330917e-01 9.899091077968478203e-01 6.260334271937608719e-01 6.764744957908987999e-01 7.667193356901407242e-01 9.701693896204233170e-02 7.372781448066234589e-02 2.679325267672538757e-02
4.596653487533330917e-01 9.899091077968478203e-01 4.436775771901011467e-01 7.870925776660442352e-01 7.667193356901407242e-01 9.701693896204233170e-02 7.372781448066234589e-02 2.679325267672538757e-02
4.596653487533330917e-01 9.899091077968478203e-01 4.436775771901011467e-01 6.764744957908987999e-01 4.821659522131085396e-01 9.701693896204233170e-02 7.372781448066234589e-02 2.679325267672538757e-02
4.596653487533330917e-01 9.899091077968478203e-01 4.436775771901011467e-01 6.764744957908987999e-01 7.667193356901407242e-01 2.084040967747569084e-01 7.372781448066234589e-02 2.679325267672538757e-02
4.596653487533330917e-01 9.899091077968478203e-01 4.436775771901011467e-01 6.764744957908987999e-01 7.667193356901407242e-01 9.701693896204233170e-02 5.094677256420254707e-01 2.679325267672538757e-02
4.596653487533330917e-01 9.899091077968478203e-01 4.436775771901011467e-01 6.764744957908987999e-01 7.667193356901407242e-01 9.701693896204233170e-02 7.372781448066234589e-02 1.329277073964476585e-01
4.596653487533330917e-01 5.205220319330692291e-01 6.260334271937608719e-01 7.870925776660442352e-01 4.821659522131085396e-01 2.084040967747569084e-01 5.094677256420254707e-01 1.329277073964476585e-01
7.754741441458463669e-01 9.899091077968478203e-01 6.260334271937608719e-01 7.870925776660442352e-01 4.821659522131085396e-01 2.084040967747569084e-01 5.094677256420254707e-01 1.329277073964476585e-01
7.754741441458463669e-01 5.205220319330692291e-01 4.436775771901011467e-01 7.870925776660442352e-01 4.821659522131085396e-01 2.084040967747569084e-01 5.094677256420254707e-01 1.329277073964476585e-01
7.754741441458463669e-01 5.205220319330692291e-01 6.260334271937608719e-01 6.764744957908987999e-01 4.821659522131085396e-01 2.084040967747569084e-01 5.094677256420254707e-01 1.329277073964476585e-01
7.754741441458463669e-01 5.205220319330692291e-01 6.260334271937608719e-01 7.870925776660442352e-01 7.667193356901407242e-01 2.084040967747569084e-01 5.094677256420254707e-01 1.329277073964476585e-01
7.754741441458463669e-01 5.205220319330692291e-01 6.260334271937608719e-01 7.870925776660442352e-01 4.821659522131085396e-01 9.701693896204233170e-02 5.094677256420254707e-01 1.329277073964476585e-01
7.754741441458463669e-01 5.205220319330692291e-01 6.260334271937608719e-01 7.870925776660442352e-01 4.821659522131085396e-01 2.084040967747569084e-01 7.372781448066234589e-02 1.329277073964476585e-01
7.754741441458463669e-01 5.205220319330692291e-01 6.260334271937608719e-01 7.870925776660442352e-01 4.821659522131085396e-01 2.084040967747569084e-01 5.094677256420254707e-01 2.679325267672538757e-02
7.754741441458463669e-01 5.205220319330692291e-01 6.260334271937608719e-01 7.870925776660442352e-01 4.821659522131085396e-01 2.084040967747569084e-01 5.094677256420254707e-01 1.329277073964476585e-01
9.808409232646226883e-01 3.949576271697878838e-01 8.990721097216010094e-01 3.574703903868794441e-01 3.663513157516717911e-01 8.666778933256864548e-01 7.902723792940378189e-01 6.355811553075909615e-01
3.183880168944597244e-02 3.949576271697878838e-01 8.990721097216010094e-01 3.574703903868794441e-01 3.663513157516717911e-01 8.666778933256864548e-01 7.902723792940378189e-01 6.355811553075909615e-01
9.808409232646226883e-01 5.373178143054246902e-02 8.990721097216010094e-01 3.574703903868794441e-01 3.663513157516717911e-01 8.666778933256864548e-01 7.902723792940378189e-01 6.355811553075909615e-01
9.808409232646226883e-01 3.949576271697878838e-01 1.205033874139189720e-01 3.574703903868794441e-01 3.663513157516717911e-01 8.666778933256864548e-01 7.902723792940378189e-01 6.355811553075909615e-01
9.808409232646226883e-01 3.949576271697878838e-01 8.990721097216010094e-01 2.795667089521884918e-01 3.663513157516717911e-01 8.666778933256864548e-01 7.902723792940378189e-01 6.355811553075909615e-01
9.808409232646226883e-01 3.949576271697878838e-01 8.990721097216010094e-01 3.574703903868794441e-01 5.420374348759651184e-01 8.666778933256864548e-01 7.902723792940378189e-01 6.355811553075909615e-01
9.808409232646226883e-01 3.949576271697878838e-01 8.990721097216010094e-01 3.574703903868794441e-01 3.663513157516717911e-01 9.771359013393521309e-01 7.902723792940378189e-01 6.355811553075909615e-01
9.808409232646226883e-01 3.949576271697878838e-01 8.990721097216010094e-01 3.574703903868794441e-01 3.663513157516717911e-01 8.666778933256864548e-01 6.405969336628913879e-02 6.355811553075909615e-01
9.808409232646226883e-01 3.949576271697878838e-01 8.990721097216010094e-01 3.574703903868794441e-01 3.663513157516717911e-01 8.666778933256864548e-01 7.902723792940378189e-01 9.892176305875182152e-01
9.808409232646226883e-01 5.373178143054246902e-02 1.205033874139189720e-01 2.795667089521884918e-01 5.420374348759651184e-01 9.771359013393521309e-01 6.405969336628913879e-02 9.892176305875182152e-01
3.183880168944597244e-02 3.949576271697878838e-01 1.205033874139189720e-01 2.795667089521884918e-01 5.420374348759651184e-01 9.771359013393521309e-01 6.405969336628913879e-02 9.892176305875182152e-01
3.183880168944597244e-02 5.373178143054246902e-02 8.990721097216010094e-01 2.795667089521884918e-01 5.420374348759651184e-01 9.771359013393521309e-01 6.405969336628913879e-02 9.892176305875182152e-01
3.183880168944597244e-02 5.373178143054246902e-02 1.205033874139189720e-01 3.574703903868794441e-01 5.420374348759651184e-01 9.771359013393521309e-01 6.405969336628913879e-02 9.892176305875182152e-01
3.183880168944597244e-02 5.373178143054246902e-02 1.205033874139189720e-01 2.795667089521884918e-01 3.663513157516717911e-01 9.771359013393521309e-01 6.405969336628913879e-02 9.892176305875182152e-01
3.183880168944597244e-02 5.373178143054246902e-02 1.205033874139189720e-01 2.795667089521884918e-01 5.420374348759651184e-01 8.666778933256864548e-01 6.405969336628913879e-02 9.892176305875182152e-01
3.183880168944597244e-02 5.373178143054246902e-02 1.205033874139189720e-01 2.795667089521884918e-01 5.420374348759651184e-01 9.771359013393521309e-01 7.902723792940378189e-01 9.892176305875182152e-01
3.183880168944597244e-02 5.373178143054246902e-02 1.205033874139189720e-01 2.795667089521884918e-01 5.420374348759651184e-01 9.771359013393521309e-01 6.405969336628913879e-02 6.355811553075909615e-01
3.183880168944597244e-02 5.373178143054246902e-02 1.205033874139189720e-01 2.795667089521884918e-01 5.420374348759651184e-01 9.771359013393521309e-01 6.405969336628913879e-02 9.892176305875182152e-01
9.051905861124396324e-01 5.082430150359869003e-01 3.811329202726483345e-01 3.108847234398126602e-02 9.727959260344505310e-01 9.083621557801961899e-01 3.607426527887582779e-01 7.503939401358366013e-01
2.773840175941586494e-01 5.082430150359869003e-01 3.811329202726483345e-01 3.108847234398126602e-02 9.727959260344505310e-01 9.083621557801961899e-01 3.607426527887582779e-01 7.503939401358366013e-01
9.051905861124396324e-01 6.827473323792219162e-01 3.811329202726483345e-01 3.108847234398126602e-02 9.727959260344505310e-01 9.083621557801961899e-01 3.607426527887582779e-01 7.503939401358366013e-01
9.051905861124396324e-01 5.082430150359869003e-01 4.328080918639898300e-02 3.108847234398126602e-02 9.727959260344505310e-01 9.083621557801961899e-01 3.607426527887582779e-01 7.503939401358366013e-01
9.051905861124396324e-01 5.082430150359869003e-01 3.811329202726483345e-01 4.703958323225378990e-01 9.727959260344505310e-01 9.083621557801961899e-01 3.607426527887582779e-01 7.503939401358366013e-01
9.051905861124396324e-01 5.082430150359869003e-01 3.811329202726483345e-01 3.108847234398126602e-02 9.015703378245234489e-01 9.083621557801961899e-01 3.607426527887582779e-01 7.503939401358366013e-01
9.051905861124396324e-01 5.082430150359869003e-01 3.811329202726483345e-01 3.108847234398126602e-02 9.727959260344505310e-01 1.764206113293766975e-01 3.607426527887582779e-01 7.503939401358366013e-01
9.051905861124396324e-01 5.082430150359869003e-01 3.811329202726483345e-01 3.108847234398126602e-02 9.727959260344505310e-01 9.083621557801961899e-01 9.151767389848828316e-01 7.503939401358366013e-01
9.051905861124396324e-01 5.082430150359869003e-01 3.811329202726483345e-01 3.108847234398126602e-02 9.727959260344505310e-01 9.083621557801961899e-01 3.607426527887582779e-01 2.772230003029108047e-01
9.051905861124396324e-01 6.827473323792219162e-01 4.328080918639898300e-02 4.703958323225378990e-01 9.015703378245234489e-01 1.764206113293766975e-01 9.151767389848828316e-01 2.772230003029108047e-01
2.773840175941586494e-01 5.082430150359869003e-01 4.328080918639898300e-02 4.703958323225378990e-01 9.015703378245234489e-01 1.764206113293766975e-01 9.151767389848828316e-01 2.772230003029108047e-01
2.773840175941586494e-01 6.827473323792219162e-01 3.811329202726483345e-01 4.703958323225378990e-01 9.015703378245234489e-01 1.764206113293766975e-01 9.151767389848828316e-01 2.772230003029108047e-01
2.773840175941586494e-01 6.827473323792219162e-01 4.328080918639898300e-02 3.108847234398126602e-02 9.015703378245234489e-01 1.764206113293766975e-01 9.151767389848828316e-01 2.772230003029108047e-01
2.773840175941586494e-01 6.827473323792219162e-01 4.328080918639898300e-02 4.703958323225378990e-01 9.727959260344505310e-01 1.764206113293766975e-01 9.151767389848828316e-01 2.772230003029108047e-01
2.773840175941586494e-01 6.827473323792219162e-01 4.328080918639898300e-02 4.703958323225378990e-01 9.015703378245234489e-01 9.083621557801961899e-01 9.151767389848828316e-01 2.772230003029108047e-01
2.773840175941586494e-01 6.827473323792219162e-01 4.328080918639898300e-02 4.703958323225378990e-01 9.015703378245234489e-01 1.764206113293766975e-01 3.607426527887582779e-01 2.772230003029108047e-01
2.773840175941586494e-01 6.827473323792219162e-01 4.328080918639898300e-02 4.703958323225378990e-01 9.015703378245234489e-01 1.764206113293766975e-01 9.151767389848828316e-01 7.503939401358366013e-01
2.773840175941586494e-01 6.827473323792219162e-01 4.328080918639898300e-02 4.703958323225378990e-01 9.015703378245234489e-01 1.764206113293766975e-01 9.151767389848828316e-01 2.772230003029108047e-01
4.103749496862292290e-01 1.032319869846105576e-01 9.616184914484620094e-01 9.427972612902522087e-01 3.770696893334388733e-01 1.777789602056145668e-01 5.186953824013471603e-01 3.924455260857939720e-01
5.376174952834844589e-01 1.032319869846105576e-01 9.616184914484620094e-01 9.427972612902522087e-01 3.770696893334388733e-01 1.777789602056145668e-01 5.186953824013471603e-01 3.924455260857939720e-01
4.103749496862292290e-01 1.495545124635100365e-01 9.616184914484620094e-01 9.427972612902522087e-01 3.770696893334388733e-01 1.777789602056145668e-01 5.186953824013471603e-01 3.924455260857939720e-01
4.103749496862292290e-01 1.032319869846105576e-01 7.092059943825006485e-01 9.427972612902522087e-01 3.770696893334388733e-01 1.777789602056145668e-01 5.186953824013471603e-01 3.924455260857939720e-01
4.103749496862292290e-01 1.032319869846105576e-01 9.616184914484620094e-01 9.629605626687407494e-01 3.770696893334388733e-01 1.777789602056145668e-01 5.186953824013471603e-01 3.924455260857939720e-01
4.103749496862292290e-01 1.032319869846105576e-01 9.616184914484620094e-01 9.427972612902522087e-01 9.131796471774578094e-02 1.777789602056145668e-01 5.186953824013471603e-01 3.924455260857939720e-01
4.103749496862292290e-01 1.032319869846105576e-01 9.616184914484620094e-01 9.427972612902522087e-01 3.770696893334388733e-01 8.841177327558398247e-01 5.186953824013471603e-01 3.924455260857939720e-01
4.103749496862292290e-01 1.032319869846105576e-01 9.616184914484620094e-01 9.427972612902522087e-01 3.770696893334388733e-01 1.777789602056145668e-01 4.697766639292240143e-01 3.924455260857939720e-01
4.103749496862292290e-01 1.032319869846105576e-01 9.616184914484620094e-01 9.427972612902522087e-01 3.770696893334388733e-01 1.777789602056145668e-01 5.186953824013471603e-01 6.006283257156610489e-01
4.103749496862292290e-01 1.495545124635100365e-01 7.092059943825006485e-01 9.629605626687407494e-01 9.131796471774578094e-02 8.841177327558398247e-01 4.697766639292240143e-01 6.006283257156610489e-01
5.376174952834844589e-01 1.032319869846105576e-01 7.092059943825006485e-01 9.629605626687407494e-01 9.131796471774578094e-02 8.841177327558398247e-01 4.697766639292240143e-01 6.006283257156610489e-01
5.376174952834844589e-01 1.495545124635100365e-01 9.616184914484620094e-01 9.629605626687407494e-01 9.131796471774578094e-02 8.841177327558398247e-01 4.697766639292240143e-01 6.006283257156610489e-01
5.376174952834844589e-01 1.495545124635100365e-01 7.092059943825006485e-01 9.427972612902522087e-01 9.131796471774578094e-02 8.841177327558398247e-01 4.697766639292240143e-01 6.006283257156610489e-01
5.376174952834844589e-01 1.495545124635100365e-01 7.092059943825006485e-01 9.629605626687407494e-01 3.770696893334388733e-01 8.841177327558398247e-01 4.697766639292240143e-01 6.006283257156610489e-01
5.376174952834844589e-01 1.495545124635100365e-01 7.092059943825006485e-01 9.629605626687407494e-01 9.131796471774578094e-02 1.777789602056145668e-01 4.697766639292240143e-01 6.006283257156610489e-01
5.376174952834844589e-01 1.495545124635100365e-01 7.092059943825006485e-01 9.629605626687407494e-01 9.131796471774578094e-02 8.841177327558398247e-01 5.186953824013471603e-01 6.006283257156610489e-01
5.376174952834844589e-01 1.495545124635100365e-01 7.092059943825006485e-01 9.629605626687407494e-01 9.131796471774578094e-02 8.841177327558398247e-01 4.697766639292240143e-01 3.924455260857939720e-01
5.376174952834844589e-01 1.495545124635100365e-01 7.092059943825006485e-01 9.629605626687407494e-01 9.131796471774578094e-02 8.841177327558398247e-01 4.697766639292240143e-01 6.006283257156610489e-01
7.790256757289171219e-02 7.737288596108555794e-01 1.385281225666403770e-01 2.741876989603042603e-01 8.005087636411190033e-02 3.053583363071084023e-01 6.073621567338705063e-02 6.943988148123025894e-02
8.257492883130908012e-01 7.737288596108555794e-01 1.385281225666403770e-01 2.741876989603042603e-01 8.005087636411190033e-02 3.053583363071084023e-01 6.073621567338705063e-02 6.943988148123025894e-02
7.790256757289171219e-02 4.819422205910086632e-01 1.385281225666403770e-01 2.741876989603042603e-01 8.005087636411190033e-02 3.053583363071084023e-01 6.073621567338705063e-02 6.943988148123025894e-02
7.790256757289171219e-02 7.737288596108555794e-01 9.086514171212911606e-01 2.741876989603042603e-01 8.005087636411190033e-02 3.053583363071084023e-01 6.073621567338705063e-02 6.943988148123025894e-02
7.790256757289171219e-02 7.737288596108555794e-01 1.385281225666403770e-01 6.253279848024249077e-01 8.005087636411190033e-02 3.053583363071084023e-01 6.073621567338705063e-02 6.943988148123025894e-02
7.790256757289171219e-02 7.737288596108555794e-01 1.385281225666403770e-01 2.741876989603042603e-01 5.686269178986549377e-01 3.053583363071084023e-01 6.073621567338705063e-02 6.943988148123025894e-02
7.790256757289171219e-02 7.737288596108555794e-01 1.385281225666403770e-01 2.741876989603042603e-01 8.005087636411190033e-02 2.981626717373728752e-01 6.073621567338705063e-02 6.943988148123025894e-02
7.790256757289171219e-02 7.737288596108555794e-01 1.385281225666403770e-01 2.741876989603042603e-01 8.005087636411190033e-02 3.053583363071084023e-01 2.122486913576722145e-01 6.943988148123025894e-02
7.790256757289171219e-02 7.737288596108555794e-01 1.385281225666403770e-01 2.741876989603042603e-01 8.005087636411190033e-02 3.053583363071084023e-01 6.073621567338705063e-02 1.928764302283525467e-01
7.790256757289171219e-02 4.819422205910086632e-01 9.086514171212911606e-01 6.253279848024249077e-01 5.686269178986549377e-01 2.981626717373728752e-01 2.122486913576722145e-01 1.928764302283525467e-01
8.257492883130908012e-01 7.737288596108555794e-01 9.086514171212911606e-01 6.253279848024249077e-01 5.686269178986549377e-01 2.981626717373728752e-01 2.122486913576722145e-01 1.928764302283525467e-01
8.257492883130908012e-01 4.819422205910086632e-01 1.385281225666403770e-01 6.253279848024249077e-01 5.686269178986549377e-01 2.981626717373728752e-01 2.122486913576722145e-01 1.928764302283525467e-01
8.257492883130908012e-01 4.819422205910086632e-01 9.086514171212911606e-01 2.741876989603042603e-01 5.686269178986549377e-01 2.981626717373728752e-01 2.122486913576722145e-01 1.928764302283525467e-01
8.257492883130908012e-01 4.819422205910086632e-01 9.086514171212911606e-01 6.253279848024249077e-01 8.005087636411190033e-02 2.981626717373728752e-01 2.122486913576722145e-01 1.928764302283525467e-01
8.257492883130908012e-01 4.819422205910086632e-01 9.086514171212911606e-01 6.253279848024249077e-01 5.686269178986549377e-01 3.053583363071084023e-01 2.122486913576722145e-01 1.928764302283525467e-01
8.257492883130908012e-01 4.819422205910086632e-01 9.086514171212911606e-01 6.253279848024249077e-01 5.686269178986549377e-01 2.981626717373728752e-01 6.073621567338705063e-02 1.928764302283525467e-01
8.257492883130908012e-01 4.819422205910086632e-01 9.086514171212911606e-01 6.253279848024249077e-01 5.686269178986549377e-01 2.981626717373728752e-01 2.122486913576722145e-01 6.943988148123025894e-02
8.257492883130908012e-01 4.819422205910086632e-01 9.086514171212911606e-01 6.253279848024249077e-01 5.686269178986549377e-01 2.981626717373728752e-01 2.122486913576722145e-01 1.928764302283525467e-01
6.143441731110215187e-01 3.686871351674199104e-01 7.062354264780879021e-01 6.899324078112840652e-01 5.544539745897054672e-01 5.435098912566900253e-01 8.402853934094309807e-01 7.095995843410491943e-01
1.163273677229881287e-01 3.686871351674199104e-01 7.062354264780879021e-01 6.899324078112840652e-01 5.544539745897054672e-01 5.435098912566900253e-01 8.402853934094309807e-01 7.095995843410491943e-01
6.143441731110215187e-01 9.526540990918874741e-01 7.062354264780879021e-01 6.899324078112840652e-01 5.544539745897054672e-01 5.435098912566900253e-01 8.402853934094309807e-01 7.095995843410491943e-01
6.143441731110215187e-01 3.686871351674199104e-01 3.360531507059931755e-01 6.899324078112840652e-01 5.544539745897054672e-01 5.435098912566900253e-01 8.402853934094309807e-01 7.095995843410491943e-01
6.143441731110215187e-01 3.686871351674199104e-01 7.062354264780879021e-01 1.835055081173777580e-01 5.544539745897054672e-01 5.435098912566900253e-01 8.402853934094309807e-01 7.095995843410491943e-01
6.143441731110215187e-01 3.686871351674199104e-01 7.062354264780879021e-01 6.899324078112840652e-01 3.759196894243359566e-01 5.435098912566900253e-01 8.402853934094309807e-01 7.095995843410491943e-01
6.143441731110215187e-01 3.686871351674199104e-01 7.062354264780879021e-01 6.899324078112840652e-01 5.544539745897054672e-01 5.123300002887845039e-01 8.402853934094309807e-01 7.095995843410491943e-01
6.143441731110215187e-01 3.686871351674199104e-01 7.062354264780879021e-01 6.899324078112840652e-01 5.544539745897054672e-01 5.435098912566900253e-01 6.420843228697776794e-01 7.095995843410491943e-01
6.143441731110215187e-01 3.686871351674199104e-01 7.062354264780879021e-01 6.899324078112840652e-01 5.544539745897054672e-01 5.435098912566900253e-01 8.402853934094309807e-01 9.310689289122819901e-01
6.143441731110215187e-01 9.526540990918874741e-01 3.360531507059931755e-01 1.835055081173777580e-01 3.759196894243359566e-01 5.123300002887845039e-01 6.420843228697776794e-01 9.310689289122819901e-01
1.163273677229881287e-01 3.686871351674199104e-01 3.360531507059931755e-01 1.835055081173777580e-01 3.759196894243359566e-01 5.123300002887845039e-01 6.420843228697776794e-01 9.310689289122819901e-01
1.163273677229881287e-01 9.526540990918874741e-01 7.062354264780879021e-01 1.835055081173777580e-01 3.759196894243359566e-01 5.123300002887845039e-01 6.420843228697776794e-01 9.310689289122819901e-01
1.163273677229881287e-01 9.526540990918874741e-01 3.360531507059931755e-01 6.899324078112840652e-01 3.759196894243359566e-01 5.123300002887845039e-01 6.420843228697776794e-01 9.310689289122819901e-01
1.163273677229881287e-01 9.526540990918874741e-01 3.360531507059931755e-01 1.835055081173777580e-01 5.544539745897054672e-01 5.123300002887845039e-01 6.420843228697776794e-01 9.310689289122819901e-01
1.163273677229881287e-01 9.526540990918874741e-01 3.360531507059931755e-01 1.835055081173777580e-01 3.759196894243359566e-01 5.435098912566900253e-01 6.420843228697776794e-01 9.310689289122819901e-01
1.163273677229881287e-01 9.526540990918874741e-01 3.360531507059931755e-01 1.835055081173777580e-01 3.759196894243359566e-01 5.123300002887845039e-01 8.402853934094309807e-01 9.310689289122819901e-01
1.163273677229881287e-01 9.526540990918874741e-01 3.360531507059931755e-01 1.835055081173777580e-01 3.759196894243359566e-01 5.123300002887845039e-01 6.420843228697776794e-01 7.095995843410491943e-01
1.163273677229881287e-01 9.526540990918874741e-01 3.360531507059931755e-01 1.835055081173777580e-01 3.759196894243359566e-01 5.123300002887845039e-01 6.420843228697776794e-01 9.310689289122819901e-01
6.424890486523509026e-01 8.958185110241174698e-01 8.242001002654433250e-01 5.693765636533498764e-01 6.363909663632512093e-01 7.853929931297898293e-01 1.479463102295994759e-01 1.360273584723472595e-01
9.379674084484577179e-01 8.958185110241174698e-01 8.242001002654433250e-01 5.693765636533498764e-01 6.363909663632512093e-01 7.853929931297898293e-01 1.479463102295994759e-01 1.360273584723472595e-01
6.424890486523509026e-01 8.342425152659416199e-02 8.242001002654433250e-01 5.693765636533498764e-01 6.363909663632512093e-01 7.853929931297898293e-01 1.479463102295994759e-01 1.360273584723472595e-01
6.424890486523509026e-01 8.958185110241174698e-01 7.927373750135302544e-01 5.693765636533498764e-01 6.363909663632512093e-01 7.853929931297898293e-01 1.479463102295994759e-01 1.360273584723472595e-01
6.424890486523509026e-01 8.958185110241174698e-01 8.242001002654433250e-01 4.930858407169580460e-02 6.363909663632512093e-01 7.853929931297898293e-01 1.479463102295994759e-01 1.360273584723472595e-01
6.424890486523509026e-01 8.958185110241174698e-01 8.242001002654433250e-01 5.693765636533498764e-01 6.937741702422499657e-01 7.853929931297898293e-01 1.479463102295994759e-01 1.360273584723472595e-01
6.424890486523509026e-01 8.958185110241174698e-01 8.242001002654433250e-01 5.693765636533498764e-01 6.363909663632512093e-01 8.404288459569215775e-01 1.479463102295994759e-01 1.360273584723472595e-01
6.424890486523509026e-01 8.958185110241174698e-01 8.242001002654433250e-01 5.693765636533498764e-01 6.363909663632512093e-01 7.853929931297898293e-01 5.732392547652125359e-01 1.360273584723472595e-01
6.424890486523509026e-01 8.958185110241174698e-01 8.242001002654433250e-01 5.693765636533498764e-01 6.363909663632512093e-01 7.853929931297898293e-01 1.479463102295994759e-01 8.583680232986807823e-01
6.424890486523509026e-01 8.342425152659416199e-02 7.927373750135302544e-01 4.930858407169580460e-02 6.937741702422499657e-01 8.404288459569215775e-01 5.732392547652125359e-01 8.583680232986807823e-01
9.379674084484577179e-01 8.958185110241174698e-01 7.927373750135302544e-01 4.930858407169580460e-02 6.937741702422499657e-01 8.404288459569215775e-01 5.732392547652125359e-01 8.583680232986807823e-01
9.379674084484577179e-01 8.342425152659416199e-02 8.242001002654433250e-01 4.930858407169580460e-02 6.937741702422499657e-01 8.404288459569215775e-01 5.732392547652125359e-01 8.583680232986807823e-01
9.379674084484577179e-01 8.342425152659416199e-02 7.927373750135302544e-01 5.693765636533498764e-01 6.937741702422499657e-01 8.404288459569215775e-01 5.732392547652125359e-01 8.583680232986807823e-01
9.379674084484577179e-01 8.342425152659416199e-02 7.927373750135302544e-01 4.930858407169580460e-02 6.363909663632512093e-01 8.404288459569215775e-01 5.732392547652125359e-01 8.583680232986807823e-01
9.379674084484577179e-01 8.342425152659416199e-02 7.927373750135302544e-01 4.930858407169580460e-02 6.937741702422499657e-01 7.853929931297898293e-01 5.732392547652125359e-01 8.583680232986807823e-01
9.379674084484577179e-01 8.342425152659416199e-02 7.927373750135302544e-01 4.930858407169580460e-02 6.937741702422499657e-01 8.404288459569215775e-01 1.479463102295994759e-01 8.583680232986807823e-01
9.379674084484577179e-01 8.342425152659416199e-02 7.927373750135302544e-01 4.930858407169580460e-02 6.937741702422499657e-01 8.404288459569215775e-01 5.732392547652125359e-01 1.360273584723472595e-01
9.379674084484577179e-01 8.342425152659416199e-02 7.927373750135302544e-01 4.930858407169580460e-02 6.937741702422499657e-01 8.404288459569215775e-01 5.732392547652125359e-01 8.583680232986807823e-01
1.672199582681059837e-01 4.888460133224725723e-01 2.705618990585207939e-01 4.040056951344013214e-01 2.319946559146046638e-01 4.698204807937145233e-02 9.894918287172913551e-01 5.263088950887322426e-01
2.450760966166853905e-01 4.888460133224725723e-01 2.705618990585207939e-01 4.040056951344013214e-01 2.319946559146046638e-01 4.698204807937145233e-02 9.894918287172913551e-01 5.263088950887322426e-01
1.672199582681059837e-01 6.166225420311093330e-01 2.705618990585207939e-01 4.040056951344013214e-01 2.319946559146046638e-01 4.698204807937145233e-02 9.894918287172913551e-01 5.263088950887322426e-01
1.672199582681059837e-01 4.888460133224725723e-01 4.547445457428693771e-01 4.040056951344013214e-01 2.319946559146046638e-01 4.698204807937145233e-02 9.894918287172913551e-01 5.263088950887322426e-01
1.672199582681059837e-01 4.888460133224725723e-01 2.705618990585207939e-01 5.095246965065598488e-01 2.319946559146046638e-01 4.698204807937145233e-02 9.894918287172913551e-01 5.263088950887322426e-01
1.672199582681059837e-01 4.888460133224725723e-01 2.705618990585207939e-01 4.040056951344013214e-01 2.508374694734811783e-01 4.698204807937145233e-02 9.894918287172913551e-01 5.263088950887322426e-01
1.672199582681059837e-01 4.888460133224725723e-01 2.705618990585207939e-01 4.040056951344013214e-01 2.319946559146046638e-01 9.512643888592720032e-02 9.894918287172913551e-01 5.263088950887322426e-01
1.672199582681059837e-01 4.888460133224725723e-01 2.705618990585207939e-01 4.040056951344013214e-01 2.319946559146046638e-01 4.698204807937145233e-02 2.769680693745613098e-03 5.263088950887322426e-01
1.672199582681059837e-01 4.888460133224725723e-01 2.705618990585207939e-01 4.040056951344013214e-01 2.319946559146046638e-01 4.698204807937145233e-02 9.894918287172913551e-01 1.765160169452428818e-02
1.672199582681059837e-01 6.166225420311093330e-01 4.547445457428693771e-01 5.095246965065598488e-01 2.508374694734811783e-01 9.512643888592720032e-02 2.769680693745613098e-03 1.765160169452428818e-02
2.450760966166853905e-01 4.888460133224725723e-01 4.547445457428693771e-01 5.095246965065598488e-01 2.508374694734811783e-01 9.512643888592720032e-02 2.769680693745613098e-03 1.765160169452428818e-02
2.450760966166853905e-01 6.166225420311093330e-01 2.705618990585207939e-01 5.095246965065598488e-01 2.508374694734811783e-01 9.512643888592720032e-02 2.769680693745613098e-03 1.765160169452428818e-02
2.450760966166853905e-01 6.166225420311093330e-01 4.547445457428693771e-01 4.040056951344013214e-01 2.508374694734811783e-01 9.512643888592720032e-02 2.769680693745613098e-03 1.765160169452428818e-02
2.450760966166853905e-01 6.166225420311093330e-01 4.547445457428693771e-01 5.095246965065598488e-01 2.319946559146046638e-01 9.512643888592720032e-02 2.769680693745613098e-03 1.765160169452428818e-02
2.450760966166853905e-01 6.166225420311093330e-01 4.547445457428693771e-01 5.095246965065598488e-01 2.508374694734811783e-01 4.698204807937145233e-02 2.769680693745613098e-03 1.765160169452428818e-02
2.450760966166853905e-01 6.166225420311093330e-01 4.547445457428693771e-01 5.095246965065598488e-01 2.508374694734811783e-01 9.512643888592720032e-02 9.894918287172913551e-01 1.765160169452428818e-02
2.450760966166853905e-01 6.166225420311093330e-01 4.547445457428693771e-01 5.095246965065598488e-01 2.508374694734811783e-01 9.512643888592720032e-02 2.769680693745613098e-03 5.263088950887322426e-01
2.450760966166853905e-01 6.166225420311093330e-01 4.547445457428693771e-01 5.095246965065598488e-01 2.508374694734811783e-01 9.512643888592720032e-02 2.769680693745613098e-03 1.765160169452428818e-02
3.132603326812386513e-01 6.303016105666756630e-01 5.628928216174244881e-01 8.126054918393492699e-01 3.109982637688517570e-01 4.362502824515104294e-01 4.610904902219772339e-01 9.494275292381644249e-01
3.924606088548898697e-01 6.303016105666756630e-01 5.628928216174244881e-01 8.126054918393492699e-01 3.109982637688517570e-01 4.362502824515104294e-01 4.610904902219772339e-01 9.494275292381644249e-01
3.132603326812386513e-01 7.537134559825062752e-01 5.628928216174244881e-01 8.126054918393492699e-01 3.109982637688517570e-01 4.362502824515104294e-01 4.610904902219772339e-01 9.494275292381644249e-01
3.132603326812386513e-01 6.303016105666756630e-01 1.620142627507448196e-01 8.126054918393492699e-01 3.109982637688517570e-01 4.362502824515104294e-01 4.610904902219772339e-01 9.494275292381644249e-01
3.132603326812386513e-01 6.303016105666756630e-01 5.628928216174244881e-01 8.315714644268155098e-01 3.109982637688517570e-01 4.362502824515104294e-01 4.610904902219772339e-01 9.494275292381644249e-01
3.132603326812386513e-01 6.303016105666756630e-01 5.628928216174244881e-01 8.126054918393492699e-01 7.764887772500514984e-01 4.362502824515104294e-01 4.610904902219772339e-01 9.494275292381644249e-01
3.132603326812386513e-01 6.303016105666756630e-01 5.628928216174244881e-01 8.126054918393492699e-01 3.109982637688517570e-01 7.123392485082149506e-01 4.610904902219772339e-01 9.494275292381644249e-01
3.132603326812386513e-01 6.303016105666756630e-01 5.628928216174244881e-01 8.126054918393492699e-01 3.109982637688517570e-01 4.362502824515104294e-01 3.071769019588828087e-01 9.494275292381644249e-01
3.132603326812386513e-01 6.303016105666756630e-01 5.628928216174244881e-01 8.126054918393492699e-01 3.109982637688517570e-01 4.362502824515104294e-01 4.610904902219772339e-01 6.724594896659255028e-01
3.132603326812386513e-01 7.537134559825062752e-01 1.620142627507448196e-01 8.315714644268155098e-01 7.764887772500514984e-01 7.123392485082149506e-01 3.071769019588828087e-01 6.724594896659255028e-01
3.924606088548898697e-01 6.303016105666756630e-01 1.620142627507448196e-01 8.315714644268155098e-01 7.764887772500514984e-01 7.123392485082149506e-01 3.071769019588828087e-01 6.724594896659255028e-01
3.924606088548898697e-01 7.537134559825062752e-01 5.628928216174244881e-01 8.315714644268155098e-01 7.764887772500514984e-01 7.123392485082149506e-01 3.071769019588828087e-01 6.724594896659255028e-01
3.924606088548898697e-01 7.537134559825062752e-01 1.620142627507448196e-01 8.126054918393492699e-01 7.764887772500514984e-01 7.123392485082149506e-01 3.071769019588828087e-01 6.724594896659255028e-01
3.924606088548898697e-01 7.537134559825062752e-01 1.620142627507448196e-01 8.315714644268155098e-01 3.109982637688517570e-01 7.123392485082149506e-01 3.071769019588828087e-01 6.724594896659255028e-01
3.924606088548898697e-01 7.537134559825062752e-01 1.620142627507448196e-01 8.315714644268155098e-01 7.764887772500514984e-01 4.362502824515104294e-01 3.071769019588828087e-01 6.724594896659255028e-01
3.924606088548898697e-01 7.537134559825062752e-01 1.620142627507448196e-01 8.315714644268155098e-01 7.764887772500514984e-01 7.123392485082149506e-01 4.610904902219772339e-01 6.724594896659255028e-01
3.924606088548898697e-01 7.537134559825062752e-01 1.620142627507448196e-01 8.315714644268155098e-01 7.764887772500514984e-01 7.123392485082149506e-01 3.071769019588828087e-01 9.494275292381644249e-01
3.924606088548898697e-01 7.537134559825062752e-01 1.620142627507448196e-01 8.315714644268155098e-01 7.764887772500514984e-01 7.123392485082149506e-01 3.071769019588828087e-01 6.724594896659255028e-01
8.692179070785641670e-01 2.232998469844460487e-01 2.986061666160821915e-02 1.510111438110470772e-01 8.362284777685999870e-01 6.666045868769288063e-01 6.820468790829181671e-01 3.413572814315557480e-01
6.674138987436890602e-01 2.232998469844460487e-01 2.986061666160821915e-02 1.510111438110470772e-01 8.362284777685999870e-01 6.666045868769288063e-01 6.820468790829181671e-01 3.413572814315557480e-01
8.692179070785641670e-01 2.830037064850330353e-01 2.986061666160821915e-02 1.510111438110470772e-01 8.362284777685999870e-01 6.666045868769288063e-01 6.820468790829181671e-01 3.413572814315557480e-01
8.692179070785641670e-01 2.232998469844460487e-01 5.933104222640395164e-01 1.510111438110470772e-01 8.362284777685999870e-01 6.666045868769288063e-01 6.820468790829181671e-01 3.413572814315557480e-01
8.692179070785641670e-01 2.232998469844460487e-01 2.986061666160821915e-02 3.517851354554295540e-01 8.362284777685999870e-01 6.666045868769288063e-01 6.820468790829181671e-01 3.413572814315557480e-01
8.692179070785641670e-01 2.232998469844460487e-01 2.986061666160821915e-02 1.510111438110470772e-01 2.164646694436669350e-01 6.666045868769288063e-01 6.820468790829181671e-01 3.413572814315557480e-01
8.692179070785641670e-01 2.232998469844460487e-01 2.986061666160821915e-02 1.510111438110470772e-01 8.362284777685999870e-01 4.732619468122720718e-01 6.820468790829181671e-01 3.413572814315557480e-01
8.692179070785641670e-01 2.232998469844460487e-01 2.986061666160821915e-02 1.510111438110470772e-01 8.362284777685999870e-01 6.666045868769288063e-01 8.619599621742963791e-01 3.413572814315557480e-01
8.692179070785641670e-01 2.232998469844460487e-01 2.986061666160821915e-02 1.510111438110470772e-01 8.362284777685999870e-01 6.666045868769288063e-01 6.820468790829181671e-01 4.496554797515273094e-01
8.692179070785641670e-01 2.830037064850330353e-01 5.933104222640395164e-01 3.517851354554295540e-01 2.164646694436669350e-01 4.732619468122720718e-01 8.619599621742963791e-01 4.496554797515273094e-01
6.674138987436890602e-01 2.232998469844460487e-01 5.933104222640395164e-01 3.517851354554295540e-01 2.164646694436669350e-01 4.732619468122720718e-01 8.619599621742963791e-01 4.496554797515273094e-01
6.674138987436890602e-01 2.830037064850330353e-01 2.986061666160821915e-02 3.517851354554295540e-01 2.164646694436669350e-01 4.732619468122720718e-01 8.619599621742963791e-01 4.496554797515273094e-01
6.674138987436890602e-01 2.830037064850330353e-01 5.933104222640395164e-01 1.510111438110470772e-01 2.164646694436669350e-01 4.732619468122720718e-01 8.619599621742963791e-01 4.496554797515273094e-01
6.674138987436890602e-01 2.830037064850330353e-01 5.933104222640395164e-01 3.517851354554295540e-01 8.362284777685999870e-01 4.732619468122720718e-01 8.619599621742963791e-01 4.496554797515273094e-01
6.674138987436890602e-01 2.830037064850330353e-01 5.933104222640395164e-01 3.517851354554295540e-01 2.164646694436669350e-01 6.666045868769288063e-01 8.619599621742963791e-01 4.496554797515273094e-01
6.674138987436890602e-01 2.830037064850330353e-01 5.933104222640395164e-01 3.517851354554295540e-01 2.164646694436669350e-01 4.732619468122720718e-01 6.820468790829181671e-01 4.496554797515273094e-01
6.674138987436890602e-01 2.830037064850330353e-01 5.933104222640395164e-01 3.517851354554295540e-01 2.164646694436669350e-01 4.732619468122720718e-01 8.619599621742963791e-01 3.413572814315557480e-01
6.674138987436890602e-01 2.830037064850330353e-01 5.933104222640395164e-01 3.517851354554295540e-01 2.164646694436669350e-01 4.732619468122720718e-01 8.619599621742963791e-01 4.496554797515273094e-01
8.643267685547471046e-01 5.497661400586366653e-01 6.041756095364689827e-01 9.478931585326790810e-01 5.779619673267006874e-01 8.568209977820515633e-01 5.887478319928050041e-01 2.590415198355913162e-01
8.626598427072167397e-01 5.497661400586366653e-01 6.041756095364689827e-01 9.478931585326790810e-01 5.779619673267006874e-01 8.568209977820515633e-01 5.887478319928050041e-01 2.590415198355913162e-01
8.643267685547471046e-01 8.028910607099533081e-01 6.041756095364689827e-01 9.478931585326790810e-01 5.779619673267006874e-01 8.568209977820515633e-01 5.887478319928050041e-01 2.590415198355913162e-01
8.643267685547471046e-01 5.497661400586366653e-01 2.133366968482732773e-01 9.478931585326790810e-01 5.779619673267006874e-01 8.568209977820515633e-01 5.887478319928050041e-01 2.590415198355913162e-01
8.643267685547471046e-01 5.497661400586366653e-01 6.041756095364689827e-01 8.018784373998641968e-01 5.779619673267006874e-01 8.568209977820515633e-01 5.887478319928050041e-01 2.590415198355913162e-01
8.643267685547471046e-01 5.497661400586366653e-01 6.041756095364689827e-01 9.478931585326790810e-01 5.719877593219280243e-01 8.568209977820515633e-01 5.887478319928050041e-01 2.590415198355913162e-01
8.643267685547471046e-01 5.497661400586366653e-01 6.041756095364689827e-01 9.478931585326790810e-01 5.779619673267006874e-01 1.060949992388486862e-01 5.887478319928050041e-01 2.590415198355913162e-01
8.643267685547471046e-01 5.497661400586366653e-01 6.041756095364689827e-01 9.478931585326790810e-01 5.779619673267006874e-01 8.568209977820515633e-01 3.286960739642381668e-01 2.590415198355913162e-01
8.643267685547471046e-01 5.497661400586366653e-01 6.041756095364689827e-01 9.478931585326790810e-01 5.779619673267006874e-01 8.568209977820515633e-01 5.887478319928050041e-01 3.793701529502868652e-03
8.643267685547471046e-01 8.028910607099533081e-01 2.133366968482732773e-01 8.018784373998641968e-01 5.719877593219280243e-01 1.060949992388486862e-01 3.286960739642381668e-01 3.793701529502868652e-03
8.626598427072167397e-01 5.497661400586366653e-01 2.133366968482732773e-01 8.018784373998641968e-01 5.719877593219280243e-01 1.060949992388486862e-01 3.286960739642381668e-01 3.793701529502868652e-03
8.626598427072167397e-01 8.028910607099533081e-01 6.041756095364689827e-01 8.018784373998641968e-01 5.719877593219280243e-01 1.060949992388486862e-01 3.286960739642381668e-01 3.793701529502868652e-03
8.626598427072167397e-01 8.028910607099533081e-01 2.133366968482732773e-01 9.478931585326790810e-01 5.719877593219280243e-01 1.060949992388486862e-01 3.286960739642381668e-01 3.793701529502868652e-03
8.626598427072167397e-01 8.028910607099533081e-01 2.133366968482732773e-01 8.018784373998641968e-01 5.779619673267006874e-01 1.060949992388486862e-01 3.286960739642381668e-01 3.793701529502868652e-03
8.626598427072167397e-01 8.028910607099533081e-01 2.133366968482732773e-01 8.018784373998641968e-01 5.719877593219280243e-01 8.568209977820515633e-01 3.286960739642381668e-01 3.793701529502868652e-03
8.626598427072167397e-01 8.028910607099533081e-01 2.133366968482732773e-01 8.018784373998641968e-01 5.719877593219280243e-01 1.060949992388486862e-01 5.887478319928050041e-01 3.793701529502868652e-03
8.626598427072167397e-01 8.028910607099533081e-01 2.133366968482732773e-01 8.018784373998641968e-01 5.719877593219280243e-01 1.060949992388486862e-01 3.286960739642381668e-01 2.590415198355913162e-01
8.626598427072167397e-01 8.028910607099533081e-01 2.133366968482732773e-01 8.018784373998641968e-01 5.719877593219280243e-01 1.060949992388486862e-01 3.286960739642381668e-01 3.793701529502868652e-03
3.278846861794590950e-01 8.124010451138019562e-02 5.111770424991846085e-02 1.573771517723798752e-02 4.095196817070245743e-02 1.184100452810525894e-01 3.053086167201399803e-01 8.993848515674471855e-01
7.209263928234577179e-02 8.124010451138019562e-02 5.111770424991846085e-02 1.573771517723798752e-02 4.095196817070245743e-02 1.184100452810525894e-01 3.053086167201399803e-01 8.993848515674471855e-01
3.278846861794590950e-01 2.697138721123337746e-01 5.111770424991846085e-02 1.573771517723798752e-02 4.095196817070245743e-02 1.184100452810525894e-01 3.053086167201399803e-01 8.993848515674471855e-01
3.278846861794590950e-01 8.124010451138019562e-02 5.313691226765513420e-01 1.573771517723798752e-02 4.095196817070245743e-02 1.184100452810525894e-01 3.053086167201399803e-01 8.993848515674471855e-01
3.278846861794590950e-01 8.124010451138019562e-02 5.111770424991846085e-02 2.642926499247550964e-01 4.095196817070245743e-02 1.184100452810525894e-01 3.053086167201399803e-01 8.993848515674471855e-01
3.278846861794590950e-01 8.124010451138019562e-02 5.111770424991846085e-02 1.573771517723798752e-02 3.896488705649971962e-01 1.184100452810525894e-01 3.053086167201399803e-01 8.993848515674471855e-01
3.278846861794590950e-01 8.124010451138019562e-02 5.111770424991846085e-02 1.573771517723798752e-02 4.095196817070245743e-02 8.294280841946601868e-01 3.053086167201399803e-01 8.993848515674471855e-01
3.278846861794590950e-01 8.124010451138019562e-02 5.111770424991846085e-02 1.573771517723798752e-02 4.095196817070245743e-02 1.184100452810525894e-01 7.741565881296992302e-01 8.993848515674471855e-01
3.278846861794590950e-01 8.124010451138019562e-02 5.111770424991846085e-02 1.573771517723798752e-02 4.095196817070245743e-02 1.184100452810525894e-01 3.053086167201399803e-01 8.740586489439010620e-01
3.278846861794590950e-01 2.697138721123337746e-01 5.313691226765513420e-01 2.642926499247550964e-01 3.896488705649971962e-01 8.294280841946601868e-01 7.741565881296992302e-01 8.740586489439010620e-01
7.209263928234577179e-02 8.124010451138019562e-02 5.313691226765513420e-01 2.642926499247550964e-01 3.896488705649971962e-01 8.294280841946601868e-01 7.741565881296992302e-01 8.740586489439010620e-01
7.209263928234577179e-02 2.697138721123337746e-01 5.111770424991846085e-02 2.642926499247550964e-01 3.896488705649971962e-01 8.294280841946601868e-01 7.741565881296992302e-01 8.740586489439010620e-01
7.209263928234577179e-02 2.697138721123337746e-01 5.313691226765513420e-01 1.573771517723798752e-02 3.896488705649971962e-01 8.294280841946601868e-01 7.741565881296992302e-01 8.740586489439010620e-01
7.209263928234577179e-02 2.697138721123337746e-01 5.313691226765513420e-01 2.642926499247550964e-01 4.095196817070245743e-02 8.294280841946601868e-01 7.741565881296992302e-01 8.740586489439010620e-01
7.209263928234577179e-02 2.697138721123337746e-01 5.313691226765513420e-01 2.642926499247550964e-01 3.896488705649971962e-01 1.184100452810525894e-01 7.741565881296992302e-01 8.740586489439010620e-01
7.209263928234577179e-02 2.697138721123337746e-01 5.313691226765513420e-01 2.642926499247550964e-01 3.896488705649971962e-01 8.294280841946601868e-01 3.053086167201399803e-01 8.740586489439010620e-01
7.209263928234577179e-02 2.697138721123337746e-01 5.313691226765513420e-01 2.642926499247550964e-01 3.896488705649971962e-01 8.294280841946601868e-01 7.741565881296992302e-01 8.993848515674471855e-01
7.209263928234577179e-02 2.697138721123337746e-01 5.313691226765513420e-01 2.642926499247550964e-01 3.896488705649971962e-01 8.294280841946601868e-01 7.741565881296992302e-01 8.740586489439010620e-01
1.603923542425036430e-01 7.839712882414460182e-01 8.449131166562438011e-01 7.008876800537109375e-01 4.941750457510352135e-01 4.920809362083673477e-01 7.712080758064985275e-01 5.764096574857831001e-01
2.839610120281577110e-01 7.839712882414460182e-01 8.449131166562438011e-01 7.008876800537109375e-01 4.941750457510352135e-01 4.920809362083673477e-01 7.712080758064985275e-01 5.764096574857831001e-01
1.603923542425036430e-01 9.427374694496393204e-02 8.449131166562438011e-01 7.008876800537109375e-01 4.941750457510352135e-01 4.920809362083673477e-01 7.712080758064985275e-01 5.764096574857831001e-01
1.603923542425036430e-01 7.839712882414460182e-01 8.323389133438467979e-01 7.008876800537109375e-01 4.941750457510352135e-01 4.920809362083673477e-01 7.712080758064985275e-01 5.764096574857831001e-01
1.603923542425036430e-01 7.839712882414460182e-01 8.449131166562438011e-01 8.290511742234230042e-02 4.941750457510352135e-01 4.920809362083673477e-01 7.712080758064985275e-01 5.764096574857831001e-01
1.603923542425036430e-01 7.839712882414460182e-01 8.449131166562438011e-01 7.008876800537109375e-01 8.952800547704100609e-01 4.920809362083673477e-01 7.712080758064985275e-01 5.764096574857831001e-01
1.603923542425036430e-01 7.839712882414460182e-01 8.449131166562438011e-01 7.008876800537109375e-01 4.941750457510352135e-01 4.778527915477752686e-01 7.712080758064985275e-01 5.764096574857831001e-01
1.603923542425036430e-01 7.839712882414460182e-01 8.449131166562438011e-01 7.008876800537109375e-01 4.941750457510352135e-01 4.920809362083673477e-01 5.321277957409620285e-01 5.764096574857831001e-01
1.603923542425036430e-01 7.839712882414460182e-01 8.449131166562438011e-01 7.008876800537109375e-01 4.941750457510352135e-01 4.920809362083673477e-01 7.712080758064985275e-01 4.663210138678550720e-01
1.603923542425036430e-01 9.427374694496393204e-02 8.323389133438467979e-01 8.290511742234230042e-02 8.952800547704100609e-01 4.778527915477752686e-01 5.321277957409620285e-01 4.663210138678550720e-01
2.839610120281577110e-01 7.839712882414460182e-01 8.323389133438467979e-01 8.290511742234230042e-02 8.952800547704100609e-01 4.778527915477752686e-01 5.321277957409620285e-01 4.663210138678550720e-01
2.839610120281577110e-01 9.427374694496393204e-02 8.449131166562438011e-01 8.290511742234230042e-02 8.952800547704100609e-01 4.778527915477752686e-01 5.321277957409620285e-01 4.663210138678550720e-01
2.839610120281577110e-01 9.427374694496393204e-02 8.323389133438467979e-01 7.008876800537109375e-01 8.952800547704100609e-01 4.778527915477752686e-01 5.321277957409620285e-01 4.663210138678550720e-01
2.839610120281577110e-01 9.427374694496393204e-02 8.323389133438467979e-01 8.290511742234230042e-02 4.941750457510352135e-01 4.778527915477752686e-01 5.321277957409620285e-01 4.663210138678550720e-01
2.839610120281577110e-01 9.427374694496393204e-02 8.323389133438467979e-01 8.290511742234230042e-02 8.952800547704100609e-01 4.920809362083673477e-01 5.321277957409620285e-01 4.663210138678550720e-01
2.839610120281577110e-01 9.427374694496393204e-02 8.323389133438467979e-01 8.290511742234230042e-02 8.952800547704100609e-01 4.778527915477752686e-01 7.712080758064985275e-01 4.663210138678550720e-01
2.839610120281577110e-01 9.427374694496393204e-02 8.323389133438467979e-01 8.290511742234230042e-02 8.952800547704100609e-01 4.778527915477752686e-01 5.321277957409620285e-01 5.764096574857831001e-01
2.839610120281577110e-01 9.427374694496393204e-02 8.323389133438467979e-01 8.290511742234230042e-02 8.952800547704100609e-01 4.778527915477752686e-01 5.321277957409620285e-01 4.663210138678550720e-01
6.552084675058722496e-01 3.154759490862488747e-01 3.122781319543719292e-01 2.725088167935609818e-01 9.025386413559317589e-01 7.224352480843663216e-01 1.171491984277963638e-01 2.182776443660259247e-01
5.237162373960018158e-01 3.154759490862488747e-01 3.122781319543719292e-01 2.725088167935609818e-01 9.025386413559317589e-01 7.224352480843663216e-01 1.171491984277963638e-01 2.182776443660259247e-01
6.552084675058722496e-01 5.650005415081977844e-01 3.122781319543719292e-01 2.725088167935609818e-01 9.025386413559317589e-01 7.224352480843663216e-01 1.171491984277963638e-01 2.182776443660259247e-01
6.552084675058722496e-01 3.154759490862488747e-01 4.201486650854349136e-01 2.725088167935609818e-01 9.025386413559317589e-01 7.224352480843663216e-01 1.171491984277963638e-01 2.182776443660259247e-01
6.552084675058722496e-01 3.154759490862488747e-01 3.122781319543719292e-01 6.087348572909832001e-01 9.025386413559317589e-01 7.224352480843663216e-01 1.171491984277963638e-01 2.182776443660259247e-01
6.552084675058722496e-01 3.154759490862488747e-01 3.122781319543719292e-01 2.725088167935609818e-01 8.051870204508304596e-02 7.224352480843663216e-01 1.171491984277963638e-01 2.182776443660259247e-01
6.552084675058722496e-01 3.154759490862488747e-01 3.122781319543719292e-01 2.725088167935609818e-01 9.025386413559317589e-01 7.076551374047994614e-01 1.171491984277963638e-01 2.182776443660259247e-01
6.552084675058722496e-01 3.154759490862488747e-01 3.122781319543719292e-01 2.725088167935609818e-01 9.025386413559317589e-01 7.224352480843663216e-01 1.023528417572379112e-01 2.182776443660259247e-01
6.552084675058722496e-01 3.154759490862488747e-01 3.122781319543719292e-01 2.725088167935609818e-01 9.025386413559317589e-01 7.224352480843663216e-01 1.171491984277963638e-01 6.576233729720115662e-01
6.552084675058722496e-01 5.650005415081977844e-01 4.201486650854349136e-01 6.087348572909832001e-01 8.051870204508304596e-02 7.076551374047994614e-01 1.023528417572379112e-01 6.576233729720115662e-01
5.237162373960018158e-01 3.154759490862488747e-01 4.201486650854349136e-01 6.087348572909832001e-01 8.051870204508304596e-02 7.076551374047994614e-01 1.023528417572379112e-01 6.576233729720115662e-01
5.237162373960018158e-01 5.650005415081977844e-01 3.122781319543719292e-01 6.087348572909832001e-01 8.051870204508304596e-02 7.076551374047994614e-01 1.023528417572379112e-01 6.576233729720115662e-01
5.237162373960018158e-01 5.650005415081977844e-01 4.201486650854349136e-01 2.725088167935609818e-01 8.051870204508304596e-02 7.076551374047994614e-01 1.023528417572379112e-01 6.576233729720115662e-01
5.237162373960018158e-01 5.650005415081977844e-01 4.201486650854349136e-01 6.087348572909832001e-01 9.025386413559317589e-01 7.076551374047994614e-01 1.023528417572379112e-01 6.576233729720115662e-01
5.237162373960018158e-01 5.650005415081977844e-01 4.201486650854349136e-01 6.087348572909832001e-01 8.051870204508304596e-02 7.224352480843663216e-01 1.023528417572379112e-01 6.576233729720115662e-01
5.237162373960018158e-01 5.650005415081977844e-01 4.201486650854349136e-01 6.087348572909832001e-01 8.051870204508304596e-02 7.076551374047994614e-01 1.171491984277963638e-01 6.576233729720115662e-01
5.237162373960018158e-01 5.650005415081977844e-01 4.201486650854349136e-01 6.087348572909832001e-01 8.051870204508304596e-02 7.076551374047994614e-01 1.023528417572379112e-01 2.182776443660259247e-01
5.237162373960018158e-01 5.650005415081977844e-01 4.201486650854349136e-01 6.087348572909832001e-01 8.051870204508304596e-02 7.076551374047994614e-01 1.023528417572379112e-01 6.576233729720115662e-01
6.192052708938717842e-01 9.217082988470792770e-01 1.631533494219183922e-01 3.930494692176580429e-01 7.816001810133457184e-01 9.799414295703172684e-01 9.345438368618488312e-01 6.273791082203388214e-01
4.210703819990158081e-01 9.217082988470792770e-01 1.631533494219183922e-01 3.930494692176580429e-01 7.816001810133457184e-01 9.799414295703172684e-01 9.345438368618488312e-01 6.273791082203388214e-01
6.192052708938717842e-01 4.613271374255418777e-01 1.631533494219183922e-01 3.930494692176580429e-01 7.816001810133457184e-01 9.799414295703172684e-01 9.345438368618488312e-01 6.273791082203388214e-01
6.192052708938717842e-01 9.217082988470792770e-01 9.666995126754045486e-01 3.930494692176580429e-01 7.816001810133457184e-01 9.799414295703172684e-01 9.345438368618488312e-01 6.273791082203388214e-01
6.192052708938717842e-01 9.217082988470792770e-01 1.631533494219183922e-01 7.253918331116437912e-01 7.816001810133457184e-01 9.799414295703172684e-01 9.345438368618488312e-01 6.273791082203388214e-01
6.192052708938717842e-01 9.217082988470792770e-01 1.631533494219183922e-01 3.930494692176580429e-01 7.704423293471336365e-01 9.799414295703172684e-01 9.345438368618488312e-01 6.273791082203388214e-01
6.192052708938717842e-01 9.217082988470792770e-01 1.631533494219183922e-01 3.930494692176580429e-01 7.816001810133457184e-01 8.794968286529183388e-01 9.345438368618488312e-01 6.273791082203388214e-01
6.192052708938717842e-01 9.217082988470792770e-01 1.631533494219183922e-01 3.930494692176580429e-01 7.816001810133457184e-01 9.799414295703172684e-01 1.751045025885105133e-01 6.273791082203388214e-01
6.192052708938717842e-01 9.217082988470792770e-01 1.631533494219183922e-01 3.930494692176580429e-01 7.816001810133457184e-01 9.799414295703172684e-01 9.345438368618488312e-01 6.161885457113385201e-01
6.192052708938717842e-01 4.613271374255418777e-01 9.666995126754045486e-01 7.253918331116437912e-01 7.704423293471336365e-01 8.794968286529183388e-01 1.751045025885105133e-01 6.161885457113385201e-01
4.210703819990158081e-01 9.217082988470792770e-01 9.666995126754045486e-01 7.253918331116437912e-01 7.704423293471336365e-01 8.794968286529183388e-01 1.751045025885105133e-01 6.161885457113385201e-01
4.210703819990158081e-01 4.613271374255418777e-01 1.631533494219183922e-01 7.253918331116437912e-01 7.704423293471336365e-01 8.794968286529183388e-01 1.751045025885105133e-01 6.161885457113385201e-01
4.210703819990158081e-01 4.613271374255418777e-01 9.666995126754045486e-01 3.930494692176580429e-01 7.704423293471336365e-01 8.794968286529183388e-01 1.751045025885105133e-01 6.161885457113385201e-01
4.210703819990158081e-01 4.613271374255418777e-01 9.666995126754045486e-01 7.253918331116437912e-01 7.816001810133457184e-01 8.794968286529183388e-01 1.751045025885105133e-01 6.161885457113385201e-01
4.210703819990158081e-01 4.613271374255418777e-01 9.666995126754045486e-01 7.253918331116437912e-01 7.704423293471336365e-01 9.799414295703172684e-01 1.751045025885105133e-01 6.161885457113385201e-01
4.210703819990158081e-01 4.613271374255418777e-01 9.666995126754045486e-01 7.253918331116437912e-01 7.704423293471336365e-01 8.794968286529183388e-01 9.345438368618488312e-01 6.161885457113385201e-01
4.210703819990158081e-01 4.613271374255418777e-01 9.666995126754045486e-01 7.253918331116437912e-01 7.704423293471336365e-01 8.794968286529183388e-01 1.751045025885105133e-01 6.273791082203388214e-01
4.210703819990158081e-01 4.613271374255418777e-01 9.666995126754045486e-01 7.253918331116437912e-01 7.704423293471336365e-01 8.794968286529183388e-01 1.751045025885105133e-01 6.161885457113385201e-01
6.324721965938806534e-02 4.512374829500913620e-01 7.440361110493540764e-01 5.710544921457767487e-01 3.187327273190021515e-01 2.493582414463162422e-01 2.175118178129196167e-01 1.937035936862230301e-02
6.461283890530467033e-01 4.512374829500913620e-01 7.440361110493540764e-01 5.710544921457767487e-01 3.187327273190021515e-01 2.493582414463162422e-01 2.175118178129196167e-01 1.937035936862230301e-02
6.324721965938806534e-02 9.945103032514452934e-01 7.440361110493540764e-01 5.710544921457767487e-01 3.187327273190021515e-01 2.493582414463162422e-01 2.175118178129196167e-01 1.937035936862230301e-02
6.324721965938806534e-02 4.512374829500913620e-01 2.886264240369200706e-01 5.710544921457767487e-01 3.187327273190021515e-01 2.493582414463162422e-01 2.175118178129196167e-01 1.937035936862230301e-02
6.324721965938806534e-02 4.512374829500913620e-01 7.440361110493540764e-01 2.162484135478734970e-01 3.187327273190021515e-01 2.493582414463162422e-01 2.175118178129196167e-01 1.937035936862230301e-02
6.324721965938806534e-02 4.512374829500913620e-01 7.440361110493540764e-01 5.710544921457767487e-01 2.054209755733609200e-01 2.493582414463162422e-01 2.175118178129196167e-01 1.937035936862230301e-02
6.324721965938806534e-02 4.512374829500913620e-01 7.440361110493540764e-01 5.710544921457767487e-01 3.187327273190021515e-01 1.810737168416380882e-01 2.175118178129196167e-01 1.937035936862230301e-02
6.324721965938806534e-02 4.512374829500913620e-01 7.440361110493540764e-01 5.710544921457767487e-01 3.187327273190021515e-01 2.493582414463162422e-01 7.455126838758587837e-01 1.937035936862230301e-02
6.324721965938806534e-02 4.512374829500913620e-01 7.440361110493540764e-01 5.710544921457767487e-01 3.187327273190021515e-01 2.493582414463162422e-01 2.175118178129196167e-01 2.598319845274090767e-01
6.324721965938806534e-02 9.945103032514452934e-01 2.886264240369200706e-01 2.162484135478734970e-01 2.054209755733609200e-01 1.810737168416380882e-01 7.455126838758587837e-01 2.598319845274090767e-01
6.461283890530467033e-01 4.512374829500913620e-01 2.886264240369200706e-01 2.162484135478734970e-01 2.054209755733609200e-01 1.810737168416380882e-01 7.455126838758587837e-01 2.598319845274090767e-01
6.461283890530467033e-01 9.945103032514452934e-01 7.440361110493540764e-01 2.162484135478734970e-01 2.054209755733609200e-01 1.810737168416380882e-01 7.455126838758587837e-01 2.598319845274090767e-01
6.461283890530467033e-01 9.945103032514452934e-01 2.886264240369200706e-01 5.710544921457767487e-01 2.054209755733609200e-01 1.810737168416380882e-01 7.455126838758587837e-01 2.598319845274090767e-01
6.461283890530467033e-01 9.945103032514452934e-01 2.886264240369200706e-01 2.162484135478734970e-01 3.187327273190021515e-01 1.810737168416380882e-01 7.455126838758587837e-01 2.598319845274090767e-01
6.461283890530467033e-01 9.945103032514452934e-01 2.886264240369200706e-01 2.162484135478734970e-01 2.054209755733609200e-01 2.493582414463162422e-01 7.455126838758587837e-01 2.598319845274090767e-01
6.461283890530467033e-01 9.945103032514452934e-01 2.886264240369200706e-01 2.162484135478734970e-01 2.054209755733609200e-01 1.810737168416380882e-01 2.175118178129196167e-01 2.598319845274090767e-01
6.461283890530467033e-01 9.945103032514452934e-01 2.886264240369200706e-01 2.162484135478734970e-01 2.054209755733609200e-01 1.810737168416380882e-01 7.455126838758587837e-01 1.937035936862230301e-02
6.461283890530467033e-01 9.945103032514452934e-01 2.886264240369200706e-01 2.162484135478734970e-01 2.054209755733609200e-01 1.810737168416380882e-01 7.455126838758587837e-01 2.598319845274090767e-01
4.172325944527983665e-01 6.874121325090527534e-01 4.185039745643734932e-01 1.459142928943037987e-01 1.460248623043298721e-01 3.612811462953686714e-01 7.379690492525696754e-01 4.424583939835429192e-01
9.987436216324567795e-01 6.874121325090527534e-01 4.185039745643734932e-01 1.459142928943037987e-01 1.460248623043298721e-01 3.612811462953686714e-01 7.379690492525696754e-01 4.424583939835429192e-01
4.172325944527983665e-01 6.394290206953883171e-01 4.185039745643734932e-01 1.459142928943037987e-01 1.460248623043298721e-01 3.612811462953686714e-01 7.379690492525696754e-01 4.424583939835429192e-01
4.172325944527983665e-01 6.874121325090527534e-01 8.179550897330045700e-02 1.459142928943037987e-01 1.460248623043298721e-01 3.612811462953686714e-01 7.379690492525696754e-01 4.424583939835429192e-01
4.172325944527983665e-01 6.874121325090527534e-01 4.185039745643734932e-01 3.820479903370141983e-01 1.460248623043298721e-01 3.612811462953686714e-01 7.379690492525696754e-01 4.424583939835429192e-01
4.172325944527983665e-01 6.874121325090527534e-01 4.185039745643734932e-01 1.459142928943037987e-01 6.968906847760081291e-01 3.612811462953686714e-01 7.379690492525696754e-01 4.424583939835429192e-01
4.172325944527983665e-01 6.874121325090527534e-01 4.185039745643734932e-01 1.459142928943037987e-01 1.460248623043298721e-01 5.013914993032813072e-01 7.379690492525696754e-01 4.424583939835429192e-01
4.172325944527983665e-01 6.874121325090527534e-01 4.185039745643734932e-01 1.459142928943037987e-01 1.460248623043298721e-01 3.612811462953686714e-01 9.406632110476493835e-01 4.424583939835429192e-01
4.172325944527983665e-01 6.874121325090527534e-01 4.185039745643734932e-01 1.459142928943037987e-01 1.460248623043298721e-01 3.612811462953686714e-01 7.379690492525696754e-01 9.146542521193623543e-01
4.172325944527983665e-01 6.394290206953883171e-01 8.179550897330045700e-02 3.820479903370141983e-01 6.968906847760081291e-01 5.013914993032813072e-01 9.406632110476493835e-01 9.146542521193623543e-01
9.987436216324567795e-01 6.874121325090527534e-01 8.179550897330045700e-02 3.820479903370141983e-01 6.968906847760081291e-01 5.013914993032813072e-01 9.406632110476493835e-01 9.146542521193623543e-01
9.987436216324567795e-01 6.394290206953883171e-01 4.185039745643734932e-01 3.820479903370141983e-01 6.968906847760081291e-01 5.013914993032813072e-01 9.406632110476493835e-01 9.146542521193623543e-01
9.987436216324567795e-01 6.394290206953883171e-01 8.179550897330045700e-02 1.459142928943037987e-01 6.968906847760081291e-01 5.013914993032813072e-01 9.406632110476493835e-01 9.146542521193623543e-01
9.987436216324567795e-01 6.394290206953883171e-01 8.179550897330045700e-02 3.820479903370141983e-01 1.460248623043298721e-01 5.013914993032813072e-01 9.406632110476493835e-01 9.146542521193623543e-01
9.987436216324567795e-01 6.394290206953883171e-01 8.179550897330045700e-02 3.820479903370141983e-01 6.968906847760081291e-01 3.612811462953686714e-01 9.406632110476493835e-01 9.146542521193623543e-01
9.987436216324567795e-01 6.394290206953883171e-01 8.179550897330045700e-02 3.820479903370141983e-01 6.968906847760081291e-01 5.013914993032813072e-01 7.379690492525696754e-01 9.146542521193623543e-01
9.987436216324567795e-01 6.394290206953883171e-01 8.179550897330045700e-02 3.820479903370141983e-01 6.968906847760081291e-01 5.013914993032813072e-01 9.406632110476493835e-01 4.424583939835429192e-01
9.987436216324567795e-01 6.394290206953883171e-01 8.179550897330045700e-02 3.820479903370141983e-01 6.968906847760081291e-01 5.013914993032813072e-01 9.406632110476493835e-01 9.146542521193623543e-01
8.925021616742014885e-01 2.169705824926495552e-01 9.867916041985154152e-01 8.279552953317761421e-01 7.380279544740915298e-01 5.994326937943696976e-01 3.925029756501317024e-01 8.326784614473581314e-01
1.916240574792027473e-01 2.169705824926495552e-01 9.867916041985154152e-01 8.279552953317761421e-01 7.380279544740915298e-01 5.994326937943696976e-01 3.925029756501317024e-01 8.326784614473581314e-01
8.925021616742014885e-01 1.687039081007242203e-01 9.867916041985154152e-01 8.279552953317761421e-01 7.380279544740915298e-01 5.994326937943696976e-01 3.925029756501317024e-01 8.326784614473581314e-01
8.925021616742014885e-01 2.169705824926495552e-01 6.656871866434812546e-01 8.279552953317761421e-01 7.380279544740915298e-01 5.994326937943696976e-01 3.925029756501317024e-01 8.326784614473581314e-01
8.925021616742014885e-01 2.169705824926495552e-01 9.867916041985154152e-01 9.341228324919939041e-01 7.380279544740915298e-01 5.994326937943696976e-01 3.925029756501317024e-01 8.326784614473581314e-01
8.925021616742014885e-01 2.169705824926495552e-01 9.867916041985154152e-01 8.279552953317761421e-01 2.648106198757886887e-01 5.994326937943696976e-01 3.925029756501317024e-01 8.326784614473581314e-01
8.925021616742014885e-01 2.169705824926495552e-01 9.867916041985154152e-01 8.279552953317761421e-01 7.380279544740915298e-01 3.091944390907883644e-01 3.925029756501317024e-01 8.326784614473581314e-01
8.925021616742014885e-01 2.169705824926495552e-01 9.867916041985154152e-01 8.279552953317761421e-01 7.380279544740915298e-01 5.994326937943696976e-01 3.858185196295380592e-01 8.326784614473581314e-01
8.925021616742014885e-01 2.169705824926495552e-01 9.867916041985154152e-01 8.279552953317761421e-01 7.380279544740915298e-01 5.994326937943696976e-01 3.925029756501317024e-01 2.074598642066121101e-01
8.925021616742014885e-01 1.687039081007242203e-01 6.656871866434812546e-01 9.341228324919939041e-01 2.648106198757886887e-01 3.091944390907883644e-01 3.858185196295380592e-01 2.074598642066121101e-01
1.916240574792027473e-01 2.169705824926495552e-01 6.656871866434812546e-01 9.341228324919939041e-01 2.648106198757886887e-01 3.091944390907883644e-01 3.858185196295380592e-01 2.074598642066121101e-01
1.916240574792027473e-01 1.687039081007242203e-01 9.867916041985154152e-01 9.341228324919939041e-01 2.648106198757886887e-01 3.091944390907883644e-01 3.858185196295380592e-01 2.074598642066121101e-01
1.916240574792027473e-01 1.687039081007242203e-01 6.656871866434812546e-01 8.279552953317761421e-01 2.648106198757886887e-01 3.091944390907883644e-01 3.858185196295380592e-01 2.074598642066121101e-01
1.916240574792027473e-01 1.687039081007242203e-01 6.656871866434812546e-01 9.341228324919939041e-01 7.380279544740915298e-01 3.091944390907883644e-01 3.858185196295380592e-01 2.074598642066121101e-01
1.916240574792027473e-01 1.687039081007242203e-01 6.656871866434812546e-01 9.341228324919939041e-01 2.648106198757886887e-01 5.994326937943696976e-01 3.858185196295380592e-01 2.074598642066121101e-01
1.916240574792027473e-01 1.687039081007242203e-01 6.656871866434812546e-01 9.341228324919939041e-01 2.648106198757886887e-01 3.091944390907883644e-01 3.925029756501317024e-01 2.074598642066121101e-01
1.916240574792027473e-01 1.687039081007242203e-01 6.656871866434812546e-01 9.341228324919939041e-01 2.648106198757886887e-01 3.091944390907883644e-01 3.858185196295380592e-01 8.326784614473581314e-01
1.916240574792027473e-01 1.687039081007242203e-01 6.656871866434812546e-01 9.341228324919939041e-01 2.648106198757886887e-01 3.091944390907883644e-01 3.858185196295380592e-01 2.074598642066121101e-01
9.720754902809858322e-01 8.146461173892021179e-01 4.810507474467158318e-01 5.605873549357056618e-01 9.447396546602249146e-02 6.723726931959390640e-01 9.469905020669102669e-01 7.169004091992974281e-01
4.928352730348706245e-01 8.146461173892021179e-01 4.810507474467158318e-01 5.605873549357056618e-01 9.447396546602249146e-02 6.723726931959390640e-01 9.469905020669102669e-01 7.169004091992974281e-01
9.720754902809858322e-01 5.321344817057251930e-01 4.810507474467158318e-01 5.605873549357056618e-01 9.447396546602249146e-02 6.723726931959390640e-01 9.469905020669102669e-01 7.169004091992974281e-01
9.720754902809858322e-01 8.146461173892021179e-01 7.486461158841848373e-01 5.605873549357056618e-01 9.447396546602249146e-02 6.723726931959390640e-01 9.469905020669102669e-01 7.169004091992974281e-01
9.720754902809858322e-01 8.146461173892021179e-01 4.810507474467158318e-01 8.158092433586716652e-01 9.447396546602249146e-02 6.723726931959390640e-01 9.469905020669102669e-01 7.169004091992974281e-01
9.720754902809858322e-01 8.146461173892021179e-01 4.810507474467158318e-01 5.605873549357056618e-01 1.866001831367611885e-01 6.723726931959390640e-01 9.469905020669102669e-01 7.169004091992974281e-01
9.720754902809858322e-01 8.146461173892021179e-01 4.810507474467158318e-01 5.605873549357056618e-01 9.447396546602249146e-02 5.944089451804757118e-01 9.469905020669102669e-01 7.169004091992974281e-01
9.720754902809858322e-01 8.146461173892021179e-01 4.810507474467158318e-01 5.605873549357056618e-01 9.447396546602249146e-02 6.723726931959390640e-01 5.973235443234443665e-01 7.169004091992974281e-01
9.720754902809858322e-01 8.146461173892021179e-01 4.810507474467158318e-01 5.605873549357056618e-01 9.447396546602249146e-02 6.723726931959390640e-01 9.469905020669102669e-01 5.580042004585266113e-01
9.720754902809858322e-01 5.321344817057251930e-01 7.486461158841848373e-01 8.158092433586716652e-01 1.866001831367611885e-01 5.944089451804757118e-01 5.973235443234443665e-01 5.580042004585266113e-01
4.928352730348706245e-01 8.146461173892021179e-01 7.486461158841848373e-01 8.158092433586716652e-01 1.866001831367611885e-01 5.944089451804757118e-01 5.973235443234443665e-01 5.580042004585266113e-01
4.928352730348706245e-01 5.321344817057251930e-01 4.810507474467158318e-01 8.158092433586716652e-01 1.866001831367611885e-01 5.944089451804757118e-01 5.973235443234443665e-01 5.580042004585266113e-01
4.928352730348706245e-01 5.321344817057251930e-01 7.486461158841848373e-01 5.605873549357056618e-01 1.866001831367611885e-01 5.944089451804757118e-01 5.973235443234443665e-01 5.580042004585266113e-01
4.928352730348706245e-01 5.321344817057251930e-01 7.486461158841848373e-01 8.158092433586716652e-01 9.447396546602249146e-02 5.944089451804757118e-01 5.973235443234443665e-01 5.580042004585266113e-01
4.928352730348706245e-01 5.321344817057251930e-01 7.486461158841848373e-01 8.158092433586716652e-01 1.866001831367611885e-01 6.723726931959390640e-01 5.973235443234443665e-01 5.580042004585266113e-01
4.928352730348706245e-01 5.321344817057251930e-01 7.486461158841848373e-01 8.158092433586716652e-01 1.866001831367611885e-01 5.944089451804757118e-01 9.469905020669102669e-01 5.580042004585266113e-01
4.928352730348706245e-01 5.321344817057251930e-01 7.486461158841848373e-01 8.158092433586716652e-01 1.866001831367611885e-01 5.944089451804757118e-01 5.973235443234443665e-01 7.169004091992974281e-01
4.928352730348706245e-01 5.321344817057251930e-01 7.486461158841848373e-01 8.158092433586716652e-01 1.866001831367611885e-01 5.944089451804757118e-01 5.973235443234443665e-01 5.580042004585266113e-01
4.626038465648889542e-01 2.851253971457481384e-01 9.242463251575827599e-01 4.733412517234683037e-01 5.063776299357414246e-01 4.107683869078755379e-01 1.679287636652588844e-01 7.776399701833724976e-02
6.895997878164052963e-01 2.851253971457481384e-01 9.242463251575827599e-01 4.733412517234683037e-01 5.063776299357414246e-01 4.107683869078755379e-01 1.679287636652588844e-01 7.776399701833724976e-02
4.626038465648889542e-01 2.811670303344726562e-03 9.242463251575827599e-01 4.733412517234683037e-01 5.063776299357414246e-01 4.107683869078755379e-01 1.679287636652588844e-01 7.776399701833724976e-02
4.626038465648889542e-01 2.851253971457481384e-01 4.847574047744274139e-03 4.733412517234683037e-01 5.063776299357414246e-01 4.107683869078755379e-01 1.679287636652588844e-01 7.776399701833724976e-02
4.626038465648889542e-01 2.851253971457481384e-01 9.242463251575827599e-01 3.680357197299599648e-01 5.063776299357414246e-01 4.107683869078755379e-01 1.679287636652588844e-01 7.776399701833724976e-02
4.626038465648889542e-01 2.851253971457481384e-01 9.242463251575827599e-01 4.733412517234683037e-01 8.687865063548088074e-01 4.107683869078755379e-01 1.679287636652588844e-01 7.776399701833724976e-02
4.626038465648889542e-01 2.851253971457481384e-01 9.242463251575827599e-01 4.733412517234683037e-01 5.063776299357414246e-01 3.411753093823790550e-01 1.679287636652588844e-01 7.776399701833724976e-02
4.626038465648889542e-01 2.851253971457481384e-01 9.242463251575827599e-01 4.733412517234683037e-01 5.063776299357414246e-01 4.107683869078755379e-01 4.248806182295084000e-02 7.776399701833724976e-02
4.626038465648889542e-01 2.851253971457481384e-01 9.242463251575827599e-01 4.733412517234683037e-01 5.063776299357414246e-01 4.107683869078755379e-01 1.679287636652588844e-01 3.198783397674560547e-01
4.626038465648889542e-01 2.811670303344726562e-03 4.847574047744274139e-03 3.680357197299599648e-01 8.687865063548088074e-01 3.411753093823790550e-01 4.248806182295084000e-02 3.198783397674560547e-01
6.895997878164052963e-01 2.851253971457481384e-01 4.847574047744274139e-03 3.680357197299599648e-01 8.687865063548088074e-01 3.411753093823790550e-01 4.248806182295084000e-02 3.198783397674560547e-01
6.895997878164052963e-01 2.811670303344726562e-03 9.242463251575827599e-01 3.680357197299599648e-01 8.687865063548088074e-01 3.411753093823790550e-01 4.248806182295084000e-02 3.198783397674560547e-01
6.895997878164052963e-01 2.811670303344726562e-03 4.847574047744274139e-03 4.733412517234683037e-01 8.687865063548088074e-01 3.411753093823790550e-01 4.248806182295084000e-02 3.198783397674560547e-01
6.895997878164052963e-01 2.811670303344726562e-03 4.847574047744274139e-03 3.680357197299599648e-01 5.063776299357414246e-01 3.411753093823790550e-01 4.248806182295084000e-02 3.198783397674560547e-01
6.895997878164052963e-01 2.811670303344726562e-03 4.847574047744274139e-03 3.680357197299599648e-01 8.687865063548088074e-01 4.107683869078755379e-01 4.248806182295084000e-02 3.198783397674560547e-01
6.895997878164052963e-01 2.811670303344726562e-03 4.847574047744274139e-03 3.680357197299599648e-01 8.687865063548088074e-01 3.411753093823790550e-01 1.679287636652588844e-01 3.198783397674560547e-01
6.895997878164052963e-01 2.811670303344726562e-03 4.847574047744274139e-03 3.680357197299599648e-01 8.687865063548088074e-01 3.411753093823790550e-01 4.248806182295084000e-02 7.776399701833724976e-02
6.895997878164052963e-01 2.811670303344726562e-03 4.847574047744274139e-03 3.680357197299599648e-01 8.687865063548088074e-01 3.411753093823790550e-01 4.248806182295084000e-02 3.198783397674560547e-01
4.910359904170036316e-02 5.801321892067790031e-01 2.256067479029297829e-01 8.057694062590599060e-01 9.583799596875905991e-01 4.103131312876939774e-02 6.317168325185775757e-01 3.998083975166082382e-01
9.152316106483340263e-01 5.801321892067790031e-01 2.256067479029297829e-01 8.057694062590599060e-01 9.583799596875905991e-01 4.103131312876939774e-02 6.317168325185775757e-01 3.998083975166082382e-01
4.910359904170036316e-02 3.655071780085563660e-01 2.256067479029297829e-01 8.057694062590599060e-01 9.583799596875905991e-01 4.103131312876939774e-02 6.317168325185775757e-01 3.998083975166082382e-01
4.910359904170036316e-02 5.801321892067790031e-01 3.600821485742926598e-01 8.057694062590599060e-01 9.583799596875905991e-01 4.103131312876939774e-02 6.317168325185775757e-01 3.998083975166082382e-01
4.910359904170036316e-02 5.801321892067790031e-01 2.256067479029297829e-01 3.379042167216539383e-02 9.583799596875905991e-01 4.103131312876939774e-02 6.317168325185775757e-01 3.998083975166082382e-01
4.910359904170036316e-02 5.801321892067790031e-01 2.256067479029297829e-01 8.057694062590599060e-01 3.460979145020246506e-01 4.103131312876939774e-02 6.317168325185775757e-01 3.998083975166082382e-01
4.910359904170036316e-02 5.801321892067790031e-01 2.256067479029297829e-01 8.057694062590599060e-01 9.583799596875905991e-01 9.739786675199866295e-01 6.317168325185775757e-01 3.998083975166082382e-01
4.910359904170036316e-02 5.801321892067790031e-01 2.256067479029297829e-01 8.057694062590599060e-01 9.583799596875905991e-01 4.103131312876939774e-02 2.693916447460651398e-01 3.998083975166082382e-01
4.910359904170036316e-02 5.801321892067790031e-01 2.256067479029297829e-01 8.057694062590599060e-01 9.583799596875905991e-01 4.103131312876939774e-02 6.317168325185775757e-01 9.736491814255714417e-01
4.910359904170036316e-02 3.655071780085563660e-01 3.600821485742926598e-01 3.379042167216539383e-02 3.460979145020246506e-01 9.739786675199866295e-01 2.693916447460651398e-01 9.736491814255714417e-01
9.152316106483340263e-01 5.801321892067790031e-01 3.600821485742926598e-01 3.379042167216539383e-02 3.460979145020246506e-01 9.739786675199866295e-01 2.693916447460651398e-01 9.736491814255714417e-01
9.152316106483340263e-01 3.655071780085563660e-01 2.256067479029297829e-01 3.379042167216539383e-02 3.460979145020246506e-01 9.739786675199866295e-01 2.693916447460651398e-01 9.736491814255714417e-01
9.152316106483340263e-01 3.655071780085563660e-01 3.600821485742926598e-01 8.057694062590599060e-01 3.460979145020246506e-01 9.739786675199866295e-01 2.693916447460651398e-01 9.736491814255714417e-01
9.152316106483340263e-01 3.655071780085563660e-01 3.600821485742926598e-01 3.379042167216539383e-02 9.583799596875905991e-01 9.739786675199866295e-01 2.693916447460651398e-01 9.736491814255714417e-01
9.152316106483340263e-01 3.655071780085563660e-01 3.600821485742926598e-01 3.379042167216539383e-02 3.460979145020246506e-01 4.103131312876939774e-02 2.693916447460651398e-01 9.736491814255714417e-01
9.152316106483340263e-01 3.655071780085563660e-01 3.600821485742926598e-01 3.379042167216539383e-02 3.460979145020246506e-01 9.739786675199866295e-01 6.317168325185775757e-01 9.736491814255714417e-01
9.152316106483340263e-01 3.655071780085563660e-01 3.600821485742926598e-01 3.379042167216539383e-02 3.460979145020246506e-01 9.739786675199866295e-01 2.693916447460651398e-01 3.998083975166082382e-01
9.152316106483340263e-01 3.655071780085563660e-01 3.600821485742926598e-01 3.379042167216539383e-02 3.460979145020246506e-01 9.739786675199866295e-01 2.693916447460651398e-01 9.736491814255714417e-01
5.084043368697166443e-01 5.058029573410749435e-02 6.815806226804852486e-01 2.222998235374689102e-01 4.251541700214147568e-01 8.106922600418329239e-01 4.732766635715961456e-01 7.586561283096671104e-01
1.442785933613777161e-01 5.058029573410749435e-02 6.815806226804852486e-01 2.222998235374689102e-01 4.251541700214147568e-01 8.106922600418329239e-01 4.732766635715961456e-01 7.586561283096671104e-01
5.084043368697166443e-01 8.322803834453225136e-01 6.815806226804852486e-01 2.222998235374689102e-01 4.251541700214147568e-01 8.106922600418329239e-01 4.732766635715961456e-01 7.586561283096671104e-01
5.084043368697166443e-01 5.058029573410749435e-02 8.855687770992517471e-01 2.222998235374689102e-01 4.251541700214147568e-01 8.106922600418329239e-01 4.732766635715961456e-01 7.586561283096671104e-01
5.084043368697166443e-01 5.058029573410749435e-02 6.815806226804852486e-01 5.245544956997036934e-01 4.251541700214147568e-01 8.106922600418329239e-01 4.732766635715961456e-01 7.586561283096671104e-01
5.084043368697166443e-01 5.058029573410749435e-02 6.815806226804852486e-01 2.222998235374689102e-01 6.609507827088236809e-01 8.106922600418329239e-01 4.732766635715961456e-01 7.586561283096671104e-01
5.084043368697166443e-01 5.058029573410749435e-02 6.815806226804852486e-01 2.222998235374689102e-01 4.251541700214147568e-01 2.115902239456772804e-01 4.732766635715961456e-01 7.586561283096671104e-01
5.084043368697166443e-01 5.058029573410749435e-02 6.815806226804852486e-01 2.222998235374689102e-01 4.251541700214147568e-01 8.106922600418329239e-01 8.397915707901120186e-01 7.586561283096671104e-01
5.084043368697166443e-01 5.058029573410749435e-02 6.815806226804852486e-01 2.222998235374689102e-01 4.251541700214147568e-01 8.106922600418329239e-01 4.732766635715961456e-01 1.503259912133216858e-01
5.084043368697166443e-01 8.322803834453225136e-01 8.855687770992517471e-01 5.245544956997036934e-01 6.609507827088236809e-01 2.115902239456772804e-01 8.397915707901120186e-01 1.503259912133216858e-01
1.442785933613777161e-01 5.058029573410749435e-02 8.855687770992517471e-01 5.245544956997036934e-01 6.609507827088236809e-01 2.115902239456772804e-01 8.397915707901120186e-01 1.503259912133216858e-01
1.442785933613777161e-01 8.322803834453225136e-01 6.815806226804852486e-01 5.245544956997036934e-01 6.609507827088236809e-01 2.115902239456772804e-01 8.397915707901120186e-01 1.503259912133216858e-01
1.442785933613777161e-01 8.322803834453225136e-01 8.855687770992517471e-01 2.222998235374689102e-01 6.609507827088236809e-01 2.115902239456772804e-01 8.397915707901120186e-01 1.503259912133216858e-01
1.442785933613777161e-01 8.322803834453225136e-01 8.855687770992517471e-01 5.245544956997036934e-01 4.251541700214147568e-01 2.115902239456772804e-01 8.397915707901120186e-01 1.503259912133216858e-01
1.442785933613777161e-01 8.322803834453225136e-01 8.855687770992517471e-01 5.245544956997036934e-01 6.609507827088236809e-01 8.106922600418329239e-01 8.397915707901120186e-01 1.503259912133216858e-01
1.442785933613777161e-01 8.322803834453225136e-01 8.855687770992517471e-01 5.245544956997036934e-01 6.609507827088236809e-01 2.115902239456772804e-01 4.732766635715961456e-01 1.503259912133216858e-01
1.442785933613777161e-01 8.322803834453225136e-01 8.855687770992517471e-01 5.245544956997036934e-01 6.609507827088236809e-01 2.115902239456772804e-01 8.397915707901120186e-01 7.586561283096671104e-01
1.442785933613777161e-01 8.322803834453225136e-01 8.855687770992517471e-01 5.245544956997036934e-01 6.609507827088236809e-01 2.115902239456772804e-01 8.397915707901120186e-01 1.503259912133216858e-01
7.308545131236314774e-01 7.178468443453311920e-01 7.823647269979119301e-01 1.004240941256284714e-01 2.648440571501851082e-01 5.533057497814297676e-01 5.465635303407907486e-01 3.332162117585539818e-01
7.859869934618473053e-01 7.178468443453311920e-01 7.823647269979119301e-01 1.004240941256284714e-01 2.648440571501851082e-01 5.533057497814297676e-01 5.465635303407907486e-01 3.332162117585539818e-01
7.308545131236314774e-01 2.018162561580538750e-01 7.823647269979119301e-01 1.004240941256284714e-01 2.648440571501851082e-01 5.533057497814297676e-01 5.465635303407907486e-01 3.332162117585539818e-01
7.308545131236314774e-01 7.178468443453311920e-01 4.932232368737459183e-01 1.004240941256284714e-01 2.648440571501851082e-01 5.533057497814297676e-01 5.465635303407907486e-01 3.332162117585539818e-01
7.308545131236314774e-01 7.178468443453311920e-01 7.823647269979119301e-01 6.413039779290556908e-01 2.648440571501851082e-01 5.533057497814297676e-01 5.465635303407907486e-01 3.332162117585539818e-01
7.308545131236314774e-01 7.178468443453311920e-01 7.823647269979119301e-01 1.004240941256284714e-01 4.710002401843667030e-01 5.533057497814297676e-01 5.465635303407907486e-01 3.332162117585539818e-01
7.308545131236314774e-01 7.178468443453311920e-01 7.823647269979119301e-01 1.004240941256284714e-01 2.648440571501851082e-01 3.833705019205808640e-01 5.465635303407907486e-01 3.332162117585539818e-01
7.308545131236314774e-01 7.178468443453311920e-01 7.823647269979119301e-01 1.004240941256284714e-01 2.648440571501851082e-01 5.533057497814297676e-01 8.754421006888151169e-01 3.332162117585539818e-01
7.308545131236314774e-01 7.178468443453311920e-01 7.823647269979119301e-01 1.004240941256284714e-01 2.648440571501851082e-01 5.533057497814297676e-01 5.465635303407907486e-01 7.664934266358613968e-02
7.308545131236314774e-01 2.018162561580538750e-01 4.932232368737459183e-01 6.413039779290556908e-01 4.710002401843667030e-01 3.833705019205808640e-01 8.754421006888151169e-01 7.664934266358613968e-02
7.859869934618473053e-01 7.178468443453311920e-01 4.932232368737459183e-01 6.413039779290556908e-01 4.710002401843667030e-01 3.833705019205808640e-01 8.754421006888151169e-01 7.664934266358613968e-02
7.859869934618473053e-01 2.018162561580538750e-01 7.823647269979119301e-01 6.413039779290556908e-01 4.710002401843667030e-01 3.833705019205808640e-01 8.754421006888151169e-01 7.664934266358613968e-02
7.859869934618473053e-01 2.018162561580538750e-01 4.932232368737459183e-01 1.004240941256284714e-01 4.710002401843667030e-01 3.833705019205808640e-01 8.754421006888151169e-01 7.664934266358613968e-02
7.859869934618473053e-01 2.018162561580538750e-01 4.932232368737459183e-01 6.413039779290556908e-01 2.648440571501851082e-01 3.833705019205808640e-01 8.754421006888151169e-01 7.664934266358613968e-02
7.859869934618473053e-01 2.018162561580538750e-01 4.932232368737459183e-01 6.413039779290556908e-01 4.710002401843667030e-01 5.533057497814297676e-01 8.754421006888151169e-01 7.664934266358613968e-02
7.859869934618473053e-01 2.018162561580538750e-01 4.932232368737459183e-01 6.413039779290556908e-01 4.710002401843667030e-01 3.833705019205808640e-01 5.465635303407907486e-01 7.664934266358613968e-02
7.859869934618473053e-01 2.018162561580538750e-01 4.932232368737459183e-01 6.413039779290556908e-01 4.710002401843667030e-01 3.833705019205808640e-01 8.754421006888151169e-01 3.332162117585539818e-01
7.859869934618473053e-01 2.018162561580538750e-01 4.932232368737459183e-01 6.413039779290556908e-01 4.710002401843667030e-01 3.833705019205808640e-01 8.754421006888151169e-01 7.664934266358613968e-02
2.096794154495000839e-01 1.863641776144504547e-01 3.748208554461598396e-01 9.340081177651882172e-01 8.525746585801243782e-01 2.839041966944932938e-01 3.260965030640363693e-01 9.419435393065214157e-01
2.962677832692861557e-02 1.863641776144504547e-01 3.748208554461598396e-01 9.340081177651882172e-01 8.525746585801243782e-01 2.839041966944932938e-01 3.260965030640363693e-01 9.419435393065214157e-01
2.096794154495000839e-01 7.311330903321504593e-01 3.748208554461598396e-01 9.340081177651882172e-01 8.525746585801243782e-01 2.839041966944932938e-01 3.260965030640363693e-01 9.419435393065214157e-01
2.096794154495000839e-01 1.863641776144504547e-01 7.533124452456831932e-01 9.340081177651882172e-01 8.525746585801243782e-01 2.839041966944932938e-01 3.260965030640363693e-01 9.419435393065214157e-01
2.096794154495000839e-01 1.863641776144504547e-01 3.748208554461598396e-01 1.670412113890051842e-01 8.525746585801243782e-01 2.839041966944932938e-01 3.260965030640363693e-01 9.419435393065214157e-01
2.096794154495000839e-01 1.863641776144504547e-01 3.748208554461598396e-01 9.340081177651882172e-01 5.361131243407726288e-01 2.839041966944932938e-01 3.260965030640363693e-01 9.419435393065214157e-01
2.096794154495000839e-01 1.863641776144504547e-01 3.748208554461598396e-01 9.340081177651882172e-01 8.525746585801243782e-01 6.771391108632087708e-01 3.260965030640363693e-01 9.419435393065214157e-01
2.096794154495000839e-01 1.863641776144504547e-01 3.748208554461598396e-01 9.340081177651882172e-01 8.525746585801243782e-01 2.839041966944932938e-01 4.456589510664343834e-01 9.419435393065214157e-01
2.096794154495000839e-01 1.863641776144504547e-01 3.748208554461598396e-01 9.340081177651882172e-01 8.525746585801243782e-01 2.839041966944932938e-01 3.260965030640363693e-01 7.994019733741879463e-01
2.096794154495000839e-01 7.311330903321504593e-01 7.533124452456831932e-01 1.670412113890051842e-01 5.361131243407726288e-01 6.771391108632087708e-01 4.456589510664343834e-01 7.994019733741879463e-01
2.962677832692861557e-02 1.863641776144504547e-01 7.533124452456831932e-01 1.670412113890051842e-01 5.361131243407726288e-01 6.771391108632087708e-01 4.456589510664343834e-01 7.994019733741879463e-01
2.962677832692861557e-02 7.311330903321504593e-01 3.748208554461598396e-01 1.670412113890051842e-01 5.361131243407726288e-01 6.771391108632087708e-01 4.456589510664343834e-01 7.994019733741879463e-01
2.962677832692861557e-02 7.311330903321504593e-01 7.533124452456831932e-01 9.340081177651882172e-01 5.361131243407726288e-01 6.771391108632087708e-01 4.456589510664343834e-01 7.994019733741879463e-01
2.962677832692861557e-02 7.311330903321504593e-01 7.533124452456831932e-01 1.670412113890051842e-01 8.525746585801243782e-01 6.771391108632087708e-01 4.456589510664343834e-01 7.994019733741879463e-01
2.962677832692861557e-02 7.311330903321504593e-01 7.533124452456831932e-01 1.670412113890051842e-01 5.361131243407726288e-01 2.839041966944932938e-01 4.456589510664343834e-01 7.994019733741879463e-01
2.962677832692861557e-02 7.311330903321504593e-01 7.533124452456831932e-01 1.670412113890051842e-01 5.361131243407726288e-01 6.771391108632087708e-01 3.260965030640363693e-01 7.994019733741879463e-01
2.962677832692861557e-02 7.311330903321504593e-01 7.533124452456831932e-01 1.670412113890051842e-01 5.361131243407726288e-01 6.771391108632087708e-01 4.456589510664343834e-01 9.419435393065214157e-01
2.962677832692861557e-02 7.311330903321504593e-01 7.533124452456831932e-01 1.670412113890051842e-01 5.361131243407726288e-01 6.771391108632087708e-01 4.456589510664343834e-01 7.994019733741879463e-01
3.098558038473129272e-01 9.523297240957617760e-01 5.417246473953127861e-01 3.454764476045966148e-01 6.825523553416132927e-01 1.680436599999666214e-01 8.447017436847090721e-01 5.178636610507965088e-01
3.645112607628107071e-01 9.523297240957617760e-01 5.417246473953127861e-01 3.454764476045966148e-01 6.825523553416132927e-01 1.680436599999666214e-01 8.447017436847090721e-01 5.178636610507965088e-01
3.098558038473129272e-01 8.984707091003656387e-01 5.417246473953127861e-01 3.454764476045966148e-01 6.825523553416132927e-01 1.680436599999666214e-01 8.447017436847090721e-01 5.178636610507965088e-01
3.098558038473129272e-01 9.523297240957617760e-01 6.163779897615313530e-01 3.454764476045966148e-01 6.825523553416132927e-01 1.680436599999666214e-01 8.447017436847090721e-01 5.178636610507965088e-01
3.098558038473129272e-01 9.523297240957617760e-01 5.417246473953127861e-01 4.856394259259104729e-01 6.825523553416132927e-01 1.680436599999666214e-01 8.447017436847090721e-01 5.178636610507965088e-01
3.098558038473129272e-01 9.523297240957617760e-01 5.417246473953127861e-01 3.454764476045966148e-01 6.176186539232730865e-02 1.680436599999666214e-01 8.447017436847090721e-01 5.178636610507965088e-01
3.098558038473129272e-01 9.523297240957617760e-01 5.417246473953127861e-01 3.454764476045966148e-01 6.825523553416132927e-01 1.307800412178039551e-02 8.447017436847090721e-01 5.178636610507965088e-01
3.098558038473129272e-01 9.523297240957617760e-01 5.417246473953127861e-01 3.454764476045966148e-01 6.825523553416132927e-01 1.680436599999666214e-01 2.343761194497346878e-01 5.178636610507965088e-01
3.098558038473129272e-01 9.523297240957617760e-01 5.417246473953127861e-01 3.454764476045966148e-01 6.825523553416132927e-01 1.680436599999666214e-01 8.447017436847090721e-01 3.907321216538548470e-01
3.098558038473129272e-01 8.984707091003656387e-01 6.163779897615313530e-01 4.856394259259104729e-01 6.176186539232730865e-02 1.307800412178039551e-02 2.343761194497346878e-01 3.907321216538548470e-01
3.645112607628107071e-01 9.523297240957617760e-01 6.163779897615313530e-01 4.856394259259104729e-01 6.176186539232730865e-02 1.307800412178039551e-02 2.343761194497346878e-01 3.907321216538548470e-01
3.645112607628107071e-01 8.984707091003656387e-01 5.417246473953127861e-01 4.856394259259104729e-01 6.176186539232730865e-02 1.307800412178039551e-02 2.343761194497346878e-01 3.907321216538548470e-01
3.645112607628107071e-01 8.984707091003656387e-01 6.163779897615313530e-01 3.454764476045966148e-01 6.176186539232730865e-02 1.307800412178039551e-02 2.343761194497346878e-01 3.907321216538548470e-01
3.645112607628107071e-01 8.984707091003656387e-01 6.163779897615313530e-01 4.856394259259104729e-01 6.825523553416132927e-01 1.307800412178039551e-02 2.343761194497346878e-01 3.907321216538548470e-01
3.645112607628107071e-01 8.984707091003656387e-01 6.163779897615313530e-01 4.856394259259104729e-01 6.176186539232730865e-02 1.680436599999666214e-01 2.343761194497346878e-01 3.907321216538548470e-01
3.645112607628107071e-01 8.984707091003656387e-01 6.163779897615313530e-01 4.856394259259104729e-01 6.176186539232730865e-02 1.307800412178039551e-02 8.447017436847090721e-01 3.907321216538548470e-01
3.645112607628107071e-01 8.984707091003656387e-01 6.163779897615313530e-01 4.856394259259104729e-01 6.176186539232730865e-02 1.307800412178039551e-02 2.343761194497346878e-01 5.178636610507965088e-01
3.645112607628107071e-01 8.984707091003656387e-01 6.163779897615313530e-01 4.856394259259104729e-01 6.176186539232730865e-02 1.307800412178039551e-02 2.343761194497346878e-01 3.907321216538548470e-01
7.574225105345249176e-01 4.208182683214545250e-01 1.135746901854872704e-01 6.830963911488652229e-01 2.156565515324473381e-01 9.298768537119030952e-01 2.666863612830638885e-03 1.288476521149277687e-01
5.779335135594010353e-01 4.208182683214545250e-01 1.135746901854872704e-01 6.830963911488652229e-01 2.156565515324473381e-01 9.298768537119030952e-01 2.666863612830638885e-03 1.288476521149277687e-01
7.574225105345249176e-01 4.316958216950297356e-01 1.135746901854872704e-01 6.830963911488652229e-01 2.156565515324473381e-01 9.298768537119030952e-01 2.666863612830638885e-03 1.288476521149277687e-01
7.574225105345249176e-01 4.208182683214545250e-01 1.379399280995130539e-01 6.830963911488652229e-01 2.156565515324473381e-01 9.298768537119030952e-01 2.666863612830638885e-03 1.288476521149277687e-01
7.574225105345249176e-01 4.208182683214545250e-01 1.135746901854872704e-01 9.482052726671099663e-01 2.156565515324473381e-01 9.298768537119030952e-01 2.666863612830638885e-03 1.288476521149277687e-01
7.574225105345249176e-01 4.208182683214545250e-01 1.135746901854872704e-01 6.830963911488652229e-01 9.936893796548247337e-01 9.298768537119030952e-01 2.666863612830638885e-03 1.288476521149277687e-01
7.574225105345249176e-01 4.208182683214545250e-01 1.135746901854872704e-01 6.830963911488652229e-01 2.156565515324473381e-01 7.974467333406209946e-01 2.666863612830638885e-03 1.288476521149277687e-01
7.574225105345249176e-01 4.208182683214545250e-01 1.135746901854872704e-01 6.830963911488652229e-01 2.156565515324473381e-01 9.298768537119030952e-01 6.798457829281687737e-01 1.288476521149277687e-01
7.574225105345249176e-01 4.208182683214545250e-01 1.135746901854872704e-01 6.830963911488652229e-01 2.156565515324473381e-01 9.298768537119030952e-01 2.666863612830638885e-03 7.314121844246983528e-01
7.574225105345249176e-01 4.316958216950297356e-01 1.379399280995130539e-01 9.482052726671099663e-01 9.936893796548247337e-01 7.974467333406209946e-01 6.798457829281687737e-01 7.314121844246983528e-01
5.779335135594010353e-01 4.208182683214545250e-01 1.379399280995130539e-01 9.482052726671099663e-01 9.936893796548247337e-01 7.974467333406209946e-01 6.798457829281687737e-01 7.314121844246983528e-01
5.779335135594010353e-01 4.316958216950297356e-01 1.135746901854872704e-01 9.482052726671099663e-01 9.936893796548247337e-01 7.974467333406209946e-01 6.798457829281687737e-01 7.314121844246983528e-01
5.779335135594010353e-01 4.316958216950297356e-01 1.379399280995130539e-01 6.830963911488652229e-01 9.936893796548247337e-01 7.974467333406209946e-01 6.798457829281687737e-01 7.314121844246983528e-01
5.779335135594010353e-01 4.316958216950297356e-01 1.379399280995130539e-01 9.482052726671099663e-01 2.156565515324473381e-01 7.974467333406209946e-01 6.798457829281687737e-01 7.314121844246983528e-01
5.779335135594010353e-01 4.316958216950297356e-01 1.379399280995130539e-01 9.482052726671099663e-01 9.936893796548247337e-01 9.298768537119030952e-01 6.798457829281687737e-01 7.314121844246983528e-01
5.779335135594010353e-01 4.316958216950297356e-01 1.379399280995130539e-01 9.482052726671099663e-01 9.936893796548247337e-01 7.974467333406209946e-01 2.666863612830638885e-03 7.314121844246983528e-01
5.779335135594010353e-01 4.316958216950297356e-01 1.379399280995130539e-01 9.482052726671099663e-01 9.936893796548247337e-01 7.974467333406209946e-01 6.798457829281687737e-01 1.288476521149277687e-01
5.779335135594010353e-01 4.316958216950297356e-01 1.379399280995130539e-01 9.482052726671099663e-01 9.936893796548247337e-01 7.974467333406209946e-01 6.798457829281687737e-01 7.314121844246983528e-01
7.861719625070691109e-01 9.940073732286691666e-01 8.760716626420617104e-01 1.690394841134548187e-01 9.076175689697265625e-01 2.717725178226828575e-01 2.673900024965405464e-01 5.406399164348840714e-01
7.394576352089643478e-01 9.940073732286691666e-01 8.760716626420617104e-01 1.690394841134548187e-01 9.076175689697265625e-01 2.717725178226828575e-01 2.673900024965405464e-01 5.406399164348840714e-01
7.861719625070691109e-01 9.399785920977592468e-01 8.760716626420617104e-01 1.690394841134548187e-01 9.076175689697265625e-01 2.717725178226828575e-01 2.673900024965405464e-01 5.406399164348840714e-01
7.861719625070691109e-01 9.940073732286691666e-01 1.794724659994244576e-01 1.690394841134548187e-01 9.076175689697265625e-01 2.717725178226828575e-01 2.673900024965405464e-01 5.406399164348840714e-01
7.861719625070691109e-01 9.940073732286691666e-01 8.760716626420617104e-01 7.124300543218851089e-01 9.076175689697265625e-01 2.717725178226828575e-01 2.673900024965405464e-01 5.406399164348840714e-01
7.861719625070691109e-01 9.940073732286691666e-01 8.760716626420617104e-01 1.690394841134548187e-01 3.024908956140279770e-01 2.717725178226828575e-01 2.673900024965405464e-01 5.406399164348840714e-01
7.861719625070691109e-01 9.940073732286691666e-01 8.760716626420617104e-01 1.690394841134548187e-01 9.076175689697265625e-01 9.175794050097465515e-01 2.673900024965405464e-01 5.406399164348840714e-01
7.861719625070691109e-01 9.940073732286691666e-01 8.760716626420617104e-01 1.690394841134548187e-01 9.076175689697265625e-01 2.717725178226828575e-01 1.412327773869037628e-02 5.406399164348840714e-01
7.861719625070691109e-01 9.940073732286691666e-01 8.760716626420617104e-01 1.690394841134548187e-01 9.076175689697265625e-01 2.717725178226828575e-01 2.673900024965405464e-01 4.382415954023599625e-02
7.861719625070691109e-01 9.399785920977592468e-01 1.794724659994244576e-01 7.124300543218851089e-01 3.024908956140279770e-01 9.175794050097465515e-01 1.412327773869037628e-02 4.382415954023599625e-02
7.394576352089643478e-01 9.940073732286691666e-01 1.794724659994244576e-01 7.124300543218851089e-01 3.024908956140279770e-01 9.175794050097465515e-01 1.412327773869037628e-02 4.382415954023599625e-02
7.394576352089643478e-01 9.399785920977592468e-01 8.760716626420617104e-01 7.124300543218851089e-01 3.024908956140279770e-01 9.175794050097465515e-01 1.412327773869037628e-02 4.382415954023599625e-02
7.394576352089643478e-01 9.399785920977592468e-01 1.794724659994244576e-01 1.690394841134548187e-01 3.024908956140279770e-01 9.175794050097465515e-01 1.412327773869037628e-02 4.382415954023599625e-02
7.394576352089643478e-01 9.399785920977592468e-01 1.794724659994244576e-01 7.124300543218851089e-01 9.076175689697265625e-01 9.175794050097465515e-01 1.412327773869037628e-02 4.382415954023599625e-02
7.394576352089643478e-01 9.399785920977592468e-01 1.794724659994244576e-01 7.124300543218851089e-01 3.024908956140279770e-01 2.717725178226828575e-01 1.412327773869037628e-02 4.382415954023599625e-02
7.394576352089643478e-01 9.399785920977592468e-01 1.794724659994244576e-01 7.124300543218851089e-01 3.024908956140279770e-01 9.175794050097465515e-01 2.673900024965405464e-01 4.382415954023599625e-02
7.394576352089643478e-01 9.399785920977592468e-01 1.794724659994244576e-01 7.124300543218851089e-01 3.024908956140279770e-01 9.175794050097465515e-01 1.412327773869037628e-02 5.406399164348840714e-01
7.394576352089643478e-01 9.399785920977592468e-01 1.794724659994244576e-01 7.124300543218851089e-01 3.024908956140279770e-01 9.175794050097465515e-01 1.412327773869037628e-02 4.382415954023599625e-02
2.811024198308587074e-01 3.985307160764932632e-01 4.686808558180928230e-01 8.668275307863950729e-01 4.446890801191329956e-01 5.023557022213935852e-01 6.128417709842324257e-01 1.798400161787867546e-01
4.528650762513279915e-01 3.985307160764932632e-01 4.686808558180928230e-01 8.668275307863950729e-01 4.446890801191329956e-01 5.023557022213935852e-01 6.128417709842324257e-01 1.798400161787867546e-01
2.811024198308587074e-01 4.692972162738442421e-01 4.686808558180928230e-01 8.668275307863950729e-01 4.446890801191329956e-01 5.023557022213935852e-01 6.128417709842324257e-01 1.798400161787867546e-01
2.811024198308587074e-01 3.985307160764932632e-01 5.758531689643859863e-01 8.668275307863950729e-01 4.446890801191329956e-01 5.023557022213935852e-01 6.128417709842324257e-01 1.798400161787867546e-01
2.811024198308587074e-01 3.985307160764932632e-01 4.686808558180928230e-01 2.209259141236543655e-01 4.446890801191329956e-01 5.023557022213935852e-01 6.128417709842324257e-01 1.798400161787867546e-01
2.811024198308587074e-01 3.985307160764932632e-01 4.686808558180928230e-01 8.668275307863950729e-01 7.377590192481875420e-01 5.023557022213935852e-01 6.128417709842324257e-01 1.798400161787867546e-01
2.811024198308587074e-01 3.985307160764932632e-01 4.686808558180928230e-01 8.668275307863950729e-01 4.446890801191329956e-01 1.468825023621320724e-01 6.128417709842324257e-01 1.798400161787867546e-01
2.811024198308587074e-01 3.985307160764932632e-01 4.686808558180928230e-01 8.668275307863950729e-01 4.446890801191329956e-01 5.023557022213935852e-01 5.687232045456767082e-01 1.798400161787867546e-01
2.811024198308587074e-01 3.985307160764932632e-01 4.686808558180928230e-01 8.668275307863950729e-01 4.446890801191329956e-01 5.023557022213935852e-01 6.128417709842324257e-01 8.281687730923295021e-01
2.811024198308587074e-01 4.692972162738442421e-01 5.758531689643859863e-01 2.209259141236543655e-01 7.377590192481875420e-01 1.468825023621320724e-01 5.687232045456767082e-01 8.281687730923295021e-01
4.528650762513279915e-01 3.985307160764932632e-01 5.758531689643859863e-01 2.209259141236543655e-01 7.377590192481875420e-01 1.468825023621320724e-01 5.687232045456767082e-01 8.281687730923295021e-01
4.528650762513279915e-01 4.692972162738442421e-01 4.686808558180928230e-01 2.209259141236543655e-01 7.377590192481875420e-01 1.468825023621320724e-01 5.687232045456767082e-01 8.281687730923295021e-01
4.528650762513279915e-01 4.692972162738442421e-01 5.758531689643859863e-01 8.668275307863950729e-01 7.377590192481875420e-01 1.468825023621320724e-01 5.687232045456767082e-01 8.281687730923295021e-01
4.528650762513279915e-01 4.692972162738442421e-01 5.758531689643859863e-01 2.209259141236543655e-01 4.446890801191329956e-01 1.468825023621320724e-01 5.687232045456767082e-01 8.281687730923295021e-01
4.528650762513279915e-01 4.692972162738442421e-01 5.758531689643859863e-01 2.209259141236543655e-01 7.377590192481875420e-01 5.023557022213935852e-01 5.687232045456767082e-01 8.281687730923295021e-01
4.528650762513279915e-01 4.692972162738442421e-01 5.758531689643859863e-01 2.209259141236543655e-01 7.377590192481875420e-01 1.468825023621320724e-01 6.128417709842324257e-01 8.281687730923295021e-01
4.528650762513279915e-01 4.692972162738442421e-01 5.758531689643859863e-01 2.209259141236543655e-01 7.377590192481875420e-01 1.468825023621320724e-01 5.687232045456767082e-01 1.798400161787867546e-01
4.528650762513279915e-01 4.692972162738442421e-01 5.758531689643859863e-01 2.209259141236543655e-01 7.377590192481875420e-01 1.468825023621320724e-01 5.687232045456767082e-01 8.281687730923295021e-01
2.384250825271010399e-01 7.283999035134911537e-01 6.352731538936495781e-01 4.160525621846318245e-01 2.024374715983867645e-02 8.875041529536247253e-01 9.238255769014358521e-02 3.582839043810963631e-01
1.608270257711410522e-01 7.283999035134911537e-01 6.352731538936495781e-01 4.160525621846318245e-01 2.024374715983867645e-02 8.875041529536247253e-01 9.238255769014358521e-02 3.582839043810963631e-01
2.384250825271010399e-01 1.446909988299012184e-01 6.352731538936495781e-01 4.160525621846318245e-01 2.024374715983867645e-02 8.875041529536247253e-01 9.238255769014358521e-02 3.582839043810963631e-01
2.384250825271010399e-01 7.283999035134911537e-01 8.065334670245647430e-01 4.160525621846318245e-01 2.024374715983867645e-02 8.875041529536247253e-01 9.238255769014358521e-02 3.582839043810963631e-01
2.384250825271010399e-01 7.283999035134911537e-01 6.352731538936495781e-01 4.301673304289579391e-01 2.024374715983867645e-02 8.875041529536247253e-01 9.238255769014358521e-02 3.582839043810963631e-01
2.384250825271010399e-01 7.283999035134911537e-01 6.352731538936495781e-01 4.160525621846318245e-01 2.272465201094746590e-01 8.875041529536247253e-01 9.238255769014358521e-02 3.582839043810963631e-01
2.384250825271010399e-01 7.283999035134911537e-01 6.352731538936495781e-01 4.160525621846318245e-01 2.024374715983867645e-02 5.453490521758794785e-01 9.238255769014358521e-02 3.582839043810963631e-01
2.384250825271010399e-01 7.283999035134911537e-01 6.352731538936495781e-01 4.160525621846318245e-01 2.024374715983867645e-02 8.875041529536247253e-01 8.730696868151426315e-01 3.582839043810963631e-01
2.384250825271010399e-01 7.283999035134911537e-01 6.352731538936495781e-01 4.160525621846318245e-01 2.024374715983867645e-02 8.875041529536247253e-01 9.238255769014358521e-02 4.868202665820717812e-01
2.384250825271010399e-01 1.446909988299012184e-01 8.065334670245647430e-01 4.301673304289579391e-01 2.272465201094746590e-01 5.453490521758794785e-01 8.730696868151426315e-01 4.868202665820717812e-01
1.608270257711410522e-01 7.283999035134911537e-01 8.065334670245647430e-01 4.301673304289579391e-01 2.272465201094746590e-01 5.453490521758794785e-01 8.730696868151426315e-01 4.868202665820717812e-01
1.608270257711410522e-01 1.446909988299012184e-01 6.352731538936495781e-01 4.301673304289579391e-01 2.272465201094746590e-01 5.453490521758794785e-01 8.730696868151426315e-01 4.868202665820717812e-01
1.608270257711410522e-01 1.446909988299012184e-01 8.065334670245647430e-01 4.160525621846318245e-01 2.272465201094746590e-01 5.453490521758794785e-01 8.730696868151426315e-01 4.868202665820717812e-01
1.608270257711410522e-01 1.446909988299012184e-01 8.065334670245647430e-01 4.301673304289579391e-01 2.024374715983867645e-02 5.453490521758794785e-01 8.730696868151426315e-01 4.868202665820717812e-01
1.608270257711410522e-01 1.446909988299012184e-01 8.065334670245647430e-01 4.301673304289579391e-01 2.272465201094746590e-01 8.875041529536247253e-01 8.730696868151426315e-01 4.868202665820717812e-01
1.608270257711410522e-01 1.446909988299012184e-01 8.065334670245647430e-01 4.301673304289579391e-01 2.272465201094746590e-01 5.453490521758794785e-01 9.238255769014358521e-02 4.868202665820717812e-01
1.608270257711410522e-01 1.446909988299012184e-01 8.065334670245647430e-01 4.301673304289579391e-01 2.272465201094746590e-01 5.453490521758794785e-01 8.730696868151426315e-01 3.582839043810963631e-01
1.608270257711410522e-01 1.446909988299012184e-01 8.065334670245647430e-01 4.301673304289579391e-01 2.272465201094746590e-01 5.453490521758794785e-01 8.730696868151426315e-01 4.868202665820717812e-01
7.021127818152308464e-01 1.329529890790581703e-01 2.074593668803572655e-01 6.100488295778632164e-01 6.118195932358503342e-01 1.493526091799139977e-01 8.094326965510845184e-01 9.993724860250949860e-01
9.044205276295542717e-01 1.329529890790581703e-01 2.074593668803572655e-01 6.100488295778632164e-01 6.118195932358503342e-01 1.493526091799139977e-01 8.094326965510845184e-01 9.993724860250949860e-01
7.021127818152308464e-01 6.779143214225769043e-01 2.074593668803572655e-01 6.100488295778632164e-01 6.118195932358503342e-01 1.493526091799139977e-01 8.094326965510845184e-01 9.993724860250949860e-01
7.021127818152308464e-01 1.329529890790581703e-01 4.409494036808609962e-01 6.100488295778632164e-01 6.118195932358503342e-01 1.493526091799139977e-01 8.094326965510845184e-01 9.993724860250949860e-01
7.021127818152308464e-01 1.329529890790581703e-01 2.074593668803572655e-01 8.786656316369771957e-01 6.118195932358503342e-01 1.493526091799139977e-01 8.094326965510845184e-01 9.993724860250949860e-01
7.021127818152308464e-01 1.329529890790581703e-01 2.074593668803572655e-01 6.100488295778632164e-01 7.949389517307281494e-01 1.493526091799139977e-01 8.094326965510845184e-01 9.993724860250949860e-01
7.021127818152308464e-01 1.329529890790581703e-01 2.074593668803572655e-01 6.100488295778632164e-01 6.118195932358503342e-01 2.691584974527359009e-01 8.094326965510845184e-01 9.993724860250949860e-01
7.021127818152308464e-01 1.329529890790581703e-01 2.074593668803572655e-01 6.100488295778632164e-01 6.118195932358503342e-01 1.493526091799139977e-01 3.029053201898932457e-01 9.993724860250949860e-01
7.021127818152308464e-01 1.329529890790581703e-01 2.074593668803572655e-01 6.100488295778632164e-01 6.118195932358503342e-01 1.493526091799139977e-01 8.094326965510845184e-01 6.390772918239235878e-01
7.021127818152308464e-01 6.779143214225769043e-01 4.409494036808609962e-01 8.786656316369771957e-01 7.949389517307281494e-01 2.691584974527359009e-01 3.029053201898932457e-01 6.390772918239235878e-01
9.044205276295542717e-01 1.329529890790581703e-01 4.409494036808609962e-01 8.786656316369771957e-01 7.949389517307281494e-01 2.691584974527359009e-01 3.029053201898932457e-01 6.390772918239235878e-01
9.044205276295542717e-01 6.779143214225769043e-01 2.074593668803572655e-01 8.786656316369771957e-01 7.949389517307281494e-01 2.691584974527359009e-01 3.029053201898932457e-01 6.390772918239235878e-01
9.044205276295542717e-01 6.779143214225769043e-01 4.409494036808609962e-01 6.100488295778632164e-01 7.949389517307281494e-01 2.691584974527359009e-01 3.029053201898932457e-01 6.390772918239235878e-01
9.044205276295542717e-01 6.779143214225769043e-01 4.409494036808609962e-01 8.786656316369771957e-01 6.118195932358503342e-01 2.691584974527359009e-01 3.029053201898932457e-01 6.390772918239235878e-01
9.044205276295542717e-01 6.779143214225769043e-01 4.409494036808609962e-01 8.786656316369771957e-01 7.949389517307281494e-01 1.493526091799139977e-01 3.029053201898932457e-01 6.390772918239235878e-01
9.044205276295542717e-01 6.779143214225769043e-01 4.409494036808609962e-01 8.786656316369771957e-01 7.949389517307281494e-01 2.691584974527359009e-01 8.094326965510845184e-01 6.390772918239235878e-01
9.044205276295542717e-01 6.779143214225769043e-01 4.409494036808609962e-01 8.786656316369771957e-01 7.949389517307281494e-01 2.691584974527359009e-01 3.029053201898932457e-01 9.993724860250949860e-01
9.044205276295542717e-01 6.779143214225769043e-01 4.409494036808609962e-01 8.786656316369771957e-01 7.949389517307281494e-01 2.691584974527359009e-01 3.029053201898932457e-01 6.390772918239235878e-01
5.410485649481415749e-01 5.986203011125326157e-01 3.248454211279749870e-01 7.400193465873599052e-01 7.020571129396557808e-01 3.909767717123031616e-01 2.420314271003007889e-01 4.088746272027492523e-01
4.030002560466527939e-02 5.986203011125326157e-01 3.248454211279749870e-01 7.400193465873599052e-01 7.020571129396557808e-01 3.909767717123031616e-01 2.420314271003007889e-01 4.088746272027492523e-01
5.410485649481415749e-01 2.937260959297418594e-01 3.248454211279749870e-01 7.400193465873599052e-01 7.020571129396557808e-01 3.909767717123031616e-01 2.420314271003007889e-01 4.088746272027492523e-01
5.410485649481415749e-01 5.986203011125326157e-01 9.222000250592827797e-01 7.400193465873599052e-01 7.020571129396557808e-01 3.909767717123031616e-01 2.420314271003007889e-01 4.088746272027492523e-01
5.410485649481415749e-01 5.986203011125326157e-01 3.248454211279749870e-01 7.600927539169788361e-01 7.020571129396557808e-01 3.909767717123031616e-01 2.420314271003007889e-01 4.088746272027492523e-01
5.410485649481415749e-01 5.986203011125326157e-01 3.248454211279749870e-01 7.400193465873599052e-01 1.021492648869752884e-01 3.909767717123031616e-01 2.420314271003007889e-01 4.088746272027492523e-01
5.410485649481415749e-01 5.986203011125326157e-01 3.248454211279749870e-01 7.400193465873599052e-01 7.020571129396557808e-01 6.606704648584127426e-02 2.420314271003007889e-01 4.088746272027492523e-01
5.410485649481415749e-01 5.986203011125326157e-01 3.248454211279749870e-01 7.400193465873599052e-01 7.020571129396557808e-01 3.909767717123031616e-01 4.821070618927478790e-01 4.088746272027492523e-01
5.410485649481415749e-01 5.986203011125326157e-01 3.248454211279749870e-01 7.400193465873599052e-01 7.020571129396557808e-01 3.909767717123031616e-01 2.420314271003007889e-01 5.878615938127040863e-01
5.410485649481415749e-01 2.937260959297418594e-01 9.222000250592827797e-01 7.600927539169788361e-01 1.021492648869752884e-01 6.606704648584127426e-02 4.821070618927478790e-01 5.878615938127040863e-01
4.030002560466527939e-02 5.986203011125326157e-01 9.222000250592827797e-01 7.600927539169788361e-01 1.021492648869752884e-01 6.606704648584127426e-02 4.821070618927478790e-01 5.878615938127040863e-01
4.030002560466527939e-02 2.937260959297418594e-01 3.248454211279749870e-01 7.600927539169788361e-01 1.021492648869752884e-01 6.606704648584127426e-02 4.821070618927478790e-01 5.878615938127040863e-01
4.030002560466527939e-02 2.937260959297418594e-01 9.222000250592827797e-01 7.400193465873599052e-01 1.021492648869752884e-01 6.606704648584127426e-02 4.821070618927478790e-01 5.878615938127040863e-01
4.030002560466527939e-02 2.937260959297418594e-01 9.222000250592827797e-01 7.600927539169788361e-01 7.020571129396557808e-01 6.606704648584127426e-02 4.821070618927478790e-01 5.878615938127040863e-01
4.030002560466527939e-02 2.937260959297418594e-01 9.222000250592827797e-01 7.600927539169788361e-01 1.021492648869752884e-01 3.909767717123031616e-01 4.821070618927478790e-01 5.878615938127040863e-01
4.030002560466527939e-02 2.937260959297418594e-01 9.222000250592827797e-01 7.600927539169788361e-01 1.021492648869752884e-01 6.606704648584127426e-02 2.420314271003007889e-01 5.878615938127040863e-01
4.030002560466527939e-02 2.937260959297418594e-01 9.222000250592827797e-01 7.600927539169788361e-01 1.021492648869752884e-01 6.606704648584127426e-02 4.821070618927478790e-01 4.088746272027492523e-01
4.030002560466527939e-02 2.937260959297418594e-01 9.222000250592827797e-01 7.600927539169788361e-01 1.021492648869752884e-01 6.606704648584127426e-02 4.821070618927478790e-01 5.878615938127040863e-01
1.646306831389665604e-02 5.103206261992454529e-03 7.678888877853751183e-01 2.963816607370972633e-01 1.648640083149075508e-01 6.293877279385924339e-01 8.960779067128896713e-01 7.998447166755795479e-01
7.693322561681270599e-01 5.103206261992454529e-03 7.678888877853751183e-01 2.963816607370972633e-01 1.648640083149075508e-01 6.293877279385924339e-01 8.960779067128896713e-01 7.998447166755795479e-01
1.646306831389665604e-02 7.644053129479289055e-01 7.678888877853751183e-01 2.963816607370972633e-01 1.648640083149075508e-01 6.293877279385924339e-01 8.960779067128896713e-01 7.998447166755795479e-01
1.646306831389665604e-02 5.103206261992454529e-03 3.225054927170276642e-01 2.963816607370972633e-01 1.648640083149075508e-01 6.293877279385924339e-01 8.960779067128896713e-01 7.998447166755795479e-01
1.646306831389665604e-02 5.103206261992454529e-03 7.678888877853751183e-01 2.987399958074092865e-01 1.648640083149075508e-01 6.293877279385924339e-01 8.960779067128896713e-01 7.998447166755795479e-01
1.646306831389665604e-02 5.103206261992454529e-03 7.678888877853751183e-01 2.963816607370972633e-01 9.201007625088095665e-01 6.293877279385924339e-01 8.960779067128896713e-01 7.998447166755795479e-01
1.646306831389665604e-02 5.103206261992454529e-03 7.678888877853751183e-01 2.963816607370972633e-01 1.648640083149075508e-01 8.733774134889245033e-01 8.960779067128896713e-01 7.998447166755795479e-01
1.646306831389665604e-02 5.103206261992454529e-03 7.678888877853751183e-01 2.963816607370972633e-01 1.648640083149075508e-01 6.293877279385924339e-01 9.116374896839261055e-01 7.998447166755795479e-01
1.646306831389665604e-02 5.103206261992454529e-03 7.678888877853751183e-01 2.963816607370972633e-01 1.648640083149075508e-01 6.293877279385924339e-01 8.960779067128896713e-01 2.862058840692043304e-01
1.646306831389665604e-02 7.644053129479289055e-01 3.225054927170276642e-01 2.987399958074092865e-01 9.201007625088095665e-01 8.733774134889245033e-01 9.116374896839261055e-01 2.862058840692043304e-01
7.693322561681270599e-01 5.103206261992454529e-03 3.225054927170276642e-01 2.987399958074092865e-01 9.201007625088095665e-01 8.733774134889245033e-01 9.116374896839261055e-01 2.862058840692043304e-01
7.693322561681270599e-01 7.644053129479289055e-01 7.678888877853751183e-01 2.987399958074092865e-01 9.201007625088095665e-01 8.733774134889245033e-01 9.116374896839261055e-01 2.862058840692043304e-01
7.693322561681270599e-01 7.644053129479289055e-01 3.225054927170276642e-01 2.963816607370972633e-01 9.201007625088095665e-01 8.733774134889245033e-01 9.116374896839261055e-01 2.862058840692043304e-01
7.693322561681270599e-01 7.644053129479289055e-01 3.225054927170276642e-01 2.987399958074092865e-01 1.648640083149075508e-01 8.733774134889245033e-01 9.116374896839261055e-01 2.862058840692043304e-01
7.693322561681270599e-01 7.644053129479289055e-01 3.225054927170276642e-01 2.987399958074092865e-01 9.201007625088095665e-01 6.293877279385924339e-01 9.116374896839261055e-01 2.862058840692043304e-01
7.693322561681270599e-01 7.644053129479289055e-01 3.225054927170276642e-01 2.987399958074092865e-01 9.201007625088095665e-01 8.733774134889245033e-01 8.960779067128896713e-01 2.862058840692043304e-01
7.693322561681270599e-01 7.644053129479289055e-01 3.225054927170276642e-01 2.987399958074092865e-01 9.201007625088095665e-01 8.733774134889245033e-01 9.116374896839261055e-01 7.998447166755795479e-01
7.693322561681270599e-01 7.644053129479289055e-01 3.225054927170276642e-01 2.987399958074092865e-01 9.201007625088095665e-01 8.733774134889245033e-01 9.116374896839261055e-01 2.862058840692043304e-01
4.952672375366091728e-01 8.640137286856770515e-01 6.955579761415719986e-02 9.871468637138605118e-01 3.703166497871279716e-01 7.605986064299941063e-01 4.301765253767371178e-01 7.244128687307238579e-01
6.180414864793419838e-01 8.640137286856770515e-01 6.955579761415719986e-02 9.871468637138605118e-01 3.703166497871279716e-01 7.605986064299941063e-01 4.301765253767371178e-01 7.244128687307238579e-01
4.952672375366091728e-01 6.195329381152987480e-01 6.955579761415719986e-02 9.871468637138605118e-01 3.703166497871279716e-01 7.605986064299941063e-01 4.301765253767371178e-01 7.244128687307238579e-01
4.952672375366091728e-01 8.640137286856770515e-01 6.097980588674545288e-02 9.871468637138605118e-01 3.703166497871279716e-01 7.605986064299941063e-01 4.301765253767371178e-01 7.244128687307238579e-01
4.952672375366091728e-01 8.640137286856770515e-01 6.955579761415719986e-02 1.051608622074127197e-01 3.703166497871279716e-01 7.605986064299941063e-01 4.301765253767371178e-01 7.244128687307238579e-01
4.952672375366091728e-01 8.640137286856770515e-01 6.955579761415719986e-02 9.871468637138605118e-01 4.276531124487519264e-01 7.605986064299941063e-01 4.301765253767371178e-01 7.244128687307238579e-01
4.952672375366091728e-01 8.640137286856770515e-01 6.955579761415719986e-02 9.871468637138605118e-01 3.703166497871279716e-01 4.436683738604187965e-01 4.301765253767371178e-01 7.244128687307238579e-01
4.952672375366091728e-01 8.640137286856770515e-01 6.955579761415719986e-02 9.871468637138605118e-01 3.703166497871279716e-01 7.605986064299941063e-01 6.541703715920448303e-01 7.244128687307238579e-01
4.952672375366091728e-01 8.640137286856770515e-01 6.955579761415719986e-02 9.871468637138605118e-01 3.703166497871279716e-01 7.605986064299941063e-01 4.301765253767371178e-01 8.824209757149219513e-01
4.952672375366091728e-01 6.195329381152987480e-01 6.097980588674545288e-02 1.051608622074127197e-01 4.276531124487519264e-01 4.436683738604187965e-01 6.541703715920448303e-01 8.824209757149219513e-01
6.180414864793419838e-01 8.640137286856770515e-01 6.097980588674545288e-02 1.051608622074127197e-01 4.276531124487519264e-01 4.436683738604187965e-01 6.541703715920448303e-01 8.824209757149219513e-01
6.180414864793419838e-01 6.195329381152987480e-01 6.955579761415719986e-02 1.051608622074127197e-01 4.276531124487519264e-01 4.436683738604187965e-01 6.541703715920448303e-01 8.824209757149219513e-01
6.180414864793419838e-01 6.195329381152987480e-01 6.097980588674545288e-02 9.871468637138605118e-01 4.276531124487519264e-01 4.436683738604187965e-01 6.541703715920448303e-01 8.824209757149219513e-01
6.180414864793419838e-01 6.195329381152987480e-01 6.097980588674545288e-02 1.051608622074127197e-01 3.703166497871279716e-01 4.436683738604187965e-01 6.541703715920448303e-01 8.824209757149219513e-01
6.180414864793419838e-01 6.195329381152987480e-01 6.097980588674545288e-02 1.051608622074127197e-01 4.276531124487519264e-01 7.605986064299941063e-01 6.541703715920448303e-01 8.824209757149219513e-01
6.180414864793419838e-01 6.195329381152987480e-01 6.097980588674545288e-02 1.051608622074127197e-01 4.276531124487519264e-01 4.436683738604187965e-01 4.301765253767371178e-01 8.824209757149219513e-01
6.180414864793419838e-01 6.195329381152987480e-01 6.097980588674545288e-02 1.051608622074127197e-01 4.276531124487519264e-01 4.436683738604187965e-01 6.541703715920448303e-01 7.244128687307238579e-01
6.180414864793419838e-01 6.195329381152987480e-01 6.097980588674545288e-02 1.051608622074127197e-01 4.276531124487519264e-01 4.436683738604187965e-01 6.541703715920448303e-01 8.824209757149219513e-01
9.394084056839346886e-01 2.705287607386708260e-01 5.251944558694958687e-01 3.948851674795150757e-02 7.783750696107745171e-01 3.024429082870483398e-02 7.136319531127810478e-01 1.137314606457948685e-01
3.147597778588533401e-01 2.705287607386708260e-01 5.251944558694958687e-01 3.948851674795150757e-02 7.783750696107745171e-01 3.024429082870483398e-02 7.136319531127810478e-01 1.137314606457948685e-01
9.394084056839346886e-01 8.630411513149738312e-02 5.251944558694958687e-01 3.948851674795150757e-02 7.783750696107745171e-01 3.024429082870483398e-02 7.136319531127810478e-01 1.137314606457948685e-01
9.394084056839346886e-01 2.705287607386708260e-01 6.915079476311802864e-01 3.948851674795150757e-02 7.783750696107745171e-01 3.024429082870483398e-02 7.136319531127810478e-01 1.137314606457948685e-01
9.394084056839346886e-01 2.705287607386708260e-01 5.251944558694958687e-01 5.781953111290931702e-01 7.783750696107745171e-01 3.024429082870483398e-02 7.136319531127810478e-01 1.137314606457948685e-01
9.394084056839346886e-01 2.705287607386708260e-01 5.251944558694958687e-01 3.948851674795150757e-02 6.126614697277545929e-01 3.024429082870483398e-02 7.136319531127810478e-01 1.137314606457948685e-01
9.394084056839346886e-01 2.705287607386708260e-01 5.251944558694958687e-01 3.948851674795150757e-02 7.783750696107745171e-01 7.457302054390311241e-01 7.136319531127810478e-01 1.137314606457948685e-01
9.394084056839346886e-01 2.705287607386708260e-01 5.251944558694958687e-01 3.948851674795150757e-02 7.783750696107745171e-01 3.024429082870483398e-02 2.089534336701035500e-01 1.137314606457948685e-01
9.394084056839346886e-01 2.705287607386708260e-01 5.251944558694958687e-01 3.948851674795150757e-02 7.783750696107745171e-01 3.024429082870483398e-02 7.136319531127810478e-01 2.455524392426013947e-01
9.394084056839346886e-01 8.630411513149738312e-02 6.915079476311802864e-01 5.781953111290931702e-01 6.126614697277545929e-01 7.457302054390311241e-01 2.089534336701035500e-01 2.455524392426013947e-01
3.147597778588533401e-01 2.705287607386708260e-01 6.915079476311802864e-01 5.781953111290931702e-01 6.126614697277545929e-01 7.457302054390311241e-01 2.089534336701035500e-01 2.455524392426013947e-01
3.147597778588533401e-01 8.630411513149738312e-02 5.251944558694958687e-01 5.781953111290931702e-01 6.126614697277545929e-01 7.457302054390311241e-01 2.089534336701035500e-01 2.455524392426013947e-01
3.147597778588533401e-01 8.630411513149738312e-02 6.915079476311802864e-01 3.948851674795150757e-02 6.126614697277545929e-01 7.457302054390311241e-01 2.089534336701035500e-01 2.455524392426013947e-01
3.147597778588533401e-01 8.630411513149738312e-02 6.915079476311802864e-01 5.781953111290931702e-01 7.783750696107745171e-01 7.457302054390311241e-01 2.089534336701035500e-01 2.455524392426013947e-01
3.147597778588533401e-01 8.630411513149738312e-02 6.915079476311802864e-01 5.781953111290931702e-01 6.126614697277545929e-01 3.024429082870483398e-02 2.089534336701035500e-01 2.455524392426013947e-01
3.147597778588533401e-01 8.630411513149738312e-02 6.915079476311802864e-01 5.781953111290931702e-01 6.126614697277545929e-01 7.457302054390311241e-01 7.136319531127810478e-01 2.455524392426013947e-01
3.147597778588533401e-01 8.630411513149738312e-02 6.915079476311802864e-01 5.781953111290931702e-01 6.126614697277545929e-01 7.457302054390311241e-01 2.089534336701035500e-01 1.137314606457948685e-01
3.147597778588533401e-01 8.630411513149738312e-02 6.915079476311802864e-01 5.781953111290931702e-01 6.126614697277545929e-01 7.457302054390311241e-01 2.089534336701035500e-01 2.455524392426013947e-01
9.252913165837526321e-01 6.338897198438644409e-01 7.009475491940975189e-03 3.376109935343265533e-01 3.887254530563950539e-01 1.988964751362800598e-01 1.275404943153262138e-01 4.987965906038880348e-01
1.237819883972406387e-01 6.338897198438644409e-01 7.009475491940975189e-03 3.376109935343265533e-01 3.887254530563950539e-01 1.988964751362800598e-01 1.275404943153262138e-01 4.987965906038880348e-01
9.252913165837526321e-01 7.073037633672356606e-01 7.009475491940975189e-03 3.376109935343265533e-01 3.887254530563950539e-01 1.988964751362800598e-01 1.275404943153262138e-01 4.987965906038880348e-01
9.252913165837526321e-01 6.338897198438644409e-01 6.437314795330166817e-01 3.376109935343265533e-01 3.887254530563950539e-01 1.988964751362800598e-01 1.275404943153262138e-01 4.987965906038880348e-01
9.252913165837526321e-01 6.338897198438644409e-01 7.009475491940975189e-03 6.718583581969141960e-01 3.887254530563950539e-01 1.988964751362800598e-01 1.275404943153262138e-01 4.987965906038880348e-01
9.252913165837526321e-01 6.338897198438644409e-01 7.009475491940975189e-03 3.376109935343265533e-01 9.408077439293265343e-01 1.988964751362800598e-01 1.275404943153262138e-01 4.987965906038880348e-01
9.252913165837526321e-01 6.338897198438644409e-01 7.009475491940975189e-03 3.376109935343265533e-01 3.887254530563950539e-01 4.136408632621169090e-01 1.275404943153262138e-01 4.987965906038880348e-01
9.252913165837526321e-01 6.338897198438644409e-01 7.009475491940975189e-03 3.376109935343265533e-01 3.887254530563950539e-01 1.988964751362800598e-01 8.098570331931114197e-01 4.987965906038880348e-01
9.252913165837526321e-01 6.338897198438644409e-01 7.009475491940975189e-03 3.376109935343265533e-01 3.887254530563950539e-01 1.988964751362800598e-01 1.275404943153262138e-01 5.199249768629670143e-01
9.252913165837526321e-01 7.073037633672356606e-01 6.437314795330166817e-01 6.718583581969141960e-01 9.408077439293265343e-01 4.136408632621169090e-01 8.098570331931114197e-01 5.199249768629670143e-01
1.237819883972406387e-01 6.338897198438644409e-01 6.437314795330166817e-01 6.718583581969141960e-01 9.408077439293265343e-01 4.136408632621169090e-01 8.098570331931114197e-01 5.199249768629670143e-01
1.237819883972406387e-01 7.073037633672356606e-01 7.009475491940975189e-03 6.718583581969141960e-01 9.408077439293265343e-01 4.136408632621169090e-01 8.098570331931114197e-01 5.199249768629670143e-01
1.237819883972406387e-01 7.073037633672356606e-01 6.437314795330166817e-01 3.376109935343265533e-01 9.408077439293265343e-01 4.136408632621169090e-01 8.098570331931114197e-01 5.199249768629670143e-01
1.237819883972406387e-01 7.073037633672356606e-01 6.437314795330166817e-01 6.718583581969141960e-01 3.887254530563950539e-01 4.136408632621169090e-01 8.098570331931114197e-01 5.199249768629670143e-01
1.237819883972406387e-01 7.073037633672356606e-01 6.437314795330166817e-01 6.718583581969141960e-01 9.408077439293265343e-01 1.988964751362800598e-01 8.098570331931114197e-01 5.199249768629670143e-01
1.237819883972406387e-01 7.073037633672356606e-01 6.437314795330166817e-01 6.718583581969141960e-01 9.408077439293265343e-01 4.136408632621169090e-01 1.275404943153262138e-01 5.199249768629670143e-01
1.237819883972406387e-01 7.073037633672356606e-01 6.437314795330166817e-01 6.718583581969141960e-01 9.408077439293265343e-01 4.136408632621169090e-01 8.098570331931114197e-01 4.987965906038880348e-01
1.237819883972406387e-01 7.073037633672356606e-01 6.437314795330166817e-01 6.718583581969141960e-01 9.408077439293265343e-01 4.136408632621169090e-01 8.098570331931114197e-01 5.199249768629670143e-01
3.844471331685781479e-01 2.274136096239089966e-01 5.877391723915934563e-01 6.279897596687078476e-01 9.767612302675843239e-01 9.682980319485068321e-01 9.695877721533179283e-01 8.588826805353164673e-01
8.167077535763382912e-01 2.274136096239089966e-01 5.877391723915934563e-01 6.279897596687078476e-01 9.767612302675843239e-01 9.682980319485068321e-01 9.695877721533179283e-01 8.588826805353164673e-01
3.844471331685781479e-01 2.404851391911506653e-01 5.877391723915934563e-01 6.279897596687078476e-01 9.767612302675843239e-01 9.682980319485068321e-01 9.695877721533179283e-01 8.588826805353164673e-01
3.844471331685781479e-01 2.274136096239089966e-01 1.028043776750564575e-01 6.279897596687078476e-01 9.767612302675843239e-01 9.682980319485068321e-01 9.695877721533179283e-01 8.588826805353164673e-01
3.844471331685781479e-01 2.274136096239089966e-01 5.877391723915934563e-01 1.448003007099032402e-01 9.767612302675843239e-01 9.682980319485068321e-01 9.695877721533179283e-01 8.588826805353164673e-01
3.844471331685781479e-01 2.274136096239089966e-01 5.877391723915934563e-01 6.279897596687078476e-01 5.692230537533760071e-03 9.682980319485068321e-01 9.695877721533179283e-01 8.588826805353164673e-01
3.844471331685781479e-01 2.274136096239089966e-01 5.877391723915934563e-01 6.279897596687078476e-01 9.767612302675843239e-01 6.507598469033837318e-01 9.695877721533179283e-01 8.588826805353164673e-01
3.844471331685781479e-01 2.274136096239089966e-01 5.877391723915934563e-01 6.279897596687078476e-01 9.767612302675843239e-01 9.682980319485068321e-01 3.646320784464478493e-01 8.588826805353164673e-01
3.844471331685781479e-01 2.274136096239089966e-01 5.877391723915934563e-01 6.279897596687078476e-01 9.767612302675843239e-01 9.682980319485068321e-01 9.695877721533179283e-01 3.520982647314667702e-01
3.844471331685781479e-01 2.404851391911506653e-01 1.028043776750564575e-01 1.448003007099032402e-01 5.692230537533760071e-03 6.507598469033837318e-01 3.646320784464478493e-01 3.520982647314667702e-01
8.167077535763382912e-01 2.274136096239089966e-01 1.028043776750564575e-01 1.448003007099032402e-01 5.692230537533760071e-03 6.507598469033837318e-01 3.646320784464478493e-01 3.520982647314667702e-01
8.167077535763382912e-01 2.404851391911506653e-01 5.877391723915934563e-01 1.448003007099032402e-01 5.692230537533760071e-03 6.507598469033837318e-01 3.646320784464478493e-01 3.520982647314667702e-01
8.167077535763382912e-01 2.404851391911506653e-01 1.028043776750564575e-01 6.279897596687078476e-01 5.692230537533760071e-03 6.507598469033837318e-01 3.646320784464478493e-01 3.520982647314667702e-01
8.167077535763382912e-01 2.404851391911506653e-01 1.028043776750564575e-01 1.448003007099032402e-01 9.767612302675843239e-01 6.507598469033837318e-01 3.646320784464478493e-01 3.520982647314667702e-01
8.167077535763382912e-01 2.404851391911506653e-01 1.028043776750564575e-01 1.448003007099032402e-01 5.692230537533760071e-03 9.682980319485068321e-01 3.646320784464478493e-01 3.520982647314667702e-01
8.167077535763382912e-01 2.404851391911506653e-01 1.028043776750564575e-01 1.448003007099032402e-01 5.692230537533760071e-03 6.507598469033837318e-01 9.695877721533179283e-01 3.520982647314667702e-01
8.167077535763382912e-01 2.404851391911506653e-01 1.028043776750564575e-01 1.448003007099032402e-01 5.692230537533760071e-03 6.507598469033837318e-01 3.646320784464478493e-01 8.588826805353164673e-01
8.167077535763382912e-01 2.404851391911506653e-01 1.028043776750564575e-01 1.448003007099032402e-01 5.692230537533760071e-03 6.507598469033837318e-01 3.646320784464478493e-01 3.520982647314667702e-01
9.600982069969177246e-02 8.995622498914599419e-01 2.623924063518643379e-01 9.243660140782594681e-02 5.584194278344511986e-01 5.792767992243170738e-01 4.509844537824392319e-01 6.813696008175611496e-01
5.462456084787845612e-01 8.995622498914599419e-01 2.623924063518643379e-01 9.243660140782594681e-02 5.584194278344511986e-01 5.792767992243170738e-01 4.509844537824392319e-01 6.813696008175611496e-01
9.600982069969177246e-02 3.778350204229354858e-01 2.623924063518643379e-01 9.243660140782594681e-02 5.584194278344511986e-01 5.792767992243170738e-01 4.509844537824392319e-01 6.813696008175611496e-01
9.600982069969177246e-02 8.995622498914599419e-01 2.783587239682674408e-01 9.243660140782594681e-02 5.584194278344511986e-01 5.792767992243170738e-01 4.509844537824392319e-01 6.813696008175611496e-01
9.600982069969177246e-02 8.995622498914599419e-01 2.623924063518643379e-01 4.511762922629714012e-01 5.584194278344511986e-01 5.792767992243170738e-01 4.509844537824392319e-01 6.813696008175611496e-01
9.600982069969177246e-02 8.995622498914599419e-01 2.623924063518643379e-01 9.243660140782594681e-02 5.293597169220447540e-01 5.792767992243170738e-01 4.509844537824392319e-01 6.813696008175611496e-01
9.600982069969177246e-02 8.995622498914599419e-01 2.623924063518643379e-01 9.243660140782594681e-02 5.584194278344511986e-01 3.359765652567148209e-02 4.509844537824392319e-01 6.813696008175611496e-01
9.600982069969177246e-02 8.995622498914599419e-01 2.623924063518643379e-01 9.243660140782594681e-02 5.584194278344511986e-01 5.792767992243170738e-01 7.541093602776527405e-02 6.813696008175611496e-01
9.600982069969177246e-02 8.995622498914599419e-01 2.623924063518643379e-01 9.243660140782594681e-02 5.584194278344511986e-01 5.792767992243170738e-01 4.509844537824392319e-01 9.472886333242058754e-01
9.600982069969177246e-02 3.778350204229354858e-01 2.783587239682674408e-01 4.511762922629714012e-01 5.293597169220447540e-01 3.359765652567148209e-02 7.541093602776527405e-02 9.472886333242058754e-01
5.462456084787845612e-01 8.995622498914599419e-01 2.783587239682674408e-01 4.511762922629714012e-01 5.293597169220447540e-01 3.359765652567148209e-02 7.541093602776527405e-02 9.472886333242058754e-01
5.462456084787845612e-01 3.778350204229354858e-01 2.623924063518643379e-01 4.511762922629714012e-01 5.293597169220447540e-01 3.359765652567148209e-02 7.541093602776527405e-02 9.472886333242058754e-01
5.462456084787845612e-01 3.778350204229354858e-01 2.783587239682674408e-01 9.243660140782594681e-02 5.293597169220447540e-01 3.359765652567148209e-02 7.541093602776527405e-02 9.472886333242058754e-01
5.462456084787845612e-01 3.778350204229354858e-01 2.783587239682674408e-01 4.511762922629714012e-01 5.584194278344511986e-01 3.359765652567148209e-02 7.541093602776527405e-02 9.472886333242058754e-01
5.462456084787845612e-01 3.778350204229354858e-01 2.783587239682674408e-01 4.511762922629714012e-01 5.293597169220447540e-01 5.792767992243170738e-01 7.541093602776527405e-02 9.472886333242058754e-01
5.462456084787845612e-01 3.778350204229354858e-01 2.783587239682674408e-01 4.511762922629714012e-01 5.293597169220447540e-01 3.359765652567148209e-02 4.509844537824392319e-01 9.472886333242058754e-01
5.462456084787845612e-01 3.778350204229354858e-01 2.783587239682674408e-01 4.511762922629714012e-01 5.293597169220447540e-01 3.359765652567148209e-02 7.541093602776527405e-02 6.813696008175611496e-01
5.462456084787845612e-01 3.778350204229354858e-01 2.783587239682674408e-01 4.511762922629714012e-01 5.293597169220447540e-01 3.359765652567148209e-02 7.541093602776527405e-02 9.472886333242058754e-01
5.864389725029468536e-01 4.930559201166033745e-01 8.303438657894730568e-01 8.790235286578536034e-01 9.170672949403524399e-02 3.174436017870903015e-01 6.714352685958147049e-01 3.907219227403402328e-02
2.713193809613585472e-01 4.930559201166033745e-01 8.303438657894730568e-01 8.790235286578536034e-01 9.170672949403524399e-02 3.174436017870903015e-01 6.714352685958147049e-01 3.907219227403402328e-02
5.864389725029468536e-01 9.071116978302598000e-01 8.303438657894730568e-01 8.790235286578536034e-01 9.170672949403524399e-02 3.174436017870903015e-01 6.714352685958147049e-01 3.907219227403402328e-02
5.864389725029468536e-01 4.930559201166033745e-01 9.759588921442627907e-01 8.790235286578536034e-01 9.170672949403524399e-02 3.174436017870903015e-01 6.714352685958147049e-01 3.907219227403402328e-02
5.864389725029468536e-01 4.930559201166033745e-01 8.303438657894730568e-01 9.899751683697104454e-01 9.170672949403524399e-02 3.174436017870903015e-01 6.714352685958147049e-01 3.907219227403402328e-02
5.864389725029468536e-01 4.930559201166033745e-01 8.303438657894730568e-01 8.790235286578536034e-01 4.615756953135132790e-01 3.174436017870903015e-01 6.714352685958147049e-01 3.907219227403402328e-02
5.864389725029468536e-01 4.930559201166033745e-01 8.303438657894730568e-01 8.790235286578536034e-01 9.170672949403524399e-02 7.808489641174674034e-01 6.714352685958147049e-01 3.907219227403402328e-02
5.864389725029468536e-01 4.930559201166033745e-01 8.303438657894730568e-01 8.790235286578536034e-01 9.170672949403524399e-02 3.174436017870903015e-01 5.049503343179821968e-01 3.907219227403402328e-02
5.864389725029468536e-01 4.930559201166033745e-01 8.303438657894730568e-01 8.790235286578536034e-01 9.170672949403524399e-02 3.174436017870903015e-01 6.714352685958147049e-01 1.786395916715264320e-01
5.864389725029468536e-01 9.071116978302598000e-01 9.759588921442627907e-01 9.899751683697104454e-01 4.615756953135132790e-01 7.808489641174674034e-01 5.049503343179821968e-01 1.786395916715264320e-01
2.713193809613585472e-01 4.930559201166033745e-01 9.759588921442627907e-01 9.899751683697104454e-01 4.615756953135132790e-01 7.808489641174674034e-01 5.049503343179821968e-01 1.786395916715264320e-01
2.713193809613585472e-01 9.071116978302598000e-01 8.303438657894730568e-01 9.899751683697104454e-01 4.615756953135132790e-01 7.808489641174674034e-01 5.049503343179821968e-01 1.786395916715264320e-01
2.713193809613585472e-01 9.071116978302598000e-01 9.759588921442627907e-01 8.790235286578536034e-01 4.615756953135132790e-01 7.808489641174674034e-01 5.049503343179821968e-01 1.786395916715264320e-01
2.713193809613585472e-01 9.071116978302598000e-01 9.759588921442627907e-01 9.899751683697104454e-01 9.170672949403524399e-02 7.808489641174674034e-01 5.049503343179821968e-01 1.786395916715264320e-01
2.713193809613585472e-01 9.071116978302598000e-01 9.759588921442627907e-01 9.899751683697104454e-01 4.615756953135132790e-01 3.174436017870903015e-01 5.049503343179821968e-01 1.786395916715264320e-01
2.713193809613585472e-01 9.071116978302598000e-01 9.759588921442627907e-01 9.899751683697104454e-01 4.615756953135132790e-01 7.808489641174674034e-01 6.714352685958147049e-01 1.786395916715264320e-01
2.713193809613585472e-01 9.071116978302598000e-01 9.759588921442627907e-01 9.899751683697104454e-01 4.615756953135132790e-01 7.808489641174674034e-01 5.049503343179821968e-01 3.907219227403402328e-02
2.713193809613585472e-01 9.071116978302598000e-01 9.759588921442627907e-01 9.899751683697104454e-01 4.615756953135132790e-01 7.808489641174674034e-01 5.049503343179821968e-01 1.786395916715264320e-01
6.840722691267728806e-01 7.697593383491039276e-01 6.978219272568821907e-01 7.513799099251627922e-01 2.202168218791484833e-01 7.591336127370595932e-02 3.481454961001873016e-01 6.151468446478247643e-01
6.588773382827639580e-01 7.697593383491039276e-01 6.978219272568821907e-01 7.513799099251627922e-01 2.202168218791484833e-01 7.591336127370595932e-02 3.481454961001873016e-01 6.151468446478247643e-01
6.840722691267728806e-01 5.667220335453748703e-02 6.978219272568821907e-01 7.513799099251627922e-01 2.202168218791484833e-01 7.591336127370595932e-02 3.481454961001873016e-01 6.151468446478247643e-01
6.840722691267728806e-01 7.697593383491039276e-01 3.952514687553048134e-01 7.513799099251627922e-01 2.202168218791484833e-01 7.591336127370595932e-02 3.481454961001873016e-01 6.151468446478247643e-01
6.840722691267728806e-01 7.697593383491039276e-01 6.978219272568821907e-01 8.712506564334034920e-01 2.202168218791484833e-01 7.591336127370595932e-02 3.481454961001873016e-01 6.151468446478247643e-01
6.840722691267728806e-01 7.697593383491039276e-01 6.978219272568821907e-01 7.513799099251627922e-01 6.545215798541903496e-01 7.591336127370595932e-02 3.481454961001873016e-01 6.151468446478247643e-01
6.840722691267728806e-01 7.697593383491039276e-01 6.978219272568821907e-01 7.513799099251627922e-01 2.202168218791484833e-01 5.778179690241813660e-01 3.481454961001873016e-01 6.151468446478247643e-01
6.840722691267728806e-01 7.697593383491039276e-01 6.978219272568821907e-01 7.513799099251627922e-01 2.202168218791484833e-01 7.591336127370595932e-02 7.173462789505720139e-01 6.151468446478247643e-01
6.840722691267728806e-01 7.697593383491039276e-01 6.978219272568821907e-01 7.513799099251627922e-01 2.202168218791484833e-01 7.591336127370595932e-02 3.481454961001873016e-01 9.521258994936943054e-02
6.840722691267728806e-01 5.667220335453748703e-02 3.952514687553048134e-01 8.712506564334034920e-01 6.545215798541903496e-01 5.778179690241813660e-01 7.173462789505720139e-01 9.521258994936943054e-02
6.588773382827639580e-01 7.697593383491039276e-01 3.952514687553048134e-01 8.712506564334034920e-01 6.545215798541903496e-01 5.778179690241813660e-01 7.173462789505720139e-01 9.521258994936943054e-02
6.588773382827639580e-01 5.667220335453748703e-02 6.978219272568821907e-01 8.712506564334034920e-01 6.545215798541903496e-01 5.778179690241813660e-01 7.173462789505720139e-01 9.521258994936943054e-02
6.588773382827639580e-01 5.667220335453748703e-02 3.952514687553048134e-01 7.513799099251627922e-01 6.545215798541903496e-01 5.778179690241813660e-01 7.173462789505720139e-01 9.521258994936943054e-02
6.588773382827639580e-01 5.667220335453748703e-02 3.952514687553048134e-01 8.712506564334034920e-01 2.202168218791484833e-01 5.778179690241813660e-01 7.173462789505720139e-01 9.521258994936943054e-02
6.588773382827639580e-01 5.667220335453748703e-02 3.952514687553048134e-01 8.712506564334034920e-01 6.545215798541903496e-01 7.591336127370595932e-02 7.173462789505720139e-01 9.521258994936943054e-02
6.588773382827639580e-01 5.667220335453748703e-02 3.952514687553048134e-01 8.712506564334034920e-01 6.545215798541903496e-01 5.778179690241813660e-01 3.481454961001873016e-01 9.521258994936943054e-02
6.588773382827639580e-01 5.667220335453748703e-02 3.952514687553048134e-01 8.712506564334034920e-01 6.545215798541903496e-01 5.778179690241813660e-01 7.173462789505720139e-01 6.151468446478247643e-01
6.588773382827639580e-01 5.667220335453748703e-02 3.952514687553048134e-01 8.712506564334034920e-01 6.545215798541903496e-01 5.778179690241813660e-01 7.173462789505720139e-01 9.521258994936943054e-02
1.315246168524026871e-01 3.652294389903545380e-01 1.449161330237984657e-01 2.146632829681038857e-01 6.325477324426174164e-01 8.375176638364791870e-01 5.065999701619148254e-01 2.229746039956808090e-01
3.986778333783149719e-01 3.652294389903545380e-01 1.449161330237984657e-01 2.146632829681038857e-01 6.325477324426174164e-01 8.375176638364791870e-01 5.065999701619148254e-01 2.229746039956808090e-01
1.315246168524026871e-01 5.234929863363504410e-01 1.449161330237984657e-01 2.146632829681038857e-01 6.325477324426174164e-01 8.375176638364791870e-01 5.065999701619148254e-01 2.229746039956808090e-01
1.315246168524026871e-01 3.652294389903545380e-01 8.582423962652683258e-01 2.146632829681038857e-01 6.325477324426174164e-01 8.375176638364791870e-01 5.065999701619148254e-01 2.229746039956808090e-01
1.315246168524026871e-01 3.652294389903545380e-01 1.449161330237984657e-01 3.199005918577313423e-01 6.325477324426174164e-01 8.375176638364791870e-01 5.065999701619148254e-01 2.229746039956808090e-01
1.315246168524026871e-01 3.652294389903545380e-01 1.449161330237984657e-01 2.146632829681038857e-01 3.364785071462392807e-01 8.375176638364791870e-01 5.065999701619148254e-01 2.229746039956808090e-01
1.315246168524026871e-01 3.652294389903545380e-01 1.449161330237984657e-01 2.146632829681038857e-01 6.325477324426174164e-01 3.616874497383832932e-01 5.065999701619148254e-01 2.229746039956808090e-01
1.315246168524026871e-01 3.652294389903545380e-01 1.449161330237984657e-01 2.146632829681038857e-01 6.325477324426174164e-01 8.375176638364791870e-01 1.471908232197165489e-01 2.229746039956808090e-01
1.315246168524026871e-01 3.652294389903545380e-01 1.449161330237984657e-01 2.146632829681038857e-01 6.325477324426174164e-01 8.375176638364791870e-01 5.065999701619148254e-01 7.788855545222759247e-01
1.315246168524026871e-01 5.234929863363504410e-01 8.582423962652683258e-01 3.199005918577313423e-01 3.364785071462392807e-01 3.616874497383832932e-01 1.471908232197165489e-01 7.788855545222759247e-01
3.986778333783149719e-01 3.652294389903545380e-01 8.582423962652683258e-01 3.199005918577313423e-01 3.364785071462392807e-01 3.616874497383832932e-01 1.471908232197165489e-01 7.788855545222759247e-01
3.986778333783149719e-01 5.234929863363504410e-01 1.449161330237984657e-01 3.199005918577313423e-01 3.364785071462392807e-01 3.616874497383832932e-01 1.471908232197165489e-01 7.788855545222759247e-01
3.986778333783149719e-01 5.234929863363504410e-01 8.582423962652683258e-01 2.146632829681038857e-01 3.364785071462392807e-01 3.616874497383832932e-01 1.471908232197165489e-01 7.788855545222759247e-01
3.986778333783149719e-01 5.234929863363504410e-01 8.582423962652683258e-01 3.199005918577313423e-01 6.325477324426174164e-01 3.616874497383832932e-01 1.471908232197165489e-01 7.788855545222759247e-01
3.986778333783149719e-01 5.234929863363504410e-01 8.582423962652683258e-01 3.199005918577313423e-01 3.364785071462392807e-01 8.375176638364791870e-01 1.471908232197165489e-01 7.788855545222759247e-01
3.986778333783149719e-01 5.234929863363504410e-01 8.582423962652683258e-01 3.199005918577313423e-01 3.364785071462392807e-01 3.616874497383832932e-01 5.065999701619148254e-01 7.788855545222759247e-01
3.986778333783149719e-01 5.234929863363504410e-01 8.582423962652683258e-01 3.199005918577313423e-01 3.364785071462392807e-01 3.616874497383832932e-01 1.471908232197165489e-01 2.229746039956808090e-01
3.986778333783149719e-01 5.234929863363504410e-01 8.582423962652683258e-01 3.199005918577313423e-01 3.364785071462392807e-01 3.616874497383832932e-01 1.471908232197165489e-01 7.788855545222759247e-01
3.567601405084133148e-01 5.039346432313323021e-01 9.385230755433440208e-01 5.063199568539857864e-01 8.323850948363542557e-01 7.101833820343017578e-01 4.281388316303491592e-02 2.993982806801795959e-01
2.374688880518078804e-01 5.039346432313323021e-01 9.385230755433440208e-01 5.063199568539857864e-01 8.323850948363542557e-01 7.101833820343017578e-01 4.281388316303491592e-02 2.993982806801795959e-01
3.567601405084133148e-01 8.561099786311388016e-01 9.385230755433440208e-01 5.063199568539857864e-01 8.323850948363542557e-01 7.101833820343017578e-01 4.281388316303491592e-02 2.993982806801795959e-01
3.567601405084133148e-01 5.039346432313323021e-01 5.259724333882331848e-01 5.063199568539857864e-01 8.323850948363542557e-01 7.101833820343017578e-01 4.281388316303491592e-02 2.993982806801795959e-01
3.567601405084133148e-01 5.039346432313323021e-01 9.385230755433440208e-01 2.912775520235300064e-02 8.323850948363542557e-01 7.101833820343017578e-01 4.281388316303491592e-02 2.993982806801795959e-01
3.567601405084133148e-01 5.039346432313323021e-01 9.385230755433440208e-01 5.063199568539857864e-01 8.157101273536682129e-01 7.101833820343017578e-01 4.281388316303491592e-02 2.993982806801795959e-01
3.567601405084133148e-01 5.039346432313323021e-01 9.385230755433440208e-01 5.063199568539857864e-01 8.323850948363542557e-01 9.476073887199163437e-01 4.281388316303491592e-02 2.993982806801795959e-01
3.567601405084133148e-01 5.039346432313323021e-01 9.385230755433440208e-01 5.063199568539857864e-01 8.323850948363542557e-01 7.101833820343017578e-01 4.207903463393449783e-01 2.993982806801795959e-01
3.567601405084133148e-01 5.039346432313323021e-01 9.385230755433440208e-01 5.063199568539857864e-01 8.323850948363542557e-01 7.101833820343017578e-01 4.281388316303491592e-02 4.366391636431217194e-01
3.567601405084133148e-01 8.561099786311388016e-01 5.259724333882331848e-01 2.912775520235300064e-02 8.157101273536682129e-01 9.476073887199163437e-01 4.207903463393449783e-01 4.366391636431217194e-01
2.374688880518078804e-01 5.039346432313323021e-01 5.259724333882331848e-01 2.912775520235300064e-02 8.157101273536682129e-01 9.476073887199163437e-01 4.207903463393449783e-01 4.366391636431217194e-01
2.374688880518078804e-01 8.561099786311388016e-01 9.385230755433440208e-01 2.912775520235300064e-02 8.157101273536682129e-01 9.476073887199163437e-01 4.207903463393449783e-01 4.366391636431217194e-01
2.374688880518078804e-01 8.561099786311388016e-01 5.259724333882331848e-01 5.063199568539857864e-01 8.157101273536682129e-01 9.476073887199163437e-01 4.207903463393449783e-01 4.366391636431217194e-01
2.374688880518078804e-01 8.561099786311388016e-01 5.259724333882331848e-01 2.912775520235300064e-02 8.323850948363542557e-01 9.476073887199163437e-01 4.207903463393449783e-01 4.366391636431217194e-01
2.374688880518078804e-01 8.561099786311388016e-01 5.259724333882331848e-01 2.912775520235300064e-02 8.157101273536682129e-01 7.101833820343017578e-01 4.207903463393449783e-01 4.366391636431217194e-01
2.374688880518078804e-01 8.561099786311388016e-01 5.259724333882331848e-01 2.912775520235300064e-02 8.157101273536682129e-01 9.476073887199163437e-01 4.281388316303491592e-02 4.366391636431217194e-01
2.374688880518078804e-01 8.561099786311388016e-01 5.259724333882331848e-01 2.912775520235300064e-02 8.157101273536682129e-01 9.476073887199163437e-01 4.207903463393449783e-01 2.993982806801795959e-01
2.374688880518078804e-01 8.561099786311388016e-01 5.259724333882331848e-01 2.912775520235300064e-02 8.157101273536682129e-01 9.476073887199163437e-01 4.207903463393449783e-01 4.366391636431217194e-01
8.354552462697029114e-01 9.937309380620718002e-02 4.062233073636889458e-01 4.655826091766357422e-01 2.992203403264284134e-01 4.405224388465285301e-01 8.218575017526745796e-01 9.093592027202248573e-01
9.469173904508352280e-01 9.937309380620718002e-02 4.062233073636889458e-01 4.655826091766357422e-01 2.992203403264284134e-01 4.405224388465285301e-01 8.218575017526745796e-01 9.093592027202248573e-01
8.354552462697029114e-01 3.268388016149401665e-01 4.062233073636889458e-01 4.655826091766357422e-01 2.992203403264284134e-01 4.405224388465285301e-01 8.218575017526745796e-01 9.093592027202248573e-01
8.354552462697029114e-01 9.937309380620718002e-02 2.196781905367970467e-01 4.655826091766357422e-01 2.992203403264284134e-01 4.405224388465285301e-01 8.218575017526745796e-01 9.093592027202248573e-01
8.354552462697029114e-01 9.937309380620718002e-02 4.062233073636889458e-01 5.375311085954308510e-01 2.992203403264284134e-01 4.405224388465285301e-01 8.218575017526745796e-01 9.093592027202248573e-01
8.354552462697029114e-01 9.937309380620718002e-02 4.062233073636889458e-01 4.655826091766357422e-01 1.308543952181935310e-01 4.405224388465285301e-01 8.218575017526745796e-01 9.093592027202248573e-01
8.354552462697029114e-01 9.937309380620718002e-02 4.062233073636889458e-01 4.655826091766357422e-01 2.992203403264284134e-01 2.418523579835891724e-01 8.218575017526745796e-01 9.093592027202248573e-01
8.354552462697029114e-01 9.937309380620718002e-02 4.062233073636889458e-01 4.655826091766357422e-01 2.992203403264284134e-01 4.405224388465285301e-01 9.753823159262537956e-01 9.093592027202248573e-01
8.354552462697029114e-01 9.937309380620718002e-02 4.062233073636889458e-01 4.655826091766357422e-01 2.992203403264284134e-01 4.405224388465285301e-01 8.218575017526745796e-01 6.913645602762699127e-01
8.354552462697029114e-01 3.268388016149401665e-01 2.196781905367970467e-01 5.375311085954308510e-01 1.308543952181935310e-01 2.418523579835891724e-01 9.753823159262537956e-01 6.913645602762699127e-01
9.469173904508352280e-01 9.937309380620718002e-02 2.196781905367970467e-01 5.375311085954308510e-01 1.308543952181935310e-01 2.418523579835891724e-01 9.753823159262537956e-01 6.913645602762699127e-01
9.469173904508352280e-01 3.268388016149401665e-01 4.062233073636889458e-01 5.375311085954308510e-01 1.308543952181935310e-01 2.418523579835891724e-01 9.753823159262537956e-01 6.913645602762699127e-01
9.469173904508352280e-01 3.268388016149401665e-01 2.196781905367970467e-01 4.655826091766357422e-01 1.308543952181935310e-01 2.418523579835891724e-01 9.753823159262537956e-01 6.913645602762699127e-01
9.469173904508352280e-01 3.268388016149401665e-01 2.196781905367970467e-01 5.375311085954308510e-01 2.992203403264284134e-01 2.418523579835891724e-01 9.753823159262537956e-01 6.913645602762699127e-01
9.469173904508352280e-01 3.268388016149401665e-01 2.196781905367970467e-01 5.375311085954308510e-01 1.308543952181935310e-01 4.405224388465285301e-01 9.753823159262537956e-01 6.913645602762699127e-01
9.469173904508352280e-01 3.268388016149401665e-01 2.196781905367970467e-01 5.375311085954308510e-01 1.308543952181935310e-01 2.418523579835891724e-01 8.218575017526745796e-01 6.913645602762699127e-01
9.469173904508352280e-01 3.268388016149401665e-01 2.196781905367970467e-01 5.375311085954308510e-01 1.308543952181935310e-01 2.418523579835891724e-01 9.753823159262537956e-01 9.093592027202248573e-01
9.469173904508352280e-01 3.268388016149401665e-01 2.196781905367970467e-01 5.375311085954308510e-01 1.308543952181935310e-01 2.418523579835891724e-01 9.753823159262537956e-01 6.913645602762699127e-01
8.236473593860864639e-01 8.054913720116019249e-01 2.363546760752797127e-01 4.998674150556325912e-02 7.240268476307392120e-01 3.356131631880998611e-01 6.574854068458080292e-02 8.595522949472069740e-01
4.663396161049604416e-01 8.054913720116019249e-01 2.363546760752797127e-01 4.998674150556325912e-02 7.240268476307392120e-01 3.356131631880998611e-01 6.574854068458080292e-02 8.595522949472069740e-01
8.236473593860864639e-01 7.746580010280013084e-01 2.363546760752797127e-01 4.998674150556325912e-02 7.240268476307392120e-01 3.356131631880998611e-01 6.574854068458080292e-02 8.595522949472069740e-01
8.236473593860864639e-01 8.054913720116019249e-01 3.118602875620126724e-01 4.998674150556325912e-02 7.240268476307392120e-01 3.356131631880998611e-01 6.574854068458080292e-02 8.595522949472069740e-01
8.236473593860864639e-01 8.054913720116019249e-01 2.363546760752797127e-01 1.765889748930931091e-01 7.240268476307392120e-01 3.356131631880998611e-01 6.574854068458080292e-02 8.595522949472069740e-01
8.236473593860864639e-01 8.054913720116019249e-01 2.363546760752797127e-01 4.998674150556325912e-02 8.492858810350298882e-01 3.356131631880998611e-01 6.574854068458080292e-02 8.595522949472069740e-01
8.236473593860864639e-01 8.054913720116019249e-01 2.363546760752797127e-01 4.998674150556325912e-02 7.240268476307392120e-01 5.907578095793724060e-01 6.574854068458080292e-02 8.595522949472069740e-01
8.236473593860864639e-01 8.054913720116019249e-01 2.363546760752797127e-01 4.998674150556325912e-02 7.240268476307392120e-01 3.356131631880998611e-01 6.326759392395615578e-01 8.595522949472069740e-01
8.236473593860864639e-01 8.054913720116019249e-01 2.363546760752797127e-01 4.998674150556325912e-02 7.240268476307392120e-01 3.356131631880998611e-01 6.574854068458080292e-02 1.227870918810367584e-01
8.236473593860864639e-01 7.746580010280013084e-01 3.118602875620126724e-01 1.765889748930931091e-01 8.492858810350298882e-01 5.907578095793724060e-01 6.326759392395615578e-01 1.227870918810367584e-01
4.663396161049604416e-01 8.054913720116019249e-01 3.118602875620126724e-01 1.765889748930931091e-01 8.492858810350298882e-01 5.907578095793724060e-01 6.326759392395615578e-01 1.227870918810367584e-01
4.663396161049604416e-01 7.746580010280013084e-01 2.363546760752797127e-01 1.765889748930931091e-01 8.492858810350298882e-01 5.907578095793724060e-01 6.326759392395615578e-01 1.227870918810367584e-01
4.663396161049604416e-01 7.746580010280013084e-01 3.118602875620126724e-01 4.998674150556325912e-02 8.492858810350298882e-01 5.907578095793724060e-01 6.326759392395615578e-01 1.227870918810367584e-01
4.663396161049604416e-01 7.746580010280013084e-01 3.118602875620126724e-01 1.765889748930931091e-01 7.240268476307392120e-01 5.907578095793724060e-01 6.326759392395615578e-01 1.227870918810367584e-01
4.663396161049604416e-01 7.746580010280013084e-01 3.118602875620126724e-01 1.765889748930931091e-01 8.492858810350298882e-01 3.356131631880998611e-01 6.326759392395615578e-01 1.227870918810367584e-01
4.663396161049604416e-01 7.746580010280013084e-01 3.118602875620126724e-01 1.765889748930931091e-01 8.492858810350298882e-01 5.907578095793724060e-01 6.574854068458080292e-02 1.227870918810367584e-01
4.663396161049604416e-01 7.746580010280013084e-01 3.118602875620126724e-01 1.765889748930931091e-01 8.492858810350298882e-01 5.907578095793724060e-01 6.326759392395615578e-01 8.595522949472069740e-01
4.663396161049604416e-01 7.746580010280013084e-01 3.118602875620126724e-01 1.765889748930931091e-01 8.492858810350298882e-01 5.907578095793724060e-01 6.326759392395615578e-01 1.227870918810367584e-01
3.610578458756208420e-01 3.370047351345419884e-01 6.688986429944634438e-01 9.781139539554715157e-01 1.282857693731784821e-01 5.659522162750363350e-01 7.822950128465890884e-01 4.702911898493766785e-01
7.256149770691990852e-01 3.370047351345419884e-01 6.688986429944634438e-01 9.781139539554715157e-01 1.282857693731784821e-01 5.659522162750363350e-01 7.822950128465890884e-01 4.702911898493766785e-01
3.610578458756208420e-01 3.078355621546506882e-01 6.688986429944634438e-01 9.781139539554715157e-01 1.282857693731784821e-01 5.659522162750363350e-01 7.822950128465890884e-01 4.702911898493766785e-01
3.610578458756208420e-01 3.370047351345419884e-01 9.425796410068869591e-01 9.781139539554715157e-01 1.282857693731784821e-01 5.659522162750363350e-01 7.822950128465890884e-01 4.702911898493766785e-01
3.610578458756208420e-01 3.370047351345419884e-01 6.688986429944634438e-01 6.400703340768814087e-01 1.282857693731784821e-01 5.659522162750363350e-01 7.822950128465890884e-01 4.702911898493766785e-01
3.610578458756208420e-01 3.370047351345419884e-01 6.688986429944634438e-01 9.781139539554715157e-01 1.592866089195013046e-01 5.659522162750363350e-01 7.822950128465890884e-01 4.702911898493766785e-01
3.610578458756208420e-01 3.370047351345419884e-01 6.688986429944634438e-01 9.781139539554715157e-01 1.282857693731784821e-01 3.448417168110609055e-01 7.822950128465890884e-01 4.702911898493766785e-01
3.610578458756208420e-01 3.370047351345419884e-01 6.688986429944634438e-01 9.781139539554715157e-01 1.282857693731784821e-01 5.659522162750363350e-01 2.030831351876258850e-01 4.702911898493766785e-01
3.610578458756208420e-01 3.370047351345419884e-01 6.688986429944634438e-01 9.781139539554715157e-01 1.282857693731784821e-01 5.659522162750363350e-01 7.822950128465890884e-01 7.512841559946537018e-01
3.610578458756208420e-01 3.078355621546506882e-01 9.425796410068869591e-01 6.400703340768814087e-01 1.592866089195013046e-01 3.448417168110609055e-01 2.030831351876258850e-01 7.512841559946537018e-01
7.256149770691990852e-01 3.370047351345419884e-01 9.425796410068869591e-01 6.400703340768814087e-01 1.592866089195013046e-01 3.448417168110609055e-01 2.030831351876258850e-01 7.512841559946537018e-01
7.256149770691990852e-01 3.078355621546506882e-01 6.688986429944634438e-01 6.400703340768814087e-01 1.592866089195013046e-01 3.448417168110609055e-01 2.030831351876258850e-01 7.512841559946537018e-01
7.256149770691990852e-01 3.078355621546506882e-01 9.425796410068869591e-01 9.781139539554715157e-01 1.592866089195013046e-01 3.448417168110609055e-01 2.030831351876258850e-01 7.512841559946537018e-01
7.256149770691990852e-01 3.078355621546506882e-01 9.425796410068869591e-01 6.400703340768814087e-01 1.282857693731784821e-01 3.448417168110609055e-01 2.030831351876258850e-01 7.512841559946537018e-01
7.256149770691990852e-01 3.078355621546506882e-01 9.425796410068869591e-01 6.400703340768814087e-01 1.592866089195013046e-01 5.659522162750363350e-01 2.030831351876258850e-01 7.512841559946537018e-01
7.256149770691990852e-01 3.078355621546506882e-01 9.425796410068869591e-01 6.400703340768814087e-01 1.592866089195013046e-01 3.448417168110609055e-01 7.822950128465890884e-01 7.512841559946537018e-01
7.256149770691990852e-01 3.078355621546506882e-01 9.425796410068869591e-01 6.400703340768814087e-01 1.592866089195013046e-01 3.448417168110609055e-01 2.030831351876258850e-01 4.702911898493766785e-01
7.256149770691990852e-01 3.078355621546506882e-01 9.425796410068869591e-01 6.400703340768814087e-01 1.592866089195013046e-01 3.448417168110609055e-01 2.030831351876258850e-01 7.512841559946537018e-01
1.506567224860191345e-01 5.399704165756702423e-01 4.937555855140089989e-01 3.010205086320638657e-01 3.288385514169931412e-01 9.503653245046734810e-01 2.617366639897227287e-01 5.402376316487789154e-02
8.867934793233871460e-01 5.399704165756702423e-01 4.937555855140089989e-01 3.010205086320638657e-01 3.288385514169931412e-01 9.503653245046734810e-01 2.617366639897227287e-01 5.402376316487789154e-02
1.506567224860191345e-01 7.775755785405635834e-02 4.937555855140089989e-01 3.010205086320638657e-01 3.288385514169931412e-01 9.503653245046734810e-01 2.617366639897227287e-01 5.402376316487789154e-02
1.506567224860191345e-01 5.399704165756702423e-01 6.733246473595499992e-01 3.010205086320638657e-01 3.288385514169931412e-01 9.503653245046734810e-01 2.617366639897227287e-01 5.402376316487789154e-02
1.506567224860191345e-01 5.399704165756702423e-01 4.937555855140089989e-01 9.581650309264659882e-01 3.288385514169931412e-01 9.503653245046734810e-01 2.617366639897227287e-01 5.402376316487789154e-02
1.506567224860191345e-01 5.399704165756702423e-01 4.937555855140089989e-01 3.010205086320638657e-01 6.805126816034317017e-01 9.503653245046734810e-01 2.617366639897227287e-01 5.402376316487789154e-02
1.506567224860191345e-01 5.399704165756702423e-01 4.937555855140089989e-01 3.010205086320638657e-01 3.288385514169931412e-01 9.620114769786596298e-01 2.617366639897227287e-01 5.402376316487789154e-02
1.506567224860191345e-01 5.399704165756702423e-01 4.937555855140089989e-01 3.010205086320638657e-01 3.288385514169931412e-01 9.503653245046734810e-01 4.918808387592434883e-01 5.402376316487789154e-02
1.506567224860191345e-01 5.399704165756702423e-01 4.937555855140089989e-01 3.010205086320638657e-01 3.288385514169931412e-01 9.503653245046734810e-01 2.617366639897227287e-01 4.100145213305950165e-01
1.506567224860191345e-01 7.775755785405635834e-02 6.733246473595499992e-01 9.581650309264659882e-01 6.805126816034317017e-01 9.620114769786596298e-01 4.918808387592434883e-01 4.100145213305950165e-01
8.867934793233871460e-01 5.399704165756702423e-01 6.733246473595499992e-01 9.581650309264659882e-01 6.805126816034317017e-01 9.620114769786596298e-01 4.918808387592434883e-01 4.100145213305950165e-01
8.867934793233871460e-01 7.775755785405635834e-02 4.937555855140089989e-01 9.581650309264659882e-01 6.805126816034317017e-01 9.620114769786596298e-01 4.918808387592434883e-01 4.100145213305950165e-01
8.867934793233871460e-01 7.775755785405635834e-02 6.733246473595499992e-01 3.010205086320638657e-01 6.805126816034317017e-01 9.620114769786596298e-01 4.918808387592434883e-01 4.100145213305950165e-01
8.867934793233871460e-01 7.775755785405635834e-02 6.733246473595499992e-01 9.581650309264659882e-01 3.288385514169931412e-01 9.620114769786596298e-01 4.918808387592434883e-01 4.100145213305950165e-01
8.867934793233871460e-01 7.775755785405635834e-02 6.733246473595499992e-01 9.581650309264659882e-01 6.805126816034317017e-01 9.503653245046734810e-01 4.918808387592434883e-01 4.100145213305950165e-01
8.867934793233871460e-01 7.775755785405635834e-02 6.733246473595499992e-01 9.581650309264659882e-01 6.805126816034317017e-01 9.620114769786596298e-01 2.617366639897227287e-01 4.100145213305950165e-01
8.867934793233871460e-01 7.775755785405635834e-02 6.733246473595499992e-01 9.581650309264659882e-01 6.805126816034317017e-01 9.620114769786596298e-01 4.918808387592434883e-01 5.402376316487789154e-02
8.867934793233871460e-01 7.775755785405635834e-02 6.733246473595499992e-01 9.581650309264659882e-01 6.805126816034317017e-01 9.620114769786596298e-01 4.918808387592434883e-01 4.100145213305950165e-01
6.568253450095653534e-01 7.145499065518379211e-02 9.135060561820864677e-01 7.329395599663257599e-01 8.032269272953271866e-01 2.119696307927370071e-01 6.076920991763472557e-01 6.629961868748068810e-01
1.783300964161753654e-01 7.145499065518379211e-02 9.135060561820864677e-01 7.329395599663257599e-01 8.032269272953271866e-01 2.119696307927370071e-01 6.076920991763472557e-01 6.629961868748068810e-01
6.568253450095653534e-01 6.070304205641150475e-01 9.135060561820864677e-01 7.329395599663257599e-01 8.032269272953271866e-01 2.119696307927370071e-01 6.076920991763472557e-01 6.629961868748068810e-01
6.568253450095653534e-01 7.145499065518379211e-02 7.333304546773433685e-02 7.329395599663257599e-01 8.032269272953271866e-01 2.119696307927370071e-01 6.076920991763472557e-01 6.629961868748068810e-01
6.568253450095653534e-01 7.145499065518379211e-02 9.135060561820864677e-01 4.829867221415042877e-01 8.032269272953271866e-01 2.119696307927370071e-01 6.076920991763472557e-01 6.629961868748068810e-01
6.568253450095653534e-01 7.145499065518379211e-02 9.135060561820864677e-01 7.329395599663257599e-01 3.734718086197972298e-01 2.119696307927370071e-01 6.076920991763472557e-01 6.629961868748068810e-01
6.568253450095653534e-01 7.145499065518379211e-02 9.135060561820864677e-01 7.329395599663257599e-01 8.032269272953271866e-01 2.235421389341354370e-01 6.076920991763472557e-01 6.629961868748068810e-01
6.568253450095653534e-01 7.145499065518379211e-02 9.135060561820864677e-01 7.329395599663257599e-01 8.032269272953271866e-01 2.119696307927370071e-01 9.370371289551258087e-01 6.629961868748068810e-01
6.568253450095653534e-01 7.145499065518379211e-02 9.135060561820864677e-01 7.329395599663257599e-01 8.032269272953271866e-01 2.119696307927370071e-01 6.076920991763472557e-01 7.179626934230327606e-01
6.568253450095653534e-01 6.070304205641150475e-01 7.333304546773433685e-02 4.829867221415042877e-01 3.734718086197972298e-01 2.235421389341354370e-01 9.370371289551258087e-01 7.179626934230327606e-01
1.783300964161753654e-01 7.145499065518379211e-02 7.333304546773433685e-02 4.829867221415042877e-01 3.734718086197972298e-01 2.235421389341354370e-01 9.370371289551258087e-01 7.179626934230327606e-01
1.783300964161753654e-01 6.070304205641150475e-01 9.135060561820864677e-01 4.829867221415042877e-01 3.734718086197972298e-01 2.235421389341354370e-01 9.370371289551258087e-01 7.179626934230327606e-01
1.783300964161753654e-01 6.070304205641150475e-01 7.333304546773433685e-02 7.329395599663257599e-01 3.734718086197972298e-01 2.235421389341354370e-01 9.370371289551258087e-01 7.179626934230327606e-01
1.783300964161753654e-01 6.070304205641150475e-01 7.333304546773433685e-02 4.829867221415042877e-01 8.032269272953271866e-01 2.235421389341354370e-01 9.370371289551258087e-01 7.179626934230327606e-01
1.783300964161753654e-01 6.070304205641150475e-01 7.333304546773433685e-02 4.829867221415042877e-01 3.734718086197972298e-01 2.119696307927370071e-01 9.370371289551258087e-01 7.179626934230327606e-01
1.783300964161753654e-01 6.070304205641150475e-01 7.333304546773433685e-02 4.829867221415042877e-01 3.734718086197972298e-01 2.235421389341354370e-01 6.076920991763472557e-01 7.179626934230327606e-01
1.783300964161753654e-01 6.070304205641150475e-01 7.333304546773433685e-02 4.829867221415042877e-01 3.734718086197972298e-01 2.235421389341354370e-01 9.370371289551258087e-01 6.629961868748068810e-01
1.783300964161753654e-01 6.070304205641150475e-01 7.333304546773433685e-02 4.829867221415042877e-01 3.734718086197972298e-01 2.235421389341354370e-01 9.370371289551258087e-01 7.179626934230327606e-01
5.668061878532171249e-01 6.620600698515772820e-01 5.622343560680747032e-01 6.054104417562484741e-01 8.856573710218071938e-01 4.548235805705189705e-01 4.114157641306519508e-01 2.451324379071593285e-01
7.519232174381613731e-01 6.620600698515772820e-01 5.622343560680747032e-01 6.054104417562484741e-01 8.856573710218071938e-01 4.548235805705189705e-01 4.114157641306519508e-01 2.451324379071593285e-01
5.668061878532171249e-01 4.916411237791180611e-01 5.622343560680747032e-01 6.054104417562484741e-01 8.856573710218071938e-01 4.548235805705189705e-01 4.114157641306519508e-01 2.451324379071593285e-01
5.668061878532171249e-01 6.620600698515772820e-01 5.554613005369901657e-01 6.054104417562484741e-01 8.856573710218071938e-01 4.548235805705189705e-01 4.114157641306519508e-01 2.451324379071593285e-01
5.668061878532171249e-01 6.620600698515772820e-01 5.622343560680747032e-01 3.505906965583562851e-01 8.856573710218071938e-01 4.548235805705189705e-01 4.114157641306519508e-01 2.451324379071593285e-01
5.668061878532171249e-01 6.620600698515772820e-01 5.622343560680747032e-01 6.054104417562484741e-01 5.556137552484869957e-01 4.548235805705189705e-01 4.114157641306519508e-01 2.451324379071593285e-01
5.668061878532171249e-01 6.620600698515772820e-01 5.622343560680747032e-01 6.054104417562484741e-01 8.856573710218071938e-01 4.265800481662154198e-01 4.114157641306519508e-01 2.451324379071593285e-01
5.668061878532171249e-01 6.620600698515772820e-01 5.622343560680747032e-01 6.054104417562484741e-01 8.856573710218071938e-01 4.548235805705189705e-01 8.476834287866950035e-01 2.451324379071593285e-01
5.668061878532171249e-01 6.620600698515772820e-01 5.622343560680747032e-01 6.054104417562484741e-01 8.856573710218071938e-01 4.548235805705189705e-01 4.114157641306519508e-01 5.084370383992791176e-01
5.668061878532171249e-01 4.916411237791180611e-01 5.554613005369901657e-01 3.505906965583562851e-01 5.556137552484869957e-01 4.265800481662154198e-01 8.476834287866950035e-01 5.084370383992791176e-01
7.519232174381613731e-01 6.620600698515772820e-01 5.554613005369901657e-01 3.505906965583562851e-01 5.556137552484869957e-01 4.265800481662154198e-01 8.476834287866950035e-01 5.084370383992791176e-01
7.519232174381613731e-01 4.916411237791180611e-01 5.622343560680747032e-01 3.505906965583562851e-01 5.556137552484869957e-01 4.265800481662154198e-01 8.476834287866950035e-01 5.084370383992791176e-01
7.519232174381613731e-01 4.916411237791180611e-01 5.554613005369901657e-01 6.054104417562484741e-01 5.556137552484869957e-01 4.265800481662154198e-01 8.476834287866950035e-01 5.084370383992791176e-01
7.519232174381613731e-01 4.916411237791180611e-01 5.554613005369901657e-01 3.505906965583562851e-01 8.856573710218071938e-01 4.265800481662154198e-01 8.476834287866950035e-01 5.084370383992791176e-01
7.519232174381613731e-01 4.916411237791180611e-01 5.554613005369901657e-01 3.505906965583562851e-01 5.556137552484869957e-01 4.548235805705189705e-01 8.476834287866950035e-01 5.084370383992791176e-01
7.519232174381613731e-01 4.916411237791180611e-01 5.554613005369901657e-01 3.505906965583562851e-01 5.556137552484869957e-01 4.265800481662154198e-01 4.114157641306519508e-01 5.084370383992791176e-01
7.519232174381613731e-01 4.916411237791180611e-01 5.554613005369901657e-01 3.505906965583562851e-01 5.556137552484869957e-01 4.265800481662154198e-01 8.476834287866950035e-01 2.451324379071593285e-01
7.519232174381613731e-01 4.916411237791180611e-01 5.554613005369901657e-01 3.505906965583562851e-01 5.556137552484869957e-01 4.265800481662154198e-01 8.476834287866950035e-01 5.084370383992791176e-01
1.237631458789110184e-01 1.916138706728816032e-01 9.502955060452222824e-02 4.231328088790178299e-01 4.812768558040261269e-01 6.929903868585824966e-01 6.943675400689244270e-01 6.042233537882566452e-01
5.807336792349815369e-02 1.916138706728816032e-01 9.502955060452222824e-02 4.231328088790178299e-01 4.812768558040261269e-01 6.929903868585824966e-01 6.943675400689244270e-01 6.042233537882566452e-01
1.237631458789110184e-01 9.584580920636653900e-01 9.502955060452222824e-02 4.231328088790178299e-01 4.812768558040261269e-01 6.929903868585824966e-01 6.943675400689244270e-01 6.042233537882566452e-01
1.237631458789110184e-01 1.916138706728816032e-01 1.900674952194094658e-01 4.231328088790178299e-01 4.812768558040261269e-01 6.929903868585824966e-01 6.943675400689244270e-01 6.042233537882566452e-01
1.237631458789110184e-01 1.916138706728816032e-01 9.502955060452222824e-02 8.405613284558057785e-01 4.812768558040261269e-01 6.929903868585824966e-01 6.943675400689244270e-01 6.042233537882566452e-01
1.237631458789110184e-01 1.916138706728816032e-01 9.502955060452222824e-02 4.231328088790178299e-01 4.983138162642717361e-01 6.929903868585824966e-01 6.943675400689244270e-01 6.042233537882566452e-01
1.237631458789110184e-01 1.916138706728816032e-01 9.502955060452222824e-02 4.231328088790178299e-01 4.812768558040261269e-01 6.339142927899956703e-01 6.943675400689244270e-01 6.042233537882566452e-01
1.237631458789110184e-01 1.916138706728816032e-01 9.502955060452222824e-02 4.231328088790178299e-01 4.812768558040261269e-01 6.929903868585824966e-01 2.931448649615049362e-01 6.042233537882566452e-01
1.237631458789110184e-01 1.916138706728816032e-01 9.502955060452222824e-02 4.231328088790178299e-01 4.812768558040261269e-01 6.929903868585824966e-01 6.943675400689244270e-01 3.635596642270684242e-01
1.237631458789110184e-01 9.584580920636653900e-01 1.900674952194094658e-01 8.405613284558057785e-01 4.983138162642717361e-01 6.339142927899956703e-01 2.931448649615049362e-01 3.635596642270684242e-01
5.807336792349815369e-02 1.916138706728816032e-01 1.900674952194094658e-01 8.405613284558057785e-01 4.983138162642717361e-01 6.339142927899956703e-01 2.931448649615049362e-01 3.635596642270684242e-01
5.807336792349815369e-02 9.584580920636653900e-01 9.502955060452222824e-02 8.405613284558057785e-01 4.983138162642717361e-01 6.339142927899956703e-01 2.931448649615049362e-01 3.635596642270684242e-01
5.807336792349815369e-02 9.584580920636653900e-01 1.900674952194094658e-01 4.231328088790178299e-01 4.983138162642717361e-01 6.339142927899956703e-01 2.931448649615049362e-01 3.635596642270684242e-01
5.807336792349815369e-02 9.584580920636653900e-01 1.900674952194094658e-01 8.405613284558057785e-01 4.812768558040261269e-01 6.339142927899956703e-01 2.931448649615049362e-01 3.635596642270684242e-01
5.807336792349815369e-02 9.584580920636653900e-01 1.900674952194094658e-01 8.405613284558057785e-01 4.983138162642717361e-01 6.929903868585824966e-01 2.931448649615049362e-01 3.635596642270684242e-01
5.807336792349815369e-02 9.584580920636653900e-01 1.900674952194094658e-01 8.405613284558057785e-01 4.983138162642717361e-01 6.339142927899956703e-01 6.943675400689244270e-01 3.635596642270684242e-01
5.807336792349815369e-02 9.584580920636653900e-01 1.900674952194094658e-01 8.405613284558057785e-01 4.983138162642717361e-01 6.339142927899956703e-01 2.931448649615049362e-01 6.042233537882566452e-01
5.807336792349815369e-02 9.584580920636653900e-01 1.900674952194094658e-01 8.405613284558057785e-01 4.983138162642717361e-01 6.339142927899956703e-01 2.931448649615049362e-01 3.635596642270684242e-01
3.957791365683078766e-01 9.275499656796455383e-01 8.009327845647931099e-01 8.563297698274254799e-01 6.172756757587194443e-02 8.234679494053125381e-01 2.286264188587665558e-01 9.340801835060119629e-01
3.285050103440880775e-01 9.275499656796455383e-01 8.009327845647931099e-01 8.563297698274254799e-01 6.172756757587194443e-02 8.234679494053125381e-01 2.286264188587665558e-01 9.340801835060119629e-01
3.957791365683078766e-01 6.580223180353641510e-01 8.009327845647931099e-01 8.563297698274254799e-01 6.172756757587194443e-02 8.234679494053125381e-01 2.286264188587665558e-01 9.340801835060119629e-01
3.957791365683078766e-01 9.275499656796455383e-01 4.286444401368498802e-01 8.563297698274254799e-01 6.172756757587194443e-02 8.234679494053125381e-01 2.286264188587665558e-01 9.340801835060119629e-01
3.957791365683078766e-01 9.275499656796455383e-01 8.009327845647931099e-01 5.068195480853319168e-01 6.172756757587194443e-02 8.234679494053125381e-01 2.286264188587665558e-01 9.340801835060119629e-01
3.957791365683078766e-01 9.275499656796455383e-01 8.009327845647931099e-01 8.563297698274254799e-01 9.741274751722812653e-01 8.234679494053125381e-01 2.286264188587665558e-01 9.340801835060119629e-01
3.957791365683078766e-01 9.275499656796455383e-01 8.009327845647931099e-01 8.563297698274254799e-01 6.172756757587194443e-02 4.800204280763864517e-02 2.286264188587665558e-01 9.340801835060119629e-01
3.957791365683078766e-01 9.275499656796455383e-01 8.009327845647931099e-01 8.563297698274254799e-01 6.172756757587194443e-02 8.234679494053125381e-01 1.997638028115034103e-02 9.340801835060119629e-01
3.957791365683078766e-01 9.275499656796455383e-01 8.009327845647931099e-01 8.563297698274254799e-01 6.172756757587194443e-02 8.234679494053125381e-01 2.286264188587665558e-01 9.597264314070343971e-01
3.957791365683078766e-01 6.580223180353641510e-01 4.286444401368498802e-01 5.068195480853319168e-01 9.741274751722812653e-01 4.800204280763864517e-02 1.997638028115034103e-02 9.597264314070343971e-01
3.285050103440880775e-01 9.275499656796455383e-01 4.286444401368498802e-01 5.068195480853319168e-01 9.741274751722812653e-01 4.800204280763864517e-02 1.997638028115034103e-02 9.597264314070343971e-01
3.285050103440880775e-01 6.580223180353641510e-01 8.009327845647931099e-01 5.068195480853319168e-01 9.741274751722812653e-01 4.800204280763864517e-02 1.997638028115034103e-02 9.597264314070343971e-01
3.285050103440880775e-01 6.580223180353641510e-01 4.286444401368498802e-01 8.563297698274254799e-01 9.741274751722812653e-01 4.800204280763864517e-02 1.997638028115034103e-02 9.597264314070343971e-01
3.285050103440880775e-01 6.580223180353641510e-01 4.286444401368498802e-01 5.068195480853319168e-01 6.172756757587194443e-02 4.800204280763864517e-02 1.997638028115034103e-02 9.597264314070343971e-01
3.285050103440880775e-01 6.580223180353641510e-01 4.286444401368498802e-01 5.068195480853319168e-01 9.741274751722812653e-01 8.234679494053125381e-01 1.997638028115034103e-02 9.597264314070343971e-01
3.285050103440880775e-01 6.580223180353641510e-01 4.286444401368498802e-01 5.068195480853319168e-01 9.741274751722812653e-01 4.800204280763864517e-02 2.286264188587665558e-01 9.597264314070343971e-01
3.285050103440880775e-01 6.580223180353641510e-01 4.286444401368498802e-01 5.068195480853319168e-01 9.741274751722812653e-01 4.800204280763864517e-02 1.997638028115034103e-02 9.340801835060119629e-01
3.285050103440880775e-01 6.580223180353641510e-01 4.286444401368498802e-01 5.068195480853319168e-01 9.741274751722812653e-01 4.800204280763864517e-02 1.997638028115034103e-02 9.597264314070343971e-01
9.214637726545333862e-01 4.570725932717323303e-01 3.543187463656067848e-01 1.780728576704859734e-01 5.869734575971961021e-01 9.286950249224901199e-02 8.831765502691268921e-01 2.947005862370133400e-01
6.044164169579744339e-01 4.570725932717323303e-01 3.543187463656067848e-01 1.780728576704859734e-01 5.869734575971961021e-01 9.286950249224901199e-02 8.831765502691268921e-01 2.947005862370133400e-01
9.214637726545333862e-01 1.287473263218998909e-01 3.543187463656067848e-01 1.780728576704859734e-01 5.869734575971961021e-01 9.286950249224901199e-02 8.831765502691268921e-01 2.947005862370133400e-01
9.214637726545333862e-01 4.570725932717323303e-01 8.247271198779344559e-01 1.780728576704859734e-01 5.869734575971961021e-01 9.286950249224901199e-02 8.831765502691268921e-01 2.947005862370133400e-01
9.214637726545333862e-01 4.570725932717323303e-01 3.543187463656067848e-01 5.983949638903141022e-02 5.869734575971961021e-01 9.286950249224901199e-02 8.831765502691268921e-01 2.947005862370133400e-01
9.214637726545333862e-01 4.570725932717323303e-01 3.543187463656067848e-01 1.780728576704859734e-01 3.438796941190958023e-02 9.286950249224901199e-02 8.831765502691268921e-01 2.947005862370133400e-01
9.214637726545333862e-01 4.570725932717323303e-01 3.543187463656067848e-01 1.780728576704859734e-01 5.869734575971961021e-01 7.625379702076315880e-01 8.831765502691268921e-01 2.947005862370133400e-01
9.214637726545333862e-01 4.570725932717323303e-01 3.543187463656067848e-01 1.780728576704859734e-01 5.869734575971961021e-01 9.286950249224901199e-02 5.902005005627870560e-01 2.947005862370133400e-01
9.214637726545333862e-01 4.570725932717323303e-01 3.543187463656067848e-01 1.780728576704859734e-01 5.869734575971961021e-01 9.286950249224901199e-02 8.831765502691268921e-01 1.661749267950654030e-01
9.214637726545333862e-01 1.287473263218998909e-01 8.247271198779344559e-01 5.983949638903141022e-02 3.438796941190958023e-02 7.625379702076315880e-01 5.902005005627870560e-01 1.661749267950654030e-01
6.044164169579744339e-01 4.570725932717323303e-01 8.247271198779344559e-01 5.983949638903141022e-02 3.438796941190958023e-02 7.625379702076315880e-01 5.902005005627870560e-01 1.661749267950654030e-01
6.044164169579744339e-01 1.287473263218998909e-01 3.543187463656067848e-01 5.983949638903141022e-02 3.438796941190958023e-02 7.625379702076315880e-01 5.902005005627870560e-01 1.661749267950654030e-01
6.044164169579744339e-01 1.287473263218998909e-01 8.247271198779344559e-01 1.780728576704859734e-01 3.438796941190958023e-02 7.625379702076315880e-01 5.902005005627870560e-01 1.661749267950654030e-01
6.044164169579744339e-01 1.287473263218998909e-01 8.247271198779344559e-01 5.983949638903141022e-02 5.869734575971961021e-01 7.625379702076315880e-01 5.902005005627870560e-01 1.661749267950654030e-01
6.044164169579744339e-01 1.287473263218998909e-01 8.247271198779344559e-01 5.983949638903141022e-02 3.438796941190958023e-02 9.286950249224901199e-02 5.902005005627870560e-01 1.661749267950654030e-01
6.044164169579744339e-01 1.287473263218998909e-01 8.247271198779344559e-01 5.983949638903141022e-02 3.438796941190958023e-02 7.625379702076315880e-01 8.831765502691268921e-01 1.661749267950654030e-01
6.044164169579744339e-01 1.287473263218998909e-01 8.247271198779344559e-01 5.983949638903141022e-02 3.438796941190958023e-02 7.625379702076315880e-01 5.902005005627870560e-01 2.947005862370133400e-01
6.044164169579744339e-01 1.287473263218998909e-01 8.247271198779344559e-01 5.983949638903141022e-02 3.438796941190958023e-02 7.625379702076315880e-01 5.902005005627870560e-01 1.661749267950654030e-01
9.659419776871800423e-01 5.703955935314297676e-01 8.634773222729563713e-01 4.448304912075400352e-01 1.973257185891270638e-01 1.350515829399228096e-01 4.531431645154953003e-01 1.635415572673082352e-01
8.344610426574945450e-01 5.703955935314297676e-01 8.634773222729563713e-01 4.448304912075400352e-01 1.973257185891270638e-01 1.350515829399228096e-01 4.531431645154953003e-01 1.635415572673082352e-01
9.659419776871800423e-01 5.155687015503644943e-01 8.634773222729563713e-01 4.448304912075400352e-01 1.973257185891270638e-01 1.350515829399228096e-01 4.531431645154953003e-01 1.635415572673082352e-01
9.659419776871800423e-01 5.703955935314297676e-01 7.770450804382562637e-01 4.448304912075400352e-01 1.973257185891270638e-01 1.350515829399228096e-01 4.531431645154953003e-01 1.635415572673082352e-01
9.659419776871800423e-01 5.703955935314297676e-01 8.634773222729563713e-01 1.901220837607979774e-01 1.973257185891270638e-01 1.350515829399228096e-01 4.531431645154953003e-01 1.635415572673082352e-01
9.659419776871800423e-01 5.703955935314297676e-01 8.634773222729563713e-01 4.448304912075400352e-01 3.935852665454149246e-01 1.350515829399228096e-01 4.531431645154953003e-01 1.635415572673082352e-01
9.659419776871800423e-01 5.703955935314297676e-01 8.634773222729563713e-01 4.448304912075400352e-01 1.973257185891270638e-01 7.900635059922933578e-02 4.531431645154953003e-01 1.635415572673082352e-01
9.659419776871800423e-01 5.703955935314297676e-01 8.634773222729563713e-01 4.448304912075400352e-01 1.973257185891270638e-01 1.350515829399228096e-01 4.266407368704676628e-01 1.635415572673082352e-01
9.659419776871800423e-01 5.703955935314297676e-01 8.634773222729563713e-01 4.448304912075400352e-01 1.973257185891270638e-01 1.350515829399228096e-01 4.531431645154953003e-01 5.676152296364307404e-01
9.659419776871800423e-01 5.155687015503644943e-01 7.770450804382562637e-01 1.901220837607979774e-01 3.935852665454149246e-01 7.900635059922933578e-02 4.266407368704676628e-01 5.676152296364307404e-01
8.344610426574945450e-01 5.703955935314297676e-01 7.770450804382562637e-01 1.901220837607979774e-01 3.935852665454149246e-01 7.900635059922933578e-02 4.266407368704676628e-01 5.676152296364307404e-01
8.344610426574945450e-01 5.155687015503644943e-01 8.634773222729563713e-01 1.901220837607979774e-01 3.935852665454149246e-01 7.900635059922933578e-02 4.266407368704676628e-01 5.676152296364307404e-01
8.344610426574945450e-01 5.155687015503644943e-01 7.770450804382562637e-01 4.448304912075400352e-01 3.935852665454149246e-01 7.900635059922933578e-02 4.266407368704676628e-01 5.676152296364307404e-01
8.344610426574945450e-01 5.155687015503644943e-01 7.770450804382562637e-01 1.901220837607979774e-01 1.973257185891270638e-01 7.900635059922933578e-02 4.266407368704676628e-01 5.676152296364307404e-01
8.344610426574945450e-01 5.155687015503644943e-01 7.770450804382562637e-01 1.901220837607979774e-01 3.935852665454149246e-01 1.350515829399228096e-01 4.266407368704676628e-01 5.676152296364307404e-01
8.344610426574945450e-01 5.155687015503644943e-01 7.770450804382562637e-01 1.901220837607979774e-01 3.935852665454149246e-01 7.900635059922933578e-02 4.531431645154953003e-01 5.676152296364307404e-01
8.344610426574945450e-01 5.155687015503644943e-01 7.770450804382562637e-01 1.901220837607979774e-01 3.935852665454149246e-01 7.900635059922933578e-02 4.266407368704676628e-01 1.635415572673082352e-01
8.344610426574945450e-01 5.155687015503644943e-01 7.770450804382562637e-01 1.901220837607979774e-01 3.935852665454149246e-01 7.900635059922933578e-02 4.266407368704676628e-01 5.676152296364307404e-01
4.763678247109055519e-01 4.083523619920015335e-02 2.917722454294562340e-01 5.285364659503102303e-01 6.681740852072834969e-01 9.046972710639238358e-01 6.740976460278034210e-01 5.535165322944521904e-01
1.063968176022171974e-01 4.083523619920015335e-02 2.917722454294562340e-01 5.285364659503102303e-01 6.681740852072834969e-01 9.046972710639238358e-01 6.740976460278034210e-01 5.535165322944521904e-01
4.763678247109055519e-01 4.489114042371511459e-02 2.917722454294562340e-01 5.285364659503102303e-01 6.681740852072834969e-01 9.046972710639238358e-01 6.740976460278034210e-01 5.535165322944521904e-01
4.763678247109055519e-01 4.083523619920015335e-02 4.705596258863806725e-01 5.285364659503102303e-01 6.681740852072834969e-01 9.046972710639238358e-01 6.740976460278034210e-01 5.535165322944521904e-01
4.763678247109055519e-01 4.083523619920015335e-02 2.917722454294562340e-01 7.432345384731888771e-01 6.681740852072834969e-01 9.046972710639238358e-01 6.740976460278034210e-01 5.535165322944521904e-01
4.763678247109055519e-01 4.083523619920015335e-02 2.917722454294562340e-01 5.285364659503102303e-01 5.837371638044714928e-01 9.046972710639238358e-01 6.740976460278034210e-01 5.535165322944521904e-01
4.763678247109055519e-01 4.083523619920015335e-02 2.917722454294562340e-01 5.285364659503102303e-01 6.681740852072834969e-01 8.565319785848259926e-01 6.740976460278034210e-01 5.535165322944521904e-01
4.763678247109055519e-01 4.083523619920015335e-02 2.917722454294562340e-01 5.285364659503102303e-01 6.681740852072834969e-01 9.046972710639238358e-01 9.968585092574357986e-01 5.535165322944521904e-01
4.763678247109055519e-01 4.083523619920015335e-02 2.917722454294562340e-01 5.285364659503102303e-01 6.681740852072834969e-01 9.046972710639238358e-01 6.740976460278034210e-01 3.064867444336414337e-01
4.763678247109055519e-01 4.489114042371511459e-02 4.705596258863806725e-01 7.432345384731888771e-01 5.837371638044714928e-01 8.565319785848259926e-01 9.968585092574357986e-01 3.064867444336414337e-01
1.063968176022171974e-01 4.083523619920015335e-02 4.705596258863806725e-01 7.432345384731888771e-01 5.837371638044714928e-01 8.565319785848259926e-01 9.968585092574357986e-01 3.064867444336414337e-01
1.063968176022171974e-01 4.489114042371511459e-02 2.917722454294562340e-01 7.432345384731888771e-01 5.837371638044714928e-01 8.565319785848259926e-01 9.968585092574357986e-01 3.064867444336414337e-01
1.063968176022171974e-01 4.489114042371511459e-02 4.705596258863806725e-01 5.285364659503102303e-01 5.837371638044714928e-01 8.565319785848259926e-01 9.968585092574357986e-01 3.064867444336414337e-01
1.063968176022171974e-01 4.489114042371511459e-02 4.705596258863806725e-01 7.432345384731888771e-01 6.681740852072834969e-01 8.565319785848259926e-01 9.968585092574357986e-01 3.064867444336414337e-01
1.063968176022171974e-01 4.489114042371511459e-02 4.705596258863806725e-01 7.432345384731888771e-01 5.837371638044714928e-01 9.046972710639238358e-01 9.968585092574357986e-01 3.064867444336414337e-01
1.063968176022171974e-01 4.489114042371511459e-02 4.705596258863806725e-01 7.432345384731888771e-01 5.837371638044714928e-01 8.565319785848259926e-01 6.740976460278034210e-01 3.064867444336414337e-01
1.063968176022171974e-01 4.489114042371511459e-02 4.705596258863806725e-01 7.432345384731888771e-01 5.837371638044714928e-01 8.565319785848259926e-01 9.968585092574357986e-01 5.535165322944521904e-01
1.063968176022171974e-01 4.489114042371511459e-02 4.705596258863806725e-01 7.432345384731888771e-01 5.837371638044714928e-01 8.565319785848259926e-01 9.968585092574357986e-01 3.064867444336414337e-01
1.190215256065130234e-02 8.360956292599439621e-01 6.246891552582383156e-01 1.880517881363630295e-01 8.748303381726145744e-01 5.164055395871400833e-01 1.555934669449925423e-01 9.687921302393078804e-01
2.577181197702884674e-01 8.360956292599439621e-01 6.246891552582383156e-01 1.880517881363630295e-01 8.748303381726145744e-01 5.164055395871400833e-01 1.555934669449925423e-01 9.687921302393078804e-01
1.190215256065130234e-02 3.372245272621512413e-01 6.246891552582383156e-01 1.880517881363630295e-01 8.748303381726145744e-01 5.164055395871400833e-01 1.555934669449925423e-01 9.687921302393078804e-01
1.190215256065130234e-02 8.360956292599439621e-01 1.460799751803278923e-01 1.880517881363630295e-01 8.748303381726145744e-01 5.164055395871400833e-01 1.555934669449925423e-01 9.687921302393078804e-01
1.190215256065130234e-02 8.360956292599439621e-01 6.246891552582383156e-01 9.095071302726864815e-01 8.748303381726145744e-01 5.164055395871400833e-01 1.555934669449925423e-01 9.687921302393078804e-01
1.190215256065130234e-02 8.360956292599439621e-01 6.246891552582383156e-01 1.880517881363630295e-01 7.664262596517801285e-02 5.164055395871400833e-01 1.555934669449925423e-01 9.687921302393078804e-01
1.190215256065130234e-02 8.360956292599439621e-01 6.246891552582383156e-01 1.880517881363630295e-01 8.748303381726145744e-01 4.580731177702546120e-01 1.555934669449925423e-01 9.687921302393078804e-01
1.190215256065130234e-02 8.360956292599439621e-01 6.246891552582383156e-01 1.880517881363630295e-01 8.748303381726145744e-01 5.164055395871400833e-01 6.919665476307272911e-01 9.687921302393078804e-01
1.190215256065130234e-02 8.360956292599439621e-01 6.246891552582383156e-01 1.880517881363630295e-01 8.748303381726145744e-01 5.164055395871400833e-01 1.555934669449925423e-01 9.017251096665859222e-01
1.190215256065130234e-02 3.372245272621512413e-01 1.460799751803278923e-01 9.095071302726864815e-01 7.664262596517801285e-02 4.580731177702546120e-01 6.919665476307272911e-01 9.017251096665859222e-01
2.577181197702884674e-01 8.360956292599439621e-01 1.460799751803278923e-01 9.095071302726864815e-01 7.664262596517801285e-02 4.580731177702546120e-01 6.919665476307272911e-01 9.017251096665859222e-01
2.577181197702884674e-01 3.372245272621512413e-01 6.246891552582383156e-01 9.095071302726864815e-01 7.664262596517801285e-02 4.580731177702546120e-01 6.919665476307272911e-01 9.017251096665859222e-01
2.577181197702884674e-01 3.372245272621512413e-01 1.460799751803278923e-01 1.880517881363630295e-01 7.664262596517801285e-02 4.580731177702546120e-01 6.919665476307272911e-01 9.017251096665859222e-01
2.577181197702884674e-01 3.372245272621512413e-01 1.460799751803278923e-01 9.095071302726864815e-01 8.748303381726145744e-01 4.580731177702546120e-01 6.919665476307272911e-01 9.017251096665859222e-01
2.577181197702884674e-01 3.372245272621512413e-01 1.460799751803278923e-01 9.095071302726864815e-01 7.664262596517801285e-02 5.164055395871400833e-01 6.919665476307272911e-01 9.017251096665859222e-01
2.577181197702884674e-01 3.372245272621512413e-01 1.460799751803278923e-01 9.095071302726864815e-01 7.664262596517801285e-02 4.580731177702546120e-01 1.555934669449925423e-01 9.017251096665859222e-01
2.577181197702884674e-01 3.372245272621512413e-01 1.460799751803278923e-01 9.095071302726864815e-01 7.664262596517801285e-02 4.580731177702546120e-01 6.919665476307272911e-01 9.687921302393078804e-01
2.577181197702884674e-01 3.372245272621512413e-01 1.460799751803278923e-01 9.095071302726864815e-01 7.664262596517801285e-02 4.580731177702546120e-01 6.919665476307272911e-01 9.017251096665859222e-01
5.536003215238451958e-01 3.065645378082990646e-01 3.257635701447725296e-02 7.755495421588420868e-01 2.753051100298762321e-01 2.548164920881390572e-01 9.971370780840516090e-01 3.610284738242626190e-01
5.599708473309874535e-01 3.065645378082990646e-01 3.257635701447725296e-02 7.755495421588420868e-01 2.753051100298762321e-01 2.548164920881390572e-01 9.971370780840516090e-01 3.610284738242626190e-01
5.536003215238451958e-01 8.704516645520925522e-01 3.257635701447725296e-02 7.755495421588420868e-01 2.753051100298762321e-01 2.548164920881390572e-01 9.971370780840516090e-01 3.610284738242626190e-01
5.536003215238451958e-01 3.065645378082990646e-01 6.093679722398519516e-01 7.755495421588420868e-01 2.753051100298762321e-01 2.548164920881390572e-01 9.971370780840516090e-01 3.610284738242626190e-01
5.536003215238451958e-01 3.065645378082990646e-01 3.257635701447725296e-02 3.993261279538273811e-01 2.753051100298762321e-01 2.548164920881390572e-01 9.971370780840516090e-01 3.610284738242626190e-01
5.536003215238451958e-01 3.065645378082990646e-01 3.257635701447725296e-02 7.755495421588420868e-01 8.835919238626956940e-01 2.548164920881390572e-01 9.971370780840516090e-01 3.610284738242626190e-01
5.536003215238451958e-01 3.065645378082990646e-01 3.257635701447725296e-02 7.755495421588420868e-01 2.753051100298762321e-01 7.274195691570639610e-01 9.971370780840516090e-01 3.610284738242626190e-01
5.536003215238451958e-01 3.065645378082990646e-01 3.257635701447725296e-02 7.755495421588420868e-01 2.753051100298762321e-01 2.548164920881390572e-01 1.374352853745222092e-01 3.610284738242626190e-01
5.536003215238451958e-01 3.065645378082990646e-01 3.257635701447725296e-02 7.755495421588420868e-01 2.753051100298762321e-01 2.548164920881390572e-01 9.971370780840516090e-01 2.262824736535549164e-01
5.536003215238451958e-01 8.704516645520925522e-01 6.093679722398519516e-01 3.993261279538273811e-01 8.835919238626956940e-01 7.274195691570639610e-01 1.374352853745222092e-01 2.262824736535549164e-01
5.599708473309874535e-01 3.065645378082990646e-01 6.093679722398519516e-01 3.993261279538273811e-01 8.835919238626956940e-01 7.274195691570639610e-01 1.374352853745222092e-01 2.262824736535549164e-01
5.599708473309874535e-01 8.704516645520925522e-01 3.257635701447725296e-02 3.993261279538273811e-01 8.835919238626956940e-01 7.274195691570639610e-01 1.374352853745222092e-01 2.262824736535549164e-01
5.599708473309874535e-01 8.704516645520925522e-01 6.093679722398519516e-01 7.755495421588420868e-01 8.835919238626956940e-01 7.274195691570639610e-01 1.374352853745222092e-01 2.262824736535549164e-01
5.599708473309874535e-01 8.704516645520925522e-01 6.093679722398519516e-01 3.993261279538273811e-01 2.753051100298762321e-01 7.274195691570639610e-01 1.374352853745222092e-01 2.262824736535549164e-01
5.599708473309874535e-01 8.704516645520925522e-01 6.093679722398519516e-01 3.993261279538273811e-01 8.835919238626956940e-01 2.548164920881390572e-01 1.374352853745222092e-01 2.262824736535549164e-01
5.599708473309874535e-01 8.704516645520925522e-01 6.093679722398519516e-01 3.993261279538273811e-01 8.835919238626956940e-01 7.274195691570639610e-01 9.971370780840516090e-01 2.262824736535549164e-01
5.599708473309874535e-01 8.704516645520925522e-01 6.093679722398519516e-01 3.993261279538273811e-01 8.835919238626956940e-01 7.274195691570639610e-01 1.374352853745222092e-01 3.610284738242626190e-01
5.599708473309874535e-01 8.704516645520925522e-01 6.093679722398519516e-01 3.993261279538273811e-01 8.835919238626956940e-01 7.274195691570639610e-01 1.374352853745222092e-01 2.262824736535549164e-01
7.051888266578316689e-01 9.582076305523514748e-01 4.312126496806740761e-01 9.056345596909523010e-01 4.116260930895805359e-01 1.207461394369602203e-02 5.284682568162679672e-02 7.933157272636890411e-01
3.848151816055178642e-01 9.582076305523514748e-01 4.312126496806740761e-01 9.056345596909523010e-01 4.116260930895805359e-01 1.207461394369602203e-02 5.284682568162679672e-02 7.933157272636890411e-01
7.051888266578316689e-01 2.204515151679515839e-01 4.312126496806740761e-01 9.056345596909523010e-01 4.116260930895805359e-01 1.207461394369602203e-02 5.284682568162679672e-02 7.933157272636890411e-01
7.051888266578316689e-01 9.582076305523514748e-01 2.747776918113231659e-02 9.056345596909523010e-01 4.116260930895805359e-01 1.207461394369602203e-02 5.284682568162679672e-02 7.933157272636890411e-01
7.051888266578316689e-01 9.582076305523514748e-01 4.312126496806740761e-01 2.670817365869879723e-01 4.116260930895805359e-01 1.207461394369602203e-02 5.284682568162679672e-02 7.933157272636890411e-01
7.051888266578316689e-01 9.582076305523514748e-01 4.312126496806740761e-01 9.056345596909523010e-01 2.014845814555883408e-01 1.207461394369602203e-02 5.284682568162679672e-02 7.933157272636890411e-01
7.051888266578316689e-01 9.582076305523514748e-01 4.312126496806740761e-01 9.056345596909523010e-01 4.116260930895805359e-01 9.305188879370689392e-01 5.284682568162679672e-02 7.933157272636890411e-01
7.051888266578316689e-01 9.582076305523514748e-01 4.312126496806740761e-01 9.056345596909523010e-01 4.116260930895805359e-01 1.207461394369602203e-02 8.518366981297731400e-02 7.933157272636890411e-01
7.051888266578316689e-01 9.582076305523514748e-01 4.312126496806740761e-01 9.056345596909523010e-01 4.116260930895805359e-01 1.207461394369602203e-02 5.284682568162679672e-02 4.701499734073877335e-02
7.051888266578316689e-01 2.204515151679515839e-01 2.747776918113231659e-02 2.670817365869879723e-01 2.014845814555883408e-01 9.305188879370689392e-01 8.518366981297731400e-02 4.701499734073877335e-02
3.848151816055178642e-01 9.582076305523514748e-01 2.747776918113231659e-02 2.670817365869879723e-01 2.014845814555883408e-01 9.305188879370689392e-01 8.518366981297731400e-02 4.701499734073877335e-02
3.848151816055178642e-01 2.204515151679515839e-01 4.312126496806740761e-01 2.670817365869879723e-01 2.014845814555883408e-01 9.305188879370689392e-01 8.518366981297731400e-02 4.701499734073877335e-02
3.848151816055178642e-01 2.204515151679515839e-01 2.747776918113231659e-02 9.056345596909523010e-01 2.014845814555883408e-01 9.305188879370689392e-01 8.518366981297731400e-02 4.701499734073877335e-02
3.848151816055178642e-01 2.204515151679515839e-01 2.747776918113231659e-02 2.670817365869879723e-01 4.116260930895805359e-01 9.305188879370689392e-01 8.518366981297731400e-02 4.701499734073877335e-02
3.848151816055178642e-01 2.204515151679515839e-01 2.747776918113231659e-02 2.670817365869879723e-01 2.014845814555883408e-01 1.207461394369602203e-02 8.518366981297731400e-02 4.701499734073877335e-02
3.848151816055178642e-01 2.204515151679515839e-01 2.747776918113231659e-02 2.670817365869879723e-01 2.014845814555883408e-01 9.305188879370689392e-01 5.284682568162679672e-02 4.701499734073877335e-02
3.848151816055178642e-01 2.204515151679515839e-01 2.747776918113231659e-02 2.670817365869879723e-01 2.014845814555883408e-01 9.305188879370689392e-01 8.518366981297731400e-02 7.933157272636890411e-01
3.848151816055178642e-01 2.204515151679515839e-01 2.747776918113231659e-02 2.670817365869879723e-01 2.014845814555883408e-01 9.305188879370689392e-01 8.518366981297731400e-02 4.701499734073877335e-02
2.273486601188778877e-01 4.267010623589158058e-01 9.760551275685429573e-01 6.826650537550449371e-02 9.411444142460823059e-01 7.739230664446949959e-01 8.323940960690379143e-01 4.354269029572606087e-01
6.723756864666938782e-01 4.267010623589158058e-01 9.760551275685429573e-01 6.826650537550449371e-02 9.411444142460823059e-01 7.739230664446949959e-01 8.323940960690379143e-01 4.354269029572606087e-01
2.273486601188778877e-01 6.911345468834042549e-01 9.760551275685429573e-01 6.826650537550449371e-02 9.411444142460823059e-01 7.739230664446949959e-01 8.323940960690379143e-01 4.354269029572606087e-01
2.273486601188778877e-01 4.267010623589158058e-01 7.248876793310046196e-01 6.826650537550449371e-02 9.411444142460823059e-01 7.739230664446949959e-01 8.323940960690379143e-01 4.354269029572606087e-01
2.273486601188778877e-01 4.267010623589158058e-01 9.760551275685429573e-01 7.917517935857176781e-01 9.411444142460823059e-01 7.739230664446949959e-01 8.323940960690379143e-01 4.354269029572606087e-01
2.273486601188778877e-01 4.267010623589158058e-01 9.760551275685429573e-01 6.826650537550449371e-02 7.586929304525256157e-01 7.739230664446949959e-01 8.323940960690379143e-01 4.354269029572606087e-01
2.273486601188778877e-01 4.267010623589158058e-01 9.760551275685429573e-01 6.826650537550449371e-02 9.411444142460823059e-01 1.300364118069410324e-01 8.323940960690379143e-01 4.354269029572606087e-01
2.273486601188778877e-01 4.267010623589158058e-01 9.760551275685429573e-01 6.826650537550449371e-02 9.411444142460823059e-01 7.739230664446949959e-01 5.303472019731998444e-01 4.354269029572606087e-01
2.273486601188778877e-01 4.267010623589158058e-01 9.760551275685429573e-01 6.826650537550449371e-02 9.411444142460823059e-01 7.739230664446949959e-01 8.323940960690379143e-01 8.250120738521218300e-01
2.273486601188778877e-01 6.911345468834042549e-01 7.248876793310046196e-01 7.917517935857176781e-01 7.586929304525256157e-01 1.300364118069410324e-01 5.303472019731998444e-01 8.250120738521218300e-01
6.723756864666938782e-01 4.267010623589158058e-01 7.248876793310046196e-01 7.917517935857176781e-01 7.586929304525256157e-01 1.300364118069410324e-01 5.303472019731998444e-01 8.250120738521218300e-01
6.723756864666938782e-01 6.911345468834042549e-01 9.760551275685429573e-01 7.917517935857176781e-01 7.586929304525256157e-01 1.300364118069410324e-01 5.303472019731998444e-01 8.250120738521218300e-01
6.723756864666938782e-01 6.911345468834042549e-01 7.248876793310046196e-01 6.826650537550449371e-02 7.586929304525256157e-01 1.300364118069410324e-01 5.303472019731998444e-01 8.250120738521218300e-01
6.723756864666938782e-01 6.911345468834042549e-01 7.248876793310046196e-01 7.917517935857176781e-01 9.411444142460823059e-01 1.300364118069410324e-01 5.303472019731998444e-01 8.250120738521218300e-01
6.723756864666938782e-01 6.911345468834042549e-01 7.248876793310046196e-01 7.917517935857176781e-01 7.586929304525256157e-01 7.739230664446949959e-01 5.303472019731998444e-01 8.250120738521218300e-01
6.723756864666938782e-01 6.911345468834042549e-01 7.248876793310046196e-01 7.917517935857176781e-01 7.586929304525256157e-01 1.300364118069410324e-01 8.323940960690379143e-01 8.250120738521218300e-01
6.723756864666938782e-01 6.911345468834042549e-01 7.248876793310046196e-01 7.917517935857176781e-01 7.586929304525256157e-01 1.300364118069410324e-01 5.303472019731998444e-01 4.354269029572606087e-01
6.723756864666938782e-01 6.911345468834042549e-01 7.248876793310046196e-01 7.917517935857176781e-01 7.586929304525256157e-01 1.300364118069410324e-01 5.303472019731998444e-01 8.250120738521218300e-01
2.531240312382578850e-01 6.924165803939104080e-01 1.738974256440997124e-01 6.487414175644516945e-01 5.159799065440893173e-01 6.473203124478459358e-01 3.684477452188730240e-01 1.046392647549510002e-01
9.644443290308117867e-01 6.924165803939104080e-01 1.738974256440997124e-01 6.487414175644516945e-01 5.159799065440893173e-01 6.473203124478459358e-01 3.684477452188730240e-01 1.046392647549510002e-01
2.531240312382578850e-01 9.288266571238636971e-01 1.738974256440997124e-01 6.487414175644516945e-01 5.159799065440893173e-01 6.473203124478459358e-01 3.684477452188730240e-01 1.046392647549510002e-01
2.531240312382578850e-01 6.924165803939104080e-01 8.926063841208815575e-01 6.487414175644516945e-01 5.159799065440893173e-01 6.473203124478459358e-01 3.684477452188730240e-01 1.046392647549510002e-01
2.531240312382578850e-01 6.924165803939104080e-01 1.738974256440997124e-01 6.098912460729479790e-01 5.159799065440893173e-01 6.473203124478459358e-01 3.684477452188730240e-01 1.046392647549510002e-01
2.531240312382578850e-01 6.924165803939104080e-01 1.738974256440997124e-01 6.487414175644516945e-01 2.686866940930485725e-01 6.473203124478459358e-01 3.684477452188730240e-01 1.046392647549510002e-01
2.531240312382578850e-01 6.924165803939104080e-01 1.738974256440997124e-01 6.487414175644516945e-01 5.159799065440893173e-01 5.597530212253332138e-01 3.684477452188730240e-01 1.046392647549510002e-01
2.531240312382578850e-01 6.924165803939104080e-01 1.738974256440997124e-01 6.487414175644516945e-01 5.159799065440893173e-01 6.473203124478459358e-01 7.883674586191773415e-01 1.046392647549510002e-01
2.531240312382578850e-01 6.924165803939104080e-01 1.738974256440997124e-01 6.487414175644516945e-01 5.159799065440893173e-01 6.473203124478459358e-01 3.684477452188730240e-01 4.826871985569596291e-01
2.531240312382578850e-01 9.288266571238636971e-01 8.926063841208815575e-01 6.098912460729479790e-01 2.686866940930485725e-01 5.597530212253332138e-01 7.883674586191773415e-01 4.826871985569596291e-01
9.644443290308117867e-01 6.924165803939104080e-01 8.926063841208815575e-01 6.098912460729479790e-01 2.686866940930485725e-01 5.597530212253332138e-01 7.883674586191773415e-01 4.826871985569596291e-01
9.644443290308117867e-01 9.288266571238636971e-01 1.738974256440997124e-01 6.098912460729479790e-01 2.686866940930485725e-01 5.597530212253332138e-01 7.883674586191773415e-01 4.826871985569596291e-01
9.644443290308117867e-01 9.288266571238636971e-01 8.926063841208815575e-01 6.487414175644516945e-01 2.686866940930485725e-01 5.597530212253332138e-01 7.883674586191773415e-01 4.826871985569596291e-01
9.644443290308117867e-01 9.288266571238636971e-01 8.926063841208815575e-01 6.098912460729479790e-01 5.159799065440893173e-01 5.597530212253332138e-01 7.883674586191773415e-01 4.826871985569596291e-01
9.644443290308117867e-01 9.288266571238636971e-01 8.926063841208815575e-01 6.098912460729479790e-01 2.686866940930485725e-01 6.473203124478459358e-01 7.883674586191773415e-01 4.826871985569596291e-01
9.644443290308117867e-01 9.288266571238636971e-01 8.926063841208815575e-01 6.098912460729479790e-01 2.686866940930485725e-01 5.597530212253332138e-01 3.684477452188730240e-01 4.826871985569596291e-01
9.644443290308117867e-01 9.288266571238636971e-01 8.926063841208815575e-01 6.098912460729479790e-01 2.686866940930485725e-01 5.597530212253332138e-01 7.883674586191773415e-01 1.046392647549510002e-01
9.644443290308117867e-01 9.288266571238636971e-01 8.926063841208815575e-01 6.098912460729479790e-01 2.686866940930485725e-01 5.597530212253332138e-01 7.883674586191773415e-01 4.826871985569596291e-01
8.065257286652922630e-01 1.609407085925340652e-01 7.313503539189696312e-01 3.153940243646502495e-01 1.156276818364858627e-01 3.779035005718469620e-01 5.263985674828290939e-01 7.447394076734781265e-01
2.198217865079641342e-01 1.609407085925340652e-01 7.313503539189696312e-01 3.153940243646502495e-01 1.156276818364858627e-01 3.779035005718469620e-01 5.263985674828290939e-01 7.447394076734781265e-01
8.065257286652922630e-01 3.956016488373279572e-01 7.313503539189696312e-01 3.153940243646502495e-01 1.156276818364858627e-01 3.779035005718469620e-01 5.263985674828290939e-01 7.447394076734781265e-01
8.065257286652922630e-01 1.609407085925340652e-01 3.519773054867982864e-01 3.153940243646502495e-01 1.156276818364858627e-01 3.779035005718469620e-01 5.263985674828290939e-01 7.447394076734781265e-01
8.065257286652922630e-01 1.609407085925340652e-01 7.313503539189696312e-01 7.346511166542768478e-02 1.156276818364858627e-01 3.779035005718469620e-01 5.263985674828290939e-01 7.447394076734781265e-01
8.065257286652922630e-01 1.609407085925340652e-01 7.313503539189696312e-01 3.153940243646502495e-01 7.085788100957870483e-01 3.779035005718469620e-01 5.263985674828290939e-01 7.447394076734781265e-01
8.065257286652922630e-01 1.609407085925340652e-01 7.313503539189696312e-01 3.153940243646502495e-01 1.156276818364858627e-01 2.508481591939926147e-01 5.263985674828290939e-01 7.447394076734781265e-01
8.065257286652922630e-01 1.609407085925340652e-01 7.313503539189696312e-01 3.153940243646502495e-01 1.156276818364858627e-01 3.779035005718469620e-01 3.587683662772178650e-01 7.447394076734781265e-01
8.065257286652922630e-01 1.609407085925340652e-01 7.313503539189696312e-01 3.153940243646502495e-01 1.156276818364858627e-01 3.779035005718469620e-01 5.263985674828290939e-01 6.432448858395218849e-01
8.065257286652922630e-01 3.956016488373279572e-01 3.519773054867982864e-01 7.346511166542768478e-02 7.085788100957870483e-01 2.508481591939926147e-01 3.587683662772178650e-01 6.432448858395218849e-01
2.198217865079641342e-01 1.609407085925340652e-01 3.519773054867982864e-01 7.346511166542768478e-02 7.085788100957870483e-01 2.508481591939926147e-01 3.587683662772178650e-01 6.432448858395218849e-01
2.198217865079641342e-01 3.956016488373279572e-01 7.313503539189696312e-01 7.346511166542768478e-02 7.085788100957870483e-01 2.508481591939926147e-01 3.587683662772178650e-01 6.432448858395218849e-01
2.198217865079641342e-01 3.956016488373279572e-01 3.519773054867982864e-01 3.153940243646502495e-01 7.085788100957870483e-01 2.508481591939926147e-01 3.587683662772178650e-01 6.432448858395218849e-01
2.198217865079641342e-01 3.956016488373279572e-01 3.519773054867982864e-01 7.346511166542768478e-02 1.156276818364858627e-01 2.508481591939926147e-01 3.587683662772178650e-01 6.432448858395218849e-01
2.198217865079641342e-01 3.956016488373279572e-01 3.519773054867982864e-01 7.346511166542768478e-02 7.085788100957870483e-01 3.779035005718469620e-01 3.587683662772178650e-01 6.432448858395218849e-01
2.198217865079641342e-01 3.956016488373279572e-01 3.519773054867982864e-01 7.346511166542768478e-02 7.085788100957870483e-01 2.508481591939926147e-01 5.263985674828290939e-01 6.432448858395218849e-01
2.198217865079641342e-01 3.956016488373279572e-01 3.519773054867982864e-01 7.346511166542768478e-02 7.085788100957870483e-01 2.508481591939926147e-01 3.587683662772178650e-01 7.447394076734781265e-01
2.198217865079641342e-01 3.956016488373279572e-01 3.519773054867982864e-01 7.346511166542768478e-02 7.085788100957870483e-01 2.508481591939926147e-01 3.587683662772178650e-01 6.432448858395218849e-01
7.768035884946584702e-01 7.382595306262373924e-01 2.750972667708992958e-01 8.325942698866128922e-01 7.615529345348477364e-01 7.934686094522476196e-01 7.582914307713508606e-01 7.904753927141427994e-02
8.972683642059564590e-02 7.382595306262373924e-01 2.750972667708992958e-01 8.325942698866128922e-01 7.615529345348477364e-01 7.934686094522476196e-01 7.582914307713508606e-01 7.904753927141427994e-02
7.768035884946584702e-01 9.820532640442252159e-01 2.750972667708992958e-01 8.325942698866128922e-01 7.615529345348477364e-01 7.934686094522476196e-01 7.582914307713508606e-01 7.904753927141427994e-02
7.768035884946584702e-01 7.382595306262373924e-01 3.309746319428086281e-01 8.325942698866128922e-01 7.615529345348477364e-01 7.934686094522476196e-01 7.582914307713508606e-01 7.904753927141427994e-02
7.768035884946584702e-01 7.382595306262373924e-01 2.750972667708992958e-01 3.362250495702028275e-01 7.615529345348477364e-01 7.934686094522476196e-01 7.582914307713508606e-01 7.904753927141427994e-02
7.768035884946584702e-01 7.382595306262373924e-01 2.750972667708992958e-01 8.325942698866128922e-01 2.525410149246454239e-02 7.934686094522476196e-01 7.582914307713508606e-01 7.904753927141427994e-02
7.768035884946584702e-01 7.382595306262373924e-01 2.750972667708992958e-01 8.325942698866128922e-01 7.615529345348477364e-01 4.021695982664823532e-01 7.582914307713508606e-01 7.904753927141427994e-02
7.768035884946584702e-01 7.382595306262373924e-01 2.750972667708992958e-01 8.325942698866128922e-01 7.615529345348477364e-01 7.934686094522476196e-01 9.621575260534882545e-01 7.904753927141427994e-02
7.768035884946584702e-01 7.382595306262373924e-01 2.750972667708992958e-01 8.325942698866128922e-01 7.615529345348477364e-01 7.934686094522476196e-01 7.582914307713508606e-01 8.078629989176988602e-02
7.768035884946584702e-01 9.820532640442252159e-01 3.309746319428086281e-01 3.362250495702028275e-01 2.525410149246454239e-02 4.021695982664823532e-01 9.621575260534882545e-01 8.078629989176988602e-02
8.972683642059564590e-02 7.382595306262373924e-01 3.309746319428086281e-01 3.362250495702028275e-01 2.525410149246454239e-02 4.021695982664823532e-01 9.621575260534882545e-01 8.078629989176988602e-02
8.972683642059564590e-02 9.820532640442252159e-01 2.750972667708992958e-01 3.362250495702028275e-01 2.525410149246454239e-02 4.021695982664823532e-01 9.621575260534882545e-01 8.078629989176988602e-02
8.972683642059564590e-02 9.820532640442252159e-01 3.309746319428086281e-01 8.325942698866128922e-01 2.525410149246454239e-02 4.021695982664823532e-01 9.621575260534882545e-01 8.078629989176988602e-02
8.972683642059564590e-02 9.820532640442252159e-01 3.309746319428086281e-01 3.362250495702028275e-01 7.615529345348477364e-01 4.021695982664823532e-01 9.621575260534882545e-01 8.078629989176988602e-02
8.972683642059564590e-02 9.820532640442252159e-01 3.309746319428086281e-01 3.362250495702028275e-01 2.525410149246454239e-02 7.934686094522476196e-01 9.621575260534882545e-01 8.078629989176988602e-02
8.972683642059564590e-02 9.820532640442252159e-01 3.309746319428086281e-01 3.362250495702028275e-01 2.525410149246454239e-02 4.021695982664823532e-01 7.582914307713508606e-01 8.078629989176988602e-02
8.972683642059564590e-02 9.820532640442252159e-01 3.309746319428086281e-01 3.362250495702028275e-01 2.525410149246454239e-02 4.021695982664823532e-01 9.621575260534882545e-01 7.904753927141427994e-02
8.972683642059564590e-02 9.820532640442252159e-01 3.309746319428086281e-01 3.362250495702028275e-01 2.525410149246454239e-02 4.021695982664823532e-01 9.621575260534882545e-01 8.078629989176988602e-02
2.828424740582704544e-01 1.428191727027297020e-01 8.196035744622349739e-01 1.388343945145606995e-01 3.573555247858166695e-01 5.530180688947439194e-02 1.037594191730022430e-01 6.887652724981307983e-01
8.451496232300996780e-01 1.428191727027297020e-01 8.196035744622349739e-01 1.388343945145606995e-01 3.573555247858166695e-01 5.530180688947439194e-02 1.037594191730022430e-01 6.887652724981307983e-01
2.828424740582704544e-01 4.527342673391103745e-01 8.196035744622349739e-01 1.388343945145606995e-01 3.573555247858166695e-01 5.530180688947439194e-02 1.037594191730022430e-01 6.887652724981307983e-01
2.828424740582704544e-01 1.428191727027297020e-01 9.145539812743663788e-01 1.388343945145606995e-01 3.573555247858166695e-01 5.530180688947439194e-02 1.037594191730022430e-01 6.887652724981307983e-01
2.828424740582704544e-01 1.428191727027297020e-01 8.196035744622349739e-01 8.476191405206918716e-01 3.573555247858166695e-01 5.530180688947439194e-02 1.037594191730022430e-01 6.887652724981307983e-01
2.828424740582704544e-01 1.428191727027297020e-01 8.196035744622349739e-01 1.388343945145606995e-01 9.681816659867763519e-01 5.530180688947439194e-02 1.037594191730022430e-01 6.887652724981307983e-01
2.828424740582704544e-01 1.428191727027297020e-01 8.196035744622349739e-01 1.388343945145606995e-01 3.573555247858166695e-01 6.622463837265968323e-01 1.037594191730022430e-01 6.887652724981307983e-01
2.828424740582704544e-01 1.428191727027297020e-01 8.196035744622349739e-01 1.388343945145606995e-01 3.573555247858166695e-01 5.530180688947439194e-02 3.916889354586601257e-01 6.887652724981307983e-01
2.828424740582704544e-01 1.428191727027297020e-01 8.196035744622349739e-01 1.388343945145606995e-01 3.573555247858166695e-01 5.530180688947439194e-02 1.037594191730022430e-01 7.952380301430821419e-01
2.828424740582704544e-01 4.527342673391103745e-01 9.145539812743663788e-01 8.476191405206918716e-01 9.681816659867763519e-01 6.622463837265968323e-01 3.916889354586601257e-01 7.952380301430821419e-01
8.451496232300996780e-01 1.428191727027297020e-01 9.145539812743663788e-01 8.476191405206918716e-01 9.681816659867763519e-01 6.622463837265968323e-01 3.916889354586601257e-01 7.952380301430821419e-01
8.451496232300996780e-01 4.527342673391103745e-01 8.196035744622349739e-01 8.476191405206918716e-01 9.681816659867763519e-01 6.622463837265968323e-01 3.916889354586601257e-01 7.952380301430821419e-01
8.451496232300996780e-01 4.527342673391103745e-01 9.145539812743663788e-01 1.388343945145606995e-01 9.681816659867763519e-01 6.622463837265968323e-01 3.916889354586601257e-01 7.952380301430821419e-01
8.451496232300996780e-01 4.527342673391103745e-01 9.145539812743663788e-01 8.476191405206918716e-01 3.573555247858166695e-01 6.622463837265968323e-01 3.916889354586601257e-01 7.952380301430821419e-01
8.451496232300996780e-01 4.527342673391103745e-01 9.145539812743663788e-01 8.476191405206918716e-01 9.681816659867763519e-01 5.530180688947439194e-02 3.916889354586601257e-01 7.952380301430821419e-01
8.451496232300996780e-01 4.527342673391103745e-01 9.145539812743663788e-01 8.476191405206918716e-01 9.681816659867763519e-01 6.622463837265968323e-01 1.037594191730022430e-01 7.952380301430821419e-01
8.451496232300996780e-01 4.527342673391103745e-01 9.145539812743663788e-01 8.476191405206918716e-01 9.681816659867763519e-01 6.622463837265968323e-01 3.916889354586601257e-01 6.887652724981307983e-01
8.451496232300996780e-01 4.527342673391103745e-01 9.145539812743663788e-01 8.476191405206918716e-01 9.681816659867763519e-01 6.622463837265968323e-01 3.916889354586601257e-01 7.952380301430821419e-01
1.976225562393665314e-01 9.724386595189571381e-01 1.775736641138792038e-02 5.815528435632586479e-01 1.855804724618792534e-01 4.277549153193831444e-01 5.694987075403332710e-01 7.730014007538557053e-01
5.102345487102866173e-01 9.724386595189571381e-01 1.775736641138792038e-02 5.815528435632586479e-01 1.855804724618792534e-01 4.277549153193831444e-01 5.694987075403332710e-01 7.730014007538557053e-01
1.976225562393665314e-01 1.828575413674116135e-01 1.775736641138792038e-02 5.815528435632586479e-01 1.855804724618792534e-01 4.277549153193831444e-01 5.694987075403332710e-01 7.730014007538557053e-01
1.976225562393665314e-01 9.724386595189571381e-01 7.156344950199127197e-01 5.815528435632586479e-01 1.855804724618792534e-01 4.277549153193831444e-01 5.694987075403332710e-01 7.730014007538557053e-01
1.976225562393665314e-01 9.724386595189571381e-01 1.775736641138792038e-02 5.563427563756704330e-01 1.855804724618792534e-01 4.277549153193831444e-01 5.694987075403332710e-01 7.730014007538557053e-01
1.976225562393665314e-01 9.724386595189571381e-01 1.775736641138792038e-02 5.815528435632586479e-01 4.420750979334115982e-01 4.277549153193831444e-01 5.694987075403332710e-01 7.730014007538557053e-01
1.976225562393665314e-01 9.724386595189571381e-01 1.775736641138792038e-02 5.815528435632586479e-01 1.855804724618792534e-01 2.943533658981323242e-02 5.694987075403332710e-01 7.730014007538557053e-01
1.976225562393665314e-01 9.724386595189571381e-01 1.775736641138792038e-02 5.815528435632586479e-01 1.855804724618792534e-01 4.277549153193831444e-01 1.653308467939496040e-01 7.730014007538557053e-01
1.976225562393665314e-01 9.724386595189571381e-01 1.775736641138792038e-02 5.815528435632586479e-01 1.855804724618792534e-01 4.277549153193831444e-01 5.694987075403332710e-01 3.875450240448117256e-01
1.976225562393665314e-01 1.828575413674116135e-01 7.156344950199127197e-01 5.563427563756704330e-01 4.420750979334115982e-01 2.943533658981323242e-02 1.653308467939496040e-01 3.875450240448117256e-01
5.102345487102866173e-01 9.724386595189571381e-01 7.156344950199127197e-01 5.563427563756704330e-01 4.420750979334115982e-01 2.943533658981323242e-02 1.653308467939496040e-01 3.875450240448117256e-01
5.102345487102866173e-01 1.828575413674116135e-01 1.775736641138792038e-02 5.563427563756704330e-01 4.420750979334115982e-01 2.943533658981323242e-02 1.653308467939496040e-01 3.875450240448117256e-01
5.102345487102866173e-01 1.828575413674116135e-01 7.156344950199127197e-01 5.815528435632586479e-01 4.420750979334115982e-01 2.943533658981323242e-02 1.653308467939496040e-01 3.875450240448117256e-01
5.102345487102866173e-01 1.828575413674116135e-01 7.156344950199127197e-01 5.563427563756704330e-01 1.855804724618792534e-01 2.943533658981323242e-02 1.653308467939496040e-01 3.875450240448117256e-01
5.102345487102866173e-01 1.828575413674116135e-01 7.156344950199127197e-01 5.563427563756704330e-01 4.420750979334115982e-01 4.277549153193831444e-01 1.653308467939496040e-01 3.875450240448117256e-01
5.102345487102866173e-01 1.828575413674116135e-01 7.156344950199127197e-01 5.563427563756704330e-01 4.420750979334115982e-01 2.943533658981323242e-02 5.694987075403332710e-01 3.875450240448117256e-01
5.102345487102866173e-01 1.828575413674116135e-01 7.156344950199127197e-01 5.563427563756704330e-01 4.420750979334115982e-01 2.943533658981323242e-02 1.653308467939496040e-01 7.730014007538557053e-01
5.102345487102866173e-01 1.828575413674116135e-01 7.156344950199127197e-01 5.563427563756704330e-01 4.420750979334115982e-01 2.943533658981323242e-02 1.653308467939496040e-01 3.875450240448117256e-01
7.349186241626739502e-01 3.769666515290737152e-01 5.750572299584746361e-01 3.840164477005600929e-01 7.111315382644534111e-01 6.583533585071563721e-01 2.865326264873147011e-01 3.810723489150404930e-01
2.978108190000057220e-01 3.769666515290737152e-01 5.750572299584746361e-01 3.840164477005600929e-01 7.111315382644534111e-01 6.583533585071563721e-01 2.865326264873147011e-01 3.810723489150404930e-01
7.349186241626739502e-01 6.496345615014433861e-01 5.750572299584746361e-01 3.840164477005600929e-01 7.111315382644534111e-01 6.583533585071563721e-01 2.865326264873147011e-01 3.810723489150404930e-01
7.349186241626739502e-01 3.769666515290737152e-01 3.773735929280519485e-02 3.840164477005600929e-01 7.111315382644534111e-01 6.583533585071563721e-01 2.865326264873147011e-01 3.810723489150404930e-01
7.349186241626739502e-01 3.769666515290737152e-01 5.750572299584746361e-01 2.001984044909477234e-03 7.111315382644534111e-01 6.583533585071563721e-01 2.865326264873147011e-01 3.810723489150404930e-01
7.349186241626739502e-01 3.769666515290737152e-01 5.750572299584746361e-01 3.840164477005600929e-01 5.020461147651076317e-01 6.583533585071563721e-01 2.865326264873147011e-01 3.810723489150404930e-01
7.349186241626739502e-01 3.769666515290737152e-01 5.750572299584746361e-01 3.840164477005600929e-01 7.111315382644534111e-01 7.849960085004568100e-01 2.865326264873147011e-01 3.810723489150404930e-01
7.349186241626739502e-01 3.769666515290737152e-01 5.750572299584746361e-01 3.840164477005600929e-01 7.111315382644534111e-01 6.583533585071563721e-01 7.201129235327243805e-01 3.810723489150404930e-01
7.349186241626739502e-01 3.769666515290737152e-01 5.750572299584746361e-01 3.840164477005600929e-01 7.111315382644534111e-01 6.583533585071563721e-01 2.865326264873147011e-01 7.345728622749447823e-01
7.349186241626739502e-01 6.496345615014433861e-01 3.773735929280519485e-02 2.001984044909477234e-03 5.020461147651076317e-01 7.849960085004568100e-01 7.201129235327243805e-01 7.345728622749447823e-01
2.978108190000057220e-01 3.769666515290737152e-01 3.773735929280519485e-02 2.001984044909477234e-03 5.020461147651076317e-01 7.849960085004568100e-01 7.201129235327243805e-01 7.345728622749447823e-01
2.978108190000057220e-01 6.496345615014433861e-01 5.750572299584746361e-01 2.001984044909477234e-03 5.020461147651076317e-01 7.849960085004568100e-01 7.201129235327243805e-01 7.345728622749447823e-01
2.978108190000057220e-01 6.496345615014433861e-01 3.773735929280519485e-02 3.840164477005600929e-01 5.020461147651076317e-01 7.849960085004568100e-01 7.201129235327243805e-01 7.345728622749447823e-01
2.978108190000057220e-01 6.496345615014433861e-01 3.773735929280519485e-02 2.001984044909477234e-03 7.111315382644534111e-01 7.849960085004568100e-01 7.201129235327243805e-01 7.345728622749447823e-01
2.978108190000057220e-01 6.496345615014433861e-01 3.773735929280519485e-02 2.001984044909477234e-03 5.020461147651076317e-01 6.583533585071563721e-01 7.201129235327243805e-01 7.345728622749447823e-01
2.978108190000057220e-01 6.496345615014433861e-01 3.773735929280519485e-02 2.001984044909477234e-03 5.020461147651076317e-01 7.849960085004568100e-01 2.865326264873147011e-01 7.345728622749447823e-01
2.978108190000057220e-01 6.496345615014433861e-01 3.773735929280519485e-02 2.001984044909477234e-03 5.020461147651076317e-01 7.849960085004568100e-01 7.201129235327243805e-01 3.810723489150404930e-01
2.978108190000057220e-01 6.496345615014433861e-01 3.773735929280519485e-02 2.001984044909477234e-03 5.020461147651076317e-01 7.849960085004568100e-01 7.201129235327243805e-01 7.345728622749447823e-01
5.199605170637369156e-01 8.582607461139559746e-01 9.570910958573222160e-01 2.620109589770436287e-01 5.979996770620346069e-01 9.165829261764883995e-01 7.328041484579443932e-01 9.647076716646552086e-01
6.323903053998947144e-01 8.582607461139559746e-01 9.570910958573222160e-01 2.620109589770436287e-01 5.979996770620346069e-01 9.165829261764883995e-01 7.328041484579443932e-01 9.647076716646552086e-01
5.199605170637369156e-01 2.537247212603688240e-01 9.570910958573222160e-01 2.620109589770436287e-01 5.979996770620346069e-01 9.165829261764883995e-01 7.328041484579443932e-01 9.647076716646552086e-01
5.199605170637369156e-01 8.582607461139559746e-01 5.834716381505131721e-01 2.620109589770436287e-01 5.979996770620346069e-01 9.165829261764883995e-01 7.328041484579443932e-01 9.647076716646552086e-01
5.199605170637369156e-01 8.582607461139559746e-01 9.570910958573222160e-01 1.363292299211025238e-01 5.979996770620346069e-01 9.165829261764883995e-01 7.328041484579443932e-01 9.647076716646552086e-01
5.199605170637369156e-01 8.582607461139559746e-01 9.570910958573222160e-01 2.620109589770436287e-01 3.169166343286633492e-01 9.165829261764883995e-01 7.328041484579443932e-01 9.647076716646552086e-01
5.199605170637369156e-01 8.582607461139559746e-01 9.570910958573222160e-01 2.620109589770436287e-01 5.979996770620346069e-01 6.132073858752846718e-01 7.328041484579443932e-01 9.647076716646552086e-01
5.199605170637369156e-01 8.582607461139559746e-01 9.570910958573222160e-01 2.620109589770436287e-01 5.979996770620346069e-01 9.165829261764883995e-01 5.575141748413443565e-01 9.647076716646552086e-01
5.199605170637369156e-01 8.582607461139559746e-01 9.570910958573222160e-01 2.620109589770436287e-01 5.979996770620346069e-01 9.165829261764883995e-01 7.328041484579443932e-01 5.387038365006446838e-01
5.199605170637369156e-01 2.537247212603688240e-01 5.834716381505131721e-01 1.363292299211025238e-01 3.169166343286633492e-01 6.132073858752846718e-01 5.575141748413443565e-01 5.387038365006446838e-01
6.323903053998947144e-01 8.582607461139559746e-01 5.834716381505131721e-01 1.363292299211025238e-01 3.169166343286633492e-01 6.132073858752846718e-01 5.575141748413443565e-01 5.387038365006446838e-01
6.323903053998947144e-01 2.537247212603688240e-01 9.570910958573222160e-01 1.363292299211025238e-01 3.169166343286633492e-01 6.132073858752846718e-01 5.575141748413443565e-01 5.387038365006446838e-01
6.323903053998947144e-01 2.537247212603688240e-01 5.834716381505131721e-01 2.620109589770436287e-01 3.169166343286633492e-01 6.132073858752846718e-01 5.575141748413443565e-01 5.387038365006446838e-01
6.323903053998947144e-01 2.537247212603688240e-01 5.834716381505131721e-01 1.363292299211025238e-01 5.979996770620346069e-01 6.132073858752846718e-01 5.575141748413443565e-01 5.387038365006446838e-01
6.323903053998947144e-01 2.537247212603688240e-01 5.834716381505131721e-01 1.363292299211025238e-01 3.169166343286633492e-01 9.165829261764883995e-01 5.575141748413443565e-01 5.387038365006446838e-01
6.323903053998947144e-01 2.537247212603688240e-01 5.834716381505131721e-01 1.363292299211025238e-01 3.169166343286633492e-01 6.132073858752846718e-01 7.328041484579443932e-01 5.387038365006446838e-01
6.323903053998947144e-01 2.537247212603688240e-01 5.834716381505131721e-01 1.363292299211025238e-01 3.169166343286633492e-01 6.132073858752846718e-01 5.575141748413443565e-01 9.647076716646552086e-01
6.323903053998947144e-01 2.537247212603688240e-01 5.834716381505131721e-01 1.363292299211025238e-01 3.169166343286633492e-01 6.132073858752846718e-01 5.575141748413443565e-01 5.387038365006446838e-01
4.554588906466960907e-02 2.647651685401797295e-01 3.857212355360388756e-01 7.099211951717734337e-01 2.319633960723876953e-03 1.862438693642616272e-01 3.868649257346987724e-01 3.226553555577993393e-01
4.346883026883006096e-01 2.647651685401797295e-01 3.857212355360388756e-01 7.099211951717734337e-01 2.319633960723876953e-03 1.862438693642616272e-01 3.868649257346987724e-01 3.226553555577993393e-01
4.554588906466960907e-02 7.830453701317310333e-01 3.857212355360388756e-01 7.099211951717734337e-01 2.319633960723876953e-03 1.862438693642616272e-01 3.868649257346987724e-01 3.226553555577993393e-01
4.554588906466960907e-02 2.647651685401797295e-01 1.709681078791618347e-01 7.099211951717734337e-01 2.319633960723876953e-03 1.862438693642616272e-01 3.868649257346987724e-01 3.226553555577993393e-01
4.554588906466960907e-02 2.647651685401797295e-01 3.857212355360388756e-01 6.720152981579303741e-01 2.319633960723876953e-03 1.862438693642616272e-01 3.868649257346987724e-01 3.226553555577993393e-01
4.554588906466960907e-02 2.647651685401797295e-01 3.857212355360388756e-01 7.099211951717734337e-01 6.271476522088050842e-01 1.862438693642616272e-01 3.868649257346987724e-01 3.226553555577993393e-01
4.554588906466960907e-02 2.647651685401797295e-01 3.857212355360388756e-01 7.099211951717734337e-01 2.319633960723876953e-03 3.262827610597014427e-01 3.868649257346987724e-01 3.226553555577993393e-01
4.554588906466960907e-02 2.647651685401797295e-01 3.857212355360388756e-01 7.099211951717734337e-01 2.319633960723876953e-03 1.862438693642616272e-01 1.121131759136915207e-01 3.226553555577993393e-01
4.554588906466960907e-02 2.647651685401797295e-01 3.857212355360388756e-01 7.099211951717734337e-01 2.319633960723876953e-03 1.862438693642616272e-01 3.868649257346987724e-01 3.391523137688636780e-01
4.554588906466960907e-02 7.830453701317310333e-01 1.709681078791618347e-01 6.720152981579303741e-01 6.271476522088050842e-01 3.262827610597014427e-01 1.121131759136915207e-01 3.391523137688636780e-01
4.346883026883006096e-01 2.647651685401797295e-01 1.709681078791618347e-01 6.720152981579303741e-01 6.271476522088050842e-01 3.262827610597014427e-01 1.121131759136915207e-01 3.391523137688636780e-01
4.346883026883006096e-01 7.830453701317310333e-01 3.857212355360388756e-01 6.720152981579303741e-01 6.271476522088050842e-01 3.262827610597014427e-01 1.121131759136915207e-01 3.391523137688636780e-01
4.346883026883006096e-01 7.830453701317310333e-01 1.709681078791618347e-01 7.099211951717734337e-01 6.271476522088050842e-01 3.262827610597014427e-01 1.121131759136915207e-01 3.391523137688636780e-01
4.346883026883006096e-01 7.830453701317310333e-01 1.709681078791618347e-01 6.720152981579303741e-01 2.319633960723876953e-03 3.262827610597014427e-01 1.121131759136915207e-01 3.391523137688636780e-01
4.346883026883006096e-01 7.830453701317310333e-01 1.709681078791618347e-01 6.720152981579303741e-01 6.271476522088050842e-01 1.862438693642616272e-01 1.121131759136915207e-01 3.391523137688636780e-01
4.346883026883006096e-01 7.830453701317310333e-01 1.709681078791618347e-01 6.720152981579303741e-01 6.271476522088050842e-01 3.262827610597014427e-01 3.868649257346987724e-01 3.391523137688636780e-01
4.346883026883006096e-01 7.830453701317310333e-01 1.709681078791618347e-01 6.720152981579303741e-01 6.271476522088050842e-01 3.262827610597014427e-01 1.121131759136915207e-01 3.226553555577993393e-01
4.346883026883006096e-01 7.830453701317310333e-01 1.709681078791618347e-01 6.720152981579303741e-01 6.271476522088050842e-01 3.262827610597014427e-01 1.121131759136915207e-01 3.391523137688636780e-01
4.427468851208686829e-01 6.239294409751892090e-01 7.183316582813858986e-01 1.109923049807548523e-02 4.546137135475873947e-01 2.969469651579856873e-01 9.074213821440935135e-01 1.529547050595283508e-01
2.090259473770856857e-01 6.239294409751892090e-01 7.183316582813858986e-01 1.109923049807548523e-02 4.546137135475873947e-01 2.969469651579856873e-01 9.074213821440935135e-01 1.529547050595283508e-01
4.427468851208686829e-01 5.834358744323253632e-01 7.183316582813858986e-01 1.109923049807548523e-02 4.546137135475873947e-01 2.969469651579856873e-01 9.074213821440935135e-01 1.529547050595283508e-01
4.427468851208686829e-01 6.239294409751892090e-01 4.642252810299396515e-01 1.109923049807548523e-02 4.546137135475873947e-01 2.969469651579856873e-01 9.074213821440935135e-01 1.529547050595283508e-01
4.427468851208686829e-01 6.239294409751892090e-01 7.183316582813858986e-01 9.788948372006416321e-01 4.546137135475873947e-01 2.969469651579856873e-01 9.074213821440935135e-01 1.529547050595283508e-01
4.427468851208686829e-01 6.239294409751892090e-01 7.183316582813858986e-01 1.109923049807548523e-02 1.503549944609403610e-01 2.969469651579856873e-01 9.074213821440935135e-01 1.529547050595283508e-01
4.427468851208686829e-01 6.239294409751892090e-01 7.183316582813858986e-01 1.109923049807548523e-02 4.546137135475873947e-01 9.903362980112433434e-01 9.074213821440935135e-01 1.529547050595283508e-01
4.427468851208686829e-01 6.239294409751892090e-01 7.183316582813858986e-01 1.109923049807548523e-02 4.546137135475873947e-01 2.969469651579856873e-01 3.228428540751338005e-01 1.529547050595283508e-01
4.427468851208686829e-01 6.239294409751892090e-01 7.183316582813858986e-01 1.109923049807548523e-02 4.546137135475873947e-01 2.969469651579856873e-01 9.074213821440935135e-01 9.938994050025939941e-01
4.427468851208686829e-01 5.834358744323253632e-01 4.642252810299396515e-01 9.788948372006416321e-01 1.503549944609403610e-01 9.903362980112433434e-01 3.228428540751338005e-01 9.938994050025939941e-01
2.090259473770856857e-01 6.239294409751892090e-01 4.642252810299396515e-01 9.788948372006416321e-01 1.503549944609403610e-01 9.903362980112433434e-01 3.228428540751338005e-01 9.938994050025939941e-01
2.090259473770856857e-01 5.834358744323253632e-01 7.183316582813858986e-01 9.788948372006416321e-01 1.503549944609403610e-01 9.903362980112433434e-01 3.228428540751338005e-01 9.938994050025939941e-01
2.090259473770856857e-01 5.834358744323253632e-01 4.642252810299396515e-01 1.109923049807548523e-02 1.503549944609403610e-01 9.903362980112433434e-01 3.228428540751338005e-01 9.938994050025939941e-01
2.090259473770856857e-01 5.834358744323253632e-01 4.642252810299396515e-01 9.788948372006416321e-01 4.546137135475873947e-01 9.903362980112433434e-01 3.228428540751338005e-01 9.938994050025939941e-01
2.090259473770856857e-01 5.834358744323253632e-01 4.642252810299396515e-01 9.788948372006416321e-01 1.503549944609403610e-01 2.969469651579856873e-01 3.228428540751338005e-01 9.938994050025939941e-01
2.090259473770856857e-01 5.834358744323253632e-01 4.642252810299396515e-01 9.788948372006416321e-01 1.503549944609403610e-01 9.903362980112433434e-01 9.074213821440935135e-01 9.938994050025939941e-01
2.090259473770856857e-01 5.834358744323253632e-01 4.642252810299396515e-01 9.788948372006416321e-01 1.503549944609403610e-01 9.903362980112433434e-01 3.228428540751338005e-01 1.529547050595283508e-01
2.090259473770856857e-01 5.834358744323253632e-01 4.642252810299396515e-01 9.788948372006416321e-01 1.503549944609403610e-01 9.903362980112433434e-01 3.228428540751338005e-01 9.938994050025939941e-01
9.995589815080165863e-01 3.040364384651184082e-02 1.263709710910916328e-01 9.549735467880964279e-01 9.294293355196714401e-01 5.353426625952124596e-01 1.908625122159719467e-01 5.127957025542855263e-01
9.809774281457066536e-01 3.040364384651184082e-02 1.263709710910916328e-01 9.549735467880964279e-01 9.294293355196714401e-01 5.353426625952124596e-01 1.908625122159719467e-01 5.127957025542855263e-01
9.995589815080165863e-01 1.166648017242550850e-01 1.263709710910916328e-01 9.549735467880964279e-01 9.294293355196714401e-01 5.353426625952124596e-01 1.908625122159719467e-01 5.127957025542855263e-01
9.995589815080165863e-01 3.040364384651184082e-02 7.824327060952782631e-01 9.549735467880964279e-01 9.294293355196714401e-01 5.353426625952124596e-01 1.908625122159719467e-01 5.127957025542855263e-01
9.995589815080165863e-01 3.040364384651184082e-02 1.263709710910916328e-01 4.549495577812194824e-01 9.294293355196714401e-01 5.353426625952124596e-01 1.908625122159719467e-01 5.127957025542855263e-01
9.995589815080165863e-01 3.040364384651184082e-02 1.263709710910916328e-01 9.549735467880964279e-01 8.430237350985407829e-01 5.353426625952124596e-01 1.908625122159719467e-01 5.127957025542855263e-01
9.995589815080165863e-01 3.040364384651184082e-02 1.263709710910916328e-01 9.549735467880964279e-01 9.294293355196714401e-01 1.991387242451310158e-01 1.908625122159719467e-01 5.127957025542855263e-01
9.995589815080165863e-01 3.040364384651184082e-02 1.263709710910916328e-01 9.549735467880964279e-01 9.294293355196714401e-01 5.353426625952124596e-01 7.526794094592332840e-01 5.127957025542855263e-01
9.995589815080165863e-01 3.040364384651184082e-02 1.263709710910916328e-01 9.549735467880964279e-01 9.294293355196714401e-01 5.353426625952124596e-01 1.908625122159719467e-01 1.300487518310546875e-01
9.995589815080165863e-01 1.166648017242550850e-01 7.824327060952782631e-01 4.549495577812194824e-01 8.430237350985407829e-01 1.991387242451310158e-01 7.526794094592332840e-01 1.300487518310546875e-01
9.809774281457066536e-01 3.040364384651184082e-02 7.824327060952782631e-01 4.549495577812194824e-01 8.430237350985407829e-01 1.991387242451310158e-01 7.526794094592332840e-01 1.300487518310546875e-01
9.809774281457066536e-01 1.166648017242550850e-01 1.263709710910916328e-01 4.549495577812194824e-01 8.430237350985407829e-01 1.991387242451310158e-01 7.526794094592332840e-01 1.300487518310546875e-01
9.809774281457066536e-01 1.166648017242550850e-01 7.824327060952782631e-01 9.549735467880964279e-01 8.430237350985407829e-01 1.991387242451310158e-01 7.526794094592332840e-01 1.300487518310546875e-01
9.809774281457066536e-01 1.166648017242550850e-01 7.824327060952782631e-01 4.549495577812194824e-01 9.294293355196714401e-01 1.991387242451310158e-01 7.526794094592332840e-01 1.300487518310546875e-01
9.809774281457066536e-01 1.166648017242550850e-01 7.824327060952782631e-01 4.549495577812194824e-01 8.430237350985407829e-01 5.353426625952124596e-01 7.526794094592332840e-01 1.300487518310546875e-01
9.809774281457066536e-01 1.166648017242550850e-01 7.824327060952782631e-01 4.549495577812194824e-01 8.430237350985407829e-01 1.991387242451310158e-01 1.908625122159719467e-01 1.300487518310546875e-01
9.809774281457066536e-01 1.166648017242550850e-01 7.824327060952782631e-01 4.549495577812194824e-01 8.430237350985407829e-01 1.991387242451310158e-01 7.526794094592332840e-01 5.127957025542855263e-01
9.809774281457066536e-01 1.166648017242550850e-01 7.824327060952782631e-01 4.549495577812194824e-01 8.430237350985407829e-01 1.991387242451310158e-01 7.526794094592332840e-01 1.300487518310546875e-01
8.877246985211968422e-01 8.781632902100682259e-01 6.557866772636771202e-01 6.564847547560930252e-01 2.858734689652919769e-01 7.357292985543608665e-01 6.515306588262319565e-01 8.824800942093133926e-01
7.032072441652417183e-01 8.781632902100682259e-01 6.557866772636771202e-01 6.564847547560930252e-01 2.858734689652919769e-01 7.357292985543608665e-01 6.515306588262319565e-01 8.824800942093133926e-01
8.877246985211968422e-01 7.454283442348241806e-01 6.557866772636771202e-01 6.564847547560930252e-01 2.858734689652919769e-01 7.357292985543608665e-01 6.515306588262319565e-01 8.824800942093133926e-01
8.877246985211968422e-01 8.781632902100682259e-01 8.652457380667328835e-01 6.564847547560930252e-01 2.858734689652919769e-01 7.357292985543608665e-01 6.515306588262319565e-01 8.824800942093133926e-01
8.877246985211968422e-01 8.781632902100682259e-01 6.557866772636771202e-01 2.951336158439517021e-01 2.858734689652919769e-01 7.357292985543608665e-01 6.515306588262319565e-01 8.824800942093133926e-01
8.877246985211968422e-01 8.781632902100682259e-01 6.557866772636771202e-01 6.564847547560930252e-01 7.338829115033149719e-01 7.357292985543608665e-01 6.515306588262319565e-01 8.824800942093133926e-01
8.877246985211968422e-01 8.781632902100682259e-01 6.557866772636771202e-01 6.564847547560930252e-01 2.858734689652919769e-01 8.982956269755959511e-01 6.515306588262319565e-01 8.824800942093133926e-01
8.877246985211968422e-01 8.781632902100682259e-01 6.557866772636771202e-01 6.564847547560930252e-01 2.858734689652919769e-01 7.357292985543608665e-01 2.285258499905467033e-01 8.824800942093133926e-01
8.877246985211968422e-01 8.781632902100682259e-01 6.557866772636771202e-01 6.564847547560930252e-01 2.858734689652919769e-01 7.357292985543608665e-01 6.515306588262319565e-01 6.037547560408711433e-01
8.877246985211968422e-01 7.454283442348241806e-01 8.652457380667328835e-01 2.951336158439517021e-01 7.338829115033149719e-01 8.982956269755959511e-01 2.285258499905467033e-01 6.037547560408711433e-01
7.032072441652417183e-01 8.781632902100682259e-01 8.652457380667328835e-01 2.951336158439517021e-01 7.338829115033149719e-01 8.982956269755959511e-01 2.285258499905467033e-01 6.037547560408711433e-01
7.032072441652417183e-01 7.454283442348241806e-01 6.557866772636771202e-01 2.951336158439517021e-01 7.338829115033149719e-01 8.982956269755959511e-01 2.285258499905467033e-01 6.037547560408711433e-01
7.032072441652417183e-01 7.454283442348241806e-01 8.652457380667328835e-01 6.564847547560930252e-01 7.338829115033149719e-01 8.982956269755959511e-01 2.285258499905467033e-01 6.037547560408711433e-01
7.032072441652417183e-01 7.454283442348241806e-01 8.652457380667328835e-01 2.951336158439517021e-01 2.858734689652919769e-01 8.982956269755959511e-01 2.285258499905467033e-01 6.037547560408711433e-01
7.032072441652417183e-01 7.454283442348241806e-01 8.652457380667328835e-01 2.951336158439517021e-01 7.338829115033149719e-01 7.357292985543608665e-01 2.285258499905467033e-01 6.037547560408711433e-01
7.032072441652417183e-01 7.454283442348241806e-01 8.652457380667328835e-01 2.951336158439517021e-01 7.338829115033149719e-01 8.982956269755959511e-01 6.515306588262319565e-01 6.037547560408711433e-01
7.032072441652417183e-01 7.454283442348241806e-01 8.652457380667328835e-01 2.951336158439517021e-01 7.338829115033149719e-01 8.982956269755959511e-01 2.285258499905467033e-01 8.824800942093133926e-01
7.032072441652417183e-01 7.454283442348241806e-01 8.652457380667328835e-01 2.951336158439517021e-01 7.338829115033149719e-01 8.982956269755959511e-01 2.285258499905467033e-01 6.037547560408711433e-01
4.295221464708447456e-01 4.716501655057072639e-01 1.889180419966578484e-01 3.696461766958236694e-01 8.149645440280437469e-01 4.738808423280715942e-01 4.935636240988969803e-01 2.715555010363459587e-01
4.791038390249013901e-01 4.716501655057072639e-01 1.889180419966578484e-01 3.696461766958236694e-01 8.149645440280437469e-01 4.738808423280715942e-01 4.935636240988969803e-01 2.715555010363459587e-01
4.295221464708447456e-01 2.122473409399390221e-01 1.889180419966578484e-01 3.696461766958236694e-01 8.149645440280437469e-01 4.738808423280715942e-01 4.935636240988969803e-01 2.715555010363459587e-01
4.295221464708447456e-01 4.716501655057072639e-01 3.871200047433376312e-01 3.696461766958236694e-01 8.149645440280437469e-01 4.738808423280715942e-01 4.935636240988969803e-01 2.715555010363459587e-01
4.295221464708447456e-01 4.716501655057072639e-01 1.889180419966578484e-01 7.710367022082209587e-01 8.149645440280437469e-01 4.738808423280715942e-01 4.935636240988969803e-01 2.715555010363459587e-01
4.295221464708447456e-01 4.716501655057072639e-01 1.889180419966578484e-01 3.696461766958236694e-01 2.908027963712811470e-01 4.738808423280715942e-01 4.935636240988969803e-01 2.715555010363459587e-01
4.295221464708447456e-01 4.716501655057072639e-01 1.889180419966578484e-01 3.696461766958236694e-01 8.149645440280437469e-01 1.661815261468291283e-01 4.935636240988969803e-01 2.715555010363459587e-01
4.295221464708447456e-01 4.716501655057072639e-01 1.889180419966578484e-01 3.696461766958236694e-01 8.149645440280437469e-01 4.738808423280715942e-01 6.583694685250520706e-01 2.715555010363459587e-01
4.295221464708447456e-01 4.716501655057072639e-01 1.889180419966578484e-01 3.696461766958236694e-01 8.149645440280437469e-01 4.738808423280715942e-01 4.935636240988969803e-01 2.723004193976521492e-01
4.295221464708447456e-01 2.122473409399390221e-01 3.871200047433376312e-01 7.710367022082209587e-01 2.908027963712811470e-01 1.661815261468291283e-01 6.583694685250520706e-01 2.723004193976521492e-01
4.791038390249013901e-01 4.716501655057072639e-01 3.871200047433376312e-01 7.710367022082209587e-01 2.908027963712811470e-01 1.661815261468291283e-01 6.583694685250520706e-01 2.723004193976521492e-01
4.791038390249013901e-01 2.122473409399390221e-01 1.889180419966578484e-01 7.710367022082209587e-01 2.908027963712811470e-01 1.661815261468291283e-01 6.583694685250520706e-01 2.723004193976521492e-01
4.791038390249013901e-01 2.122473409399390221e-01 3.871200047433376312e-01 3.696461766958236694e-01 2.908027963712811470e-01 1.661815261468291283e-01 6.583694685250520706e-01 2.723004193976521492e-01
4.791038390249013901e-01 2.122473409399390221e-01 3.871200047433376312e-01 7.710367022082209587e-01 8.149645440280437469e-01 1.661815261468291283e-01 6.583694685250520706e-01 2.723004193976521492e-01
4.791038390249013901e-01 2.122473409399390221e-01 3.871200047433376312e-01 7.710367022082209587e-01 2.908027963712811470e-01 4.738808423280715942e-01 6.583694685250520706e-01 2.723004193976521492e-01
4.791038390249013901e-01 2.122473409399390221e-01 3.871200047433376312e-01 7.710367022082209587e-01 2.908027963712811470e-01 1.661815261468291283e-01 4.935636240988969803e-01 2.723004193976521492e-01
4.791038390249013901e-01 2.122473409399390221e-01 3.871200047433376312e-01 7.710367022082209587e-01 2.908027963712811470e-01 1.661815261468291283e-01 6.583694685250520706e-01 2.715555010363459587e-01
4.791038390249013901e-01 2.122473409399390221e-01 3.871200047433376312e-01 7.710367022082209587e-01 2.908027963712811470e-01 1.661815261468291283e-01 6.583694685250520706e-01 2.723004193976521492e-01
8.999733906239271164e-02 6.435605194419622421e-01 8.946359055116772652e-01 9.132558582350611687e-01 6.419688034802675247e-01 1.053673923015594482e-01 9.575118673965334892e-01 1.883112164214253426e-01
1.265191091224551201e-01 6.435605194419622421e-01 8.946359055116772652e-01 9.132558582350611687e-01 6.419688034802675247e-01 1.053673923015594482e-01 9.575118673965334892e-01 1.883112164214253426e-01
8.999733906239271164e-02 4.198677306994795799e-01 8.946359055116772652e-01 9.132558582350611687e-01 6.419688034802675247e-01 1.053673923015594482e-01 9.575118673965334892e-01 1.883112164214253426e-01
8.999733906239271164e-02 6.435605194419622421e-01 2.423351258039474487e-01 9.132558582350611687e-01 6.419688034802675247e-01 1.053673923015594482e-01 9.575118673965334892e-01 1.883112164214253426e-01
8.999733906239271164e-02 6.435605194419622421e-01 8.946359055116772652e-01 5.779306134209036827e-01 6.419688034802675247e-01 1.053673923015594482e-01 9.575118673965334892e-01 1.883112164214253426e-01
8.999733906239271164e-02 6.435605194419622421e-01 8.946359055116772652e-01 9.132558582350611687e-01 7.988753793761134148e-01 1.053673923015594482e-01 9.575118673965334892e-01 1.883112164214253426e-01
8.999733906239271164e-02 6.435605194419622421e-01 8.946359055116772652e-01 9.132558582350611687e-01 6.419688034802675247e-01 5.177492490038275719e-01 9.575118673965334892e-01 1.883112164214253426e-01
8.999733906239271164e-02 6.435605194419622421e-01 8.946359055116772652e-01 9.132558582350611687e-01 6.419688034802675247e-01 1.053673923015594482e-01 9.008217146620154381e-01 1.883112164214253426e-01
8.999733906239271164e-02 6.435605194419622421e-01 8.946359055116772652e-01 9.132558582350611687e-01 6.419688034802675247e-01 1.053673923015594482e-01 9.575118673965334892e-01 9.261458115652203560e-01
8.999733906239271164e-02 4.198677306994795799e-01 2.423351258039474487e-01 5.779306134209036827e-01 7.988753793761134148e-01 5.177492490038275719e-01 9.008217146620154381e-01 9.261458115652203560e-01
1.265191091224551201e-01 6.435605194419622421e-01 2.423351258039474487e-01 5.779306134209036827e-01 7.988753793761134148e-01 5.177492490038275719e-01 9.008217146620154381e-01 9.261458115652203560e-01
1.265191091224551201e-01 4.198677306994795799e-01 8.946359055116772652e-01 5.779306134209036827e-01 7.988753793761134148e-01 5.177492490038275719e-01 9.008217146620154381e-01 9.261458115652203560e-01
1.265191091224551201e-01 4.198677306994795799e-01 2.423351258039474487e-01 9.132558582350611687e-01 7.988753793761134148e-01 5.177492490038275719e-01 9.008217146620154381e-01 9.261458115652203560e-01
1.265191091224551201e-01 4.198677306994795799e-01 2.423351258039474487e-01 5.779306134209036827e-01 6.419688034802675247e-01 5.177492490038275719e-01 9.008217146620154381e-01 9.261458115652203560e-01
1.265191091224551201e-01 4.198677306994795799e-01 2.423351258039474487e-01 5.779306134209036827e-01 7.988753793761134148e-01 1.053673923015594482e-01 9.008217146620154381e-01 9.261458115652203560e-01
1.265191091224551201e-01 4.198677306994795799e-01 2.423351258039474487e-01 5.779306134209036827e-01 7.988753793761134148e-01 5.177492490038275719e-01 9.575118673965334892e-01 9.261458115652203560e-01
1.265191091224551201e-01 4.198677306994795799e-01 2.423351258039474487e-01 5.779306134209036827e-01 7.988753793761134148e-01 5.177492490038275719e-01 9.008217146620154381e-01 1.883112164214253426e-01
1.265191091224551201e-01 4.198677306994795799e-01 2.423351258039474487e-01 5.779306134209036827e-01 7.988753793761134148e-01 5.177492490038275719e-01 9.008217146620154381e-01 9.261458115652203560e-01
6.005680626258254051e-01 2.370795216411352158e-01 4.481749320402741432e-01 1.226407000795006752e-01 2.415555436164140701e-01 8.747842079028487206e-01 1.779769947752356529e-01 5.795244909822940826e-01
9.326229766011238098e-01 2.370795216411352158e-01 4.481749320402741432e-01 1.226407000795006752e-01 2.415555436164140701e-01 8.747842079028487206e-01 1.779769947752356529e-01 5.795244909822940826e-01
6.005680626258254051e-01 8.905907105654478073e-01 4.481749320402741432e-01 1.226407000795006752e-01 2.415555436164140701e-01 8.747842079028487206e-01 1.779769947752356529e-01 5.795244909822940826e-01
6.005680626258254051e-01 2.370795216411352158e-01 5.022483812645077705e-01 1.226407000795006752e-01 2.415555436164140701e-01 8.747842079028487206e-01 1.779769947752356529e-01 5.795244909822940826e-01
6.005680626258254051e-01 2.370795216411352158e-01 4.481749320402741432e-01 1.137091880664229393e-01 2.415555436164140701e-01 8.747842079028487206e-01 1.779769947752356529e-01 5.795244909822940826e-01
6.005680626258254051e-01 2.370795216411352158e-01 4.481749320402741432e-01 1.226407000795006752e-01 2.389958929270505905e-01 8.747842079028487206e-01 1.779769947752356529e-01 5.795244909822940826e-01
6.005680626258254051e-01 2.370795216411352158e-01 4.481749320402741432e-01 1.226407000795006752e-01 2.415555436164140701e-01 2.967430585995316505e-01 1.779769947752356529e-01 5.795244909822940826e-01
6.005680626258254051e-01 2.370795216411352158e-01 4.481749320402741432e-01 1.226407000795006752e-01 2.415555436164140701e-01 8.747842079028487206e-01 4.554146062582731247e-01 5.795244909822940826e-01
6.005680626258254051e-01 2.370795216411352158e-01 4.481749320402741432e-01 1.226407000795006752e-01 2.415555436164140701e-01 8.747842079028487206e-01 1.779769947752356529e-01 1.960023241117596626e-01
6.005680626258254051e-01 8.905907105654478073e-01 5.022483812645077705e-01 1.137091880664229393e-01 2.389958929270505905e-01 2.967430585995316505e-01 4.554146062582731247e-01 1.960023241117596626e-01
9.326229766011238098e-01 2.370795216411352158e-01 5.022483812645077705e-01 1.137091880664229393e-01 2.389958929270505905e-01 2.967430585995316505e-01 4.554146062582731247e-01 1.960023241117596626e-01
9.326229766011238098e-01 8.905907105654478073e-01 4.481749320402741432e-01 1.137091880664229393e-01 2.389958929270505905e-01 2.967430585995316505e-01 4.554146062582731247e-01 1.960023241117596626e-01
9.326229766011238098e-01 8.905907105654478073e-01 5.022483812645077705e-01 1.226407000795006752e-01 2.389958929270505905e-01 2.967430585995316505e-01 4.554146062582731247e-01 1.960023241117596626e-01
9.326229766011238098e-01 8.905907105654478073e-01 5.022483812645077705e-01 1.137091880664229393e-01 2.415555436164140701e-01 2.967430585995316505e-01 4.554146062582731247e-01 1.960023241117596626e-01
9.326229766011238098e-01 8.905907105654478073e-01 5.022483812645077705e-01 1.137091880664229393e-01 2.389958929270505905e-01 8.747842079028487206e-01 4.554146062582731247e-01 1.960023241117596626e-01
9.326229766011238098e-01 8.905907105654478073e-01 5.022483812645077705e-01 1.137091880664229393e-01 2.389958929270505905e-01 2.967430585995316505e-01 1.779769947752356529e-01 1.960023241117596626e-01
9.326229766011238098e-01 8.905907105654478073e-01 5.022483812645077705e-01 1.137091880664229393e-01 2.389958929270505905e-01 2.967430585995316505e-01 4.554146062582731247e-01 5.795244909822940826e-01
9.326229766011238098e-01 8.905907105654478073e-01 5.022483812645077705e-01 1.137091880664229393e-01 2.389958929270505905e-01 2.967430585995316505e-01 4.554146062582731247e-01 1.960023241117596626e-01
6.269734771922230721e-01 5.294059077277779579e-01 8.029991108924150467e-02 2.430515931919217110e-01 7.343501690775156021e-02 6.166562214493751526e-01 8.722663382068276405e-01 1.222744211554527283e-02
1.210603490471839905e-02 5.294059077277779579e-01 8.029991108924150467e-02 2.430515931919217110e-01 7.343501690775156021e-02 6.166562214493751526e-01 8.722663382068276405e-01 1.222744211554527283e-02
6.269734771922230721e-01 2.062473073601722717e-02 8.029991108924150467e-02 2.430515931919217110e-01 7.343501690775156021e-02 6.166562214493751526e-01 8.722663382068276405e-01 1.222744211554527283e-02
6.269734771922230721e-01 5.294059077277779579e-01 1.109025450423359871e-01 2.430515931919217110e-01 7.343501690775156021e-02 6.166562214493751526e-01 8.722663382068276405e-01 1.222744211554527283e-02
6.269734771922230721e-01 5.294059077277779579e-01 8.029991108924150467e-02 2.479439275339245796e-01 7.343501690775156021e-02 6.166562214493751526e-01 8.722663382068276405e-01 1.222744211554527283e-02
6.269734771922230721e-01 5.294059077277779579e-01 8.029991108924150467e-02 2.430515931919217110e-01 9.239768646657466888e-01 6.166562214493751526e-01 8.722663382068276405e-01 1.222744211554527283e-02
6.269734771922230721e-01 5.294059077277779579e-01 8.029991108924150467e-02 2.430515931919217110e-01 7.343501690775156021e-02 1.248939763754606247e-01 8.722663382068276405e-01 1.222744211554527283e-02
6.269734771922230721e-01 5.294059077277779579e-01 8.029991108924150467e-02 2.430515931919217110e-01 7.343501690775156021e-02 6.166562214493751526e-01 2.596187936142086983e-01 1.222744211554527283e-02
6.269734771922230721e-01 5.294059077277779579e-01 8.029991108924150467e-02 2.430515931919217110e-01 7.343501690775156021e-02 6.166562214493751526e-01 8.722663382068276405e-01 3.042199462652206421e-02
6.269734771922230721e-01 2.062473073601722717e-02 1.109025450423359871e-01 2.479439275339245796e-01 9.239768646657466888e-01 1.248939763754606247e-01 2.596187936142086983e-01 3.042199462652206421e-02
1.210603490471839905e-02 5.294059077277779579e-01 1.109025450423359871e-01 2.479439275339245796e-01 9.239768646657466888e-01 1.248939763754606247e-01 2.596187936142086983e-01 3.042199462652206421e-02
1.210603490471839905e-02 2.062473073601722717e-02 8.029991108924150467e-02 2.479439275339245796e-01 9.239768646657466888e-01 1.248939763754606247e-01 2.596187936142086983e-01 3.042199462652206421e-02
1.210603490471839905e-02 2.062473073601722717e-02 1.109025450423359871e-01 2.430515931919217110e-01 9.239768646657466888e-01 1.248939763754606247e-01 2.596187936142086983e-01 3.042199462652206421e-02
1.210603490471839905e-02 2.062473073601722717e-02 1.109025450423359871e-01 2.479439275339245796e-01 7.343501690775156021e-02 1.248939763754606247e-01 2.596187936142086983e-01 3.042199462652206421e-02
1.210603490471839905e-02 2.062473073601722717e-02 1.109025450423359871e-01 2.479439275339245796e-01 9.239768646657466888e-01 6.166562214493751526e-01 2.596187936142086983e-01 3.042199462652206421e-02
1.210603490471839905e-02 2.062473073601722717e-02 1.109025450423359871e-01 2.479439275339245796e-01 9.239768646657466888e-01 1.248939763754606247e-01 8.722663382068276405e-01 3.042199462652206421e-02
1.210603490471839905e-02 2.062473073601722717e-02 1.109025450423359871e-01 2.479439275339245796e-01 9.239768646657466888e-01 1.248939763754606247e-01 2.596187936142086983e-01 1.222744211554527283e-02
1.210603490471839905e-02 2.062473073601722717e-02 1.109025450423359871e-01 2.479439275339245796e-01 9.239768646657466888e-01 1.248939763754606247e-01 2.596187936142086983e-01 3.042199462652206421e-02
1.805048966780304909e-01 1.248547295108437538e-01 5.125086614862084389e-01 7.835523104295134544e-01 5.439782077446579933e-01 3.470105370506644249e-01 3.070460725575685501e-02 6.535611199215054512e-01
8.036278998479247093e-01 1.248547295108437538e-01 5.125086614862084389e-01 7.835523104295134544e-01 5.439782077446579933e-01 3.470105370506644249e-01 3.070460725575685501e-02 6.535611199215054512e-01
1.805048966780304909e-01 5.538040818646550179e-01 5.125086614862084389e-01 7.835523104295134544e-01 5.439782077446579933e-01 3.470105370506644249e-01 3.070460725575685501e-02 6.535611199215054512e-01
1.805048966780304909e-01 1.248547295108437538e-01 6.367024555802345276e-01 7.835523104295134544e-01 5.439782077446579933e-01 3.470105370506644249e-01 3.070460725575685501e-02 6.535611199215054512e-01
1.805048966780304909e-01 1.248547295108437538e-01 5.125086614862084389e-01 6.936956616118550301e-01 5.439782077446579933e-01 3.470105370506644249e-01 3.070460725575685501e-02 6.535611199215054512e-01
1.805048966780304909e-01 1.248547295108437538e-01 5.125086614862084389e-01 7.835523104295134544e-01 1.138373622670769691e-01 3.470105370506644249e-01 3.070460725575685501e-02 6.535611199215054512e-01
1.805048966780304909e-01 1.248547295108437538e-01 5.125086614862084389e-01 7.835523104295134544e-01 5.439782077446579933e-01 8.145352378487586975e-01 3.070460725575685501e-02 6.535611199215054512e-01
1.805048966780304909e-01 1.248547295108437538e-01 5.125086614862084389e-01 7.835523104295134544e-01 5.439782077446579933e-01 3.470105370506644249e-01 8.143948204815387726e-01 6.535611199215054512e-01
1.805048966780304909e-01 1.248547295108437538e-01 5.125086614862084389e-01 7.835523104295134544e-01 5.439782077446579933e-01 3.470105370506644249e-01 3.070460725575685501e-02 8.474644050002098083e-01
1.805048966780304909e-01 5.538040818646550179e-01 6.367024555802345276e-01 6.936956616118550301e-01 1.138373622670769691e-01 8.145352378487586975e-01 8.143948204815387726e-01 8.474644050002098083e-01
8.036278998479247093e-01 1.248547295108437538e-01 6.367024555802345276e-01 6.936956616118550301e-01 1.138373622670769691e-01 8.145352378487586975e-01 8.143948204815387726e-01 8.474644050002098083e-01
8.036278998479247093e-01 5.538040818646550179e-01 5.125086614862084389e-01 6.936956616118550301e-01 1.138373622670769691e-01 8.145352378487586975e-01 8.143948204815387726e-01 8.474644050002098083e-01
8.036278998479247093e-01 5.538040818646550179e-01 6.367024555802345276e-01 7.835523104295134544e-01 1.138373622670769691e-01 8.145352378487586975e-01 8.143948204815387726e-01 8.474644050002098083e-01
8.036278998479247093e-01 5.538040818646550179e-01 6.367024555802345276e-01 6.936956616118550301e-01 5.439782077446579933e-01 8.145352378487586975e-01 8.143948204815387726e-01 8.474644050002098083e-01
8.036278998479247093e-01 5.538040818646550179e-01 6.367024555802345276e-01 6.936956616118550301e-01 1.138373622670769691e-01 3.470105370506644249e-01 8.143948204815387726e-01 8.474644050002098083e-01
8.036278998479247093e-01 5.538040818646550179e-01 6.367024555802345276e-01 6.936956616118550301e-01 1.138373622670769691e-01 8.145352378487586975e-01 3.070460725575685501e-02 8.474644050002098083e-01
8.036278998479247093e-01 5.538040818646550179e-01 6.367024555802345276e-01 6.936956616118550301e-01 1.138373622670769691e-01 8.145352378487586975e-01 8.143948204815387726e-01 6.535611199215054512e-01
8.036278998479247093e-01 5.538040818646550179e-01 6.367024555802345276e-01 6.936956616118550301e-01 1.138373622670769691e-01 8.145352378487586975e-01 8.143948204815387726e-01 8.474644050002098083e-01
3.312173327431082726e-01 7.637946400791406631e-01 3.375540738925337791e-01 4.999523945152759552e-01 9.989577895030379295e-01 2.323715975508093834e-01 5.492106191813945770e-01 8.241925640031695366e-01
5.917899701744318008e-01 7.637946400791406631e-01 3.375540738925337791e-01 4.999523945152759552e-01 9.989577895030379295e-01 2.323715975508093834e-01 5.492106191813945770e-01 8.241925640031695366e-01
3.312173327431082726e-01 8.161581950262188911e-01 3.375540738925337791e-01 4.999523945152759552e-01 9.989577895030379295e-01 2.323715975508093834e-01 5.492106191813945770e-01 8.241925640031695366e-01
3.312173327431082726e-01 7.637946400791406631e-01 9.997106529772281647e-01 4.999523945152759552e-01 9.989577895030379295e-01 2.323715975508093834e-01 5.492106191813945770e-01 8.241925640031695366e-01
3.312173327431082726e-01 7.637946400791406631e-01 3.375540738925337791e-01 9.024640331044793129e-01 9.989577895030379295e-01 2.323715975508093834e-01 5.492106191813945770e-01 8.241925640031695366e-01
3.312173327431082726e-01 7.637946400791406631e-01 3.375540738925337791e-01 4.999523945152759552e-01 6.087250476703047752e-01 2.323715975508093834e-01 5.492106191813945770e-01 8.241925640031695366e-01
3.312173327431082726e-01 7.637946400791406631e-01 3.375540738925337791e-01 4.999523945152759552e-01 9.989577895030379295e-01 4.942097663879394531e-01 5.492106191813945770e-01 8.241925640031695366e-01
3.312173327431082726e-01 7.637946400791406631e-01 3.375540738925337791e-01 4.999523945152759552e-01 9.989577895030379295e-01 2.323715975508093834e-01 6.188132399693131447e-01 8.241925640031695366e-01
3.312173327431082726e-01 7.637946400791406631e-01 3.375540738925337791e-01 4.999523945152759552e-01 9.989577895030379295e-01 2.323715975508093834e-01 5.492106191813945770e-01 4.387504905462265015e-01
3.312173327431082726e-01 8.161581950262188911e-01 9.997106529772281647e-01 9.024640331044793129e-01 6.087250476703047752e-01 4.942097663879394531e-01 6.188132399693131447e-01 4.387504905462265015e-01
5.917899701744318008e-01 7.637946400791406631e-01 9.997106529772281647e-01 9.024640331044793129e-01 6.087250476703047752e-01 4.942097663879394531e-01 6.188132399693131447e-01 4.387504905462265015e-01
5.917899701744318008e-01 8.161581950262188911e-01 3.375540738925337791e-01 9.024640331044793129e-01 6.087250476703047752e-01 4.942097663879394531e-01 6.188132399693131447e-01 4.387504905462265015e-01
5.917899701744318008e-01 8.161581950262188911e-01 9.997106529772281647e-01 4.999523945152759552e-01 6.087250476703047752e-01 4.942097663879394531e-01 6.188132399693131447e-01 4.387504905462265015e-01
5.917899701744318008e-01 8.161581950262188911e-01 9.997106529772281647e-01 9.024640331044793129e-01 9.989577895030379295e-01 4.942097663879394531e-01 6.188132399693131447e-01 4.387504905462265015e-01
5.917899701744318008e-01 8.161581950262188911e-01 9.997106529772281647e-01 9.024640331044793129e-01 6.087250476703047752e-01 2.323715975508093834e-01 6.188132399693131447e-01 4.387504905462265015e-01
5.917899701744318008e-01 8.161581950262188911e-01 9.997106529772281647e-01 9.024640331044793129e-01 6.087250476703047752e-01 4.942097663879394531e-01 5.492106191813945770e-01 4.387504905462265015e-01
5.917899701744318008e-01 8.161581950262188911e-01 9.997106529772281647e-01 9.024640331044793129e-01 6.087250476703047752e-01 4.942097663879394531e-01 6.188132399693131447e-01 8.241925640031695366e-01
5.917899701744318008e-01 8.161581950262188911e-01 9.997106529772281647e-01 9.024640331044793129e-01 6.087250476703047752e-01 4.942097663879394531e-01 6.188132399693131447e-01 4.387504905462265015e-01
8.534915698692202568e-01 3.592732045799493790e-01 7.571524335071444511e-01 5.364171322435140610e-01 3.992494558915495872e-01 9.939606413245201111e-01 3.282704427838325500e-01 4.631475675851106644e-01
3.510191077366471291e-01 3.592732045799493790e-01 7.571524335071444511e-01 5.364171322435140610e-01 3.992494558915495872e-01 9.939606413245201111e-01 3.282704427838325500e-01 4.631475675851106644e-01
8.534915698692202568e-01 3.454292677342891693e-01 7.571524335071444511e-01 5.364171322435140610e-01 3.992494558915495872e-01 9.939606413245201111e-01 3.282704427838325500e-01 4.631475675851106644e-01
8.534915698692202568e-01 3.592732045799493790e-01 2.557371119037270546e-01 5.364171322435140610e-01 3.992494558915495872e-01 9.939606413245201111e-01 3.282704427838325500e-01 4.631475675851106644e-01
8.534915698692202568e-01 3.592732045799493790e-01 7.571524335071444511e-01 4.137064898386597633e-01 3.992494558915495872e-01 9.939606413245201111e-01 3.282704427838325500e-01 4.631475675851106644e-01
8.534915698692202568e-01 3.592732045799493790e-01 7.571524335071444511e-01 5.364171322435140610e-01 4.159037414938211441e-01 9.939606413245201111e-01 3.282704427838325500e-01 4.631475675851106644e-01
8.534915698692202568e-01 3.592732045799493790e-01 7.571524335071444511e-01 5.364171322435140610e-01 3.992494558915495872e-01 6.952040549367666245e-01 3.282704427838325500e-01 4.631475675851106644e-01
8.534915698692202568e-01 3.592732045799493790e-01 7.571524335071444511e-01 5.364171322435140610e-01 3.992494558915495872e-01 9.939606413245201111e-01 4.835165292024612427e-02 4.631475675851106644e-01
8.534915698692202568e-01 3.592732045799493790e-01 7.571524335071444511e-01 5.364171322435140610e-01 3.992494558915495872e-01 9.939606413245201111e-01 3.282704427838325500e-01 6.852285116910934448e-01
8.534915698692202568e-01 3.454292677342891693e-01 2.557371119037270546e-01 4.137064898386597633e-01 4.159037414938211441e-01 6.952040549367666245e-01 4.835165292024612427e-02 6.852285116910934448e-01
3.510191077366471291e-01 3.592732045799493790e-01 2.557371119037270546e-01 4.137064898386597633e-01 4.159037414938211441e-01 6.952040549367666245e-01 4.835165292024612427e-02 6.852285116910934448e-01
3.510191077366471291e-01 3.454292677342891693e-01 7.571524335071444511e-01 4.137064898386597633e-01 4.159037414938211441e-01 6.952040549367666245e-01 4.835165292024612427e-02 6.852285116910934448e-01
3.510191077366471291e-01 3.454292677342891693e-01 2.557371119037270546e-01 5.364171322435140610e-01 4.159037414938211441e-01 6.952040549367666245e-01 4.835165292024612427e-02 6.852285116910934448e-01
3.510191077366471291e-01 3.454292677342891693e-01 2.557371119037270546e-01 4.137064898386597633e-01 3.992494558915495872e-01 6.952040549367666245e-01 4.835165292024612427e-02 6.852285116910934448e-01
3.510191077366471291e-01 3.454292677342891693e-01 2.557371119037270546e-01 4.137064898386597633e-01 4.159037414938211441e-01 9.939606413245201111e-01 4.835165292024612427e-02 6.852285116910934448e-01
3.510191077366471291e-01 3.454292677342891693e-01 2.557371119037270546e-01 4.137064898386597633e-01 4.159037414938211441e-01 6.952040549367666245e-01 3.282704427838325500e-01 6.852285116910934448e-01
3.510191077366471291e-01 3.454292677342891693e-01 2.557371119037270546e-01 4.137064898386597633e-01 4.159037414938211441e-01 6.952040549367666245e-01 4.835165292024612427e-02 4.631475675851106644e-01
3.510191077366471291e-01 3.454292677342891693e-01 2.557371119037270546e-01 4.137064898386597633e-01 4.159037414938211441e-01 6.952040549367666245e-01 4.835165292024612427e-02 6.852285116910934448e-01
