0 {0: [27, 27, 27, 27, 27, 27, 27, 27, 27, 27, 27, 27, 27, 27, 27, 27, 27, 27, 27, 27, 27, 27, 27, 27, 27, 27, 27, 27, 27, 27, 27, 27, 27, 27, 27, 27, 27, 27, 27, 27, 27, 27, 27, 27, 27, 27, 27, 27, 27, 27], 1: [235, 235, 235, 235, 235, 235, 235, 235, 235, 235, 235, 235, 235, 235, 234, 233, 233, 233, 233, 232, 232, 232, 232, 231, 230, 230, 230, 230, 229, 229, 229, 226, 226, 226, 226, 226, 226, 226, 226, 226, 225, 225, 225, 224, 223, 223, 223, 222, 222, 222]}
0 {0: [27, 27, 27, 27, 27, 27, 27, 27, 27, 27, 27, 27, 27, 27, 27, 27, 27, 27, 27, 27, 27, 27, 27, 27, 27, 27, 27, 27, 27, 27, 27, 27, 27, 27, 27, 27, 27, 27, 27, 27, 27, 27, 27, 27, 27, 27, 27, 27, 27, 27], 1: [235, 235, 235, 235, 235, 235, 235, 235, 235, 235, 235, 235, 235, 235, 234, 233, 233, 233, 233, 232, 232, 232, 232, 231, 230, 230, 230, 230, 229, 229, 229, 226, 226, 226, 226, 226, 226, 226, 226, 226, 225, 225, 225, 224, 223, 223, 223, 222, 222, 222]}
0 {0: [27, 27, 27, 27, 27, 27, 27, 27, 27, 27, 27, 27, 27, 27, 27, 27, 27, 27, 27, 27, 27, 27, 27, 27, 27, 27, 27, 27, 27, 27, 27, 27, 27, 27, 27, 27, 27, 27, 27, 27, 27, 27, 27, 27, 27, 27, 27, 27, 27, 27], 1: [235, 235, 235, 235, 235, 235, 235, 235, 235, 235, 235, 235, 235, 235, 234, 233, 233, 233, 233, 232, 232, 232, 232, 231, 230, 230, 230, 230, 229, 229, 229, 226, 226, 226, 226, 226, 226, 226, 226, 226, 225, 225, 225, 224, 223, 223, 223, 222, 222, 222]}
1 {0: [27, 27, 27, 27, 27, 27, 27, 27, 27, 27, 27, 27, 27, 27, 27, 27, 27, 27, 27, 27, 27, 27, 27, 27, 27, 27, 27, 27, 27, 27, 27, 27, 27, 27, 27, 27, 27, 27, 27, 27, 27, 27, 27, 27, 27, 27, 27, 27, 27, 27], 1: [235, 235, 235, 235, 235, 235, 235, 235, 235, 235, 235, 235, 235, 235, 234, 233, 233, 233, 233, 232, 232, 232, 232, 231, 230, 230, 230, 230, 229, 229, 229, 226, 226, 226, 226, 226, 226, 226, 226, 226, 225, 225, 225, 224, 223, 223, 223, 222, 222, 222]}
2 {0: [27, 27, 27, 27, 27, 27, 27, 27, 27, 27, 27, 27, 27, 27, 27, 27, 27, 27, 27, 27, 27, 27, 27, 27, 27, 27, 27, 27, 27, 27, 27, 27, 27, 27, 27, 27, 27, 27, 27, 27, 27, 27, 27, 27, 27, 27, 27, 27, 27, 27], 1: [235, 235, 235, 235, 235, 235, 235, 235, 235, 235, 235, 235, 235, 235, 234, 233, 233, 233, 233, 232, 232, 232, 232, 231, 230, 230, 230, 230, 229, 229, 229, 226, 226, 226, 226, 226, 226, 226, 226, 226, 225, 225, 225, 224, 223, 223, 223, 222, 222, 222]}
3 {0: [27, 27, 27, 27, 27, 27, 27, 27, 27, 27, 27, 27, 27, 27, 27, 27, 27, 27, 27, 27, 27, 27, 27, 27, 27, 27, 27, 27, 27, 27, 27, 27, 27, 27, 27, 27, 27, 27, 27, 27, 27, 27, 27, 27, 27, 27, 27, 27, 27, 27], 1: [235, 235, 235, 235, 235, 235, 235, 235, 235, 235, 235, 235, 235, 235, 234, 233, 233, 233, 233, 232, 232, 232, 232, 231, 230, 230, 230, 230, 229, 229, 229, 226, 226, 226, 226, 226, 226, 226, 226, 226, 225, 225, 225, 224, 223, 223, 223, 222, 222, 222]}
4 {0: [27, 27, 27, 27, 27, 27, 27, 27, 27, 27, 27, 27, 27, 27, 27, 27, 27, 27, 27, 27, 27, 27, 27, 27, 27, 27, 27, 27, 27, 27, 27, 27, 27, 27, 27, 27, 27, 27, 27, 27, 27, 27, 27, 27, 27, 27, 27, 27, 27, 27], 1: [235, 235, 235, 235, 235, 235, 235, 235, 235, 235, 235, 235, 235, 235, 234, 233, 233, 233, 233, 232, 232, 232, 232, 231, 230, 230, 230, 230, 229, 229, 229, 226, 226, 226, 226, 226, 226, 226, 226, 226, 225, 225, 225, 224, 223, 223, 223, 222, 222, 222]}
5 {0: [27, 27, 27, 27, 27, 27, 27, 27, 27, 27, 27, 27, 27, 27, 27, 27, 27, 27, 27, 27, 27, 27, 27, 27, 27, 27, 27, 27, 27, 27, 27, 27, 27, 27, 27, 27, 27, 27, 27, 27, 27, 27, 27, 27, 27, 27, 27, 27, 27, 27], 1: [235, 235, 235, 235, 235, 235, 235, 235, 235, 235, 235, 235, 235, 235, 234, 233, 233, 233, 233, 232, 232, 232, 232, 231, 230, 230, 230, 230, 229, 229, 229, 226, 226, 226, 226, 226, 226, 226, 226, 226, 225, 225, 225, 224, 223, 223, 223, 222, 222, 222]}
6 {0: [27, 27, 27, 27, 27, 27, 27, 27, 27, 27, 27, 27, 27, 27, 27, 27, 27, 27, 27, 27, 27, 27, 27, 27, 27, 27, 27, 27, 27, 27, 27, 27, 27, 27, 27, 27, 27, 27, 27, 27, 27, 27, 27, 27, 27, 27, 27, 27, 27, 27], 1: [235, 235, 235, 235, 235, 235, 235, 235, 235, 235, 235, 235, 235, 235, 234, 233, 233, 233, 233, 232, 232, 232, 232, 231, 230, 230, 230, 230, 229, 229, 229, 226, 226, 226, 226, 226, 226, 226, 226, 226, 225, 225, 225, 224, 223, 223, 223, 222, 222, 222]}
7 {0: [27, 27, 27, 27, 27, 27, 27, 27, 27, 27, 27, 27, 27, 27, 27, 27, 27, 27, 27, 27, 27, 27, 27, 27, 27, 27, 27, 27, 27, 27, 27, 27, 27, 27, 27, 27, 27, 27, 27, 27, 27, 27, 27, 27, 27, 27, 27, 27, 27, 27], 1: [235, 235, 235, 235, 235, 235, 235, 235, 235, 235, 235, 235, 235, 235, 234, 233, 233, 233, 233, 232, 232, 232, 232, 231, 230, 230, 230, 230, 229, 229, 229, 226, 226, 226, 226, 226, 226, 226, 226, 226, 225, 225, 225, 224, 223, 223, 223, 222, 222, 222]}
8 {0: [27, 27, 27, 27, 27, 27, 27, 27, 27, 27, 27, 27, 27, 27, 27, 27, 27, 27, 27, 27, 27, 27, 27, 27, 27, 27, 27, 27, 27, 27, 27, 27, 27, 27, 27, 27, 27, 27, 27, 27, 27, 27, 27, 27, 27, 27, 27, 27, 27, 27], 1: [235, 235, 235, 235, 235, 235, 235, 235, 235, 235, 235, 235, 235, 235, 234, 233, 233, 233, 233, 232, 232, 232, 232, 231, 230, 230, 230, 230, 229, 229, 229, 226, 226, 226, 226, 226, 226, 226, 226, 226, 225, 225, 225, 224, 223, 223, 223, 222, 222, 222]}
9 {0: [27, 27, 27, 27, 27, 27, 27, 27, 27, 27, 27, 27, 27, 27, 27, 27, 27, 27, 27, 27, 27, 27, 27, 27, 27, 27, 27, 27, 27, 27, 27, 27, 27, 27, 27, 27, 27, 27, 27, 27, 27, 27, 27, 27, 27, 27, 27, 27, 27, 27], 1: [235, 235, 235, 235, 235, 235, 235, 235, 235, 235, 235, 235, 235, 235, 234, 233, 233, 233, 233, 232, 232, 232, 232, 231, 230, 230, 230, 230, 229, 229, 229, 226, 226, 226, 226, 226, 226, 226, 226, 226, 225, 225, 225, 224, 223, 223, 223, 222, 222, 222]}
10 {0: [27, 27, 27, 27, 27, 27, 27, 27, 27, 27, 27, 27, 27, 27, 27, 27, 27, 27, 27, 27, 27, 27, 27, 27, 27, 27, 27, 27, 27, 27, 27, 27, 27, 27, 27, 27, 27, 27, 27, 27, 27, 27, 27, 27, 27, 27, 27, 27, 27, 27], 1: [235, 235, 235, 235, 235, 235, 235, 235, 235, 235, 235, 235, 235, 235, 234, 233, 233, 233, 233, 232, 232, 232, 232, 231, 230, 230, 230, 230, 229, 229, 229, 226, 226, 226, 226, 226, 226, 226, 226, 226, 225, 225, 225, 224, 223, 223, 223, 222, 222, 222]}
11 {0: [27, 27, 27, 27, 27, 27, 27, 27, 27, 27, 27, 27, 27, 27, 27, 27, 27, 27, 27, 27, 27, 27, 27, 27, 27, 27, 27, 27, 27, 27, 27, 27, 27, 27, 27, 27, 27, 27, 27, 27, 27, 27, 27, 27, 27, 27, 27, 27, 27, 27], 1: [235, 235, 235, 235, 235, 235, 235, 235, 235, 235, 235, 235, 235, 235, 234, 233, 233, 233, 233, 232, 232, 232, 232, 231, 230, 230, 230, 230, 229, 229, 229, 226, 226, 226, 226, 226, 226, 226, 226, 226, 225, 225, 225, 224, 223, 223, 223, 222, 222, 222]}
0 {0: [27, 27, 27, 27, 27, 27, 27, 27, 27, 27, 27, 27, 27, 27, 27, 27, 27, 27, 27, 27, 27, 27, 27, 27, 27, 27, 27, 27, 27, 27, 27, 27, 27, 27, 27, 27, 27, 27, 27, 27, 27, 27, 27, 27, 27, 27, 27, 27, 27, 27], 1: [235, 235, 235, 235, 235, 235, 234, 234, 234, 234, 234, 234, 234, 233, 233, 233, 233, 232, 232, 231, 231, 231, 229, 229, 228, 227, 227, 227, 227, 227, 227, 227, 226, 224, 224, 224, 224, 224, 224, 224, 224, 223, 222, 220, 219, 219, 219, 218, 216, 216]}
1 {0: [27, 27, 27, 27, 27, 27, 27, 27, 27, 27, 27, 27, 27, 27, 27, 27, 27, 27, 27, 27, 27, 27, 27, 27, 27, 27, 27, 27, 27, 27, 27, 27, 27, 27, 27, 27, 27, 27, 27, 27, 27, 27, 27, 27, 27, 27, 27, 27, 27, 27], 1: [235, 235, 235, 235, 235, 235, 235, 235, 235, 235, 235, 235, 235, 234, 233, 233, 232, 232, 232, 232, 232, 232, 232, 231, 231, 231, 231, 231, 230, 230, 230, 230, 230, 230, 230, 230, 229, 229, 229, 229, 229, 229, 229, 229, 228, 228, 228, 228, 228, 228]}
2 {0: [27, 27, 27, 27, 27, 27, 27, 27, 27, 27, 27, 27, 27, 27, 27, 27, 27, 27, 27, 27, 27, 27, 27, 27, 27, 27, 27, 27, 27, 27, 27, 27, 27, 27, 27, 27, 27, 27, 27, 27, 27, 27, 27, 27, 27, 27, 27, 27, 27, 27], 1: [235, 235, 235, 235, 235, 235, 234, 234, 234, 234, 234, 234, 234, 233, 233, 233, 233, 232, 232, 231, 231, 231, 229, 229, 228, 227, 227, 227, 227, 227, 227, 227, 226, 224, 224, 224, 224, 224, 224, 224, 224, 223, 222, 220, 219, 219, 219, 218, 216, 216]}
3 {0: [27, 27, 27, 27, 27, 27, 27, 27, 27, 27, 27, 27, 27, 27, 27, 27, 27, 27, 27, 27, 27, 27, 27, 27, 27, 27, 27, 27, 27, 27, 27, 27, 27, 27, 27, 27, 27, 27, 27, 27, 27, 27, 27, 27, 27, 27, 27, 27, 27, 27], 1: [235, 235, 235, 235, 235, 235, 234, 234, 234, 234, 234, 234, 234, 233, 233, 233, 233, 232, 232, 231, 231, 231, 229, 229, 228, 227, 227, 227, 227, 227, 227, 227, 226, 224, 224, 224, 224, 224, 224, 224, 224, 223, 222, 220, 219, 219, 219, 218, 216, 216]}
4 {0: [27, 27, 27, 27, 27, 27, 27, 27, 27, 27, 27, 27, 27, 27, 27, 27, 27, 27, 27, 27, 27, 27, 27, 27, 27, 27, 27, 27, 27, 27, 27, 27, 27, 27, 27, 27, 27, 27, 27, 27, 27, 27, 27, 27, 27, 27, 27, 27, 27, 27], 1: [235, 235, 235, 235, 235, 235, 235, 235, 235, 235, 235, 235, 235, 234, 233, 233, 232, 232, 232, 232, 232, 232, 232, 231, 231, 231, 231, 231, 230, 230, 230, 230, 230, 230, 230, 230, 229, 229, 229, 229, 229, 229, 229, 229, 228, 228, 228, 228, 228, 228]}
5 {0: [27, 27, 27, 27, 27, 27, 27, 27, 27, 27, 27, 27, 27, 27, 27, 27, 27, 27, 27, 27, 27, 27, 27, 27, 27, 27, 27, 27, 27, 27, 27, 27, 27, 27, 27, 27, 27, 27, 27, 27, 27, 27, 27, 27, 27, 27, 27, 27, 27, 27], 1: [235, 235, 235, 235, 235, 235, 235, 235, 235, 235, 235, 235, 235, 234, 233, 233, 232, 232, 232, 232, 232, 232, 232, 231, 231, 231, 231, 231, 230, 230, 230, 230, 230, 230, 230, 230, 229, 229, 229, 229, 229, 229, 229, 229, 228, 228, 228, 228, 228, 228]}
6 {0: [27, 27, 27, 27, 27, 27, 27, 27, 27, 27, 27, 27, 27, 27, 27, 27, 27, 27, 27, 27, 27, 27, 27, 27, 27, 27, 27, 27, 27, 27, 27, 27, 27, 27, 27, 27, 27, 27, 27, 27, 27, 27, 27, 27, 27, 27, 27, 27, 27, 27], 1: [235, 235, 235, 235, 235, 234, 234, 234, 233, 233, 233, 233, 231, 231, 230, 230, 230, 230, 230, 229, 229, 228, 228, 228, 228, 228, 227, 227, 227, 227, 227, 226, 226, 226, 226, 226, 226, 226, 226, 225, 225, 224, 224, 224, 223, 223, 223, 223, 222, 222]}
7 {0: [27, 27, 27, 27, 27, 27, 27, 27, 27, 27, 27, 27, 27, 27, 27, 27, 27, 27, 27, 27, 27, 27, 27, 27, 27, 27, 27, 27, 27, 27, 27, 27, 27, 27, 27, 27, 27, 27, 27, 27, 27, 27, 27, 27, 27, 27, 27, 27, 27, 27], 1: [235, 235, 235, 235, 235, 235, 235, 235, 235, 235, 235, 234, 234, 233, 233, 233, 233, 233, 233, 233, 233, 233, 233, 233, 233, 232, 232, 232, 232, 232, 231, 231, 230, 230, 230, 229, 229, 228, 228, 228, 228, 227, 227, 227, 227, 227, 227, 227, 226, 226]}
8 {0: [27, 27, 27, 27, 27, 27, 27, 27, 27, 27, 27, 27, 27, 27, 27, 27, 27, 27, 27, 27, 27, 27, 27, 27, 27, 27, 27, 27, 27, 27, 27, 27, 27, 27, 27, 27, 27, 27, 27, 27, 27, 27, 27, 27, 27, 27, 27, 27, 27, 27], 1: [235, 235, 235, 235, 235, 234, 234, 234, 233, 233, 233, 233, 231, 231, 230, 230, 230, 230, 230, 229, 229, 228, 228, 228, 228, 228, 227, 227, 227, 227, 227, 226, 226, 226, 226, 226, 226, 226, 226, 225, 225, 224, 224, 224, 223, 223, 223, 223, 222, 222]}
9 {0: [27, 27, 27, 27, 27, 27, 27, 27, 27, 27, 27, 27, 27, 27, 27, 27, 27, 27, 27, 27, 27, 27, 27, 27, 27, 27, 27, 27, 27, 27, 27, 27, 27, 27, 27, 27, 27, 27, 27, 27, 27, 27, 27, 27, 27, 27, 27, 27, 27, 27], 1: [235, 235, 235, 235, 235, 234, 234, 234, 233, 233, 233, 233, 231, 231, 230, 230, 230, 230, 230, 229, 229, 228, 228, 228, 228, 228, 227, 227, 227, 227, 227, 226, 226, 226, 226, 226, 226, 226, 226, 225, 225, 224, 224, 224, 223, 223, 223, 223, 222, 222]}
0 {0: [27, 27, 27, 27, 27, 27, 27, 27, 27, 27, 27, 27, 27, 27, 27, 27, 27, 27, 27, 27, 27, 27, 27, 27, 27, 27, 27, 27, 27, 27, 27, 27, 27, 27, 27, 27, 27, 27, 27, 27, 27, 27, 27, 27, 27, 27, 27, 27, 27, 27], 1: [235, 235, 235, 235, 235, 235, 234, 234, 234, 234, 234, 234, 234, 233, 233, 233, 233, 232, 232, 231, 231, 231, 229, 229, 228, 227, 227, 227, 227, 227, 227, 227, 226, 224, 224, 224, 224, 224, 224, 224, 224, 223, 222, 220, 219, 219, 219, 218, 216, 216]}
1 {0: [27, 27, 27, 27, 27, 27, 27, 27, 27, 27, 27, 27, 27, 27, 27, 27, 27, 27, 27, 27, 27, 27, 27, 27, 27, 27, 27, 27, 27, 27, 27, 27, 27, 27, 27, 27, 27, 27, 27, 27, 27, 27, 27, 27, 27, 27, 27, 27, 27, 27], 1: [235, 235, 235, 235, 235, 235, 235, 235, 235, 235, 235, 235, 235, 234, 233, 233, 232, 232, 232, 232, 232, 232, 232, 231, 231, 231, 231, 231, 230, 230, 230, 230, 230, 230, 230, 230, 229, 229, 229, 229, 229, 229, 229, 229, 228, 228, 228, 228, 228, 228]}
2 {0: [27, 27, 27, 27, 27, 27, 27, 27, 27, 27, 27, 27, 27, 27, 27, 27, 27, 27, 27, 27, 27, 27, 27, 27, 27, 27, 27, 27, 27, 27, 27, 27, 27, 27, 27, 27, 27, 27, 27, 27, 27, 27, 27, 27, 27, 27, 27, 27, 27, 27], 1: [235, 235, 235, 235, 235, 235, 234, 234, 234, 234, 234, 234, 234, 233, 233, 233, 233, 232, 232, 231, 231, 231, 229, 229, 228, 227, 227, 227, 227, 227, 227, 227, 226, 224, 224, 224, 224, 224, 224, 224, 224, 223, 222, 220, 219, 219, 219, 218, 216, 216]}
3 {0: [27, 27, 27, 27, 27, 27, 27, 27, 27, 27, 27, 27, 27, 27, 27, 27, 27, 27, 27, 27, 27, 27, 27, 27, 27, 27, 27, 27, 27, 27, 27, 27, 27, 27, 27, 27, 27, 27, 27, 27, 27, 27, 27, 27, 27, 27, 27, 27, 27, 27], 1: [235, 235, 235, 235, 235, 235, 234, 234, 234, 234, 234, 234, 234, 233, 233, 233, 233, 232, 232, 231, 231, 231, 229, 229, 228, 227, 227, 227, 227, 227, 227, 227, 226, 224, 224, 224, 224, 224, 224, 224, 224, 223, 222, 220, 219, 219, 219, 218, 216, 216]}
4 {0: [27, 27, 27, 27, 27, 27, 27, 27, 27, 27, 27, 27, 27, 27, 27, 27, 27, 27, 27, 27, 27, 27, 27, 27, 27, 27, 27, 27, 27, 27, 27, 27, 27, 27, 27, 27, 27, 27, 27, 27, 27, 27, 27, 27, 27, 27, 27, 27, 27, 27], 1: [235, 235, 235, 235, 235, 235, 235, 235, 235, 235, 235, 235, 235, 234, 233, 233, 232, 232, 232, 232, 232, 232, 232, 231, 231, 231, 231, 231, 230, 230, 230, 230, 230, 230, 230, 230, 229, 229, 229, 229, 229, 229, 229, 229, 228, 228, 228, 228, 228, 228]}
5 {0: [27, 27, 27, 27, 27, 27, 27, 27, 27, 27, 27, 27, 27, 27, 27, 27, 27, 27, 27, 27, 27, 27, 27, 27, 27, 27, 27, 27, 27, 27, 27, 27, 27, 27, 27, 27, 27, 27, 27, 27, 27, 27, 27, 27, 27, 27, 27, 27, 27, 27], 1: [235, 235, 235, 235, 235, 235, 235, 235, 235, 235, 235, 235, 235, 234, 233, 233, 232, 232, 232, 232, 232, 232, 232, 231, 231, 231, 231, 231, 230, 230, 230, 230, 230, 230, 230, 230, 229, 229, 229, 229, 229, 229, 229, 229, 228, 228, 228, 228, 228, 228]}
6 {0: [27, 27, 27, 27, 27, 27, 27, 27, 27, 27, 27, 27, 27, 27, 27, 27, 27, 27, 27, 27, 27, 27, 27, 27, 27, 27, 27, 27, 27, 27, 27, 27, 27, 27, 27, 27, 27, 27, 27, 27, 27, 27, 27, 27, 27, 27, 27, 27, 27, 27], 1: [235, 235, 235, 235, 235, 234, 234, 234, 233, 233, 233, 233, 231, 231, 230, 230, 230, 230, 230, 229, 229, 228, 228, 228, 228, 228, 227, 227, 227, 227, 227, 226, 226, 226, 226, 226, 226, 226, 226, 225, 225, 224, 224, 224, 223, 223, 223, 223, 222, 222]}
7 {0: [27, 27, 27, 27, 27, 27, 27, 27, 27, 27, 27, 27, 27, 27, 27, 27, 27, 27, 27, 27, 27, 27, 27, 27, 27, 27, 27, 27, 27, 27, 27, 27, 27, 27, 27, 27, 27, 27, 27, 27, 27, 27, 27, 27, 27, 27, 27, 27, 27, 27], 1: [235, 235, 235, 235, 235, 235, 235, 235, 235, 235, 235, 234, 234, 233, 233, 233, 233, 233, 233, 233, 233, 233, 233, 233, 233, 232, 232, 232, 232, 232, 231, 231, 230, 230, 230, 229, 229, 228, 228, 228, 228, 227, 227, 227, 227, 227, 227, 227, 226, 226]}
8 {0: [27, 27, 27, 27, 27, 27, 27, 27, 27, 27, 27, 27, 27, 27, 27, 27, 27, 27, 27, 27, 27, 27, 27, 27, 27, 27, 27, 27, 27, 27, 27, 27, 27, 27, 27, 27, 27, 27, 27, 27, 27, 27, 27, 27, 27, 27, 27, 27, 27, 27], 1: [235, 235, 235, 235, 235, 234, 234, 234, 233, 233, 233, 233, 231, 231, 230, 230, 230, 230, 230, 229, 229, 228, 228, 228, 228, 228, 227, 227, 227, 227, 227, 226, 226, 226, 226, 226, 226, 226, 226, 225, 225, 224, 224, 224, 223, 223, 223, 223, 222, 222]}
9 {0: [27, 27, 27, 27, 27, 27, 27, 27, 27, 27, 27, 27, 27, 27, 27, 27, 27, 27, 27, 27, 27, 27, 27, 27, 27, 27, 27, 27, 27, 27, 27, 27, 27, 27, 27, 27, 27, 27, 27, 27, 27, 27, 27, 27, 27, 27, 27, 27, 27, 27], 1: [235, 235, 235, 235, 235, 234, 234, 234, 233, 233, 233, 233, 231, 231, 230, 230, 230, 230, 230, 229, 229, 228, 228, 228, 228, 228, 227, 227, 227, 227, 227, 226, 226, 226, 226, 226, 226, 226, 226, 225, 225, 224, 224, 224, 223, 223, 223, 223, 222, 222]}
10 {0: [27, 27, 27, 27, 27, 27, 27, 27, 27, 27, 27, 27, 27, 27, 27, 27, 27, 27, 27, 27, 27, 27, 27, 27, 27, 27, 27, 27, 27, 27, 27, 27, 27, 27, 27, 27, 27, 27, 27, 27, 27, 27, 27, 27, 27, 27, 27, 27, 27, 27], 1: [235, 235, 235, 235, 235, 235, 235, 235, 235, 235, 235, 234, 234, 233, 233, 233, 233, 233, 233, 233, 233, 233, 233, 233, 233, 232, 232, 232, 232, 232, 231, 231, 230, 230, 230, 229, 229, 228, 228, 228, 228, 227, 227, 227, 227, 227, 227, 227, 226, 226]}
11 {0: [27, 27, 27, 27, 27, 27, 27, 27, 27, 27, 27, 27, 27, 27, 27, 27, 27, 27, 27, 27, 27, 27, 27, 27, 27, 27, 27, 27, 27, 27, 27, 27, 27, 27, 27, 27, 27, 27, 27, 27, 27, 27, 27, 27, 27, 27, 27, 27, 27, 27], 1: [235, 235, 235, 235, 235, 235, 235, 235, 235, 235, 235, 234, 234, 233, 233, 233, 233, 233, 233, 233, 233, 233, 233, 233, 233, 232, 232, 232, 232, 232, 231, 231, 230, 230, 230, 229, 229, 228, 228, 228, 228, 227, 227, 227, 227, 227, 227, 227, 226, 226]}
12 {0: [27, 27, 27, 27, 27, 27, 27, 27, 27, 27, 27, 27, 27, 27, 27, 27, 27, 27, 27, 27, 27, 27, 27, 27, 27, 27, 27, 27, 27, 27, 27, 27, 27, 27, 27, 27, 27, 27, 27, 27, 27, 27, 27, 27, 27, 27, 27, 27, 27, 27], 1: [235, 235, 235, 235, 235, 235, 235, 235, 235, 235, 235, 235, 235, 235, 235, 235, 235, 235, 235, 234, 234, 234, 233, 233, 233, 233, 233, 232, 232, 231, 231, 231, 231, 230, 229, 229, 229, 229, 229, 229, 229, 229, 229, 229, 229, 229, 228, 228, 228, 227]}
13 {0: [27, 27, 27, 27, 27, 27, 27, 27, 27, 27, 27, 27, 27, 27, 27, 27, 27, 27, 27, 27, 27, 27, 27, 27, 27, 27, 27, 27, 27, 27, 27, 27, 27, 27, 27, 27, 27, 27, 27, 27, 27, 27, 27, 27, 27, 27, 27, 27, 27, 27], 1: [235, 235, 235, 235, 235, 235, 235, 234, 234, 234, 234, 234, 234, 233, 233, 233, 233, 232, 232, 232, 232, 232, 231, 231, 231, 231, 231, 231, 231, 231, 230, 230, 230, 229, 229, 229, 227, 227, 226, 226, 225, 225, 225, 225, 225, 225, 224, 224, 224, 224]}
14 {0: [27, 27, 27, 27, 27, 27, 27, 27, 27, 27, 27, 27, 27, 27, 27, 27, 27, 27, 27, 27, 27, 27, 27, 27, 27, 27, 27, 27, 27, 27, 27, 27, 27, 27, 27, 27, 27, 27, 27, 27, 27, 27, 27, 27, 27, 27, 27, 27, 27, 27], 1: [235, 235, 235, 235, 235, 235, 235, 235, 235, 235, 235, 235, 235, 235, 235, 235, 235, 235, 235, 234, 234, 234, 233, 233, 233, 233, 233, 232, 232, 231, 231, 231, 231, 230, 229, 229, 229, 229, 229, 229, 229, 229, 229, 229, 229, 229, 228, 228, 228, 227]}
15 {0: [27, 27, 27, 27, 27, 27, 27, 27, 27, 27, 27, 27, 27, 27, 27, 27, 27, 27, 27, 27, 27, 27, 27, 27, 27, 27, 27, 27, 27, 27, 27, 27, 27, 27, 27, 27, 27, 27, 27, 27, 27, 27, 27, 27, 27, 27, 27, 27, 27, 27], 1: [235, 235, 235, 235, 235, 235, 235, 235, 235, 235, 235, 235, 235, 235, 235, 235, 235, 235, 235, 234, 234, 234, 233, 233, 233, 233, 233, 232, 232, 231, 231, 231, 231, 230, 229, 229, 229, 229, 229, 229, 229, 229, 229, 229, 229, 229, 228, 228, 228, 227]}
16 {0: [27, 27, 27, 27, 27, 27, 27, 27, 27, 27, 27, 27, 27, 27, 27, 27, 27, 27, 27, 27, 27, 27, 27, 27, 27, 27, 27, 27, 27, 27, 27, 27, 27, 27, 27, 27, 27, 27, 27, 27, 27, 27, 27, 27, 27, 27, 27, 27, 27, 27], 1: [235, 235, 235, 235, 235, 235, 235, 234, 234, 234, 234, 234, 234, 233, 233, 233, 233, 232, 232, 232, 232, 232, 231, 231, 231, 231, 231, 231, 231, 231, 230, 230, 230, 229, 229, 229, 227, 227, 226, 226, 225, 225, 225, 225, 225, 225, 224, 224, 224, 224]}
17 {0: [27, 27, 27, 27, 27, 27, 27, 27, 27, 27, 27, 27, 27, 27, 27, 27, 27, 27, 27, 27, 27, 27, 27, 27, 27, 27, 27, 27, 27, 27, 27, 27, 27, 27, 27, 27, 27, 27, 27, 27, 27, 27, 27, 27, 27, 27, 27, 27, 27, 27], 1: [235, 235, 235, 235, 235, 235, 235, 234, 234, 234, 234, 234, 234, 233, 233, 233, 233, 232, 232, 232, 232, 232, 231, 231, 231, 231, 231, 231, 231, 231, 230, 230, 230, 229, 229, 229, 227, 227, 226, 226, 225, 225, 225, 225, 225, 225, 224, 224, 224, 224]}
18 {0: [27, 27, 27, 27, 27, 27, 27, 27, 27, 27, 27, 27, 27, 27, 27, 27, 27, 27, 27, 27, 27, 27, 27, 27, 27, 27, 27, 27, 27, 27, 27, 27, 27, 27, 27, 27, 27, 27, 27, 27, 27, 27, 27, 27, 27, 27, 27, 27, 27, 27], 1: [235, 235, 235, 235, 235, 235, 235, 235, 235, 235, 235, 235, 235, 235, 234, 233, 233, 233, 233, 232, 232, 232, 232, 232, 232, 232, 231, 231, 230, 230, 229, 229, 229, 229, 229, 229, 228, 228, 228, 228, 228, 228, 228, 227, 226, 226, 226, 226, 226, 226]}
19 {0: [27, 27, 27, 27, 27, 27, 27, 27, 27, 27, 27, 27, 27, 27, 27, 27, 27, 27, 27, 27, 27, 27, 27, 27, 27, 27, 27, 27, 27, 27, 27, 27, 27, 27, 27, 27, 27, 27, 27, 27, 27, 27, 27, 27, 27, 27, 27, 27, 27, 27], 1: [235, 235, 235, 235, 234, 233, 233, 233, 233, 233, 233, 233, 233, 232, 232, 232, 232, 232, 231, 231, 231, 231, 231, 231, 229, 228, 228, 227, 227, 226, 225, 225, 225, 224, 224, 224, 224, 224, 224, 223, 223, 223, 223, 223, 223, 223, 223, 222, 222, 222]}
20 {0: [27, 27, 27, 27, 27, 27, 27, 27, 27, 27, 27, 27, 27, 27, 27, 27, 27, 27, 27, 27, 27, 27, 27, 27, 27, 27, 27, 27, 27, 27, 27, 27, 27, 27, 27, 27, 27, 27, 27, 27, 27, 27, 27, 27, 27, 27, 27, 27, 27, 27], 1: [235, 235, 235, 235, 235, 235, 235, 235, 235, 235, 235, 235, 235, 235, 234, 233, 233, 233, 233, 232, 232, 232, 232, 232, 232, 232, 231, 231, 230, 230, 229, 229, 229, 229, 229, 229, 228, 228, 228, 228, 228, 228, 228, 227, 226, 226, 226, 226, 226, 226]}
21 {0: [27, 27, 27, 27, 27, 27, 27, 27, 27, 27, 27, 27, 27, 27, 27, 27, 27, 27, 27, 27, 27, 27, 27, 27, 27, 27, 27, 27, 27, 27, 27, 27, 27, 27, 27, 27, 27, 27, 27, 27, 27, 27, 27, 27, 27, 27, 27, 27, 27, 27], 1: [235, 235, 235, 235, 235, 235, 235, 235, 235, 235, 235, 235, 235, 235, 234, 233, 233, 233, 233, 232, 232, 232, 232, 232, 232, 232, 231, 231, 230, 230, 229, 229, 229, 229, 229, 229, 228, 228, 228, 228, 228, 228, 228, 227, 226, 226, 226, 226, 226, 226]}
22 {0: [27, 27, 27, 27, 27, 27, 27, 27, 27, 27, 27, 27, 27, 27, 27, 27, 27, 27, 27, 27, 27, 27, 27, 27, 27, 27, 27, 27, 27, 27, 27, 27, 27, 27, 27, 27, 27, 27, 27, 27, 27, 27, 27, 27, 27, 27, 27, 27, 27, 27], 1: [235, 235, 235, 235, 234, 233, 233, 233, 233, 233, 233, 233, 233, 232, 232, 232, 232, 232, 231, 231, 231, 231, 231, 231, 229, 228, 228, 227, 227, 226, 225, 225, 225, 224, 224, 224, 224, 224, 224, 223, 223, 223, 223, 223, 223, 223, 223, 222, 222, 222]}
23 {0: [27, 27, 27, 27, 27, 27, 27, 27, 27, 27, 27, 27, 27, 27, 27, 27, 27, 27, 27, 27, 27, 27, 27, 27, 27, 27, 27, 27, 27, 27, 27, 27, 27, 27, 27, 27, 27, 27, 27, 27, 27, 27, 27, 27, 27, 27, 27, 27, 27, 27], 1: [235, 235, 235, 235, 234, 233, 233, 233, 233, 233, 233, 233, 233, 232, 232, 232, 232, 232, 231, 231, 231, 231, 231, 231, 229, 228, 228, 227, 227, 226, 225, 225, 225, 224, 224, 224, 224, 224, 224, 223, 223, 223, 223, 223, 223, 223, 223, 222, 222, 222]}
24 {0: [27, 27, 27, 27, 27, 27, 27, 27, 27, 27, 27, 27, 27, 27, 27, 27, 27, 27, 27, 27, 27, 27, 27, 27, 27, 27, 27, 27, 26, 26, 26, 26, 26, 26, 26, 26, 26, 26, 26, 26, 26, 26, 26, 26, 26, 26, 26, 26, 26, 26], 1: [235, 235, 235, 235, 234, 234, 234, 234, 234, 234, 234, 234, 234, 234, 234, 234, 234, 232, 231, 230, 229, 229, 229, 229, 229, 228, 228, 227, 228, 228, 228, 228, 228, 228, 228, 228, 227, 226, 226, 225, 225, 225, 225, 225, 223, 223, 223, 222, 222, 222]}
25 {0: [27, 27, 27, 27, 27, 27, 27, 27, 27, 27, 27, 27, 27, 27, 27, 27, 27, 27, 27, 27, 27, 27, 27, 27, 27, 27, 27, 27, 27, 27, 27, 27, 27, 27, 27, 27, 27, 27, 27, 27, 27, 27, 27, 27, 27, 27, 27, 27, 27, 27], 1: [235, 235, 235, 235, 235, 235, 235, 235, 235, 235, 234, 234, 234, 234, 233, 232, 232, 232, 232, 232, 231, 231, 231, 231, 231, 231, 231, 231, 231, 230, 230, 229, 229, 229, 229, 229, 227, 227, 227, 227, 226, 226, 226, 226, 226, 226, 226, 226, 226, 226]}
26 {0: [27, 27, 27, 27, 27, 27, 27, 27, 27, 27, 27, 27, 27, 27, 27, 27, 27, 27, 27, 27, 27, 27, 27, 27, 27, 27, 27, 27, 26, 26, 26, 26, 26, 26, 26, 26, 26, 26, 26, 26, 26, 26, 26, 26, 26, 26, 26, 26, 26, 26], 1: [235, 235, 235, 235, 234, 234, 234, 234, 234, 234, 234, 234, 234, 234, 234, 234, 234, 232, 231, 230, 229, 229, 229, 229, 229, 228, 228, 227, 228, 228, 228, 228, 228, 228, 228, 228, 227, 226, 226, 225, 225, 225, 225, 225, 223, 223, 223, 222, 222, 222]}
27 {0: [27, 27, 27, 27, 27, 27, 27, 27, 27, 27, 27, 27, 27, 27, 27, 27, 27, 27, 27, 27, 27, 27, 27, 27, 27, 27, 27, 27, 26, 26, 26, 26, 26, 26, 26, 26, 26, 26, 26, 26, 26, 26, 26, 26, 26, 26, 26, 26, 26, 26], 1: [235, 235, 235, 235, 234, 234, 234, 234, 234, 234, 234, 234, 234, 234, 234, 234, 234, 232, 231, 230, 229, 229, 229, 229, 229, 228, 228, 227, 228, 228, 228, 228, 228, 228, 228, 228, 227, 226, 226, 225, 225, 225, 225, 225, 223, 223, 223, 222, 222, 222]}
28 {0: [27, 27, 27, 27, 27, 27, 27, 27, 27, 27, 27, 27, 27, 27, 27, 27, 27, 27, 27, 27, 27, 27, 27, 27, 27, 27, 27, 27, 27, 27, 27, 27, 27, 27, 27, 27, 27, 27, 27, 27, 27, 27, 27, 27, 27, 27, 27, 27, 27, 27], 1: [235, 235, 235, 235, 235, 235, 235, 235, 235, 235, 234, 234, 234, 234, 233, 232, 232, 232, 232, 232, 231, 231, 231, 231, 231, 231, 231, 231, 231, 230, 230, 229, 229, 229, 229, 229, 227, 227, 227, 227, 226, 226, 226, 226, 226, 226, 226, 226, 226, 226]}
29 {0: [27, 27, 27, 27, 27, 27, 27, 27, 27, 27, 27, 27, 27, 27, 27, 27, 27, 27, 27, 27, 27, 27, 27, 27, 27, 27, 27, 27, 27, 27, 27, 27, 27, 27, 27, 27, 27, 27, 27, 27, 27, 27, 27, 27, 27, 27, 27, 27, 27, 27], 1: [235, 235, 235, 235, 235, 235, 235, 235, 235, 235, 234, 234, 234, 234, 233, 232, 232, 232, 232, 232, 231, 231, 231, 231, 231, 231, 231, 231, 231, 230, 230, 229, 229, 229, 229, 229, 227, 227, 227, 227, 226, 226, 226, 226, 226, 226, 226, 226, 226, 226]}
30 {0: [27, 27, 27, 27, 27, 27, 27, 27, 27, 27, 27, 27, 27, 27, 27, 27, 27, 27, 27, 27, 27, 27, 27, 27, 27, 27, 27, 27, 27, 27, 27, 27, 27, 27, 27, 27, 27, 27, 27, 27, 27, 27, 27, 27, 27, 27, 27, 27, 27, 27], 1: [235, 235, 235, 235, 235, 235, 235, 235, 235, 235, 235, 235, 235, 235, 235, 234, 234, 234, 234, 233, 232, 232, 232, 232, 232, 232, 232, 231, 231, 231, 231, 229, 229, 229, 229, 229, 229, 227, 227, 226, 226, 226, 225, 223, 223, 222, 222, 222, 219, 219]}
31 {0: [27, 27, 27, 27, 27, 27, 27, 27, 27, 27, 27, 27, 27, 27, 27, 27, 27, 27, 27, 27, 27, 27, 27, 27, 27, 27, 27, 27, 27, 27, 27, 27, 27, 27, 27, 27, 27, 27, 27, 27, 27, 27, 27, 27, 27, 27, 27, 27, 27, 27], 1: [235, 235, 235, 235, 235, 235, 235, 235, 235, 235, 235, 235, 235, 235, 234, 234, 234, 234, 233, 232, 232, 232, 232, 232, 232, 232, 232, 231, 231, 231, 230, 230, 230, 230, 230, 230, 230, 230, 230, 230, 229, 229, 229, 228, 228, 228, 228, 228, 228, 228]}
32 {0: [27, 27, 27, 27, 27, 27, 27, 27, 27, 27, 27, 27, 27, 27, 27, 27, 27, 27, 27, 27, 27, 27, 27, 27, 27, 27, 27, 27, 27, 27, 27, 27, 27, 27, 27, 27, 27, 27, 27, 27, 27, 27, 27, 27, 27, 27, 27, 27, 27, 27], 1: [235, 235, 235, 235, 235, 235, 235, 235, 235, 235, 235, 235, 235, 235, 235, 234, 234, 234, 234, 233, 232, 232, 232, 232, 232, 232, 232, 231, 231, 231, 231, 229, 229, 229, 229, 229, 229, 227, 227, 226, 226, 226, 225, 223, 223, 222, 222, 222, 219, 219]}
33 {0: [27, 27, 27, 27, 27, 27, 27, 27, 27, 27, 27, 27, 27, 27, 27, 27, 27, 27, 27, 27, 27, 27, 27, 27, 27, 27, 27, 27, 27, 27, 27, 27, 27, 27, 27, 27, 27, 27, 27, 27, 27, 27, 27, 27, 27, 27, 27, 27, 27, 27], 1: [235, 235, 235, 235, 235, 235, 235, 235, 235, 235, 235, 235, 235, 235, 235, 234, 234, 234, 234, 233, 232, 232, 232, 232, 232, 232, 232, 231, 231, 231, 231, 229, 229, 229, 229, 229, 229, 227, 227, 226, 226, 226, 225, 223, 223, 222, 222, 222, 219, 219]}
34 {0: [27, 27, 27, 27, 27, 27, 27, 27, 27, 27, 27, 27, 27, 27, 27, 27, 27, 27, 27, 27, 27, 27, 27, 27, 27, 27, 27, 27, 27, 27, 27, 27, 27, 27, 27, 27, 27, 27, 27, 27, 27, 27, 27, 27, 27, 27, 27, 27, 27, 27], 1: [235, 235, 235, 235, 235, 235, 235, 235, 235, 235, 235, 235, 235, 235, 234, 234, 234, 234, 233, 232, 232, 232, 232, 232, 232, 232, 232, 231, 231, 231, 230, 230, 230, 230, 230, 230, 230, 230, 230, 230, 229, 229, 229, 228, 228, 228, 228, 228, 228, 228]}
35 {0: [27, 27, 27, 27, 27, 27, 27, 27, 27, 27, 27, 27, 27, 27, 27, 27, 27, 27, 27, 27, 27, 27, 27, 27, 27, 27, 27, 27, 27, 27, 27, 27, 27, 27, 27, 27, 27, 27, 27, 27, 27, 27, 27, 27, 27, 27, 27, 27, 27, 27], 1: [235, 235, 235, 235, 235, 235, 235, 235, 235, 235, 235, 235, 235, 235, 234, 234, 234, 234, 233, 232, 232, 232, 232, 232, 232, 232, 232, 231, 231, 231, 230, 230, 230, 230, 230, 230, 230, 230, 230, 230, 229, 229, 229, 228, 228, 228, 228, 228, 228, 228]}
36 {0: [27, 27, 27, 27, 27, 27, 27, 27, 27, 27, 27, 27, 27, 27, 27, 27, 27, 27, 27, 27, 27, 27, 27, 27, 27, 27, 27, 27, 27, 27, 27, 27, 27, 27, 27, 27, 27, 27, 27, 27, 27, 27, 27, 27, 27, 27, 27, 27, 27, 27], 1: [235, 235, 235, 234, 234, 234, 234, 233, 231, 231, 231, 231, 230, 230, 229, 228, 228, 227, 227, 227, 227, 227, 226, 226, 226, 225, 225, 225, 225, 225, 225, 225, 225, 225, 224, 224, 224, 224, 224, 224, 224, 224, 224, 223, 222, 222, 222, 222, 221, 221]}
37 {0: [27, 27, 27, 27, 27, 27, 27, 27, 27, 27, 27, 27, 27, 27, 27, 27, 27, 27, 27, 27, 27, 27, 27, 27, 27, 27, 27, 27, 27, 27, 27, 27, 27, 27, 27, 27, 27, 27, 27, 27, 27, 27, 27, 27, 27, 27, 27, 27, 27, 27], 1: [235, 235, 235, 235, 234, 234, 233, 233, 232, 232, 232, 231, 231, 231, 231, 231, 231, 231, 230, 230, 230, 230, 230, 230, 230, 230, 229, 227, 227, 225, 225, 224, 224, 224, 224, 224, 224, 224, 223, 223, 223, 223, 223, 223, 222, 222, 221, 221, 221, 221]}
38 {0: [27, 27, 27, 27, 27, 27, 27, 27, 27, 27, 27, 27, 27, 27, 27, 27, 27, 27, 27, 27, 27, 27, 27, 27, 27, 27, 27, 27, 27, 27, 27, 27, 27, 27, 27, 27, 27, 27, 27, 27, 27, 27, 27, 27, 27, 27, 27, 27, 27, 27], 1: [235, 235, 235, 234, 234, 234, 234, 233, 231, 231, 231, 231, 230, 230, 229, 228, 228, 227, 227, 227, 227, 227, 226, 226, 226, 225, 225, 225, 225, 225, 225, 225, 225, 225, 224, 224, 224, 224, 224, 224, 224, 224, 224, 223, 222, 222, 222, 222, 221, 221]}
39 {0: [27, 27, 27, 27, 27, 27, 27, 27, 27, 27, 27, 27, 27, 27, 27, 27, 27, 27, 27, 27, 27, 27, 27, 27, 27, 27, 27, 27, 27, 27, 27, 27, 27, 27, 27, 27, 27, 27, 27, 27, 27, 27, 27, 27, 27, 27, 27, 27, 27, 27], 1: [235, 235, 235, 234, 234, 234, 234, 233, 231, 231, 231, 231, 230, 230, 229, 228, 228, 227, 227, 227, 227, 227, 226, 226, 226, 225, 225, 225, 225, 225, 225, 225, 225, 225, 224, 224, 224, 224, 224, 224, 224, 224, 224, 223, 222, 222, 222, 222, 221, 221]}
40 {0: [27, 27, 27, 27, 27, 27, 27, 27, 27, 27, 27, 27, 27, 27, 27, 27, 27, 27, 27, 27, 27, 27, 27, 27, 27, 27, 27, 27, 27, 27, 27, 27, 27, 27, 27, 27, 27, 27, 27, 27, 27, 27, 27, 27, 27, 27, 27, 27, 27, 27], 1: [235, 235, 235, 235, 234, 234, 233, 233, 232, 232, 232, 231, 231, 231, 231, 231, 231, 231, 230, 230, 230, 230, 230, 230, 230, 230, 229, 227, 227, 225, 225, 224, 224, 224, 224, 224, 224, 224, 223, 223, 223, 223, 223, 223, 222, 222, 221, 221, 221, 221]}
41 {0: [27, 27, 27, 27, 27, 27, 27, 27, 27, 27, 27, 27, 27, 27, 27, 27, 27, 27, 27, 27, 27, 27, 27, 27, 27, 27, 27, 27, 27, 27, 27, 27, 27, 27, 27, 27, 27, 27, 27, 27, 27, 27, 27, 27, 27, 27, 27, 27, 27, 27], 1: [235, 235, 235, 235, 234, 234, 233, 233, 232, 232, 232, 231, 231, 231, 231, 231, 231, 231, 230, 230, 230, 230, 230, 230, 230, 230, 229, 227, 227, 225, 225, 224, 224, 224, 224, 224, 224, 224, 223, 223, 223, 223, 223, 223, 222, 222, 221, 221, 221, 221]}
42 {0: [27, 27, 27, 27, 27, 27, 27, 27, 27, 27, 27, 27, 27, 27, 27, 27, 27, 27, 27, 27, 27, 27, 27, 27, 27, 27, 27, 27, 27, 27, 27, 27, 27, 27, 27, 27, 27, 27, 27, 27, 27, 27, 27, 27, 27, 27, 27, 27, 27, 27], 1: [235, 235, 235, 235, 235, 235, 235, 235, 235, 235, 235, 235, 235, 235, 235, 235, 235, 234, 234, 232, 232, 232, 232, 232, 232, 231, 231, 231, 229, 228, 228, 228, 228, 228, 228, 227, 226, 226, 226, 225, 225, 225, 225, 225, 224, 224, 223, 223, 222, 221]}
43 {0: [27, 27, 27, 27, 27, 27, 27, 27, 27, 27, 27, 27, 27, 27, 27, 27, 27, 27, 27, 27, 27, 27, 27, 27, 27, 27, 27, 27, 27, 27, 27, 27, 27, 27, 27, 27, 27, 27, 27, 27, 27, 27, 27, 27, 27, 27, 27, 27, 27, 27], 1: [235, 235, 235, 234, 234, 234, 234, 234, 234, 234, 234, 234, 234, 234, 234, 233, 233, 233, 232, 232, 232, 232, 231, 231, 230, 230, 230, 230, 230, 229, 229, 229, 229, 228, 228, 228, 227, 227, 227, 227, 227, 227, 227, 227, 227, 226, 226, 225, 224, 223]}
44 {0: [27, 27, 27, 27, 27, 27, 27, 27, 27, 27, 27, 27, 27, 27, 27, 27, 27, 27, 27, 27, 27, 27, 27, 27, 27, 27, 27, 27, 27, 27, 27, 27, 27, 27, 27, 27, 27, 27, 27, 27, 27, 27, 27, 27, 27, 27, 27, 27, 27, 27], 1: [235, 235, 235, 235, 235, 235, 235, 235, 235, 235, 235, 235, 235, 235, 235, 235, 235, 234, 234, 232, 232, 232, 232, 232, 232, 231, 231, 231, 229, 228, 228, 228, 228, 228, 228, 227, 226, 226, 226, 225, 225, 225, 225, 225, 224, 224, 223, 223, 222, 221]}
45 {0: [27, 27, 27, 27, 27, 27, 27, 27, 27, 27, 27, 27, 27, 27, 27, 27, 27, 27, 27, 27, 27, 27, 27, 27, 27, 27, 27, 27, 27, 27, 27, 27, 27, 27, 27, 27, 27, 27, 27, 27, 27, 27, 27, 27, 27, 27, 27, 27, 27, 27], 1: [235, 235, 235, 235, 235, 235, 235, 235, 235, 235, 235, 235, 235, 235, 235, 235, 235, 234, 234, 232, 232, 232, 232, 232, 232, 231, 231, 231, 229, 228, 228, 228, 228, 228, 228, 227, 226, 226, 226, 225, 225, 225, 225, 225, 224, 224, 223, 223, 222, 221]}
46 {0: [27, 27, 27, 27, 27, 27, 27, 27, 27, 27, 27, 27, 27, 27, 27, 27, 27, 27, 27, 27, 27, 27, 27, 27, 27, 27, 27, 27, 27, 27, 27, 27, 27, 27, 27, 27, 27, 27, 27, 27, 27, 27, 27, 27, 27, 27, 27, 27, 27, 27], 1: [235, 235, 235, 234, 234, 234, 234, 234, 234, 234, 234, 234, 234, 234, 234, 233, 233, 233, 232, 232, 232, 232, 231, 231, 230, 230, 230, 230, 230, 229, 229, 229, 229, 228, 228, 228, 227, 227, 227, 227, 227, 227, 227, 227, 227, 226, 226, 225, 224, 223]}
47 {0: [27, 27, 27, 27, 27, 27, 27, 27, 27, 27, 27, 27, 27, 27, 27, 27, 27, 27, 27, 27, 27, 27, 27, 27, 27, 27, 27, 27, 27, 27, 27, 27, 27, 27, 27, 27, 27, 27, 27, 27, 27, 27, 27, 27, 27, 27, 27, 27, 27, 27], 1: [235, 235, 235, 234, 234, 234, 234, 234, 234, 234, 234, 234, 234, 234, 234, 233, 233, 233, 232, 232, 232, 232, 231, 231, 230, 230, 230, 230, 230, 229, 229, 229, 229, 228, 228, 228, 227, 227, 227, 227, 227, 227, 227, 227, 227, 226, 226, 225, 224, 223]}
48 {0: [27, 27, 27, 27, 27, 27, 27, 27, 27, 27, 27, 27, 27, 27, 27, 27, 27, 27, 27, 27, 27, 27, 27, 27, 27, 27, 27, 27, 27, 27, 27, 27, 27, 27, 27, 27, 27, 27, 27, 27, 27, 27, 27, 27, 27, 27, 27, 27, 27, 27], 1: [235, 235, 235, 235, 235, 234, 234, 233, 233, 233, 232, 232, 232, 232, 232, 232, 232, 230, 230, 229, 229, 228, 226, 226, 226, 226, 226, 226, 226, 226, 226, 226, 225, 225, 225, 224, 224, 224, 224, 223, 223, 223, 222, 222, 222, 221, 220, 219, 219, 218]}
49 {0: [27, 27, 27, 27, 27, 27, 27, 27, 27, 27, 27, 27, 27, 27, 27, 27, 27, 27, 27, 27, 27, 27, 27, 27, 27, 27, 27, 27, 27, 27, 27, 27, 27, 27, 27, 27, 27, 27, 27, 27, 27, 27, 27, 27, 27, 27, 27, 27, 27, 27], 1: [235, 235, 235, 235, 235, 235, 235, 235, 235, 235, 235, 235, 235, 235, 235, 235, 235, 235, 235, 235, 235, 234, 233, 233, 233, 233, 233, 232, 231, 230, 230, 229, 229, 229, 229, 228, 228, 228, 228, 228, 228, 227, 227, 227, 227, 227, 226, 226, 226, 226]}
50 {0: [27, 27, 27, 27, 27, 27, 27, 27, 27, 27, 27, 27, 27, 27, 27, 27, 27, 27, 27, 27, 27, 27, 27, 27, 27, 27, 27, 27, 27, 27, 27, 27, 27, 27, 27, 27, 27, 27, 27, 27, 27, 27, 27, 27, 27, 27, 27, 27, 27, 27], 1: [235, 235, 235, 235, 235, 234, 234, 233, 233, 233, 232, 232, 232, 232, 232, 232, 232, 230, 230, 229, 229, 228, 226, 226, 226, 226, 226, 226, 226, 226, 226, 226, 225, 225, 225, 224, 224, 224, 224, 223, 223, 223, 222, 222, 222, 221, 220, 219, 219, 218]}
51 {0: [27, 27, 27, 27, 27, 27, 27, 27, 27, 27, 27, 27, 27, 27, 27, 27, 27, 27, 27, 27, 27, 27, 27, 27, 27, 27, 27, 27, 27, 27, 27, 27, 27, 27, 27, 27, 27, 27, 27, 27, 27, 27, 27, 27, 27, 27, 27, 27, 27, 27], 1: [235, 235, 235, 235, 235, 234, 234, 233, 233, 233, 232, 232, 232, 232, 232, 232, 232, 230, 230, 229, 229, 228, 226, 226, 226, 226, 226, 226, 226, 226, 226, 226, 225, 225, 225, 224, 224, 224, 224, 223, 223, 223, 222, 222, 222, 221, 220, 219, 219, 218]}
52 {0: [27, 27, 27, 27, 27, 27, 27, 27, 27, 27, 27, 27, 27, 27, 27, 27, 27, 27, 27, 27, 27, 27, 27, 27, 27, 27, 27, 27, 27, 27, 27, 27, 27, 27, 27, 27, 27, 27, 27, 27, 27, 27, 27, 27, 27, 27, 27, 27, 27, 27], 1: [235, 235, 235, 235, 235, 235, 235, 235, 235, 235, 235, 235, 235, 235, 235, 235, 235, 235, 235, 235, 235, 234, 233, 233, 233, 233, 233, 232, 231, 230, 230, 229, 229, 229, 229, 228, 228, 228, 228, 228, 228, 227, 227, 227, 227, 227, 226, 226, 226, 226]}
53 {0: [27, 27, 27, 27, 27, 27, 27, 27, 27, 27, 27, 27, 27, 27, 27, 27, 27, 27, 27, 27, 27, 27, 27, 27, 27, 27, 27, 27, 27, 27, 27, 27, 27, 27, 27, 27, 27, 27, 27, 27, 27, 27, 27, 27, 27, 27, 27, 27, 27, 27], 1: [235, 235, 235, 235, 235, 235, 235, 235, 235, 235, 235, 235, 235, 235, 235, 235, 235, 235, 235, 235, 235, 234, 233, 233, 233, 233, 233, 232, 231, 230, 230, 229, 229, 229, 229, 228, 228, 228, 228, 228, 228, 227, 227, 227, 227, 227, 226, 226, 226, 226]}
54 {0: [27, 27, 27, 27, 27, 27, 27, 27, 27, 27, 27, 27, 27, 27, 27, 27, 27, 27, 27, 27, 27, 27, 27, 27, 27, 27, 27, 27, 27, 27, 27, 27, 27, 27, 27, 27, 27, 27, 27, 27, 27, 27, 27, 27, 27, 27, 27, 27, 27, 27], 1: [235, 235, 235, 235, 235, 235, 235, 235, 235, 235, 235, 235, 235, 235, 235, 235, 235, 235, 234, 234, 233, 233, 232, 231, 231, 231, 231, 231, 231, 231, 231, 229, 229, 229, 229, 228, 228, 225, 224, 224, 223, 222, 222, 221, 221, 220, 220, 220, 220, 220]}
55 {0: [27, 27, 27, 27, 27, 27, 27, 27, 27, 27, 27, 27, 27, 27, 27, 27, 27, 27, 27, 27, 27, 27, 27, 27, 27, 27, 27, 27, 27, 27, 27, 27, 27, 27, 27, 27, 27, 27, 27, 27, 27, 27, 27, 27, 27, 27, 27, 27, 27, 27], 1: [235, 235, 235, 234, 234, 234, 234, 234, 234, 234, 234, 234, 234, 234, 234, 234, 234, 234, 234, 234, 233, 233, 233, 233, 232, 232, 232, 232, 232, 232, 232, 231, 231, 231, 231, 231, 231, 231, 231, 230, 229, 229, 229, 229, 229, 229, 229, 229, 229, 229]}
56 {0: [27, 27, 27, 27, 27, 27, 27, 27, 27, 27, 27, 27, 27, 27, 27, 27, 27, 27, 27, 27, 27, 27, 27, 27, 27, 27, 27, 27, 27, 27, 27, 27, 27, 27, 27, 27, 27, 27, 27, 27, 27, 27, 27, 27, 27, 27, 27, 27, 27, 27], 1: [235, 235, 235, 235, 235, 235, 235, 235, 235, 235, 235, 235, 235, 235, 235, 235, 235, 235, 234, 234, 233, 233, 232, 231, 231, 231, 231, 231, 231, 231, 231, 229, 229, 229, 229, 228, 228, 225, 224, 224, 223, 222, 222, 221, 221, 220, 220, 220, 220, 220]}
57 {0: [27, 27, 27, 27, 27, 27, 27, 27, 27, 27, 27, 27, 27, 27, 27, 27, 27, 27, 27, 27, 27, 27, 27, 27, 27, 27, 27, 27, 27, 27, 27, 27, 27, 27, 27, 27, 27, 27, 27, 27, 27, 27, 27, 27, 27, 27, 27, 27, 27, 27], 1: [235, 235, 235, 235, 235, 235, 235, 235, 235, 235, 235, 235, 235, 235, 235, 235, 235, 235, 234, 234, 233, 233, 232, 231, 231, 231, 231, 231, 231, 231, 231, 229, 229, 229, 229, 228, 228, 225, 224, 224, 223, 222, 222, 221, 221, 220, 220, 220, 220, 220]}
58 {0: [27, 27, 27, 27, 27, 27, 27, 27, 27, 27, 27, 27, 27, 27, 27, 27, 27, 27, 27, 27, 27, 27, 27, 27, 27, 27, 27, 27, 27, 27, 27, 27, 27, 27, 27, 27, 27, 27, 27, 27, 27, 27, 27, 27, 27, 27, 27, 27, 27, 27], 1: [235, 235, 235, 234, 234, 234, 234, 234, 234, 234, 234, 234, 234, 234, 234, 234, 234, 234, 234, 234, 233, 233, 233, 233, 232, 232, 232, 232, 232, 232, 232, 231, 231, 231, 231, 231, 231, 231, 231, 230, 229, 229, 229, 229, 229, 229, 229, 229, 229, 229]}
59 {0: [27, 27, 27, 27, 27, 27, 27, 27, 27, 27, 27, 27, 27, 27, 27, 27, 27, 27, 27, 27, 27, 27, 27, 27, 27, 27, 27, 27, 27, 27, 27, 27, 27, 27, 27, 27, 27, 27, 27, 27, 27, 27, 27, 27, 27, 27, 27, 27, 27, 27], 1: [235, 235, 235, 234, 234, 234, 234, 234, 234, 234, 234, 234, 234, 234, 234, 234, 234, 234, 234, 234, 233, 233, 233, 233, 232, 232, 232, 232, 232, 232, 232, 231, 231, 231, 231, 231, 231, 231, 231, 230, 229, 229, 229, 229, 229, 229, 229, 229, 229, 229]}
60 {0: [27, 27, 27, 27, 27, 27, 27, 27, 27, 27, 27, 27, 27, 27, 27, 27, 27, 27, 27, 27, 27, 27, 27, 27, 27, 27, 27, 27, 27, 27, 27, 27, 27, 27, 27, 27, 27, 27, 27, 27, 27, 27, 27, 27, 27, 27, 27, 27, 27, 27], 1: [235, 235, 235, 235, 235, 235, 235, 235, 235, 235, 235, 235, 235, 234, 234, 233, 233, 233, 233, 232, 232, 231, 231, 230, 229, 228, 228, 228, 228, 228, 227, 227, 227, 227, 227, 227, 227, 227, 227, 227, 227, 227, 227, 227, 227, 227, 227, 227, 226, 225]}
61 {0: [27, 27, 27, 27, 27, 27, 27, 27, 27, 27, 27, 27, 27, 27, 27, 27, 27, 27, 27, 27, 27, 27, 27, 27, 27, 27, 27, 27, 27, 27, 27, 27, 27, 27, 27, 27, 27, 27, 27, 27, 27, 27, 27, 27, 27, 27, 27, 27, 27, 27], 1: [235, 235, 235, 235, 235, 235, 235, 235, 235, 235, 235, 235, 235, 235, 235, 235, 235, 235, 234, 234, 234, 233, 233, 233, 233, 233, 232, 232, 232, 231, 231, 231, 231, 231, 231, 231, 231, 231, 231, 231, 231, 231, 231, 231, 231, 231, 231, 231, 231, 231]}
62 {0: [27, 27, 27, 27, 27, 27, 27, 27, 27, 27, 27, 27, 27, 27, 27, 27, 27, 27, 27, 27, 27, 27, 27, 27, 27, 27, 27, 27, 27, 27, 27, 27, 27, 27, 27, 27, 27, 27, 27, 27, 27, 27, 27, 27, 27, 27, 27, 27, 27, 27], 1: [235, 235, 235, 235, 235, 235, 235, 235, 235, 235, 235, 235, 235, 234, 234, 233, 233, 233, 233, 232, 232, 231, 231, 230, 229, 228, 228, 228, 228, 228, 227, 227, 227, 227, 227, 227, 227, 227, 227, 227, 227, 227, 227, 227, 227, 227, 227, 227, 226, 225]}
63 {0: [27, 27, 27, 27, 27, 27, 27, 27, 27, 27, 27, 27, 27, 27, 27, 27, 27, 27, 27, 27, 27, 27, 27, 27, 27, 27, 27, 27, 27, 27, 27, 27, 27, 27, 27, 27, 27, 27, 27, 27, 27, 27, 27, 27, 27, 27, 27, 27, 27, 27], 1: [235, 235, 235, 235, 235, 235, 235, 235, 235, 235, 235, 235, 235, 234, 234, 233, 233, 233, 233, 232, 232, 231, 231, 230, 229, 228, 228, 228, 228, 228, 227, 227, 227, 227, 227, 227, 227, 227, 227, 227, 227, 227, 227, 227, 227, 227, 227, 227, 226, 225]}
64 {0: [27, 27, 27, 27, 27, 27, 27, 27, 27, 27, 27, 27, 27, 27, 27, 27, 27, 27, 27, 27, 27, 27, 27, 27, 27, 27, 27, 27, 27, 27, 27, 27, 27, 27, 27, 27, 27, 27, 27, 27, 27, 27, 27, 27, 27, 27, 27, 27, 27, 27], 1: [235, 235, 235, 235, 235, 235, 235, 235, 235, 235, 235, 235, 235, 235, 235, 235, 235, 235, 234, 234, 234, 233, 233, 233, 233, 233, 232, 232, 232, 231, 231, 231, 231, 231, 231, 231, 231, 231, 231, 231, 231, 231, 231, 231, 231, 231, 231, 231, 231, 231]}
65 {0: [27, 27, 27, 27, 27, 27, 27, 27, 27, 27, 27, 27, 27, 27, 27, 27, 27, 27, 27, 27, 27, 27, 27, 27, 27, 27, 27, 27, 27, 27, 27, 27, 27, 27, 27, 27, 27, 27, 27, 27, 27, 27, 27, 27, 27, 27, 27, 27, 27, 27], 1: [235, 235, 235, 235, 235, 235, 235, 235, 235, 235, 235, 235, 235, 235, 235, 235, 235, 235, 234, 234, 234, 233, 233, 233, 233, 233, 232, 232, 232, 231, 231, 231, 231, 231, 231, 231, 231, 231, 231, 231, 231, 231, 231, 231, 231, 231, 231, 231, 231, 231]}
66 {0: [27, 27, 27, 27, 27, 27, 27, 27, 27, 27, 27, 27, 27, 27, 27, 27, 27, 27, 27, 27, 27, 27, 27, 27, 27, 27, 27, 27, 27, 27, 27, 27, 27, 27, 27, 27, 27, 27, 27, 27, 27, 27, 27, 27, 27, 27, 27, 27, 27, 27], 1: [235, 235, 235, 234, 234, 234, 234, 234, 233, 233, 233, 233, 233, 233, 233, 233, 233, 232, 232, 232, 232, 232, 232, 232, 232, 232, 232, 231, 231, 231, 230, 230, 230, 230, 230, 230, 230, 230, 230, 230, 230, 230, 230, 230, 229, 229, 229, 228, 228, 227]}
67 {0: [27, 27, 27, 27, 27, 27, 27, 27, 27, 27, 27, 27, 27, 27, 27, 27, 27, 27, 27, 27, 27, 27, 27, 27, 27, 27, 27, 27, 27, 27, 27, 27, 27, 27, 27, 27, 27, 27, 27, 27, 27, 27, 27, 27, 27, 27, 27, 27, 27, 27], 1: [235, 235, 234, 234, 234, 234, 234, 234, 234, 234, 233, 233, 233, 231, 230, 230, 230, 230, 230, 229, 229, 229, 229, 228, 228, 227, 226, 226, 226, 226, 225, 224, 224, 224, 224, 224, 224, 224, 224, 223, 223, 222, 221, 221, 221, 220, 220, 220, 220, 220]}
68 {0: [27, 27, 27, 27, 27, 27, 27, 27, 27, 27, 27, 27, 27, 27, 27, 27, 27, 27, 27, 27, 27, 27, 27, 27, 27, 27, 27, 27, 27, 27, 27, 27, 27, 27, 27, 27, 27, 27, 27, 27, 27, 27, 27, 27, 27, 27, 27, 27, 27, 27], 1: [235, 235, 235, 234, 234, 234, 234, 234, 233, 233, 233, 233, 233, 233, 233, 233, 233, 232, 232, 232, 232, 232, 232, 232, 232, 232, 232, 231, 231, 231, 230, 230, 230, 230, 230, 230, 230, 230, 230, 230, 230, 230, 230, 230, 229, 229, 229, 228, 228, 227]}
69 {0: [27, 27, 27, 27, 27, 27, 27, 27, 27, 27, 27, 27, 27, 27, 27, 27, 27, 27, 27, 27, 27, 27, 27, 27, 27, 27, 27, 27, 27, 27, 27, 27, 27, 27, 27, 27, 27, 27, 27, 27, 27, 27, 27, 27, 27, 27, 27, 27, 27, 27], 1: [235, 235, 235, 234, 234, 234, 234, 234, 233, 233, 233, 233, 233, 233, 233, 233, 233, 232, 232, 232, 232, 232, 232, 232, 232, 232, 232, 231, 231, 231, 230, 230, 230, 230, 230, 230, 230, 230, 230, 230, 230, 230, 230, 230, 229, 229, 229, 228, 228, 227]}
70 {0: [27, 27, 27, 27, 27, 27, 27, 27, 27, 27, 27, 27, 27, 27, 27, 27, 27, 27, 27, 27, 27, 27, 27, 27, 27, 27, 27, 27, 27, 27, 27, 27, 27, 27, 27, 27, 27, 27, 27, 27, 27, 27, 27, 27, 27, 27, 27, 27, 27, 27], 1: [235, 235, 234, 234, 234, 234, 234, 234, 234, 234, 233, 233, 233, 231, 230, 230, 230, 230, 230, 229, 229, 229, 229, 228, 228, 227, 226, 226, 226, 226, 225, 224, 224, 224, 224, 224, 224, 224, 224, 223, 223, 222, 221, 221, 221, 220, 220, 220, 220, 220]}
71 {0: [27, 27, 27, 27, 27, 27, 27, 27, 27, 27, 27, 27, 27, 27, 27, 27, 27, 27, 27, 27, 27, 27, 27, 27, 27, 27, 27, 27, 27, 27, 27, 27, 27, 27, 27, 27, 27, 27, 27, 27, 27, 27, 27, 27, 27, 27, 27, 27, 27, 27], 1: [235, 235, 234, 234, 234, 234, 234, 234, 234, 234, 233, 233, 233, 231, 230, 230, 230, 230, 230, 229, 229, 229, 229, 228, 228, 227, 226, 226, 226, 226, 225, 224, 224, 224, 224, 224, 224, 224, 224, 223, 223, 222, 221, 221, 221, 220, 220, 220, 220, 220]}
72 {0: [27, 27, 27, 27, 27, 27, 27, 27, 27, 27, 27, 27, 27, 27, 27, 27, 27, 27, 27, 27, 27, 27, 27, 27, 27, 27, 27, 27, 27, 27, 27, 27, 27, 27, 27, 27, 27, 27, 27, 27, 27, 27, 27, 27, 27, 27, 27, 27, 27, 27], 1: [235, 235, 235, 235, 235, 235, 235, 235, 235, 234, 234, 233, 233, 233, 233, 232, 232, 232, 232, 232, 232, 232, 232, 232, 232, 232, 232, 230, 230, 230, 230, 230, 228, 228, 227, 226, 225, 225, 225, 225, 224, 224, 224, 223, 222, 222, 222, 222, 222, 222]}
73 {0: [27, 27, 27, 27, 27, 27, 27, 27, 27, 27, 27, 27, 27, 27, 27, 27, 27, 27, 27, 27, 27, 27, 27, 27, 27, 27, 27, 27, 27, 27, 27, 27, 27, 27, 27, 27, 27, 27, 27, 27, 27, 27, 27, 27, 27, 27, 27, 27, 27, 27], 1: [235, 235, 235, 235, 235, 235, 235, 235, 235, 235, 234, 234, 234, 234, 234, 234, 234, 232, 232, 232, 232, 232, 232, 231, 231, 231, 231, 229, 229, 229, 229, 229, 229, 229, 229, 229, 229, 229, 228, 228, 227, 227, 227, 227, 226, 226, 225, 223, 222, 221]}
74 {0: [27, 27, 27, 27, 27, 27, 27, 27, 27, 27, 27, 27, 27, 27, 27, 27, 27, 27, 27, 27, 27, 27, 27, 27, 27, 27, 27, 27, 27, 27, 27, 27, 27, 27, 27, 27, 27, 27, 27, 27, 27, 27, 27, 27, 27, 27, 27, 27, 27, 27], 1: [235, 235, 235, 235, 235, 235, 235, 235, 235, 234, 234, 233, 233, 233, 233, 232, 232, 232, 232, 232, 232, 232, 232, 232, 232, 232, 232, 230, 230, 230, 230, 230, 228, 228, 227, 226, 225, 225, 225, 225, 224, 224, 224, 223, 222, 222, 222, 222, 222, 222]}
75 {0: [27, 27, 27, 27, 27, 27, 27, 27, 27, 27, 27, 27, 27, 27, 27, 27, 27, 27, 27, 27, 27, 27, 27, 27, 27, 27, 27, 27, 27, 27, 27, 27, 27, 27, 27, 27, 27, 27, 27, 27, 27, 27, 27, 27, 27, 27, 27, 27, 27, 27], 1: [235, 235, 235, 235, 235, 235, 235, 235, 235, 234, 234, 233, 233, 233, 233, 232, 232, 232, 232, 232, 232, 232, 232, 232, 232, 232, 232, 230, 230, 230, 230, 230, 228, 228, 227, 226, 225, 225, 225, 225, 224, 224, 224, 223, 222, 222, 222, 222, 222, 222]}
76 {0: [27, 27, 27, 27, 27, 27, 27, 27, 27, 27, 27, 27, 27, 27, 27, 27, 27, 27, 27, 27, 27, 27, 27, 27, 27, 27, 27, 27, 27, 27, 27, 27, 27, 27, 27, 27, 27, 27, 27, 27, 27, 27, 27, 27, 27, 27, 27, 27, 27, 27], 1: [235, 235, 235, 235, 235, 235, 235, 235, 235, 235, 234, 234, 234, 234, 234, 234, 234, 232, 232, 232, 232, 232, 232, 231, 231, 231, 231, 229, 229, 229, 229, 229, 229, 229, 229, 229, 229, 229, 228, 228, 227, 227, 227, 227, 226, 226, 225, 223, 222, 221]}
77 {0: [27, 27, 27, 27, 27, 27, 27, 27, 27, 27, 27, 27, 27, 27, 27, 27, 27, 27, 27, 27, 27, 27, 27, 27, 27, 27, 27, 27, 27, 27, 27, 27, 27, 27, 27, 27, 27, 27, 27, 27, 27, 27, 27, 27, 27, 27, 27, 27, 27, 27], 1: [235, 235, 235, 235, 235, 235, 235, 235, 235, 235, 234, 234, 234, 234, 234, 234, 234, 232, 232, 232, 232, 232, 232, 231, 231, 231, 231, 229, 229, 229, 229, 229, 229, 229, 229, 229, 229, 229, 228, 228, 227, 227, 227, 227, 226, 226, 225, 223, 222, 221]}
78 {0: [27, 27, 27, 27, 27, 27, 27, 27, 27, 27, 27, 27, 27, 27, 27, 27, 27, 27, 27, 27, 27, 27, 27, 27, 27, 27, 27, 27, 27, 27, 27, 27, 27, 27, 27, 27, 27, 27, 27, 27, 27, 27, 27, 27, 27, 27, 27, 27, 27, 27], 1: [235, 235, 235, 235, 235, 235, 234, 234, 234, 234, 233, 233, 233, 233, 232, 232, 231, 230, 229, 229, 229, 228, 227, 227, 227, 227, 227, 226, 226, 226, 226, 226, 226, 226, 225, 225, 225, 225, 225, 225, 225, 223, 223, 223, 222, 221, 220, 220, 220, 220]}
79 {0: [27, 27, 27, 27, 27, 27, 27, 27, 27, 27, 27, 27, 27, 27, 27, 27, 27, 27, 27, 27, 27, 27, 27, 27, 27, 27, 27, 27, 27, 27, 27, 27, 27, 27, 27, 27, 27, 27, 27, 27, 27, 27, 27, 27, 27, 27, 27, 27, 27, 27], 1: [235, 235, 235, 235, 235, 235, 235, 235, 235, 233, 233, 233, 233, 233, 233, 233, 233, 233, 233, 233, 233, 233, 233, 232, 232, 232, 232, 231, 231, 230, 229, 227, 225, 225, 225, 225, 225, 225, 225, 224, 224, 224, 224, 224, 224, 224, 223, 223, 223, 223]}
80 {0: [27, 27, 27, 27, 27, 27, 27, 27, 27, 27, 27, 27, 27, 27, 27, 27, 27, 27, 27, 27, 27, 27, 27, 27, 27, 27, 27, 27, 27, 27, 27, 27, 27, 27, 27, 27, 27, 27, 27, 27, 27, 27, 27, 27, 27, 27, 27, 27, 27, 27], 1: [235, 235, 235, 235, 235, 235, 234, 234, 234, 234, 233, 233, 233, 233, 232, 232, 231, 230, 229, 229, 229, 228, 227, 227, 227, 227, 227, 226, 226, 226, 226, 226, 226, 226, 225, 225, 225, 225, 225, 225, 225, 223, 223, 223, 222, 221, 220, 220, 220, 220]}
81 {0: [27, 27, 27, 27, 27, 27, 27, 27, 27, 27, 27, 27, 27, 27, 27, 27, 27, 27, 27, 27, 27, 27, 27, 27, 27, 27, 27, 27, 27, 27, 27, 27, 27, 27, 27, 27, 27, 27, 27, 27, 27, 27, 27, 27, 27, 27, 27, 27, 27, 27], 1: [235, 235, 235, 235, 235, 235, 234, 234, 234, 234, 233, 233, 233, 233, 232, 232, 231, 230, 229, 229, 229, 228, 227, 227, 227, 227, 227, 226, 226, 226, 226, 226, 226, 226, 225, 225, 225, 225, 225, 225, 225, 223, 223, 223, 222, 221, 220, 220, 220, 220]}
82 {0: [27, 27, 27, 27, 27, 27, 27, 27, 27, 27, 27, 27, 27, 27, 27, 27, 27, 27, 27, 27, 27, 27, 27, 27, 27, 27, 27, 27, 27, 27, 27, 27, 27, 27, 27, 27, 27, 27, 27, 27, 27, 27, 27, 27, 27, 27, 27, 27, 27, 27], 1: [235, 235, 235, 235, 235, 235, 235, 235, 235, 233, 233, 233, 233, 233, 233, 233, 233, 233, 233, 233, 233, 233, 233, 232, 232, 232, 232, 231, 231, 230, 229, 227, 225, 225, 225, 225, 225, 225, 225, 224, 224, 224, 224, 224, 224, 224, 223, 223, 223, 223]}
83 {0: [27, 27, 27, 27, 27, 27, 27, 27, 27, 27, 27, 27, 27, 27, 27, 27, 27, 27, 27, 27, 27, 27, 27, 27, 27, 27, 27, 27, 27, 27, 27, 27, 27, 27, 27, 27, 27, 27, 27, 27, 27, 27, 27, 27, 27, 27, 27, 27, 27, 27], 1: [235, 235, 235, 235, 235, 235, 235, 235, 235, 233, 233, 233, 233, 233, 233, 233, 233, 233, 233, 233, 233, 233, 233, 232, 232, 232, 232, 231, 231, 230, 229, 227, 225, 225, 225, 225, 225, 225, 225, 224, 224, 224, 224, 224, 224, 224, 223, 223, 223, 223]}
84 {0: [27, 27, 27, 27, 27, 27, 27, 27, 27, 27, 27, 27, 27, 27, 27, 27, 27, 27, 27, 27, 27, 27, 27, 27, 27, 27, 27, 27, 27, 27, 27, 27, 27, 27, 27, 27, 27, 27, 27, 27, 27, 27, 27, 27, 27, 27, 27, 27, 27, 27], 1: [235, 235, 235, 235, 235, 234, 233, 233, 233, 232, 232, 232, 232, 232, 232, 232, 232, 232, 232, 232, 231, 231, 231, 231, 230, 230, 230, 230, 230, 230, 230, 230, 230, 229, 229, 229, 229, 229, 229, 228, 228, 228, 228, 228, 228, 228, 228, 228, 228, 228]}
85 {0: [27, 27, 27, 27, 27, 27, 27, 27, 27, 27, 27, 27, 27, 27, 27, 27, 27, 27, 27, 27, 27, 27, 27, 27, 27, 27, 27, 27, 27, 27, 27, 27, 27, 27, 27, 27, 27, 27, 27, 27, 27, 27, 27, 27, 27, 27, 27, 27, 27, 27], 1: [235, 235, 235, 235, 234, 234, 234, 234, 234, 234, 234, 234, 234, 234, 234, 234, 234, 234, 234, 234, 234, 234, 232, 231, 231, 230, 230, 230, 230, 230, 229, 228, 228, 227, 227, 227, 227, 227, 227, 227, 227, 227, 227, 227, 227, 227, 227, 227, 227, 227]}
86 {0: [27, 27, 27, 27, 27, 27, 27, 27, 27, 27, 27, 27, 27, 27, 27, 27, 27, 27, 27, 27, 27, 27, 27, 27, 27, 27, 27, 27, 27, 27, 27, 27, 27, 27, 27, 27, 27, 27, 27, 27, 27, 27, 27, 27, 27, 27, 27, 27, 27, 27], 1: [235, 235, 235, 235, 235, 234, 233, 233, 233, 232, 232, 232, 232, 232, 232, 232, 232, 232, 232, 232, 231, 231, 231, 231, 230, 230, 230, 230, 230, 230, 230, 230, 230, 229, 229, 229, 229, 229, 229, 228, 228, 228, 228, 228, 228, 228, 228, 228, 228, 228]}
87 {0: [27, 27, 27, 27, 27, 27, 27, 27, 27, 27, 27, 27, 27, 27, 27, 27, 27, 27, 27, 27, 27, 27, 27, 27, 27, 27, 27, 27, 27, 27, 27, 27, 27, 27, 27, 27, 27, 27, 27, 27, 27, 27, 27, 27, 27, 27, 27, 27, 27, 27], 1: [235, 235, 235, 235, 235, 234, 233, 233, 233, 232, 232, 232, 232, 232, 232, 232, 232, 232, 232, 232, 231, 231, 231, 231, 230, 230, 230, 230, 230, 230, 230, 230, 230, 229, 229, 229, 229, 229, 229, 228, 228, 228, 228, 228, 228, 228, 228, 228, 228, 228]}
88 {0: [27, 27, 27, 27, 27, 27, 27, 27, 27, 27, 27, 27, 27, 27, 27, 27, 27, 27, 27, 27, 27, 27, 27, 27, 27, 27, 27, 27, 27, 27, 27, 27, 27, 27, 27, 27, 27, 27, 27, 27, 27, 27, 27, 27, 27, 27, 27, 27, 27, 27], 1: [235, 235, 235, 235, 234, 234, 234, 234, 234, 234, 234, 234, 234, 234, 234, 234, 234, 234, 234, 234, 234, 234, 232, 231, 231, 230, 230, 230, 230, 230, 229, 228, 228, 227, 227, 227, 227, 227, 227, 227, 227, 227, 227, 227, 227, 227, 227, 227, 227, 227]}
89 {0: [27, 27, 27, 27, 27, 27, 27, 27, 27, 27, 27, 27, 27, 27, 27, 27, 27, 27, 27, 27, 27, 27, 27, 27, 27, 27, 27, 27, 27, 27, 27, 27, 27, 27, 27, 27, 27, 27, 27, 27, 27, 27, 27, 27, 27, 27, 27, 27, 27, 27], 1: [235, 235, 235, 235, 234, 234, 234, 234, 234, 234, 234, 234, 234, 234, 234, 234, 234, 234, 234, 234, 234, 234, 232, 231, 231, 230, 230, 230, 230, 230, 229, 228, 228, 227, 227, 227, 227, 227, 227, 227, 227, 227, 227, 227, 227, 227, 227, 227, 227, 227]}
90 {0: [27, 27, 27, 27, 27, 27, 27, 27, 27, 27, 27, 27, 27, 27, 27, 27, 27, 27, 27, 27, 27, 27, 27, 27, 27, 27, 27, 27, 27, 27, 27, 27, 27, 27, 27, 27, 27, 27, 27, 27, 27, 27, 27, 27, 27, 27, 27, 27, 27, 27], 1: [235, 235, 235, 235, 235, 235, 234, 234, 234, 234, 233, 233, 233, 231, 231, 231, 230, 230, 230, 230, 230, 229, 229, 229, 228, 227, 226, 225, 224, 223, 223, 223, 222, 221, 221, 221, 221, 220, 220, 220, 220, 220, 219, 219, 219, 218, 218, 218, 218, 218]}
91 {0: [27, 27, 27, 27, 27, 27, 27, 27, 27, 27, 27, 27, 27, 27, 27, 27, 27, 27, 27, 27, 27, 27, 27, 27, 27, 27, 27, 27, 27, 27, 27, 27, 27, 27, 27, 27, 27, 27, 27, 27, 27, 27, 27, 27, 27, 27, 27, 27, 27, 27], 1: [235, 235, 235, 235, 235, 235, 235, 234, 234, 234, 234, 234, 234, 234, 233, 233, 233, 232, 232, 232, 232, 232, 232, 231, 230, 229, 229, 229, 229, 229, 229, 228, 228, 228, 228, 228, 227, 227, 227, 227, 227, 224, 224, 224, 224, 223, 223, 223, 223, 223]}
92 {0: [27, 27, 27, 27, 27, 27, 27, 27, 27, 27, 27, 27, 27, 27, 27, 27, 27, 27, 27, 27, 27, 27, 27, 27, 27, 27, 27, 27, 27, 27, 27, 27, 27, 27, 27, 27, 27, 27, 27, 27, 27, 27, 27, 27, 27, 27, 27, 27, 27, 27], 1: [235, 235, 235, 235, 235, 235, 234, 234, 234, 234, 233, 233, 233, 231, 231, 231, 230, 230, 230, 230, 230, 229, 229, 229, 228, 227, 226, 225, 224, 223, 223, 223, 222, 221, 221, 221, 221, 220, 220, 220, 220, 220, 219, 219, 219, 218, 218, 218, 218, 218]}
93 {0: [27, 27, 27, 27, 27, 27, 27, 27, 27, 27, 27, 27, 27, 27, 27, 27, 27, 27, 27, 27, 27, 27, 27, 27, 27, 27, 27, 27, 27, 27, 27, 27, 27, 27, 27, 27, 27, 27, 27, 27, 27, 27, 27, 27, 27, 27, 27, 27, 27, 27], 1: [235, 235, 235, 235, 235, 235, 234, 234, 234, 234, 233, 233, 233, 231, 231, 231, 230, 230, 230, 230, 230, 229, 229, 229, 228, 227, 226, 225, 224, 223, 223, 223, 222, 221, 221, 221, 221, 220, 220, 220, 220, 220, 219, 219, 219, 218, 218, 218, 218, 218]}
94 {0: [27, 27, 27, 27, 27, 27, 27, 27, 27, 27, 27, 27, 27, 27, 27, 27, 27, 27, 27, 27, 27, 27, 27, 27, 27, 27, 27, 27, 27, 27, 27, 27, 27, 27, 27, 27, 27, 27, 27, 27, 27, 27, 27, 27, 27, 27, 27, 27, 27, 27], 1: [235, 235, 235, 235, 235, 235, 235, 234, 234, 234, 234, 234, 234, 234, 233, 233, 233, 232, 232, 232, 232, 232, 232, 231, 230, 229, 229, 229, 229, 229, 229, 228, 228, 228, 228, 228, 227, 227, 227, 227, 227, 224, 224, 224, 224, 223, 223, 223, 223, 223]}
95 {0: [27, 27, 27, 27, 27, 27, 27, 27, 27, 27, 27, 27, 27, 27, 27, 27, 27, 27, 27, 27, 27, 27, 27, 27, 27, 27, 27, 27, 27, 27, 27, 27, 27, 27, 27, 27, 27, 27, 27, 27, 27, 27, 27, 27, 27, 27, 27, 27, 27, 27], 1: [235, 235, 235, 235, 235, 235, 235, 234, 234, 234, 234, 234, 234, 234, 233, 233, 233, 232, 232, 232, 232, 232, 232, 231, 230, 229, 229, 229, 229, 229, 229, 228, 228, 228, 228, 228, 227, 227, 227, 227, 227, 224, 224, 224, 224, 223, 223, 223, 223, 223]}
96 {0: [27, 27, 27, 27, 27, 27, 27, 27, 27, 27, 27, 27, 27, 27, 27, 27, 27, 27, 27, 27, 27, 27, 27, 27, 27, 27, 27, 27, 27, 27, 27, 27, 27, 27, 27, 27, 27, 27, 27, 27, 27, 27, 27, 27, 27, 27, 27, 27, 27, 27], 1: [235, 235, 235, 235, 235, 235, 235, 234, 234, 234, 234, 234, 232, 232, 232, 232, 232, 232, 232, 232, 232, 232, 232, 232, 232, 232, 231, 231, 231, 231, 231, 231, 231, 231, 231, 231, 231, 230, 229, 228, 228, 228, 227, 227, 225, 225, 225, 225, 224, 223]}
97 {0: [27, 27, 27, 27, 27, 27, 27, 27, 27, 27, 27, 27, 27, 27, 27, 27, 27, 27, 27, 27, 27, 27, 27, 27, 27, 27, 27, 27, 27, 27, 27, 27, 27, 27, 27, 27, 27, 27, 27, 27, 27, 27, 27, 27, 27, 27, 27, 27, 27, 27], 1: [235, 235, 235, 235, 235, 235, 235, 235, 235, 235, 235, 235, 235, 235, 235, 235, 235, 234, 234, 234, 234, 234, 234, 234, 233, 232, 232, 232, 230, 230, 230, 230, 230, 230, 230, 230, 230, 230, 229, 229, 229, 229, 229, 229, 228, 228, 228, 227, 226, 226]}
98 {0: [27, 27, 27, 27, 27, 27, 27, 27, 27, 27, 27, 27, 27, 27, 27, 27, 27, 27, 27, 27, 27, 27, 27, 27, 27, 27, 27, 27, 27, 27, 27, 27, 27, 27, 27, 27, 27, 27, 27, 27, 27, 27, 27, 27, 27, 27, 27, 27, 27, 27], 1: [235, 235, 235, 235, 235, 235, 235, 234, 234, 234, 234, 234, 232, 232, 232, 232, 232, 232, 232, 232, 232, 232, 232, 232, 232, 232, 231, 231, 231, 231, 231, 231, 231, 231, 231, 231, 231, 230, 229, 228, 228, 228, 227, 227, 225, 225, 225, 225, 224, 223]}
99 {0: [27, 27, 27, 27, 27, 27, 27, 27, 27, 27, 27, 27, 27, 27, 27, 27, 27, 27, 27, 27, 27, 27, 27, 27, 27, 27, 27, 27, 27, 27, 27, 27, 27, 27, 27, 27, 27, 27, 27, 27, 27, 27, 27, 27, 27, 27, 27, 27, 27, 27], 1: [235, 235, 235, 235, 235, 235, 235, 234, 234, 234, 234, 234, 232, 232, 232, 232, 232, 232, 232, 232, 232, 232, 232, 232, 232, 232, 231, 231, 231, 231, 231, 231, 231, 231, 231, 231, 231, 230, 229, 228, 228, 228, 227, 227, 225, 225, 225, 225, 224, 223]}
100 {0: [27, 27, 27, 27, 27, 27, 27, 27, 27, 27, 27, 27, 27, 27, 27, 27, 27, 27, 27, 27, 27, 27, 27, 27, 27, 27, 27, 27, 27, 27, 27, 27, 27, 27, 27, 27, 27, 27, 27, 27, 27, 27, 27, 27, 27, 27, 27, 27, 27, 27], 1: [235, 235, 235, 235, 235, 235, 235, 235, 235, 235, 235, 235, 235, 235, 235, 235, 235, 234, 234, 234, 234, 234, 234, 234, 233, 232, 232, 232, 230, 230, 230, 230, 230, 230, 230, 230, 230, 230, 229, 229, 229, 229, 229, 229, 228, 228, 228, 227, 226, 226]}
101 {0: [27, 27, 27, 27, 27, 27, 27, 27, 27, 27, 27, 27, 27, 27, 27, 27, 27, 27, 27, 27, 27, 27, 27, 27, 27, 27, 27, 27, 27, 27, 27, 27, 27, 27, 27, 27, 27, 27, 27, 27, 27, 27, 27, 27, 27, 27, 27, 27, 27, 27], 1: [235, 235, 235, 235, 235, 235, 235, 235, 235, 235, 235, 235, 235, 235, 235, 235, 235, 234, 234, 234, 234, 234, 234, 234, 233, 232, 232, 232, 230, 230, 230, 230, 230, 230, 230, 230, 230, 230, 229, 229, 229, 229, 229, 229, 228, 228, 228, 227, 226, 226]}
102 {0: [27, 27, 27, 27, 27, 27, 27, 27, 27, 27, 27, 27, 27, 27, 27, 27, 27, 27, 27, 27, 27, 27, 27, 27, 27, 27, 27, 27, 27, 27, 27, 27, 27, 27, 27, 27, 27, 27, 27, 27, 27, 27, 27, 27, 27, 27, 27, 27, 27, 27], 1: [235, 234, 234, 234, 233, 233, 233, 233, 233, 233, 232, 232, 231, 231, 230, 230, 230, 230, 230, 229, 229, 228, 228, 228, 228, 228, 228, 227, 227, 227, 227, 226, 225, 225, 225, 225, 225, 224, 224, 224, 222, 222, 221, 221, 220, 219, 218, 218, 218, 217]}
103 {0: [27, 27, 27, 27, 27, 27, 27, 27, 27, 27, 27, 27, 27, 27, 27, 27, 27, 27, 27, 27, 27, 27, 27, 27, 27, 27, 27, 27, 27, 27, 27, 27, 27, 27, 27, 27, 27, 27, 27, 27, 27, 27, 27, 27, 27, 27, 27, 27, 27, 27], 1: [235, 235, 234, 234, 233, 233, 233, 233, 233, 233, 233, 233, 233, 233, 233, 233, 231, 231, 231, 231, 231, 231, 231, 231, 230, 230, 230, 230, 230, 230, 230, 230, 230, 230, 230, 230, 230, 230, 230, 230, 230, 230, 229, 229, 228, 227, 227, 227, 227, 227]}
104 {0: [27, 27, 27, 27, 27, 27, 27, 27, 27, 27, 27, 27, 27, 27, 27, 27, 27, 27, 27, 27, 27, 27, 27, 27, 27, 27, 27, 27, 27, 27, 27, 27, 27, 27, 27, 27, 27, 27, 27, 27, 27, 27, 27, 27, 27, 27, 27, 27, 27, 27], 1: [235, 234, 234, 234, 233, 233, 233, 233, 233, 233, 232, 232, 231, 231, 230, 230, 230, 230, 230, 229, 229, 228, 228, 228, 228, 228, 228, 227, 227, 227, 227, 226, 225, 225, 225, 225, 225, 224, 224, 224, 222, 222, 221, 221, 220, 219, 218, 218, 218, 217]}
105 {0: [27, 27, 27, 27, 27, 27, 27, 27, 27, 27, 27, 27, 27, 27, 27, 27, 27, 27, 27, 27, 27, 27, 27, 27, 27, 27, 27, 27, 27, 27, 27, 27, 27, 27, 27, 27, 27, 27, 27, 27, 27, 27, 27, 27, 27, 27, 27, 27, 27, 27], 1: [235, 234, 234, 234, 233, 233, 233, 233, 233, 233, 232, 232, 231, 231, 230, 230, 230, 230, 230, 229, 229, 228, 228, 228, 228, 228, 228, 227, 227, 227, 227, 226, 225, 225, 225, 225, 225, 224, 224, 224, 222, 222, 221, 221, 220, 219, 218, 218, 218, 217]}
106 {0: [27, 27, 27, 27, 27, 27, 27, 27, 27, 27, 27, 27, 27, 27, 27, 27, 27, 27, 27, 27, 27, 27, 27, 27, 27, 27, 27, 27, 27, 27, 27, 27, 27, 27, 27, 27, 27, 27, 27, 27, 27, 27, 27, 27, 27, 27, 27, 27, 27, 27], 1: [235, 235, 234, 234, 233, 233, 233, 233, 233, 233, 233, 233, 233, 233, 233, 233, 231, 231, 231, 231, 231, 231, 231, 231, 230, 230, 230, 230, 230, 230, 230, 230, 230, 230, 230, 230, 230, 230, 230, 230, 230, 230, 229, 229, 228, 227, 227, 227, 227, 227]}
107 {0: [27, 27, 27, 27, 27, 27, 27, 27, 27, 27, 27, 27, 27, 27, 27, 27, 27, 27, 27, 27, 27, 27, 27, 27, 27, 27, 27, 27, 27, 27, 27, 27, 27, 27, 27, 27, 27, 27, 27, 27, 27, 27, 27, 27, 27, 27, 27, 27, 27, 27], 1: [235, 235, 234, 234, 233, 233, 233, 233, 233, 233, 233, 233, 233, 233, 233, 233, 231, 231, 231, 231, 231, 231, 231, 231, 230, 230, 230, 230, 230, 230, 230, 230, 230, 230, 230, 230, 230, 230, 230, 230, 230, 230, 229, 229, 228, 227, 227, 227, 227, 227]}
108 {0: [27, 27, 27, 27, 27, 27, 27, 27, 27, 27, 27, 27, 27, 27, 27, 27, 27, 27, 27, 27, 27, 27, 27, 27, 27, 27, 27, 27, 27, 27, 27, 27, 27, 27, 27, 27, 27, 27, 27, 27, 27, 27, 27, 27, 27, 27, 27, 27, 27, 27], 1: [235, 235, 235, 235, 235, 235, 235, 235, 235, 235, 234, 232, 232, 232, 232, 232, 231, 231, 231, 231, 231, 231, 231, 231, 231, 228, 228, 228, 228, 227, 226, 226, 226, 226, 226, 226, 226, 226, 225, 225, 224, 224, 224, 223, 223, 223, 223, 223, 223, 223]}
109 {0: [27, 27, 27, 27, 27, 27, 27, 27, 27, 27, 27, 27, 27, 27, 27, 27, 27, 27, 27, 27, 27, 27, 27, 27, 27, 27, 27, 27, 27, 27, 27, 27, 27, 27, 27, 27, 27, 27, 27, 27, 27, 27, 27, 27, 27, 27, 27, 27, 27, 27], 1: [235, 235, 235, 235, 235, 235, 235, 235, 234, 234, 234, 234, 234, 234, 234, 234, 234, 234, 234, 234, 234, 234, 232, 232, 231, 231, 231, 231, 229, 229, 229, 228, 228, 228, 227, 226, 226, 225, 225, 224, 224, 223, 222, 222, 222, 222, 222, 222, 222, 222]}
110 {0: [27, 27, 27, 27, 27, 27, 27, 27, 27, 27, 27, 27, 27, 27, 27, 27, 27, 27, 27, 27, 27, 27, 27, 27, 27, 27, 27, 27, 27, 27, 27, 27, 27, 27, 27, 27, 27, 27, 27, 27, 27, 27, 27, 27, 27, 27, 27, 27, 27, 27], 1: [235, 235, 235, 235, 235, 235, 235, 235, 235, 235, 234, 232, 232, 232, 232, 232, 231, 231, 231, 231, 231, 231, 231, 231, 231, 228, 228, 228, 228, 227, 226, 226, 226, 226, 226, 226, 226, 226, 225, 225, 224, 224, 224, 223, 223, 223, 223, 223, 223, 223]}
111 {0: [27, 27, 27, 27, 27, 27, 27, 27, 27, 27, 27, 27, 27, 27, 27, 27, 27, 27, 27, 27, 27, 27, 27, 27, 27, 27, 27, 27, 27, 27, 27, 27, 27, 27, 27, 27, 27, 27, 27, 27, 27, 27, 27, 27, 27, 27, 27, 27, 27, 27], 1: [235, 235, 235, 235, 235, 235, 235, 235, 235, 235, 234, 232, 232, 232, 232, 232, 231, 231, 231, 231, 231, 231, 231, 231, 231, 228, 228, 228, 228, 227, 226, 226, 226, 226, 226, 226, 226, 226, 225, 225, 224, 224, 224, 223, 223, 223, 223, 223, 223, 223]}
112 {0: [27, 27, 27, 27, 27, 27, 27, 27, 27, 27, 27, 27, 27, 27, 27, 27, 27, 27, 27, 27, 27, 27, 27, 27, 27, 27, 27, 27, 27, 27, 27, 27, 27, 27, 27, 27, 27, 27, 27, 27, 27, 27, 27, 27, 27, 27, 27, 27, 27, 27], 1: [235, 235, 235, 235, 235, 235, 235, 235, 234, 234, 234, 234, 234, 234, 234, 234, 234, 234, 234, 234, 234, 234, 232, 232, 231, 231, 231, 231, 229, 229, 229, 228, 228, 228, 227, 226, 226, 225, 225, 224, 224, 223, 222, 222, 222, 222, 222, 222, 222, 222]}
113 {0: [27, 27, 27, 27, 27, 27, 27, 27, 27, 27, 27, 27, 27, 27, 27, 27, 27, 27, 27, 27, 27, 27, 27, 27, 27, 27, 27, 27, 27, 27, 27, 27, 27, 27, 27, 27, 27, 27, 27, 27, 27, 27, 27, 27, 27, 27, 27, 27, 27, 27], 1: [235, 235, 235, 235, 235, 235, 235, 235, 234, 234, 234, 234, 234, 234, 234, 234, 234, 234, 234, 234, 234, 234, 232, 232, 231, 231, 231, 231, 229, 229, 229, 228, 228, 228, 227, 226, 226, 225, 225, 224, 224, 223, 222, 222, 222, 222, 222, 222, 222, 222]}
114 {0: [27, 27, 27, 27, 27, 27, 27, 27, 27, 27, 27, 27, 27, 27, 27, 27, 27, 27, 27, 27, 27, 27, 27, 27, 27, 27, 27, 27, 27, 27, 27, 27, 27, 27, 27, 27, 27, 27, 27, 27, 27, 27, 27, 27, 27, 27, 27, 27, 27, 27], 1: [235, 235, 235, 235, 234, 234, 234, 234, 234, 234, 234, 234, 234, 234, 234, 234, 233, 233, 233, 231, 231, 230, 230, 230, 230, 230, 230, 230, 230, 229, 229, 229, 229, 229, 228, 228, 225, 224, 224, 224, 223, 223, 223, 223, 223, 222, 221, 221, 221, 221]}
115 {0: [27, 27, 27, 27, 27, 27, 27, 27, 27, 27, 27, 27, 27, 27, 27, 27, 27, 27, 27, 27, 27, 27, 27, 27, 27, 27, 27, 27, 27, 27, 27, 27, 27, 27, 27, 27, 27, 27, 27, 27, 27, 27, 27, 27, 27, 27, 27, 27, 27, 27], 1: [235, 235, 235, 235, 235, 235, 235, 234, 234, 234, 234, 234, 234, 234, 234, 234, 234, 234, 234, 234, 234, 234, 234, 234, 234, 233, 232, 231, 231, 231, 230, 230, 230, 230, 230, 230, 230, 229, 229, 229, 229, 229, 229, 229, 229, 229, 227, 226, 226, 226]}
116 {0: [27, 27, 27, 27, 27, 27, 27, 27, 27, 27, 27, 27, 27, 27, 27, 27, 27, 27, 27, 27, 27, 27, 27, 27, 27, 27, 27, 27, 27, 27, 27, 27, 27, 27, 27, 27, 27, 27, 27, 27, 27, 27, 27, 27, 27, 27, 27, 27, 27, 27], 1: [235, 235, 235, 235, 234, 234, 234, 234, 234, 234, 234, 234, 234, 234, 234, 234, 233, 233, 233, 231, 231, 230, 230, 230, 230, 230, 230, 230, 230, 229, 229, 229, 229, 229, 228, 228, 225, 224, 224, 224, 223, 223, 223, 223, 223, 222, 221, 221, 221, 221]}
117 {0: [27, 27, 27, 27, 27, 27, 27, 27, 27, 27, 27, 27, 27, 27, 27, 27, 27, 27, 27, 27, 27, 27, 27, 27, 27, 27, 27, 27, 27, 27, 27, 27, 27, 27, 27, 27, 27, 27, 27, 27, 27, 27, 27, 27, 27, 27, 27, 27, 27, 27], 1: [235, 235, 235, 235, 234, 234, 234, 234, 234, 234, 234, 234, 234, 234, 234, 234, 233, 233, 233, 231, 231, 230, 230, 230, 230, 230, 230, 230, 230, 229, 229, 229, 229, 229, 228, 228, 225, 224, 224, 224, 223, 223, 223, 223, 223, 222, 221, 221, 221, 221]}
118 {0: [27, 27, 27, 27, 27, 27, 27, 27, 27, 27, 27, 27, 27, 27, 27, 27, 27, 27, 27, 27, 27, 27, 27, 27, 27, 27, 27, 27, 27, 27, 27, 27, 27, 27, 27, 27, 27, 27, 27, 27, 27, 27, 27, 27, 27, 27, 27, 27, 27, 27], 1: [235, 235, 235, 235, 235, 235, 235, 234, 234, 234, 234, 234, 234, 234, 234, 234, 234, 234, 234, 234, 234, 234, 234, 234, 234, 233, 232, 231, 231, 231, 230, 230, 230, 230, 230, 230, 230, 229, 229, 229, 229, 229, 229, 229, 229, 229, 227, 226, 226, 226]}
119 {0: [27, 27, 27, 27, 27, 27, 27, 27, 27, 27, 27, 27, 27, 27, 27, 27, 27, 27, 27, 27, 27, 27, 27, 27, 27, 27, 27, 27, 27, 27, 27, 27, 27, 27, 27, 27, 27, 27, 27, 27, 27, 27, 27, 27, 27, 27, 27, 27, 27, 27], 1: [235, 235, 235, 235, 235, 235, 235, 234, 234, 234, 234, 234, 234, 234, 234, 234, 234, 234, 234, 234, 234, 234, 234, 234, 234, 233, 232, 231, 231, 231, 230, 230, 230, 230, 230, 230, 230, 229, 229, 229, 229, 229, 229, 229, 229, 229, 227, 226, 226, 226]}
120 {0: [27, 27, 27, 27, 27, 27, 27, 27, 27, 27, 27, 27, 27, 27, 27, 27, 27, 27, 27, 27, 27, 27, 27, 27, 27, 27, 27, 27, 27, 27, 27, 27, 27, 27, 27, 27, 27, 27, 27, 27, 27, 27, 27, 27, 27, 27, 27, 27, 27, 27], 1: [235, 235, 235, 235, 235, 235, 235, 235, 235, 234, 233, 233, 232, 230, 230, 229, 229, 229, 229, 228, 228, 228, 227, 227, 227, 227, 227, 227, 227, 227, 226, 225, 224, 223, 222, 222, 222, 222, 221, 221, 221, 221, 220, 218, 218, 217, 216, 214, 213, 212]}
121 {0: [27, 27, 27, 27, 27, 27, 27, 27, 27, 27, 27, 27, 27, 27, 27, 27, 27, 27, 27, 27, 27, 27, 27, 27, 27, 27, 27, 27, 27, 27, 27, 27, 27, 27, 27, 27, 27, 27, 27, 27, 27, 27, 27, 27, 27, 27, 27, 27, 27, 27], 1: [235, 235, 235, 235, 234, 234, 234, 234, 233, 233, 233, 232, 232, 232, 232, 232, 232, 232, 232, 232, 232, 232, 231, 230, 230, 230, 229, 228, 228, 228, 227, 227, 227, 227, 226, 226, 225, 225, 223, 223, 221, 221, 221, 219, 218, 218, 218, 218, 218, 218]}
122 {0: [27, 27, 27, 27, 27, 27, 27, 27, 27, 27, 27, 27, 27, 27, 27, 27, 27, 27, 27, 27, 27, 27, 27, 27, 27, 27, 27, 27, 27, 27, 27, 27, 27, 27, 27, 27, 27, 27, 27, 27, 27, 27, 27, 27, 27, 27, 27, 27, 27, 27], 1: [235, 235, 235, 235, 235, 235, 235, 235, 235, 234, 233, 233, 232, 230, 230, 229, 229, 229, 229, 228, 228, 228, 227, 227, 227, 227, 227, 227, 227, 227, 226, 225, 224, 223, 222, 222, 222, 222, 221, 221, 221, 221, 220, 218, 218, 217, 216, 214, 213, 212]}
123 {0: [27, 27, 27, 27, 27, 27, 27, 27, 27, 27, 27, 27, 27, 27, 27, 27, 27, 27, 27, 27, 27, 27, 27, 27, 27, 27, 27, 27, 27, 27, 27, 27, 27, 27, 27, 27, 27, 27, 27, 27, 27, 27, 27, 27, 27, 27, 27, 27, 27, 27], 1: [235, 235, 235, 235, 235, 235, 235, 235, 235, 234, 233, 233, 232, 230, 230, 229, 229, 229, 229, 228, 228, 228, 227, 227, 227, 227, 227, 227, 227, 227, 226, 225, 224, 223, 222, 222, 222, 222, 221, 221, 221, 221, 220, 218, 218, 217, 216, 214, 213, 212]}
124 {0: [27, 27, 27, 27, 27, 27, 27, 27, 27, 27, 27, 27, 27, 27, 27, 27, 27, 27, 27, 27, 27, 27, 27, 27, 27, 27, 27, 27, 27, 27, 27, 27, 27, 27, 27, 27, 27, 27, 27, 27, 27, 27, 27, 27, 27, 27, 27, 27, 27, 27], 1: [235, 235, 235, 235, 234, 234, 234, 234, 233, 233, 233, 232, 232, 232, 232, 232, 232, 232, 232, 232, 232, 232, 231, 230, 230, 230, 229, 228, 228, 228, 227, 227, 227, 227, 226, 226, 225, 225, 223, 223, 221, 221, 221, 219, 218, 218, 218, 218, 218, 218]}
125 {0: [27, 27, 27, 27, 27, 27, 27, 27, 27, 27, 27, 27, 27, 27, 27, 27, 27, 27, 27, 27, 27, 27, 27, 27, 27, 27, 27, 27, 27, 27, 27, 27, 27, 27, 27, 27, 27, 27, 27, 27, 27, 27, 27, 27, 27, 27, 27, 27, 27, 27], 1: [235, 235, 235, 235, 234, 234, 234, 234, 233, 233, 233, 232, 232, 232, 232, 232, 232, 232, 232, 232, 232, 232, 231, 230, 230, 230, 229, 228, 228, 228, 227, 227, 227, 227, 226, 226, 225, 225, 223, 223, 221, 221, 221, 219, 218, 218, 218, 218, 218, 218]}
126 {0: [27, 27, 27, 27, 27, 27, 27, 27, 27, 27, 27, 27, 27, 27, 27, 27, 27, 27, 27, 27, 27, 27, 27, 27, 27, 27, 27, 27, 27, 27, 27, 27, 27, 27, 27, 27, 27, 27, 27, 27, 27, 27, 27, 27, 27, 27, 27, 27, 27, 27], 1: [235, 235, 235, 235, 235, 235, 235, 235, 235, 235, 235, 234, 234, 234, 233, 233, 233, 233, 233, 233, 233, 232, 232, 231, 231, 231, 230, 230, 230, 230, 229, 229, 229, 229, 228, 228, 227, 226, 225, 225, 225, 225, 225, 225, 225, 225, 225, 225, 225, 225]}
127 {0: [27, 27, 27, 27, 27, 27, 27, 27, 27, 27, 27, 27, 27, 27, 27, 27, 27, 27, 27, 27, 27, 27, 27, 27, 27, 27, 27, 27, 27, 27, 27, 27, 27, 27, 27, 27, 27, 27, 27, 27, 27, 27, 27, 27, 27, 27, 27, 27, 27, 27], 1: [235, 235, 235, 235, 235, 235, 235, 235, 235, 235, 235, 234, 234, 233, 233, 233, 233, 233, 233, 233, 233, 233, 233, 233, 233, 233, 233, 233, 233, 232, 232, 231, 231, 231, 231, 231, 231, 231, 231, 231, 231, 231, 231, 231, 229, 229, 229, 229, 229, 229]}
128 {0: [27, 27, 27, 27, 27, 27, 27, 27, 27, 27, 27, 27, 27, 27, 27, 27, 27, 27, 27, 27, 27, 27, 27, 27, 27, 27, 27, 27, 27, 27, 27, 27, 27, 27, 27, 27, 27, 27, 27, 27, 27, 27, 27, 27, 27, 27, 27, 27, 27, 27], 1: [235, 235, 235, 235, 235, 235, 235, 235, 235, 235, 235, 234, 234, 234, 233, 233, 233, 233, 233, 233, 233, 232, 232, 231, 231, 231, 230, 230, 230, 230, 229, 229, 229, 229, 228, 228, 227, 226, 225, 225, 225, 225, 225, 225, 225, 225, 225, 225, 225, 225]}
129 {0: [27, 27, 27, 27, 27, 27, 27, 27, 27, 27, 27, 27, 27, 27, 27, 27, 27, 27, 27, 27, 27, 27, 27, 27, 27, 27, 27, 27, 27, 27, 27, 27, 27, 27, 27, 27, 27, 27, 27, 27, 27, 27, 27, 27, 27, 27, 27, 27, 27, 27], 1: [235, 235, 235, 235, 235, 235, 235, 235, 235, 235, 235, 234, 234, 234, 233, 233, 233, 233, 233, 233, 233, 232, 232, 231, 231, 231, 230, 230, 230, 230, 229, 229, 229, 229, 228, 228, 227, 226, 225, 225, 225, 225, 225, 225, 225, 225, 225, 225, 225, 225]}
130 {0: [27, 27, 27, 27, 27, 27, 27, 27, 27, 27, 27, 27, 27, 27, 27, 27, 27, 27, 27, 27, 27, 27, 27, 27, 27, 27, 27, 27, 27, 27, 27, 27, 27, 27, 27, 27, 27, 27, 27, 27, 27, 27, 27, 27, 27, 27, 27, 27, 27, 27], 1: [235, 235, 235, 235, 235, 235, 235, 235, 235, 235, 235, 234, 234, 233, 233, 233, 233, 233, 233, 233, 233, 233, 233, 233, 233, 233, 233, 233, 233, 232, 232, 231, 231, 231, 231, 231, 231, 231, 231, 231, 231, 231, 231, 231, 229, 229, 229, 229, 229, 229]}
131 {0: [27, 27, 27, 27, 27, 27, 27, 27, 27, 27, 27, 27, 27, 27, 27, 27, 27, 27, 27, 27, 27, 27, 27, 27, 27, 27, 27, 27, 27, 27, 27, 27, 27, 27, 27, 27, 27, 27, 27, 27, 27, 27, 27, 27, 27, 27, 27, 27, 27, 27], 1: [235, 235, 235, 235, 235, 235, 235, 235, 235, 235, 235, 234, 234, 233, 233, 233, 233, 233, 233, 233, 233, 233, 233, 233, 233, 233, 233, 233, 233, 232, 232, 231, 231, 231, 231, 231, 231, 231, 231, 231, 231, 231, 231, 231, 229, 229, 229, 229, 229, 229]}
132 {0: [27, 27, 27, 27, 27, 27, 27, 27, 27, 27, 27, 27, 27, 27, 27, 27, 27, 27, 27, 27, 27, 27, 27, 27, 27, 27, 27, 27, 27, 27, 27, 27, 27, 27, 27, 27, 27, 27, 27, 27, 27, 27, 27, 27, 27, 27, 27, 27, 27, 27], 1: [235, 235, 235, 235, 235, 234, 234, 234, 234, 234, 234, 233, 233, 233, 233, 233, 233, 233, 232, 232, 232, 232, 232, 231, 230, 230, 230, 230, 230, 229, 229, 229, 228, 228, 228, 227, 227, 227, 227, 227, 226, 226, 226, 226, 225, 225, 223, 223, 223, 223]}
133 {0: [27, 27, 27, 27, 27, 27, 27, 27, 27, 27, 27, 27, 27, 27, 27, 27, 27, 27, 27, 27, 27, 27, 27, 27, 27, 27, 27, 27, 27, 27, 27, 27, 27, 27, 27, 27, 27, 27, 27, 27, 27, 27, 27, 27, 27, 27, 27, 27, 27, 27], 1: [235, 235, 235, 235, 235, 235, 235, 234, 234, 234, 234, 234, 234, 233, 233, 232, 232, 232, 232, 232, 232, 232, 232, 232, 232, 232, 232, 230, 230, 230, 229, 229, 228, 228, 227, 227, 227, 227, 225, 225, 225, 225, 224, 224, 224, 224, 224, 224, 224, 224]}
134 {0: [27, 27, 27, 27, 27, 27, 27, 27, 27, 27, 27, 27, 27, 27, 27, 27, 27, 27, 27, 27, 27, 27, 27, 27, 27, 27, 27, 27, 27, 27, 27, 27, 27, 27, 27, 27, 27, 27, 27, 27, 27, 27, 27, 27, 27, 27, 27, 27, 27, 27], 1: [235, 235, 235, 235, 235, 234, 234, 234, 234, 234, 234, 233, 233, 233, 233, 233, 233, 233, 232, 232, 232, 232, 232, 231, 230, 230, 230, 230, 230, 229, 229, 229, 228, 228, 228, 227, 227, 227, 227, 227, 226, 226, 226, 226, 225, 225, 223, 223, 223, 223]}
135 {0: [27, 27, 27, 27, 27, 27, 27, 27, 27, 27, 27, 27, 27, 27, 27, 27, 27, 27, 27, 27, 27, 27, 27, 27, 27, 27, 27, 27, 27, 27, 27, 27, 27, 27, 27, 27, 27, 27, 27, 27, 27, 27, 27, 27, 27, 27, 27, 27, 27, 27], 1: [235, 235, 235, 235, 235, 234, 234, 234, 234, 234, 234, 233, 233, 233, 233, 233, 233, 233, 232, 232, 232, 232, 232, 231, 230, 230, 230, 230, 230, 229, 229, 229, 228, 228, 228, 227, 227, 227, 227, 227, 226, 226, 226, 226, 225, 225, 223, 223, 223, 223]}
136 {0: [27, 27, 27, 27, 27, 27, 27, 27, 27, 27, 27, 27, 27, 27, 27, 27, 27, 27, 27, 27, 27, 27, 27, 27, 27, 27, 27, 27, 27, 27, 27, 27, 27, 27, 27, 27, 27, 27, 27, 27, 27, 27, 27, 27, 27, 27, 27, 27, 27, 27], 1: [235, 235, 235, 235, 235, 235, 235, 234, 234, 234, 234, 234, 234, 233, 233, 232, 232, 232, 232, 232, 232, 232, 232, 232, 232, 232, 232, 230, 230, 230, 229, 229, 228, 228, 227, 227, 227, 227, 225, 225, 225, 225, 224, 224, 224, 224, 224, 224, 224, 224]}
137 {0: [27, 27, 27, 27, 27, 27, 27, 27, 27, 27, 27, 27, 27, 27, 27, 27, 27, 27, 27, 27, 27, 27, 27, 27, 27, 27, 27, 27, 27, 27, 27, 27, 27, 27, 27, 27, 27, 27, 27, 27, 27, 27, 27, 27, 27, 27, 27, 27, 27, 27], 1: [235, 235, 235, 235, 235, 235, 235, 234, 234, 234, 234, 234, 234, 233, 233, 232, 232, 232, 232, 232, 232, 232, 232, 232, 232, 232, 232, 230, 230, 230, 229, 229, 228, 228, 227, 227, 227, 227, 225, 225, 225, 225, 224, 224, 224, 224, 224, 224, 224, 224]}
138 {0: [27, 27, 27, 27, 27, 27, 27, 27, 27, 27, 27, 27, 27, 27, 27, 27, 27, 27, 27, 27, 27, 27, 27, 27, 27, 27, 27, 27, 27, 27, 27, 27, 27, 27, 27, 27, 27, 27, 27, 27, 27, 27, 27, 27, 27, 27, 27, 27, 27, 27], 1: [235, 235, 235, 235, 234, 233, 233, 232, 232, 232, 232, 232, 232, 232, 232, 232, 232, 232, 232, 231, 230, 230, 230, 230, 230, 230, 230, 228, 228, 227, 227, 227, 227, 227, 227, 227, 227, 226, 226, 226, 225, 224, 224, 224, 224, 222, 222, 221, 221, 221]}
139 {0: [27, 27, 27, 27, 27, 27, 27, 27, 27, 27, 27, 27, 27, 27, 27, 27, 27, 27, 27, 27, 27, 27, 27, 27, 27, 27, 27, 27, 27, 27, 27, 27, 27, 27, 27, 27, 27, 27, 27, 27, 27, 27, 27, 27, 27, 27, 27, 27, 27, 27], 1: [235, 235, 235, 235, 235, 235, 234, 234, 234, 234, 234, 234, 233, 233, 233, 233, 233, 231, 231, 231, 231, 231, 231, 231, 230, 230, 229, 229, 229, 229, 229, 229, 229, 229, 229, 229, 229, 229, 229, 229, 228, 228, 228, 227, 227, 226, 226, 226, 226, 226]}
140 {0: [27, 27, 27, 27, 27, 27, 27, 27, 27, 27, 27, 27, 27, 27, 27, 27, 27, 27, 27, 27, 27, 27, 27, 27, 27, 27, 27, 27, 27, 27, 27, 27, 27, 27, 27, 27, 27, 27, 27, 27, 27, 27, 27, 27, 27, 27, 27, 27, 27, 27], 1: [235, 235, 235, 235, 234, 233, 233, 232, 232, 232, 232, 232, 232, 232, 232, 232, 232, 232, 232, 231, 230, 230, 230, 230, 230, 230, 230, 228, 228, 227, 227, 227, 227, 227, 227, 227, 227, 226, 226, 226, 225, 224, 224, 224, 224, 222, 222, 221, 221, 221]}
141 {0: [27, 27, 27, 27, 27, 27, 27, 27, 27, 27, 27, 27, 27, 27, 27, 27, 27, 27, 27, 27, 27, 27, 27, 27, 27, 27, 27, 27, 27, 27, 27, 27, 27, 27, 27, 27, 27, 27, 27, 27, 27, 27, 27, 27, 27, 27, 27, 27, 27, 27], 1: [235, 235, 235, 235, 234, 233, 233, 232, 232, 232, 232, 232, 232, 232, 232, 232, 232, 232, 232, 231, 230, 230, 230, 230, 230, 230, 230, 228, 228, 227, 227, 227, 227, 227, 227, 227, 227, 226, 226, 226, 225, 224, 224, 224, 224, 222, 222, 221, 221, 221]}
142 {0: [27, 27, 27, 27, 27, 27, 27, 27, 27, 27, 27, 27, 27, 27, 27, 27, 27, 27, 27, 27, 27, 27, 27, 27, 27, 27, 27, 27, 27, 27, 27, 27, 27, 27, 27, 27, 27, 27, 27, 27, 27, 27, 27, 27, 27, 27, 27, 27, 27, 27], 1: [235, 235, 235, 235, 235, 235, 234, 234, 234, 234, 234, 234, 233, 233, 233, 233, 233, 231, 231, 231, 231, 231, 231, 231, 230, 230, 229, 229, 229, 229, 229, 229, 229, 229, 229, 229, 229, 229, 229, 229, 228, 228, 228, 227, 227, 226, 226, 226, 226, 226]}
143 {0: [27, 27, 27, 27, 27, 27, 27, 27, 27, 27, 27, 27, 27, 27, 27, 27, 27, 27, 27, 27, 27, 27, 27, 27, 27, 27, 27, 27, 27, 27, 27, 27, 27, 27, 27, 27, 27, 27, 27, 27, 27, 27, 27, 27, 27, 27, 27, 27, 27, 27], 1: [235, 235, 235, 235, 235, 235, 234, 234, 234, 234, 234, 234, 233, 233, 233, 233, 233, 231, 231, 231, 231, 231, 231, 231, 230, 230, 229, 229, 229, 229, 229, 229, 229, 229, 229, 229, 229, 229, 229, 229, 228, 228, 228, 227, 227, 226, 226, 226, 226, 226]}
144 {0: [27, 27, 27, 27, 27, 27, 27, 27, 27, 27, 27, 27, 27, 27, 27, 27, 27, 27, 27, 27, 27, 27, 27, 27, 27, 27, 27, 27, 27, 27, 27, 27, 27, 27, 27, 27, 27, 27, 27, 27, 27, 27, 27, 27, 27, 27, 27, 27, 27, 27], 1: [235, 235, 235, 235, 235, 235, 234, 234, 234, 234, 234, 233, 233, 232, 232, 232, 232, 231, 231, 230, 230, 230, 230, 230, 230, 230, 230, 230, 229, 228, 228, 228, 226, 226, 226, 226, 226, 225, 225, 225, 225, 225, 225, 225, 225, 225, 224, 224, 223, 223]}
145 {0: [27, 27, 27, 27, 27, 27, 27, 27, 27, 27, 27, 27, 27, 27, 27, 27, 27, 27, 27, 27, 27, 27, 27, 27, 27, 27, 27, 27, 27, 27, 27, 27, 27, 27, 27, 27, 27, 27, 27, 27, 27, 27, 27, 27, 27, 27, 27, 27, 27, 27], 1: [235, 235, 235, 235, 235, 235, 235, 235, 235, 235, 235, 235, 235, 235, 235, 235, 234, 234, 232, 231, 230, 230, 230, 230, 230, 230, 230, 230, 230, 230, 230, 230, 230, 230, 229, 229, 229, 229, 229, 228, 227, 226, 226, 226, 226, 225, 225, 225, 225, 225]}
146 {0: [27, 27, 27, 27, 27, 27, 27, 27, 27, 27, 27, 27, 27, 27, 27, 27, 27, 27, 27, 27, 27, 27, 27, 27, 27, 27, 27, 27, 27, 27, 27, 27, 27, 27, 27, 27, 27, 27, 27, 27, 27, 27, 27, 27, 27, 27, 27, 27, 27, 27], 1: [235, 235, 235, 235, 235, 235, 234, 234, 234, 234, 234, 233, 233, 232, 232, 232, 232, 231, 231, 230, 230, 230, 230, 230, 230, 230, 230, 230, 229, 228, 228, 228, 226, 226, 226, 226, 226, 225, 225, 225, 225, 225, 225, 225, 225, 225, 224, 224, 223, 223]}
147 {0: [27, 27, 27, 27, 27, 27, 27, 27, 27, 27, 27, 27, 27, 27, 27, 27, 27, 27, 27, 27, 27, 27, 27, 27, 27, 27, 27, 27, 27, 27, 27, 27, 27, 27, 27, 27, 27, 27, 27, 27, 27, 27, 27, 27, 27, 27, 27, 27, 27, 27], 1: [235, 235, 235, 235, 235, 235, 234, 234, 234, 234, 234, 233, 233, 232, 232, 232, 232, 231, 231, 230, 230, 230, 230, 230, 230, 230, 230, 230, 229, 228, 228, 228, 226, 226, 226, 226, 226, 225, 225, 225, 225, 225, 225, 225, 225, 225, 224, 224, 223, 223]}
148 {0: [27, 27, 27, 27, 27, 27, 27, 27, 27, 27, 27, 27, 27, 27, 27, 27, 27, 27, 27, 27, 27, 27, 27, 27, 27, 27, 27, 27, 27, 27, 27, 27, 27, 27, 27, 27, 27, 27, 27, 27, 27, 27, 27, 27, 27, 27, 27, 27, 27, 27], 1: [235, 235, 235, 235, 235, 235, 235, 235, 235, 235, 235, 235, 235, 235, 235, 235, 234, 234, 232, 231, 230, 230, 230, 230, 230, 230, 230, 230, 230, 230, 230, 230, 230, 230, 229, 229, 229, 229, 229, 228, 227, 226, 226, 226, 226, 225, 225, 225, 225, 225]}
149 {0: [27, 27, 27, 27, 27, 27, 27, 27, 27, 27, 27, 27, 27, 27, 27, 27, 27, 27, 27, 27, 27, 27, 27, 27, 27, 27, 27, 27, 27, 27, 27, 27, 27, 27, 27, 27, 27, 27, 27, 27, 27, 27, 27, 27, 27, 27, 27, 27, 27, 27], 1: [235, 235, 235, 235, 235, 235, 235, 235, 235, 235, 235, 235, 235, 235, 235, 235, 234, 234, 232, 231, 230, 230, 230, 230, 230, 230, 230, 230, 230, 230, 230, 230, 230, 230, 229, 229, 229, 229, 229, 228, 227, 226, 226, 226, 226, 225, 225, 225, 225, 225]}
150 {0: [27, 27, 27, 27, 27, 27, 27, 27, 27, 27, 27, 27, 27, 27, 27, 27, 27, 27, 27, 27, 27, 27, 27, 27, 27, 27, 27, 27, 27, 27, 27, 27, 27, 27, 27, 27, 27, 27, 27, 27, 27, 27, 27, 27, 27, 27, 27, 27, 27, 27], 1: [235, 235, 235, 235, 235, 235, 235, 234, 234, 234, 234, 234, 234, 233, 233, 233, 233, 233, 233, 233, 233, 233, 233, 233, 233, 233, 233, 233, 233, 233, 233, 232, 232, 231, 231, 231, 230, 230, 229, 229, 229, 227, 227, 227, 227, 226, 226, 226, 226, 226]}
151 {0: [27, 27, 27, 27, 27, 27, 27, 27, 27, 27, 27, 27, 27, 27, 27, 27, 27, 27, 27, 27, 27, 27, 27, 27, 27, 27, 27, 27, 27, 27, 27, 27, 27, 27, 27, 27, 27, 27, 27, 27, 27, 27, 27, 27, 27, 27, 27, 27, 27, 27], 1: [235, 235, 235, 234, 234, 234, 234, 234, 234, 233, 233, 233, 233, 233, 233, 233, 233, 233, 233, 233, 233, 233, 233, 233, 233, 233, 233, 233, 232, 232, 232, 232, 232, 232, 232, 232, 232, 231, 231, 231, 231, 231, 231, 231, 230, 230, 230, 229, 229, 229]}
152 {0: [27, 27, 27, 27, 27, 27, 27, 27, 27, 27, 27, 27, 27, 27, 27, 27, 27, 27, 27, 27, 27, 27, 27, 27, 27, 27, 27, 27, 27, 27, 27, 27, 27, 27, 27, 27, 27, 27, 27, 27, 27, 27, 27, 27, 27, 27, 27, 27, 27, 27], 1: [235, 235, 235, 235, 235, 235, 235, 234, 234, 234, 234, 234, 234, 233, 233, 233, 233, 233, 233, 233, 233, 233, 233, 233, 233, 233, 233, 233, 233, 233, 233, 232, 232, 231, 231, 231, 230, 230, 229, 229, 229, 227, 227, 227, 227, 226, 226, 226, 226, 226]}
153 {0: [27, 27, 27, 27, 27, 27, 27, 27, 27, 27, 27, 27, 27, 27, 27, 27, 27, 27, 27, 27, 27, 27, 27, 27, 27, 27, 27, 27, 27, 27, 27, 27, 27, 27, 27, 27, 27, 27, 27, 27, 27, 27, 27, 27, 27, 27, 27, 27, 27, 27], 1: [235, 235, 235, 235, 235, 235, 235, 234, 234, 234, 234, 234, 234, 233, 233, 233, 233, 233, 233, 233, 233, 233, 233, 233, 233, 233, 233, 233, 233, 233, 233, 232, 232, 231, 231, 231, 230, 230, 229, 229, 229, 227, 227, 227, 227, 226, 226, 226, 226, 226]}
154 {0: [27, 27, 27, 27, 27, 27, 27, 27, 27, 27, 27, 27, 27, 27, 27, 27, 27, 27, 27, 27, 27, 27, 27, 27, 27, 27, 27, 27, 27, 27, 27, 27, 27, 27, 27, 27, 27, 27, 27, 27, 27, 27, 27, 27, 27, 27, 27, 27, 27, 27], 1: [235, 235, 235, 234, 234, 234, 234, 234, 234, 233, 233, 233, 233, 233, 233, 233, 233, 233, 233, 233, 233, 233, 233, 233, 233, 233, 233, 233, 232, 232, 232, 232, 232, 232, 232, 232, 232, 231, 231, 231, 231, 231, 231, 231, 230, 230, 230, 229, 229, 229]}
155 {0: [27, 27, 27, 27, 27, 27, 27, 27, 27, 27, 27, 27, 27, 27, 27, 27, 27, 27, 27, 27, 27, 27, 27, 27, 27, 27, 27, 27, 27, 27, 27, 27, 27, 27, 27, 27, 27, 27, 27, 27, 27, 27, 27, 27, 27, 27, 27, 27, 27, 27], 1: [235, 235, 235, 234, 234, 234, 234, 234, 234, 233, 233, 233, 233, 233, 233, 233, 233, 233, 233, 233, 233, 233, 233, 233, 233, 233, 233, 233, 232, 232, 232, 232, 232, 232, 232, 232, 232, 231, 231, 231, 231, 231, 231, 231, 230, 230, 230, 229, 229, 229]}
156 {0: [27, 27, 27, 27, 27, 27, 27, 27, 27, 27, 27, 27, 27, 27, 27, 27, 27, 27, 27, 27, 27, 27, 27, 27, 27, 27, 27, 27, 27, 27, 27, 27, 27, 27, 27, 27, 27, 27, 27, 27, 27, 27, 27, 27, 27, 27, 27, 27, 27, 27], 1: [235, 235, 235, 235, 235, 235, 235, 235, 235, 235, 235, 235, 235, 235, 234, 233, 233, 233, 233, 233, 233, 233, 233, 233, 233, 232, 232, 231, 231, 231, 231, 231, 231, 231, 231, 231, 231, 230, 229, 228, 228, 228, 228, 228, 228, 228, 228, 227, 227, 225]}
157 {0: [27, 27, 27, 27, 27, 27, 27, 27, 27, 27, 27, 27, 27, 27, 27, 27, 27, 27, 27, 27, 27, 27, 27, 27, 27, 27, 27, 27, 27, 27, 27, 27, 27, 27, 27, 27, 27, 27, 27, 27, 27, 27, 27, 27, 27, 27, 27, 27, 27, 27], 1: [235, 235, 235, 235, 235, 235, 235, 235, 235, 235, 235, 235, 234, 233, 233, 232, 232, 232, 232, 231, 231, 231, 229, 228, 228, 228, 228, 228, 228, 226, 226, 224, 223, 221, 221, 221, 220, 220, 220, 219, 219, 219, 219, 219, 218, 218, 217, 216, 216, 216]}
158 {0: [27, 27, 27, 27, 27, 27, 27, 27, 27, 27, 27, 27, 27, 27, 27, 27, 27, 27, 27, 27, 27, 27, 27, 27, 27, 27, 27, 27, 27, 27, 27, 27, 27, 27, 27, 27, 27, 27, 27, 27, 27, 27, 27, 27, 27, 27, 27, 27, 27, 27], 1: [235, 235, 235, 235, 235, 235, 235, 235, 235, 235, 235, 235, 235, 235, 234, 233, 233, 233, 233, 233, 233, 233, 233, 233, 233, 232, 232, 231, 231, 231, 231, 231, 231, 231, 231, 231, 231, 230, 229, 228, 228, 228, 228, 228, 228, 228, 228, 227, 227, 225]}
159 {0: [27, 27, 27, 27, 27, 27, 27, 27, 27, 27, 27, 27, 27, 27, 27, 27, 27, 27, 27, 27, 27, 27, 27, 27, 27, 27, 27, 27, 27, 27, 27, 27, 27, 27, 27, 27, 27, 27, 27, 27, 27, 27, 27, 27, 27, 27, 27, 27, 27, 27], 1: [235, 235, 235, 235, 235, 235, 235, 235, 235, 235, 235, 235, 235, 235, 234, 233, 233, 233, 233, 233, 233, 233, 233, 233, 233, 232, 232, 231, 231, 231, 231, 231, 231, 231, 231, 231, 231, 230, 229, 228, 228, 228, 228, 228, 228, 228, 228, 227, 227, 225]}
160 {0: [27, 27, 27, 27, 27, 27, 27, 27, 27, 27, 27, 27, 27, 27, 27, 27, 27, 27, 27, 27, 27, 27, 27, 27, 27, 27, 27, 27, 27, 27, 27, 27, 27, 27, 27, 27, 27, 27, 27, 27, 27, 27, 27, 27, 27, 27, 27, 27, 27, 27], 1: [235, 235, 235, 235, 235, 235, 235, 235, 235, 235, 235, 235, 234, 233, 233, 232, 232, 232, 232, 231, 231, 231, 229, 228, 228, 228, 228, 228, 228, 226, 226, 224, 223, 221, 221, 221, 220, 220, 220, 219, 219, 219, 219, 219, 218, 218, 217, 216, 216, 216]}
161 {0: [27, 27, 27, 27, 27, 27, 27, 27, 27, 27, 27, 27, 27, 27, 27, 27, 27, 27, 27, 27, 27, 27, 27, 27, 27, 27, 27, 27, 27, 27, 27, 27, 27, 27, 27, 27, 27, 27, 27, 27, 27, 27, 27, 27, 27, 27, 27, 27, 27, 27], 1: [235, 235, 235, 235, 235, 235, 235, 235, 235, 235, 235, 235, 234, 233, 233, 232, 232, 232, 232, 231, 231, 231, 229, 228, 228, 228, 228, 228, 228, 226, 226, 224, 223, 221, 221, 221, 220, 220, 220, 219, 219, 219, 219, 219, 218, 218, 217, 216, 216, 216]}
162 {0: [27, 27, 27, 27, 27, 27, 27, 27, 27, 27, 27, 27, 27, 27, 27, 27, 27, 27, 27, 27, 27, 27, 27, 27, 27, 27, 27, 27, 27, 27, 27, 27, 27, 27, 27, 27, 27, 27, 27, 27, 27, 27, 27, 27, 27, 27, 27, 27, 27, 27], 1: [235, 235, 235, 235, 235, 235, 235, 235, 235, 235, 235, 235, 235, 235, 234, 234, 234, 233, 232, 232, 232, 232, 232, 231, 230, 230, 230, 230, 230, 229, 228, 228, 228, 227, 227, 227, 227, 227, 226, 226, 226, 225, 223, 223, 223, 222, 222, 221, 221, 221]}
163 {0: [27, 27, 27, 27, 27, 27, 27, 27, 27, 27, 27, 27, 27, 27, 27, 27, 27, 27, 27, 27, 27, 27, 27, 27, 27, 27, 27, 27, 27, 27, 27, 27, 27, 27, 27, 27, 27, 27, 27, 27, 27, 27, 27, 27, 27, 27, 27, 27, 27, 27], 1: [235, 235, 234, 234, 234, 234, 234, 234, 234, 234, 234, 234, 234, 233, 233, 233, 233, 233, 233, 232, 232, 232, 231, 231, 231, 231, 231, 230, 230, 229, 229, 229, 229, 229, 228, 227, 227, 225, 225, 225, 225, 223, 221, 221, 220, 220, 220, 220, 220, 219]}
164 {0: [27, 27, 27, 27, 27, 27, 27, 27, 27, 27, 27, 27, 27, 27, 27, 27, 27, 27, 27, 27, 27, 27, 27, 27, 27, 27, 27, 27, 27, 27, 27, 27, 27, 27, 27, 27, 27, 27, 27, 27, 27, 27, 27, 27, 27, 27, 27, 27, 27, 27], 1: [235, 235, 235, 235, 235, 235, 235, 235, 235, 235, 235, 235, 235, 235, 234, 234, 234, 233, 232, 232, 232, 232, 232, 231, 230, 230, 230, 230, 230, 229, 228, 228, 228, 227, 227, 227, 227, 227, 226, 226, 226, 225, 223, 223, 223, 222, 222, 221, 221, 221]}
165 {0: [27, 27, 27, 27, 27, 27, 27, 27, 27, 27, 27, 27, 27, 27, 27, 27, 27, 27, 27, 27, 27, 27, 27, 27, 27, 27, 27, 27, 27, 27, 27, 27, 27, 27, 27, 27, 27, 27, 27, 27, 27, 27, 27, 27, 27, 27, 27, 27, 27, 27], 1: [235, 235, 235, 235, 235, 235, 235, 235, 235, 235, 235, 235, 235, 235, 234, 234, 234, 233, 232, 232, 232, 232, 232, 231, 230, 230, 230, 230, 230, 229, 228, 228, 228, 227, 227, 227, 227, 227, 226, 226, 226, 225, 223, 223, 223, 222, 222, 221, 221, 221]}
166 {0: [27, 27, 27, 27, 27, 27, 27, 27, 27, 27, 27, 27, 27, 27, 27, 27, 27, 27, 27, 27, 27, 27, 27, 27, 27, 27, 27, 27, 27, 27, 27, 27, 27, 27, 27, 27, 27, 27, 27, 27, 27, 27, 27, 27, 27, 27, 27, 27, 27, 27], 1: [235, 235, 234, 234, 234, 234, 234, 234, 234, 234, 234, 234, 234, 233, 233, 233, 233, 233, 233, 232, 232, 232, 231, 231, 231, 231, 231, 230, 230, 229, 229, 229, 229, 229, 228, 227, 227, 225, 225, 225, 225, 223, 221, 221, 220, 220, 220, 220, 220, 219]}
167 {0: [27, 27, 27, 27, 27, 27, 27, 27, 27, 27, 27, 27, 27, 27, 27, 27, 27, 27, 27, 27, 27, 27, 27, 27, 27, 27, 27, 27, 27, 27, 27, 27, 27, 27, 27, 27, 27, 27, 27, 27, 27, 27, 27, 27, 27, 27, 27, 27, 27, 27], 1: [235, 235, 234, 234, 234, 234, 234, 234, 234, 234, 234, 234, 234, 233, 233, 233, 233, 233, 233, 232, 232, 232, 231, 231, 231, 231, 231, 230, 230, 229, 229, 229, 229, 229, 228, 227, 227, 225, 225, 225, 225, 223, 221, 221, 220, 220, 220, 220, 220, 219]}
168 {0: [27, 27, 27, 27, 27, 27, 27, 27, 27, 27, 27, 27, 27, 27, 27, 27, 27, 27, 27, 27, 27, 27, 27, 27, 27, 27, 27, 27, 27, 27, 27, 27, 27, 27, 27, 27, 27, 27, 27, 27, 27, 27, 27, 27, 27, 27, 27, 27, 27, 27], 1: [235, 235, 235, 235, 235, 235, 235, 235, 234, 234, 234, 234, 231, 231, 231, 230, 229, 228, 228, 228, 227, 227, 227, 227, 227, 227, 227, 227, 227, 227, 226, 226, 226, 226, 225, 225, 225, 225, 224, 224, 224, 224, 223, 222, 222, 222, 222, 222, 222, 222]}
169 {0: [27, 27, 27, 27, 27, 27, 27, 27, 27, 27, 27, 27, 27, 27, 27, 27, 27, 27, 27, 27, 27, 27, 27, 27, 27, 27, 27, 27, 27, 27, 27, 27, 27, 27, 27, 27, 27, 27, 27, 27, 27, 27, 27, 27, 27, 27, 27, 27, 27, 27], 1: [235, 235, 235, 235, 235, 235, 235, 235, 235, 234, 234, 233, 233, 233, 233, 232, 231, 229, 229, 229, 229, 229, 229, 229, 229, 229, 229, 229, 229, 229, 229, 228, 227, 227, 227, 227, 227, 227, 227, 227, 226, 226, 225, 224, 224, 224, 224, 224, 224, 223]}
170 {0: [27, 27, 27, 27, 27, 27, 27, 27, 27, 27, 27, 27, 27, 27, 27, 27, 27, 27, 27, 27, 27, 27, 27, 27, 27, 27, 27, 27, 27, 27, 27, 27, 27, 27, 27, 27, 27, 27, 27, 27, 27, 27, 27, 27, 27, 27, 27, 27, 27, 27], 1: [235, 235, 235, 235, 235, 235, 235, 235, 234, 234, 234, 234, 231, 231, 231, 230, 229, 228, 228, 228, 227, 227, 227, 227, 227, 227, 227, 227, 227, 227, 226, 226, 226, 226, 225, 225, 225, 225, 224, 224, 224, 224, 223, 222, 222, 222, 222, 222, 222, 222]}
171 {0: [27, 27, 27, 27, 27, 27, 27, 27, 27, 27, 27, 27, 27, 27, 27, 27, 27, 27, 27, 27, 27, 27, 27, 27, 27, 27, 27, 27, 27, 27, 27, 27, 27, 27, 27, 27, 27, 27, 27, 27, 27, 27, 27, 27, 27, 27, 27, 27, 27, 27], 1: [235, 235, 235, 235, 235, 235, 235, 235, 234, 234, 234, 234, 231, 231, 231, 230, 229, 228, 228, 228, 227, 227, 227, 227, 227, 227, 227, 227, 227, 227, 226, 226, 226, 226, 225, 225, 225, 225, 224, 224, 224, 224, 223, 222, 222, 222, 222, 222, 222, 222]}
172 {0: [27, 27, 27, 27, 27, 27, 27, 27, 27, 27, 27, 27, 27, 27, 27, 27, 27, 27, 27, 27, 27, 27, 27, 27, 27, 27, 27, 27, 27, 27, 27, 27, 27, 27, 27, 27, 27, 27, 27, 27, 27, 27, 27, 27, 27, 27, 27, 27, 27, 27], 1: [235, 235, 235, 235, 235, 235, 235, 235, 235, 234, 234, 233, 233, 233, 233, 232, 231, 229, 229, 229, 229, 229, 229, 229, 229, 229, 229, 229, 229, 229, 229, 228, 227, 227, 227, 227, 227, 227, 227, 227, 226, 226, 225, 224, 224, 224, 224, 224, 224, 223]}
173 {0: [27, 27, 27, 27, 27, 27, 27, 27, 27, 27, 27, 27, 27, 27, 27, 27, 27, 27, 27, 27, 27, 27, 27, 27, 27, 27, 27, 27, 27, 27, 27, 27, 27, 27, 27, 27, 27, 27, 27, 27, 27, 27, 27, 27, 27, 27, 27, 27, 27, 27], 1: [235, 235, 235, 235, 235, 235, 235, 235, 235, 234, 234, 233, 233, 233, 233, 232, 231, 229, 229, 229, 229, 229, 229, 229, 229, 229, 229, 229, 229, 229, 229, 228, 227, 227, 227, 227, 227, 227, 227, 227, 226, 226, 225, 224, 224, 224, 224, 224, 224, 223]}
174 {0: [27, 27, 27, 27, 27, 27, 27, 27, 27, 27, 27, 27, 27, 27, 27, 27, 27, 27, 27, 27, 27, 27, 27, 27, 27, 27, 27, 27, 27, 27, 27, 27, 27, 27, 27, 27, 27, 27, 27, 27, 27, 27, 27, 27, 27, 27, 27, 27, 27, 27], 1: [235, 235, 235, 234, 234, 234, 234, 234, 234, 234, 234, 234, 234, 234, 234, 234, 234, 234, 234, 234, 234, 234, 233, 233, 233, 233, 233, 231, 231, 231, 231, 231, 231, 231, 231, 231, 231, 231, 231, 231, 231, 231, 231, 231, 231, 230, 229, 228, 228, 228]}
175 {0: [27, 27, 27, 27, 27, 27, 27, 27, 27, 27, 27, 27, 27, 27, 27, 27, 27, 27, 27, 27, 27, 27, 27, 27, 27, 27, 27, 27, 27, 27, 27, 27, 27, 27, 27, 27, 27, 27, 27, 27, 27, 27, 27, 27, 27, 27, 27, 27, 27, 27], 1: [235, 235, 235, 235, 235, 235, 235, 235, 235, 235, 235, 234, 234, 234, 234, 234, 234, 233, 233, 233, 233, 232, 232, 232, 232, 232, 231, 231, 231, 231, 231, 231, 231, 231, 230, 230, 229, 229, 229, 229, 228, 228, 228, 227, 227, 227, 226, 226, 226, 226]}
176 {0: [27, 27, 27, 27, 27, 27, 27, 27, 27, 27, 27, 27, 27, 27, 27, 27, 27, 27, 27, 27, 27, 27, 27, 27, 27, 27, 27, 27, 27, 27, 27, 27, 27, 27, 27, 27, 27, 27, 27, 27, 27, 27, 27, 27, 27, 27, 27, 27, 27, 27], 1: [235, 235, 235, 234, 234, 234, 234, 234, 234, 234, 234, 234, 234, 234, 234, 234, 234, 234, 234, 234, 234, 234, 233, 233, 233, 233, 233, 231, 231, 231, 231, 231, 231, 231, 231, 231, 231, 231, 231, 231, 231, 231, 231, 231, 231, 230, 229, 228, 228, 228]}
177 {0: [27, 27, 27, 27, 27, 27, 27, 27, 27, 27, 27, 27, 27, 27, 27, 27, 27, 27, 27, 27, 27, 27, 27, 27, 27, 27, 27, 27, 27, 27, 27, 27, 27, 27, 27, 27, 27, 27, 27, 27, 27, 27, 27, 27, 27, 27, 27, 27, 27, 27], 1: [235, 235, 235, 234, 234, 234, 234, 234, 234, 234, 234, 234, 234, 234, 234, 234, 234, 234, 234, 234, 234, 234, 233, 233, 233, 233, 233, 231, 231, 231, 231, 231, 231, 231, 231, 231, 231, 231, 231, 231, 231, 231, 231, 231, 231, 230, 229, 228, 228, 228]}
178 {0: [27, 27, 27, 27, 27, 27, 27, 27, 27, 27, 27, 27, 27, 27, 27, 27, 27, 27, 27, 27, 27, 27, 27, 27, 27, 27, 27, 27, 27, 27, 27, 27, 27, 27, 27, 27, 27, 27, 27, 27, 27, 27, 27, 27, 27, 27, 27, 27, 27, 27], 1: [235, 235, 235, 235, 235, 235, 235, 235, 235, 235, 235, 234, 234, 234, 234, 234, 234, 233, 233, 233, 233, 232, 232, 232, 232, 232, 231, 231, 231, 231, 231, 231, 231, 231, 230, 230, 229, 229, 229, 229, 228, 228, 228, 227, 227, 227, 226, 226, 226, 226]}
179 {0: [27, 27, 27, 27, 27, 27, 27, 27, 27, 27, 27, 27, 27, 27, 27, 27, 27, 27, 27, 27, 27, 27, 27, 27, 27, 27, 27, 27, 27, 27, 27, 27, 27, 27, 27, 27, 27, 27, 27, 27, 27, 27, 27, 27, 27, 27, 27, 27, 27, 27], 1: [235, 235, 235, 235, 235, 235, 235, 235, 235, 235, 235, 234, 234, 234, 234, 234, 234, 233, 233, 233, 233, 232, 232, 232, 232, 232, 231, 231, 231, 231, 231, 231, 231, 231, 230, 230, 229, 229, 229, 229, 228, 228, 228, 227, 227, 227, 226, 226, 226, 226]}
180 {0: [27, 27, 27, 27, 27, 27, 27, 27, 27, 27, 27, 27, 27, 27, 27, 27, 27, 27, 27, 27, 27, 27, 27, 27, 27, 27, 27, 27, 27, 27, 27, 27, 27, 27, 27, 27, 27, 27, 27, 27, 27, 27, 27, 27, 27, 27, 27, 27, 27, 27], 1: [235, 235, 235, 234, 234, 234, 234, 233, 233, 233, 233, 233, 233, 233, 233, 233, 233, 231, 231, 231, 231, 230, 230, 230, 230, 229, 228, 228, 228, 228, 228, 227, 226, 226, 226, 226, 226, 224, 224, 224, 224, 224, 224, 224, 224, 223, 223, 223, 223, 223]}
181 {0: [27, 27, 27, 27, 27, 27, 27, 27, 27, 27, 27, 27, 27, 27, 27, 27, 27, 27, 27, 27, 27, 27, 27, 27, 27, 27, 27, 27, 27, 27, 27, 27, 27, 27, 27, 27, 27, 27, 27, 27, 27, 27, 27, 27, 27, 27, 27, 27, 27, 27], 1: [235, 235, 235, 235, 235, 235, 235, 235, 235, 234, 234, 234, 234, 234, 234, 234, 234, 233, 233, 233, 233, 233, 233, 232, 231, 231, 230, 229, 228, 228, 228, 228, 228, 228, 227, 226, 225, 225, 225, 225, 225, 225, 225, 225, 225, 224, 224, 223, 223, 223]}
182 {0: [27, 27, 27, 27, 27, 27, 27, 27, 27, 27, 27, 27, 27, 27, 27, 27, 27, 27, 27, 27, 27, 27, 27, 27, 27, 27, 27, 27, 27, 27, 27, 27, 27, 27, 27, 27, 27, 27, 27, 27, 27, 27, 27, 27, 27, 27, 27, 27, 27, 27], 1: [235, 235, 235, 234, 234, 234, 234, 233, 233, 233, 233, 233, 233, 233, 233, 233, 233, 231, 231, 231, 231, 230, 230, 230, 230, 229, 228, 228, 228, 228, 228, 227, 226, 226, 226, 226, 226, 224, 224, 224, 224, 224, 224, 224, 224, 223, 223, 223, 223, 223]}
183 {0: [27, 27, 27, 27, 27, 27, 27, 27, 27, 27, 27, 27, 27, 27, 27, 27, 27, 27, 27, 27, 27, 27, 27, 27, 27, 27, 27, 27, 27, 27, 27, 27, 27, 27, 27, 27, 27, 27, 27, 27, 27, 27, 27, 27, 27, 27, 27, 27, 27, 27], 1: [235, 235, 235, 234, 234, 234, 234, 233, 233, 233, 233, 233, 233, 233, 233, 233, 233, 231, 231, 231, 231, 230, 230, 230, 230, 229, 228, 228, 228, 228, 228, 227, 226, 226, 226, 226, 226, 224, 224, 224, 224, 224, 224, 224, 224, 223, 223, 223, 223, 223]}
184 {0: [27, 27, 27, 27, 27, 27, 27, 27, 27, 27, 27, 27, 27, 27, 27, 27, 27, 27, 27, 27, 27, 27, 27, 27, 27, 27, 27, 27, 27, 27, 27, 27, 27, 27, 27, 27, 27, 27, 27, 27, 27, 27, 27, 27, 27, 27, 27, 27, 27, 27], 1: [235, 235, 235, 235, 235, 235, 235, 235, 235, 234, 234, 234, 234, 234, 234, 234, 234, 233, 233, 233, 233, 233, 233, 232, 231, 231, 230, 229, 228, 228, 228, 228, 228, 228, 227, 226, 225, 225, 225, 225, 225, 225, 225, 225, 225, 224, 224, 223, 223, 223]}
185 {0: [27, 27, 27, 27, 27, 27, 27, 27, 27, 27, 27, 27, 27, 27, 27, 27, 27, 27, 27, 27, 27, 27, 27, 27, 27, 27, 27, 27, 27, 27, 27, 27, 27, 27, 27, 27, 27, 27, 27, 27, 27, 27, 27, 27, 27, 27, 27, 27, 27, 27], 1: [235, 235, 235, 235, 235, 235, 235, 235, 235, 234, 234, 234, 234, 234, 234, 234, 234, 233, 233, 233, 233, 233, 233, 232, 231, 231, 230, 229, 228, 228, 228, 228, 228, 228, 227, 226, 225, 225, 225, 225, 225, 225, 225, 225, 225, 224, 224, 223, 223, 223]}
186 {0: [27, 27, 27, 27, 27, 27, 27, 27, 27, 27, 27, 27, 27, 27, 27, 27, 27, 27, 27, 27, 27, 27, 27, 27, 27, 27, 27, 27, 27, 27, 27, 27, 27, 27, 27, 27, 27, 27, 27, 27, 27, 27, 27, 27, 27, 27, 27, 27, 27, 27], 1: [235, 235, 235, 235, 235, 235, 235, 235, 235, 234, 233, 233, 233, 233, 233, 233, 232, 232, 232, 232, 231, 230, 230, 230, 230, 230, 230, 230, 230, 230, 230, 230, 230, 230, 230, 230, 230, 230, 230, 230, 230, 230, 230, 229, 229, 229, 229, 229, 229, 229]}
187 {0: [27, 27, 27, 27, 27, 27, 27, 27, 27, 27, 27, 27, 27, 27, 27, 27, 27, 27, 27, 27, 27, 27, 27, 27, 27, 27, 27, 27, 27, 27, 27, 27, 27, 27, 27, 27, 27, 27, 27, 27, 27, 27, 27, 27, 27, 27, 27, 27, 27, 27], 1: [235, 235, 235, 235, 235, 235, 234, 234, 234, 234, 234, 234, 234, 234, 234, 232, 232, 232, 231, 231, 230, 229, 229, 229, 228, 227, 227, 227, 227, 227, 227, 226, 226, 226, 226, 226, 226, 226, 226, 226, 226, 225, 225, 225, 225, 225, 225, 225, 223, 222]}
188 {0: [27, 27, 27, 27, 27, 27, 27, 27, 27, 27, 27, 27, 27, 27, 27, 27, 27, 27, 27, 27, 27, 27, 27, 27, 27, 27, 27, 27, 27, 27, 27, 27, 27, 27, 27, 27, 27, 27, 27, 27, 27, 27, 27, 27, 27, 27, 27, 27, 27, 27], 1: [235, 235, 235, 235, 235, 235, 235, 235, 235, 234, 233, 233, 233, 233, 233, 233, 232, 232, 232, 232, 231, 230, 230, 230, 230, 230, 230, 230, 230, 230, 230, 230, 230, 230, 230, 230, 230, 230, 230, 230, 230, 230, 230, 229, 229, 229, 229, 229, 229, 229]}
189 {0: [27, 27, 27, 27, 27, 27, 27, 27, 27, 27, 27, 27, 27, 27, 27, 27, 27, 27, 27, 27, 27, 27, 27, 27, 27, 27, 27, 27, 27, 27, 27, 27, 27, 27, 27, 27, 27, 27, 27, 27, 27, 27, 27, 27, 27, 27, 27, 27, 27, 27], 1: [235, 235, 235, 235, 235, 235, 235, 235, 235, 234, 233, 233, 233, 233, 233, 233, 232, 232, 232, 232, 231, 230, 230, 230, 230, 230, 230, 230, 230, 230, 230, 230, 230, 230, 230, 230, 230, 230, 230, 230, 230, 230, 230, 229, 229, 229, 229, 229, 229, 229]}
190 {0: [27, 27, 27, 27, 27, 27, 27, 27, 27, 27, 27, 27, 27, 27, 27, 27, 27, 27, 27, 27, 27, 27, 27, 27, 27, 27, 27, 27, 27, 27, 27, 27, 27, 27, 27, 27, 27, 27, 27, 27, 27, 27, 27, 27, 27, 27, 27, 27, 27, 27], 1: [235, 235, 235, 235, 235, 235, 234, 234, 234, 234, 234, 234, 234, 234, 234, 232, 232, 232, 231, 231, 230, 229, 229, 229, 228, 227, 227, 227, 227, 227, 227, 226, 226, 226, 226, 226, 226, 226, 226, 226, 226, 225, 225, 225, 225, 225, 225, 225, 223, 222]}
191 {0: [27, 27, 27, 27, 27, 27, 27, 27, 27, 27, 27, 27, 27, 27, 27, 27, 27, 27, 27, 27, 27, 27, 27, 27, 27, 27, 27, 27, 27, 27, 27, 27, 27, 27, 27, 27, 27, 27, 27, 27, 27, 27, 27, 27, 27, 27, 27, 27, 27, 27], 1: [235, 235, 235, 235, 235, 235, 234, 234, 234, 234, 234, 234, 234, 234, 234, 232, 232, 232, 231, 231, 230, 229, 229, 229, 228, 227, 227, 227, 227, 227, 227, 226, 226, 226, 226, 226, 226, 226, 226, 226, 226, 225, 225, 225, 225, 225, 225, 225, 223, 222]}
192 {0: [27, 27, 27, 27, 27, 27, 27, 27, 27, 27, 27, 27, 27, 27, 27, 27, 27, 27, 27, 27, 27, 27, 27, 27, 27, 27, 27, 27, 27, 27, 27, 27, 27, 27, 27, 27, 27, 27, 27, 27, 27, 27, 27, 27, 27, 27, 27, 27, 27, 27], 1: [235, 234, 234, 234, 234, 233, 233, 233, 233, 233, 233, 233, 233, 232, 232, 232, 231, 231, 230, 230, 230, 230, 230, 230, 230, 229, 229, 229, 229, 229, 229, 229, 229, 229, 229, 229, 229, 229, 229, 229, 229, 229, 229, 229, 229, 228, 228, 227, 227, 227]}
193 {0: [27, 27, 27, 27, 27, 27, 27, 27, 27, 27, 27, 27, 27, 27, 27, 27, 27, 27, 27, 27, 27, 27, 27, 27, 27, 27, 27, 27, 27, 27, 27, 27, 27, 27, 27, 27, 27, 27, 27, 27, 27, 27, 27, 27, 27, 27, 27, 27, 27, 27], 1: [235, 235, 235, 235, 235, 235, 235, 235, 235, 235, 235, 235, 235, 234, 234, 234, 234, 233, 232, 232, 232, 232, 231, 231, 231, 231, 231, 231, 231, 231, 231, 231, 229, 229, 229, 229, 229, 229, 229, 229, 229, 229, 229, 229, 227, 227, 227, 227, 226, 226]}
194 {0: [27, 27, 27, 27, 27, 27, 27, 27, 27, 27, 27, 27, 27, 27, 27, 27, 27, 27, 27, 27, 27, 27, 27, 27, 27, 27, 27, 27, 27, 27, 27, 27, 27, 27, 27, 27, 27, 27, 27, 27, 27, 27, 27, 27, 27, 27, 27, 27, 27, 27], 1: [235, 234, 234, 234, 234, 233, 233, 233, 233, 233, 233, 233, 233, 232, 232, 232, 231, 231, 230, 230, 230, 230, 230, 230, 230, 229, 229, 229, 229, 229, 229, 229, 229, 229, 229, 229, 229, 229, 229, 229, 229, 229, 229, 229, 229, 228, 228, 227, 227, 227]}
195 {0: [27, 27, 27, 27, 27, 27, 27, 27, 27, 27, 27, 27, 27, 27, 27, 27, 27, 27, 27, 27, 27, 27, 27, 27, 27, 27, 27, 27, 27, 27, 27, 27, 27, 27, 27, 27, 27, 27, 27, 27, 27, 27, 27, 27, 27, 27, 27, 27, 27, 27], 1: [235, 234, 234, 234, 234, 233, 233, 233, 233, 233, 233, 233, 233, 232, 232, 232, 231, 231, 230, 230, 230, 230, 230, 230, 230, 229, 229, 229, 229, 229, 229, 229, 229, 229, 229, 229, 229, 229, 229, 229, 229, 229, 229, 229, 229, 228, 228, 227, 227, 227]}
196 {0: [27, 27, 27, 27, 27, 27, 27, 27, 27, 27, 27, 27, 27, 27, 27, 27, 27, 27, 27, 27, 27, 27, 27, 27, 27, 27, 27, 27, 27, 27, 27, 27, 27, 27, 27, 27, 27, 27, 27, 27, 27, 27, 27, 27, 27, 27, 27, 27, 27, 27], 1: [235, 235, 235, 235, 235, 235, 235, 235, 235, 235, 235, 235, 235, 234, 234, 234, 234, 233, 232, 232, 232, 232, 231, 231, 231, 231, 231, 231, 231, 231, 231, 231, 229, 229, 229, 229, 229, 229, 229, 229, 229, 229, 229, 229, 227, 227, 227, 227, 226, 226]}
197 {0: [27, 27, 27, 27, 27, 27, 27, 27, 27, 27, 27, 27, 27, 27, 27, 27, 27, 27, 27, 27, 27, 27, 27, 27, 27, 27, 27, 27, 27, 27, 27, 27, 27, 27, 27, 27, 27, 27, 27, 27, 27, 27, 27, 27, 27, 27, 27, 27, 27, 27], 1: [235, 235, 235, 235, 235, 235, 235, 235, 235, 235, 235, 235, 235, 234, 234, 234, 234, 233, 232, 232, 232, 232, 231, 231, 231, 231, 231, 231, 231, 231, 231, 231, 229, 229, 229, 229, 229, 229, 229, 229, 229, 229, 229, 229, 227, 227, 227, 227, 226, 226]}
198 {0: [27, 27, 27, 27, 27, 27, 27, 27, 27, 27, 27, 27, 27, 27, 27, 27, 27, 27, 27, 27, 27, 27, 27, 27, 27, 27, 27, 27, 27, 27, 27, 27, 27, 27, 27, 27, 27, 27, 27, 27, 27, 27, 27, 27, 27, 27, 27, 27, 27, 27], 1: [235, 235, 235, 235, 235, 235, 235, 235, 235, 234, 233, 232, 232, 232, 232, 232, 230, 230, 230, 230, 230, 230, 230, 230, 229, 229, 228, 228, 228, 228, 228, 227, 227, 227, 226, 226, 226, 226, 226, 226, 225, 225, 224, 224, 224, 224, 223, 222, 222, 222]}
199 {0: [27, 27, 27, 27, 27, 27, 27, 27, 27, 27, 27, 27, 27, 27, 27, 27, 27, 27, 27, 27, 27, 27, 27, 27, 27, 27, 27, 27, 27, 27, 27, 27, 27, 27, 27, 27, 27, 27, 27, 27, 27, 27, 27, 27, 27, 27, 27, 27, 27, 27], 1: [235, 235, 235, 234, 234, 234, 234, 234, 234, 234, 233, 233, 233, 232, 232, 231, 231, 231, 231, 231, 231, 231, 231, 231, 231, 231, 231, 230, 229, 229, 229, 229, 229, 229, 229, 229, 228, 228, 228, 228, 228, 227, 227, 227, 227, 227, 226, 226, 225, 225]}
200 {0: [27, 27, 27, 27, 27, 27, 27, 27, 27, 27, 27, 27, 27, 27, 27, 27, 27, 27, 27, 27, 27, 27, 27, 27, 27, 27, 27, 27, 27, 27, 27, 27, 27, 27, 27, 27, 27, 27, 27, 27, 27, 27, 27, 27, 27, 27, 27, 27, 27, 27], 1: [235, 235, 235, 235, 235, 235, 235, 235, 235, 234, 233, 232, 232, 232, 232, 232, 230, 230, 230, 230, 230, 230, 230, 230, 229, 229, 228, 228, 228, 228, 228, 227, 227, 227, 226, 226, 226, 226, 226, 226, 225, 225, 224, 224, 224, 224, 223, 222, 222, 222]}
201 {0: [27, 27, 27, 27, 27, 27, 27, 27, 27, 27, 27, 27, 27, 27, 27, 27, 27, 27, 27, 27, 27, 27, 27, 27, 27, 27, 27, 27, 27, 27, 27, 27, 27, 27, 27, 27, 27, 27, 27, 27, 27, 27, 27, 27, 27, 27, 27, 27, 27, 27], 1: [235, 235, 235, 235, 235, 235, 235, 235, 235, 234, 233, 232, 232, 232, 232, 232, 230, 230, 230, 230, 230, 230, 230, 230, 229, 229, 228, 228, 228, 228, 228, 227, 227, 227, 226, 226, 226, 226, 226, 226, 225, 225, 224, 224, 224, 224, 223, 222, 222, 222]}
202 {0: [27, 27, 27, 27, 27, 27, 27, 27, 27, 27, 27, 27, 27, 27, 27, 27, 27, 27, 27, 27, 27, 27, 27, 27, 27, 27, 27, 27, 27, 27, 27, 27, 27, 27, 27, 27, 27, 27, 27, 27, 27, 27, 27, 27, 27, 27, 27, 27, 27, 27], 1: [235, 235, 235, 234, 234, 234, 234, 234, 234, 234, 233, 233, 233, 232, 232, 231, 231, 231, 231, 231, 231, 231, 231, 231, 231, 231, 231, 230, 229, 229, 229, 229, 229, 229, 229, 229, 228, 228, 228, 228, 228, 227, 227, 227, 227, 227, 226, 226, 225, 225]}
203 {0: [27, 27, 27, 27, 27, 27, 27, 27, 27, 27, 27, 27, 27, 27, 27, 27, 27, 27, 27, 27, 27, 27, 27, 27, 27, 27, 27, 27, 27, 27, 27, 27, 27, 27, 27, 27, 27, 27, 27, 27, 27, 27, 27, 27, 27, 27, 27, 27, 27, 27], 1: [235, 235, 235, 234, 234, 234, 234, 234, 234, 234, 233, 233, 233, 232, 232, 231, 231, 231, 231, 231, 231, 231, 231, 231, 231, 231, 231, 230, 229, 229, 229, 229, 229, 229, 229, 229, 228, 228, 228, 228, 228, 227, 227, 227, 227, 227, 226, 226, 225, 225]}
204 {0: [27, 27, 27, 27, 27, 27, 27, 27, 27, 27, 27, 27, 27, 27, 27, 27, 27, 27, 27, 27, 27, 27, 27, 27, 26, 26, 26, 26, 26, 26, 26, 26, 26, 26, 26, 26, 26, 26, 26, 26, 26, 26, 26, 26, 26, 26, 26, 26, 26, 26], 1: [235, 235, 235, 235, 234, 234, 234, 234, 234, 234, 234, 234, 234, 234, 234, 233, 233, 232, 232, 232, 232, 231, 231, 231, 232, 232, 232, 231, 231, 229, 229, 229, 229, 229, 229, 229, 229, 229, 229, 229, 226, 226, 226, 226, 226, 226, 225, 225, 225, 223]}
205 {0: [27, 27, 27, 27, 27, 27, 27, 27, 27, 26, 26, 26, 26, 26, 26, 26, 26, 26, 26, 26, 26, 26, 26, 26, 26, 26, 26, 26, 26, 26, 26, 26, 26, 26, 26, 26, 26, 26, 26, 26, 26, 26, 26, 26, 26, 26, 26, 26, 26, 26], 1: [235, 235, 235, 235, 235, 234, 234, 234, 234, 235, 235, 234, 234, 233, 233, 233, 233, 233, 233, 233, 233, 233, 233, 233, 233, 232, 230, 230, 230, 230, 229, 229, 229, 229, 229, 228, 225, 224, 224, 224, 224, 224, 223, 223, 223, 223, 221, 221, 221, 220]}
206 {0: [27, 27, 27, 27, 27, 27, 27, 27, 27, 27, 27, 27, 27, 27, 27, 27, 27, 27, 27, 27, 27, 27, 27, 27, 26, 26, 26, 26, 26, 26, 26, 26, 26, 26, 26, 26, 26, 26, 26, 26, 26, 26, 26, 26, 26, 26, 26, 26, 26, 26], 1: [235, 235, 235, 235, 234, 234, 234, 234, 234, 234, 234, 234, 234, 234, 234, 233, 233, 232, 232, 232, 232, 231, 231, 231, 232, 232, 232, 231, 231, 229, 229, 229, 229, 229, 229, 229, 229, 229, 229, 229, 226, 226, 226, 226, 226, 226, 225, 225, 225, 223]}
207 {0: [27, 27, 27, 27, 27, 27, 27, 27, 27, 27, 27, 27, 27, 27, 27, 27, 27, 27, 27, 27, 27, 27, 27, 27, 26, 26, 26, 26, 26, 26, 26, 26, 26, 26, 26, 26, 26, 26, 26, 26, 26, 26, 26, 26, 26, 26, 26, 26, 26, 26], 1: [235, 235, 235, 235, 234, 234, 234, 234, 234, 234, 234, 234, 234, 234, 234, 233, 233, 232, 232, 232, 232, 231, 231, 231, 232, 232, 232, 231, 231, 229, 229, 229, 229, 229, 229, 229, 229, 229, 229, 229, 226, 226, 226, 226, 226, 226, 225, 225, 225, 223]}
208 {0: [27, 27, 27, 27, 27, 27, 27, 27, 27, 26, 26, 26, 26, 26, 26, 26, 26, 26, 26, 26, 26, 26, 26, 26, 26, 26, 26, 26, 26, 26, 26, 26, 26, 26, 26, 26, 26, 26, 26, 26, 26, 26, 26, 26, 26, 26, 26, 26, 26, 26], 1: [235, 235, 235, 235, 235, 234, 234, 234, 234, 235, 235, 234, 234, 233, 233, 233, 233, 233, 233, 233, 233, 233, 233, 233, 233, 232, 230, 230, 230, 230, 229, 229, 229, 229, 229, 228, 225, 224, 224, 224, 224, 224, 223, 223, 223, 223, 221, 221, 221, 220]}
209 {0: [27, 27, 27, 27, 27, 27, 27, 27, 27, 26, 26, 26, 26, 26, 26, 26, 26, 26, 26, 26, 26, 26, 26, 26, 26, 26, 26, 26, 26, 26, 26, 26, 26, 26, 26, 26, 26, 26, 26, 26, 26, 26, 26, 26, 26, 26, 26, 26, 26, 26], 1: [235, 235, 235, 235, 235, 234, 234, 234, 234, 235, 235, 234, 234, 233, 233, 233, 233, 233, 233, 233, 233, 233, 233, 233, 233, 232, 230, 230, 230, 230, 229, 229, 229, 229, 229, 228, 225, 224, 224, 224, 224, 224, 223, 223, 223, 223, 221, 221, 221, 220]}
210 {0: [27, 27, 27, 27, 27, 27, 27, 27, 27, 27, 27, 27, 27, 27, 27, 27, 27, 27, 27, 27, 27, 27, 27, 27, 27, 27, 27, 27, 27, 27, 27, 27, 27, 27, 27, 27, 27, 27, 27, 27, 27, 27, 27, 27, 27, 27, 27, 27, 27, 27], 1: [235, 235, 235, 235, 235, 235, 234, 234, 234, 234, 233, 233, 233, 233, 233, 233, 233, 232, 232, 232, 232, 232, 232, 232, 232, 232, 231, 231, 231, 231, 231, 230, 230, 230, 230, 229, 229, 229, 228, 227, 227, 227, 227, 227, 226, 226, 223, 223, 222, 222]}
211 {0: [27, 27, 27, 27, 27, 27, 27, 27, 27, 27, 27, 27, 27, 27, 27, 27, 27, 27, 27, 27, 27, 27, 27, 27, 27, 27, 27, 27, 27, 27, 27, 27, 27, 27, 27, 27, 27, 27, 27, 27, 27, 27, 27, 27, 27, 27, 27, 27, 27, 27], 1: [235, 235, 235, 235, 235, 234, 234, 234, 234, 234, 234, 234, 234, 234, 234, 234, 234, 234, 234, 233, 233, 232, 232, 232, 232, 232, 232, 232, 232, 232, 232, 232, 232, 232, 231, 230, 230, 230, 229, 228, 227, 227, 227, 227, 226, 226, 225, 225, 225, 224]}
212 {0: [27, 27, 27, 27, 27, 27, 27, 27, 27, 27, 27, 27, 27, 27, 27, 27, 27, 27, 27, 27, 27, 27, 27, 27, 27, 27, 27, 27, 27, 27, 27, 27, 27, 27, 27, 27, 27, 27, 27, 27, 27, 27, 27, 27, 27, 27, 27, 27, 27, 27], 1: [235, 235, 235, 235, 235, 235, 234, 234, 234, 234, 233, 233, 233, 233, 233, 233, 233, 232, 232, 232, 232, 232, 232, 232, 232, 232, 231, 231, 231, 231, 231, 230, 230, 230, 230, 229, 229, 229, 228, 227, 227, 227, 227, 227, 226, 226, 223, 223, 222, 222]}
213 {0: [27, 27, 27, 27, 27, 27, 27, 27, 27, 27, 27, 27, 27, 27, 27, 27, 27, 27, 27, 27, 27, 27, 27, 27, 27, 27, 27, 27, 27, 27, 27, 27, 27, 27, 27, 27, 27, 27, 27, 27, 27, 27, 27, 27, 27, 27, 27, 27, 27, 27], 1: [235, 235, 235, 235, 235, 235, 234, 234, 234, 234, 233, 233, 233, 233, 233, 233, 233, 232, 232, 232, 232, 232, 232, 232, 232, 232, 231, 231, 231, 231, 231, 230, 230, 230, 230, 229, 229, 229, 228, 227, 227, 227, 227, 227, 226, 226, 223, 223, 222, 222]}
214 {0: [27, 27, 27, 27, 27, 27, 27, 27, 27, 27, 27, 27, 27, 27, 27, 27, 27, 27, 27, 27, 27, 27, 27, 27, 27, 27, 27, 27, 27, 27, 27, 27, 27, 27, 27, 27, 27, 27, 27, 27, 27, 27, 27, 27, 27, 27, 27, 27, 27, 27], 1: [235, 235, 235, 235, 235, 234, 234, 234, 234, 234, 234, 234, 234, 234, 234, 234, 234, 234, 234, 233, 233, 232, 232, 232, 232, 232, 232, 232, 232, 232, 232, 232, 232, 232, 231, 230, 230, 230, 229, 228, 227, 227, 227, 227, 226, 226, 225, 225, 225, 224]}
215 {0: [27, 27, 27, 27, 27, 27, 27, 27, 27, 27, 27, 27, 27, 27, 27, 27, 27, 27, 27, 27, 27, 27, 27, 27, 27, 27, 27, 27, 27, 27, 27, 27, 27, 27, 27, 27, 27, 27, 27, 27, 27, 27, 27, 27, 27, 27, 27, 27, 27, 27], 1: [235, 235, 235, 235, 235, 234, 234, 234, 234, 234, 234, 234, 234, 234, 234, 234, 234, 234, 234, 233, 233, 232, 232, 232, 232, 232, 232, 232, 232, 232, 232, 232, 232, 232, 231, 230, 230, 230, 229, 228, 227, 227, 227, 227, 226, 226, 225, 225, 225, 224]}
216 {0: [27, 27, 27, 27, 27, 27, 27, 27, 27, 27, 27, 27, 27, 27, 27, 27, 27, 27, 27, 27, 27, 27, 27, 27, 27, 27, 27, 27, 27, 27, 27, 27, 27, 27, 27, 27, 27, 27, 27, 27, 27, 27, 27, 27, 27, 27, 27, 27, 27, 27], 1: [235, 235, 235, 235, 235, 235, 235, 235, 235, 234, 234, 234, 234, 234, 233, 233, 233, 233, 233, 233, 233, 233, 233, 233, 233, 233, 233, 233, 233, 232, 232, 230, 229, 229, 228, 228, 228, 228, 228, 228, 228, 228, 228, 228, 226, 226, 226, 225, 225, 225]}
217 {0: [27, 27, 27, 27, 27, 27, 27, 27, 27, 27, 27, 27, 27, 27, 27, 27, 27, 27, 27, 27, 27, 27, 27, 27, 27, 27, 27, 27, 27, 27, 27, 27, 27, 27, 27, 27, 27, 27, 27, 27, 27, 27, 27, 27, 27, 27, 27, 27, 27, 27], 1: [235, 235, 235, 235, 235, 235, 235, 235, 235, 234, 234, 234, 234, 234, 234, 234, 234, 234, 233, 232, 232, 231, 231, 231, 231, 231, 231, 231, 231, 231, 231, 231, 230, 229, 229, 229, 229, 228, 225, 225, 225, 224, 223, 223, 223, 223, 223, 223, 223, 223]}
218 {0: [27, 27, 27, 27, 27, 27, 27, 27, 27, 27, 27, 27, 27, 27, 27, 27, 27, 27, 27, 27, 27, 27, 27, 27, 27, 27, 27, 27, 27, 27, 27, 27, 27, 27, 27, 27, 27, 27, 27, 27, 27, 27, 27, 27, 27, 27, 27, 27, 27, 27], 1: [235, 235, 235, 235, 235, 235, 235, 235, 235, 234, 234, 234, 234, 234, 233, 233, 233, 233, 233, 233, 233, 233, 233, 233, 233, 233, 233, 233, 233, 232, 232, 230, 229, 229, 228, 228, 228, 228, 228, 228, 228, 228, 228, 228, 226, 226, 226, 225, 225, 225]}
219 {0: [27, 27, 27, 27, 27, 27, 27, 27, 27, 27, 27, 27, 27, 27, 27, 27, 27, 27, 27, 27, 27, 27, 27, 27, 27, 27, 27, 27, 27, 27, 27, 27, 27, 27, 27, 27, 27, 27, 27, 27, 27, 27, 27, 27, 27, 27, 27, 27, 27, 27], 1: [235, 235, 235, 235, 235, 235, 235, 235, 235, 234, 234, 234, 234, 234, 233, 233, 233, 233, 233, 233, 233, 233, 233, 233, 233, 233, 233, 233, 233, 232, 232, 230, 229, 229, 228, 228, 228, 228, 228, 228, 228, 228, 228, 228, 226, 226, 226, 225, 225, 225]}
220 {0: [27, 27, 27, 27, 27, 27, 27, 27, 27, 27, 27, 27, 27, 27, 27, 27, 27, 27, 27, 27, 27, 27, 27, 27, 27, 27, 27, 27, 27, 27, 27, 27, 27, 27, 27, 27, 27, 27, 27, 27, 27, 27, 27, 27, 27, 27, 27, 27, 27, 27], 1: [235, 235, 235, 235, 235, 235, 235, 235, 235, 234, 234, 234, 234, 234, 234, 234, 234, 234, 233, 232, 232, 231, 231, 231, 231, 231, 231, 231, 231, 231, 231, 231, 230, 229, 229, 229, 229, 228, 225, 225, 225, 224, 223, 223, 223, 223, 223, 223, 223, 223]}
221 {0: [27, 27, 27, 27, 27, 27, 27, 27, 27, 27, 27, 27, 27, 27, 27, 27, 27, 27, 27, 27, 27, 27, 27, 27, 27, 27, 27, 27, 27, 27, 27, 27, 27, 27, 27, 27, 27, 27, 27, 27, 27, 27, 27, 27, 27, 27, 27, 27, 27, 27], 1: [235, 235, 235, 235, 235, 235, 235, 235, 235, 234, 234, 234, 234, 234, 234, 234, 234, 234, 233, 232, 232, 231, 231, 231, 231, 231, 231, 231, 231, 231, 231, 231, 230, 229, 229, 229, 229, 228, 225, 225, 225, 224, 223, 223, 223, 223, 223, 223, 223, 223]}
222 {0: [27, 27, 27, 27, 27, 27, 27, 27, 27, 27, 27, 27, 27, 27, 27, 27, 27, 27, 27, 27, 27, 27, 27, 27, 27, 27, 27, 27, 27, 27, 27, 27, 27, 27, 27, 27, 27, 27, 27, 27, 27, 27, 27, 27, 27, 27, 27, 27, 27, 27], 1: [235, 235, 235, 235, 235, 235, 235, 235, 235, 235, 235, 234, 234, 234, 234, 234, 234, 234, 234, 234, 234, 234, 234, 234, 234, 233, 233, 233, 233, 233, 233, 232, 232, 232, 232, 232, 232, 232, 231, 230, 230, 229, 229, 228, 228, 228, 228, 228, 228, 228]}
223 {0: [27, 27, 27, 27, 27, 27, 27, 27, 27, 27, 27, 27, 27, 27, 27, 27, 27, 27, 27, 27, 27, 27, 27, 27, 27, 27, 27, 27, 27, 27, 27, 27, 27, 27, 27, 27, 27, 27, 27, 27, 27, 27, 27, 27, 27, 27, 27, 27, 27, 27], 1: [235, 235, 235, 235, 235, 235, 235, 235, 235, 235, 235, 234, 232, 232, 232, 232, 232, 232, 232, 232, 232, 232, 232, 232, 232, 231, 231, 231, 231, 231, 231, 231, 231, 231, 231, 230, 230, 230, 230, 230, 229, 229, 228, 227, 227, 227, 226, 226, 225, 225]}
224 {0: [27, 27, 27, 27, 27, 27, 27, 27, 27, 27, 27, 27, 27, 27, 27, 27, 27, 27, 27, 27, 27, 27, 27, 27, 27, 27, 27, 27, 27, 27, 27, 27, 27, 27, 27, 27, 27, 27, 27, 27, 27, 27, 27, 27, 27, 27, 27, 27, 27, 27], 1: [235, 235, 235, 235, 235, 235, 235, 235, 235, 235, 235, 234, 234, 234, 234, 234, 234, 234, 234, 234, 234, 234, 234, 234, 234, 233, 233, 233, 233, 233, 233, 232, 232, 232, 232, 232, 232, 232, 231, 230, 230, 229, 229, 228, 228, 228, 228, 228, 228, 228]}
225 {0: [27, 27, 27, 27, 27, 27, 27, 27, 27, 27, 27, 27, 27, 27, 27, 27, 27, 27, 27, 27, 27, 27, 27, 27, 27, 27, 27, 27, 27, 27, 27, 27, 27, 27, 27, 27, 27, 27, 27, 27, 27, 27, 27, 27, 27, 27, 27, 27, 27, 27], 1: [235, 235, 235, 235, 235, 235, 235, 235, 235, 235, 235, 234, 234, 234, 234, 234, 234, 234, 234, 234, 234, 234, 234, 234, 234, 233, 233, 233, 233, 233, 233, 232, 232, 232, 232, 232, 232, 232, 231, 230, 230, 229, 229, 228, 228, 228, 228, 228, 228, 228]}
226 {0: [27, 27, 27, 27, 27, 27, 27, 27, 27, 27, 27, 27, 27, 27, 27, 27, 27, 27, 27, 27, 27, 27, 27, 27, 27, 27, 27, 27, 27, 27, 27, 27, 27, 27, 27, 27, 27, 27, 27, 27, 27, 27, 27, 27, 27, 27, 27, 27, 27, 27], 1: [235, 235, 235, 235, 235, 235, 235, 235, 235, 235, 235, 234, 232, 232, 232, 232, 232, 232, 232, 232, 232, 232, 232, 232, 232, 231, 231, 231, 231, 231, 231, 231, 231, 231, 231, 230, 230, 230, 230, 230, 229, 229, 228, 227, 227, 227, 226, 226, 225, 225]}
227 {0: [27, 27, 27, 27, 27, 27, 27, 27, 27, 27, 27, 27, 27, 27, 27, 27, 27, 27, 27, 27, 27, 27, 27, 27, 27, 27, 27, 27, 27, 27, 27, 27, 27, 27, 27, 27, 27, 27, 27, 27, 27, 27, 27, 27, 27, 27, 27, 27, 27, 27], 1: [235, 235, 235, 235, 235, 235, 235, 235, 235, 235, 235, 234, 232, 232, 232, 232, 232, 232, 232, 232, 232, 232, 232, 232, 232, 231, 231, 231, 231, 231, 231, 231, 231, 231, 231, 230, 230, 230, 230, 230, 229, 229, 228, 227, 227, 227, 226, 226, 225, 225]}
228 {0: [27, 27, 27, 27, 27, 27, 27, 27, 27, 27, 27, 27, 27, 27, 27, 27, 27, 27, 27, 27, 27, 27, 27, 27, 27, 27, 27, 27, 27, 27, 27, 27, 27, 27, 27, 27, 27, 27, 27, 27, 27, 27, 27, 27, 27, 27, 27, 27, 27, 27], 1: [235, 235, 235, 235, 235, 235, 234, 234, 234, 234, 234, 234, 233, 233, 233, 233, 233, 232, 231, 231, 231, 231, 230, 230, 230, 230, 230, 230, 230, 230, 230, 230, 230, 229, 228, 228, 228, 227, 226, 226, 226, 226, 226, 226, 226, 225, 225, 225, 225, 225]}
229 {0: [27, 27, 27, 27, 27, 27, 27, 27, 27, 27, 27, 27, 27, 27, 27, 27, 27, 27, 27, 27, 27, 27, 27, 27, 27, 27, 27, 27, 27, 27, 27, 27, 27, 27, 27, 27, 27, 27, 27, 27, 27, 27, 27, 27, 27, 27, 27, 27, 27, 27], 1: [235, 235, 235, 235, 235, 235, 235, 235, 234, 234, 234, 234, 234, 233, 233, 233, 233, 233, 233, 232, 232, 232, 232, 232, 232, 232, 232, 232, 232, 232, 232, 232, 232, 232, 232, 232, 232, 232, 230, 230, 230, 230, 230, 230, 230, 230, 229, 228, 228, 227]}
230 {0: [27, 27, 27, 27, 27, 27, 27, 27, 27, 27, 27, 27, 27, 27, 27, 27, 27, 27, 27, 27, 27, 27, 27, 27, 27, 27, 27, 27, 27, 27, 27, 27, 27, 27, 27, 27, 27, 27, 27, 27, 27, 27, 27, 27, 27, 27, 27, 27, 27, 27], 1: [235, 235, 235, 235, 235, 235, 234, 234, 234, 234, 234, 234, 233, 233, 233, 233, 233, 232, 231, 231, 231, 231, 230, 230, 230, 230, 230, 230, 230, 230, 230, 230, 230, 229, 228, 228, 228, 227, 226, 226, 226, 226, 226, 226, 226, 225, 225, 225, 225, 225]}
231 {0: [27, 27, 27, 27, 27, 27, 27, 27, 27, 27, 27, 27, 27, 27, 27, 27, 27, 27, 27, 27, 27, 27, 27, 27, 27, 27, 27, 27, 27, 27, 27, 27, 27, 27, 27, 27, 27, 27, 27, 27, 27, 27, 27, 27, 27, 27, 27, 27, 27, 27], 1: [235, 235, 235, 235, 235, 235, 234, 234, 234, 234, 234, 234, 233, 233, 233, 233, 233, 232, 231, 231, 231, 231, 230, 230, 230, 230, 230, 230, 230, 230, 230, 230, 230, 229, 228, 228, 228, 227, 226, 226, 226, 226, 226, 226, 226, 225, 225, 225, 225, 225]}
232 {0: [27, 27, 27, 27, 27, 27, 27, 27, 27, 27, 27, 27, 27, 27, 27, 27, 27, 27, 27, 27, 27, 27, 27, 27, 27, 27, 27, 27, 27, 27, 27, 27, 27, 27, 27, 27, 27, 27, 27, 27, 27, 27, 27, 27, 27, 27, 27, 27, 27, 27], 1: [235, 235, 235, 235, 235, 235, 235, 235, 234, 234, 234, 234, 234, 233, 233, 233, 233, 233, 233, 232, 232, 232, 232, 232, 232, 232, 232, 232, 232, 232, 232, 232, 232, 232, 232, 232, 232, 232, 230, 230, 230, 230, 230, 230, 230, 230, 229, 228, 228, 227]}
233 {0: [27, 27, 27, 27, 27, 27, 27, 27, 27, 27, 27, 27, 27, 27, 27, 27, 27, 27, 27, 27, 27, 27, 27, 27, 27, 27, 27, 27, 27, 27, 27, 27, 27, 27, 27, 27, 27, 27, 27, 27, 27, 27, 27, 27, 27, 27, 27, 27, 27, 27], 1: [235, 235, 235, 235, 235, 235, 235, 235, 234, 234, 234, 234, 234, 233, 233, 233, 233, 233, 233, 232, 232, 232, 232, 232, 232, 232, 232, 232, 232, 232, 232, 232, 232, 232, 232, 232, 232, 232, 230, 230, 230, 230, 230, 230, 230, 230, 229, 228, 228, 227]}
234 {0: [27, 27, 27, 27, 27, 27, 27, 27, 27, 27, 27, 27, 27, 27, 27, 27, 27, 27, 27, 27, 27, 27, 27, 27, 27, 27, 27, 27, 27, 27, 27, 27, 27, 27, 27, 27, 27, 27, 27, 27, 27, 27, 27, 27, 27, 27, 27, 27, 27, 27], 1: [235, 235, 235, 235, 234, 234, 234, 234, 234, 234, 234, 233, 233, 233, 233, 232, 232, 231, 230, 229, 229, 228, 228, 228, 228, 228, 228, 228, 228, 227, 227, 227, 227, 227, 226, 226, 226, 226, 226, 226, 225, 225, 225, 225, 225, 225, 224, 223, 223, 223]}
235 {0: [27, 27, 27, 27, 27, 27, 27, 27, 27, 27, 27, 27, 27, 27, 27, 27, 27, 27, 27, 27, 27, 27, 27, 27, 27, 27, 27, 27, 27, 27, 27, 27, 27, 27, 27, 27, 27, 27, 27, 27, 27, 27, 27, 27, 27, 27, 27, 27, 27, 27], 1: [235, 235, 235, 235, 235, 234, 234, 234, 234, 234, 234, 234, 234, 234, 233, 233, 233, 232, 232, 232, 232, 231, 231, 231, 231, 231, 231, 231, 231, 231, 230, 230, 230, 230, 230, 230, 229, 228, 228, 228, 228, 228, 228, 228, 228, 228, 228, 228, 226, 226]}
236 {0: [27, 27, 27, 27, 27, 27, 27, 27, 27, 27, 27, 27, 27, 27, 27, 27, 27, 27, 27, 27, 27, 27, 27, 27, 27, 27, 27, 27, 27, 27, 27, 27, 27, 27, 27, 27, 27, 27, 27, 27, 27, 27, 27, 27, 27, 27, 27, 27, 27, 27], 1: [235, 235, 235, 235, 234, 234, 234, 234, 234, 234, 234, 233, 233, 233, 233, 232, 232, 231, 230, 229, 229, 228, 228, 228, 228, 228, 228, 228, 228, 227, 227, 227, 227, 227, 226, 226, 226, 226, 226, 226, 225, 225, 225, 225, 225, 225, 224, 223, 223, 223]}
237 {0: [27, 27, 27, 27, 27, 27, 27, 27, 27, 27, 27, 27, 27, 27, 27, 27, 27, 27, 27, 27, 27, 27, 27, 27, 27, 27, 27, 27, 27, 27, 27, 27, 27, 27, 27, 27, 27, 27, 27, 27, 27, 27, 27, 27, 27, 27, 27, 27, 27, 27], 1: [235, 235, 235, 235, 234, 234, 234, 234, 234, 234, 234, 233, 233, 233, 233, 232, 232, 231, 230, 229, 229, 228, 228, 228, 228, 228, 228, 228, 228, 227, 227, 227, 227, 227, 226, 226, 226, 226, 226, 226, 225, 225, 225, 225, 225, 225, 224, 223, 223, 223]}
238 {0: [27, 27, 27, 27, 27, 27, 27, 27, 27, 27, 27, 27, 27, 27, 27, 27, 27, 27, 27, 27, 27, 27, 27, 27, 27, 27, 27, 27, 27, 27, 27, 27, 27, 27, 27, 27, 27, 27, 27, 27, 27, 27, 27, 27, 27, 27, 27, 27, 27, 27], 1: [235, 235, 235, 235, 235, 234, 234, 234, 234, 234, 234, 234, 234, 234, 233, 233, 233, 232, 232, 232, 232, 231, 231, 231, 231, 231, 231, 231, 231, 231, 230, 230, 230, 230, 230, 230, 229, 228, 228, 228, 228, 228, 228, 228, 228, 228, 228, 228, 226, 226]}
239 {0: [27, 27, 27, 27, 27, 27, 27, 27, 27, 27, 27, 27, 27, 27, 27, 27, 27, 27, 27, 27, 27, 27, 27, 27, 27, 27, 27, 27, 27, 27, 27, 27, 27, 27, 27, 27, 27, 27, 27, 27, 27, 27, 27, 27, 27, 27, 27, 27, 27, 27], 1: [235, 235, 235, 235, 235, 234, 234, 234, 234, 234, 234, 234, 234, 234, 233, 233, 233, 232, 232, 232, 232, 231, 231, 231, 231, 231, 231, 231, 231, 231, 230, 230, 230, 230, 230, 230, 229, 228, 228, 228, 228, 228, 228, 228, 228, 228, 228, 228, 226, 226]}
240 {0: [27, 27, 27, 27, 27, 27, 27, 27, 27, 27, 27, 27, 27, 27, 27, 27, 27, 27, 27, 27, 27, 27, 27, 27, 27, 27, 27, 27, 27, 27, 27, 27, 27, 27, 27, 27, 27, 27, 27, 27, 27, 27, 27, 27, 27, 27, 27, 27, 27, 27], 1: [235, 235, 235, 235, 235, 235, 235, 235, 235, 235, 234, 234, 233, 233, 233, 232, 231, 231, 231, 231, 231, 231, 231, 231, 231, 230, 230, 230, 230, 230, 230, 230, 230, 230, 230, 230, 229, 227, 226, 226, 226, 226, 226, 226, 226, 225, 225, 224, 224, 224]}
241 {0: [27, 27, 27, 27, 27, 27, 27, 27, 27, 27, 27, 27, 27, 27, 27, 27, 27, 27, 27, 27, 27, 27, 27, 27, 27, 27, 27, 27, 27, 27, 27, 27, 27, 27, 27, 27, 27, 27, 27, 27, 27, 27, 27, 27, 27, 27, 27, 27, 27, 27], 1: [235, 235, 235, 235, 234, 234, 234, 234, 234, 234, 234, 232, 232, 232, 231, 230, 230, 230, 230, 230, 230, 229, 229, 229, 229, 229, 229, 229, 229, 227, 227, 227, 227, 227, 227, 227, 227, 227, 227, 227, 227, 227, 227, 226, 224, 224, 224, 224, 224, 224]}
242 {0: [27, 27, 27, 27, 27, 27, 27, 27, 27, 27, 27, 27, 27, 27, 27, 27, 27, 27, 27, 27, 27, 27, 27, 27, 27, 27, 27, 27, 27, 27, 27, 27, 27, 27, 27, 27, 27, 27, 27, 27, 27, 27, 27, 27, 27, 27, 27, 27, 27, 27], 1: [235, 235, 235, 235, 235, 235, 235, 235, 235, 235, 234, 234, 233, 233, 233, 232, 231, 231, 231, 231, 231, 231, 231, 231, 231, 230, 230, 230, 230, 230, 230, 230, 230, 230, 230, 230, 229, 227, 226, 226, 226, 226, 226, 226, 226, 225, 225, 224, 224, 224]}
243 {0: [27, 27, 27, 27, 27, 27, 27, 27, 27, 27, 27, 27, 27, 27, 27, 27, 27, 27, 27, 27, 27, 27, 27, 27, 27, 27, 27, 27, 27, 27, 27, 27, 27, 27, 27, 27, 27, 27, 27, 27, 27, 27, 27, 27, 27, 27, 27, 27, 27, 27], 1: [235, 235, 235, 235, 235, 235, 235, 235, 235, 235, 234, 234, 233, 233, 233, 232, 231, 231, 231, 231, 231, 231, 231, 231, 231, 230, 230, 230, 230, 230, 230, 230, 230, 230, 230, 230, 229, 227, 226, 226, 226, 226, 226, 226, 226, 225, 225, 224, 224, 224]}
244 {0: [27, 27, 27, 27, 27, 27, 27, 27, 27, 27, 27, 27, 27, 27, 27, 27, 27, 27, 27, 27, 27, 27, 27, 27, 27, 27, 27, 27, 27, 27, 27, 27, 27, 27, 27, 27, 27, 27, 27, 27, 27, 27, 27, 27, 27, 27, 27, 27, 27, 27], 1: [235, 235, 235, 235, 234, 234, 234, 234, 234, 234, 234, 232, 232, 232, 231, 230, 230, 230, 230, 230, 230, 229, 229, 229, 229, 229, 229, 229, 229, 227, 227, 227, 227, 227, 227, 227, 227, 227, 227, 227, 227, 227, 227, 226, 224, 224, 224, 224, 224, 224]}
245 {0: [27, 27, 27, 27, 27, 27, 27, 27, 27, 27, 27, 27, 27, 27, 27, 27, 27, 27, 27, 27, 27, 27, 27, 27, 27, 27, 27, 27, 27, 27, 27, 27, 27, 27, 27, 27, 27, 27, 27, 27, 27, 27, 27, 27, 27, 27, 27, 27, 27, 27], 1: [235, 235, 235, 235, 234, 234, 234, 234, 234, 234, 234, 232, 232, 232, 231, 230, 230, 230, 230, 230, 230, 229, 229, 229, 229, 229, 229, 229, 229, 227, 227, 227, 227, 227, 227, 227, 227, 227, 227, 227, 227, 227, 227, 226, 224, 224, 224, 224, 224, 224]}
246 {0: [27, 27, 27, 27, 27, 27, 27, 27, 27, 27, 27, 27, 27, 27, 27, 27, 27, 27, 27, 27, 27, 27, 27, 27, 27, 27, 27, 27, 27, 27, 27, 27, 27, 27, 27, 27, 27, 27, 27, 27, 27, 27, 27, 27, 27, 27, 27, 27, 27, 27], 1: [235, 235, 235, 235, 235, 235, 235, 235, 235, 235, 235, 235, 235, 235, 234, 234, 232, 232, 232, 232, 232, 232, 232, 231, 231, 230, 230, 230, 230, 230, 230, 230, 230, 230, 230, 230, 229, 229, 228, 228, 228, 228, 226, 226, 226, 225, 224, 224, 223, 223]}
247 {0: [27, 27, 27, 27, 27, 27, 27, 27, 27, 27, 27, 27, 27, 27, 27, 27, 27, 27, 27, 27, 27, 27, 27, 27, 27, 27, 27, 27, 27, 27, 27, 27, 27, 27, 27, 27, 27, 27, 27, 27, 27, 27, 27, 27, 27, 27, 27, 27, 27, 27], 1: [235, 235, 235, 235, 235, 233, 232, 232, 232, 232, 232, 232, 231, 231, 231, 231, 231, 231, 231, 230, 230, 230, 230, 230, 230, 230, 230, 229, 229, 227, 226, 224, 223, 223, 223, 223, 223, 223, 223, 222, 222, 221, 221, 219, 218, 218, 218, 218, 218, 218]}
248 {0: [27, 27, 27, 27, 27, 27, 27, 27, 27, 27, 27, 27, 27, 27, 27, 27, 27, 27, 27, 27, 27, 27, 27, 27, 27, 27, 27, 27, 27, 27, 27, 27, 27, 27, 27, 27, 27, 27, 27, 27, 27, 27, 27, 27, 27, 27, 27, 27, 27, 27], 1: [235, 235, 235, 235, 235, 235, 235, 235, 235, 235, 235, 235, 235, 235, 234, 234, 232, 232, 232, 232, 232, 232, 232, 231, 231, 230, 230, 230, 230, 230, 230, 230, 230, 230, 230, 230, 229, 229, 228, 228, 228, 228, 226, 226, 226, 225, 224, 224, 223, 223]}
249 {0: [27, 27, 27, 27, 27, 27, 27, 27, 27, 27, 27, 27, 27, 27, 27, 27, 27, 27, 27, 27, 27, 27, 27, 27, 27, 27, 27, 27, 27, 27, 27, 27, 27, 27, 27, 27, 27, 27, 27, 27, 27, 27, 27, 27, 27, 27, 27, 27, 27, 27], 1: [235, 235, 235, 235, 235, 235, 235, 235, 235, 235, 235, 235, 235, 235, 234, 234, 232, 232, 232, 232, 232, 232, 232, 231, 231, 230, 230, 230, 230, 230, 230, 230, 230, 230, 230, 230, 229, 229, 228, 228, 228, 228, 226, 226, 226, 225, 224, 224, 223, 223]}
250 {0: [27, 27, 27, 27, 27, 27, 27, 27, 27, 27, 27, 27, 27, 27, 27, 27, 27, 27, 27, 27, 27, 27, 27, 27, 27, 27, 27, 27, 27, 27, 27, 27, 27, 27, 27, 27, 27, 27, 27, 27, 27, 27, 27, 27, 27, 27, 27, 27, 27, 27], 1: [235, 235, 235, 235, 235, 233, 232, 232, 232, 232, 232, 232, 231, 231, 231, 231, 231, 231, 231, 230, 230, 230, 230, 230, 230, 230, 230, 229, 229, 227, 226, 224, 223, 223, 223, 223, 223, 223, 223, 222, 222, 221, 221, 219, 218, 218, 218, 218, 218, 218]}
251 {0: [27, 27, 27, 27, 27, 27, 27, 27, 27, 27, 27, 27, 27, 27, 27, 27, 27, 27, 27, 27, 27, 27, 27, 27, 27, 27, 27, 27, 27, 27, 27, 27, 27, 27, 27, 27, 27, 27, 27, 27, 27, 27, 27, 27, 27, 27, 27, 27, 27, 27], 1: [235, 235, 235, 235, 235, 233, 232, 232, 232, 232, 232, 232, 231, 231, 231, 231, 231, 231, 231, 230, 230, 230, 230, 230, 230, 230, 230, 229, 229, 227, 226, 224, 223, 223, 223, 223, 223, 223, 223, 222, 222, 221, 221, 219, 218, 218, 218, 218, 218, 218]}
252 {0: [27, 27, 27, 27, 27, 27, 27, 27, 27, 27, 27, 27, 27, 27, 27, 27, 27, 27, 27, 27, 27, 27, 27, 27, 27, 27, 27, 27, 27, 27, 27, 27, 27, 27, 27, 27, 27, 27, 27, 27, 27, 27, 27, 27, 27, 27, 27, 27, 27, 27], 1: [235, 235, 235, 235, 235, 235, 235, 235, 235, 235, 235, 234, 234, 234, 234, 234, 234, 234, 234, 234, 233, 232, 232, 232, 232, 232, 231, 231, 231, 230, 230, 230, 229, 229, 229, 228, 227, 226, 226, 226, 225, 225, 225, 225, 225, 225, 225, 225, 225, 225]}
253 {0: [27, 27, 27, 27, 27, 27, 27, 27, 27, 27, 27, 27, 27, 27, 27, 27, 27, 27, 27, 27, 27, 27, 27, 27, 27, 27, 27, 27, 27, 27, 27, 27, 27, 27, 27, 27, 27, 27, 27, 27, 27, 27, 27, 27, 27, 27, 27, 27, 27, 27], 1: [235, 235, 235, 234, 234, 234, 234, 234, 234, 234, 234, 234, 234, 234, 234, 234, 234, 234, 234, 234, 234, 233, 233, 233, 232, 232, 232, 230, 229, 228, 228, 228, 226, 226, 225, 224, 223, 222, 222, 222, 221, 221, 221, 221, 221, 221, 221, 220, 220, 220]}
254 {0: [27, 27, 27, 27, 27, 27, 27, 27, 27, 27, 27, 27, 27, 27, 27, 27, 27, 27, 27, 27, 27, 27, 27, 27, 27, 27, 27, 27, 27, 27, 27, 27, 27, 27, 27, 27, 27, 27, 27, 27, 27, 27, 27, 27, 27, 27, 27, 27, 27, 27], 1: [235, 235, 235, 235, 235, 235, 235, 235, 235, 235, 235, 234, 234, 234, 234, 234, 234, 234, 234, 234, 233, 232, 232, 232, 232, 232, 231, 231, 231, 230, 230, 230, 229, 229, 229, 228, 227, 226, 226, 226, 225, 225, 225, 225, 225, 225, 225, 225, 225, 225]}
255 {0: [27, 27, 27, 27, 27, 27, 27, 27, 27, 27, 27, 27, 27, 27, 27, 27, 27, 27, 27, 27, 27, 27, 27, 27, 27, 27, 27, 27, 27, 27, 27, 27, 27, 27, 27, 27, 27, 27, 27, 27, 27, 27, 27, 27, 27, 27, 27, 27, 27, 27], 1: [235, 235, 235, 235, 235, 235, 235, 235, 235, 235, 235, 234, 234, 234, 234, 234, 234, 234, 234, 234, 233, 232, 232, 232, 232, 232, 231, 231, 231, 230, 230, 230, 229, 229, 229, 228, 227, 226, 226, 226, 225, 225, 225, 225, 225, 225, 225, 225, 225, 225]}
256 {0: [27, 27, 27, 27, 27, 27, 27, 27, 27, 27, 27, 27, 27, 27, 27, 27, 27, 27, 27, 27, 27, 27, 27, 27, 27, 27, 27, 27, 27, 27, 27, 27, 27, 27, 27, 27, 27, 27, 27, 27, 27, 27, 27, 27, 27, 27, 27, 27, 27, 27], 1: [235, 235, 235, 234, 234, 234, 234, 234, 234, 234, 234, 234, 234, 234, 234, 234, 234, 234, 234, 234, 234, 233, 233, 233, 232, 232, 232, 230, 229, 228, 228, 228, 226, 226, 225, 224, 223, 222, 222, 222, 221, 221, 221, 221, 221, 221, 221, 220, 220, 220]}
257 {0: [27, 27, 27, 27, 27, 27, 27, 27, 27, 27, 27, 27, 27, 27, 27, 27, 27, 27, 27, 27, 27, 27, 27, 27, 27, 27, 27, 27, 27, 27, 27, 27, 27, 27, 27, 27, 27, 27, 27, 27, 27, 27, 27, 27, 27, 27, 27, 27, 27, 27], 1: [235, 235, 235, 234, 234, 234, 234, 234, 234, 234, 234, 234, 234, 234, 234, 234, 234, 234, 234, 234, 234, 233, 233, 233, 232, 232, 232, 230, 229, 228, 228, 228, 226, 226, 225, 224, 223, 222, 222, 222, 221, 221, 221, 221, 221, 221, 221, 220, 220, 220]}
258 {0: [27, 27, 27, 27, 27, 27, 27, 27, 27, 27, 27, 27, 27, 27, 27, 27, 27, 27, 27, 27, 27, 27, 27, 27, 27, 27, 27, 27, 27, 27, 27, 27, 27, 27, 27, 27, 27, 27, 27, 27, 27, 27, 27, 27, 27, 27, 27, 27, 27, 27], 1: [235, 235, 235, 235, 235, 235, 235, 234, 233, 233, 233, 233, 233, 233, 233, 233, 233, 233, 232, 232, 230, 230, 230, 230, 230, 230, 230, 230, 230, 230, 230, 230, 230, 230, 230, 229, 229, 229, 229, 229, 229, 229, 229, 228, 228, 228, 227, 227, 227, 226]}
259 {0: [27, 27, 27, 27, 27, 27, 27, 27, 27, 27, 27, 27, 27, 27, 27, 27, 27, 27, 27, 27, 27, 27, 27, 27, 27, 27, 27, 27, 27, 27, 27, 27, 27, 27, 27, 27, 27, 27, 27, 27, 27, 27, 27, 27, 27, 27, 27, 27, 27, 27], 1: [235, 235, 235, 235, 235, 235, 234, 234, 233, 233, 233, 233, 233, 233, 233, 233, 233, 233, 233, 233, 233, 232, 232, 232, 232, 231, 231, 231, 231, 230, 229, 229, 228, 226, 226, 226, 224, 224, 223, 223, 223, 223, 223, 223, 222, 222, 222, 222, 222, 222]}
260 {0: [27, 27, 27, 27, 27, 27, 27, 27, 27, 27, 27, 27, 27, 27, 27, 27, 27, 27, 27, 27, 27, 27, 27, 27, 27, 27, 27, 27, 27, 27, 27, 27, 27, 27, 27, 27, 27, 27, 27, 27, 27, 27, 27, 27, 27, 27, 27, 27, 27, 27], 1: [235, 235, 235, 235, 235, 235, 235, 234, 233, 233, 233, 233, 233, 233, 233, 233, 233, 233, 232, 232, 230, 230, 230, 230, 230, 230, 230, 230, 230, 230, 230, 230, 230, 230, 230, 229, 229, 229, 229, 229, 229, 229, 229, 228, 228, 228, 227, 227, 227, 226]}
261 {0: [27, 27, 27, 27, 27, 27, 27, 27, 27, 27, 27, 27, 27, 27, 27, 27, 27, 27, 27, 27, 27, 27, 27, 27, 27, 27, 27, 27, 27, 27, 27, 27, 27, 27, 27, 27, 27, 27, 27, 27, 27, 27, 27, 27, 27, 27, 27, 27, 27, 27], 1: [235, 235, 235, 235, 235, 235, 235, 234, 233, 233, 233, 233, 233, 233, 233, 233, 233, 233, 232, 232, 230, 230, 230, 230, 230, 230, 230, 230, 230, 230, 230, 230, 230, 230, 230, 229, 229, 229, 229, 229, 229, 229, 229, 228, 228, 228, 227, 227, 227, 226]}
262 {0: [27, 27, 27, 27, 27, 27, 27, 27, 27, 27, 27, 27, 27, 27, 27, 27, 27, 27, 27, 27, 27, 27, 27, 27, 27, 27, 27, 27, 27, 27, 27, 27, 27, 27, 27, 27, 27, 27, 27, 27, 27, 27, 27, 27, 27, 27, 27, 27, 27, 27], 1: [235, 235, 235, 235, 235, 235, 234, 234, 233, 233, 233, 233, 233, 233, 233, 233, 233, 233, 233, 233, 233, 232, 232, 232, 232, 231, 231, 231, 231, 230, 229, 229, 228, 226, 226, 226, 224, 224, 223, 223, 223, 223, 223, 223, 222, 222, 222, 222, 222, 222]}
263 {0: [27, 27, 27, 27, 27, 27, 27, 27, 27, 27, 27, 27, 27, 27, 27, 27, 27, 27, 27, 27, 27, 27, 27, 27, 27, 27, 27, 27, 27, 27, 27, 27, 27, 27, 27, 27, 27, 27, 27, 27, 27, 27, 27, 27, 27, 27, 27, 27, 27, 27], 1: [235, 235, 235, 235, 235, 235, 234, 234, 233, 233, 233, 233, 233, 233, 233, 233, 233, 233, 233, 233, 233, 232, 232, 232, 232, 231, 231, 231, 231, 230, 229, 229, 228, 226, 226, 226, 224, 224, 223, 223, 223, 223, 223, 223, 222, 222, 222, 222, 222, 222]}
264 {0: [27, 27, 27, 27, 27, 27, 27, 27, 27, 27, 27, 27, 27, 27, 27, 27, 27, 27, 27, 27, 27, 27, 27, 27, 27, 27, 27, 27, 27, 27, 27, 27, 27, 27, 27, 27, 27, 27, 27, 27, 27, 27, 27, 27, 27, 27, 27, 27, 27, 27], 1: [235, 235, 235, 235, 235, 235, 235, 235, 235, 235, 235, 234, 234, 234, 234, 234, 233, 233, 233, 233, 233, 233, 233, 232, 232, 231, 230, 230, 230, 230, 229, 228, 228, 227, 226, 226, 226, 226, 225, 225, 225, 222, 222, 222, 222, 222, 221, 221, 220, 220]}
265 {0: [27, 27, 27, 27, 27, 27, 27, 27, 27, 27, 27, 27, 27, 27, 27, 27, 27, 27, 27, 27, 27, 27, 27, 27, 27, 27, 27, 27, 27, 27, 27, 27, 27, 27, 27, 27, 27, 27, 27, 27, 27, 27, 27, 27, 27, 27, 27, 27, 27, 27], 1: [235, 235, 235, 235, 235, 235, 235, 234, 233, 233, 233, 231, 230, 230, 230, 230, 230, 229, 228, 228, 228, 228, 228, 228, 228, 228, 228, 228, 228, 227, 225, 224, 224, 224, 224, 224, 224, 223, 223, 223, 223, 223, 223, 223, 223, 223, 223, 222, 222, 222]}
266 {0: [27, 27, 27, 27, 27, 27, 27, 27, 27, 27, 27, 27, 27, 27, 27, 27, 27, 27, 27, 27, 27, 27, 27, 27, 27, 27, 27, 27, 27, 27, 27, 27, 27, 27, 27, 27, 27, 27, 27, 27, 27, 27, 27, 27, 27, 27, 27, 27, 27, 27], 1: [235, 235, 235, 235, 235, 235, 235, 235, 235, 235, 235, 234, 234, 234, 234, 234, 233, 233, 233, 233, 233, 233, 233, 232, 232, 231, 230, 230, 230, 230, 229, 228, 228, 227, 226, 226, 226, 226, 225, 225, 225, 222, 222, 222, 222, 222, 221, 221, 220, 220]}
267 {0: [27, 27, 27, 27, 27, 27, 27, 27, 27, 27, 27, 27, 27, 27, 27, 27, 27, 27, 27, 27, 27, 27, 27, 27, 27, 27, 27, 27, 27, 27, 27, 27, 27, 27, 27, 27, 27, 27, 27, 27, 27, 27, 27, 27, 27, 27, 27, 27, 27, 27], 1: [235, 235, 235, 235, 235, 235, 235, 235, 235, 235, 235, 234, 234, 234, 234, 234, 233, 233, 233, 233, 233, 233, 233, 232, 232, 231, 230, 230, 230, 230, 229, 228, 228, 227, 226, 226, 226, 226, 225, 225, 225, 222, 222, 222, 222, 222, 221, 221, 220, 220]}
268 {0: [27, 27, 27, 27, 27, 27, 27, 27, 27, 27, 27, 27, 27, 27, 27, 27, 27, 27, 27, 27, 27, 27, 27, 27, 27, 27, 27, 27, 27, 27, 27, 27, 27, 27, 27, 27, 27, 27, 27, 27, 27, 27, 27, 27, 27, 27, 27, 27, 27, 27], 1: [235, 235, 235, 235, 235, 235, 235, 234, 233, 233, 233, 231, 230, 230, 230, 230, 230, 229, 228, 228, 228, 228, 228, 228, 228, 228, 228, 228, 228, 227, 225, 224, 224, 224, 224, 224, 224, 223, 223, 223, 223, 223, 223, 223, 223, 223, 223, 222, 222, 222]}
269 {0: [27, 27, 27, 27, 27, 27, 27, 27, 27, 27, 27, 27, 27, 27, 27, 27, 27, 27, 27, 27, 27, 27, 27, 27, 27, 27, 27, 27, 27, 27, 27, 27, 27, 27, 27, 27, 27, 27, 27, 27, 27, 27, 27, 27, 27, 27, 27, 27, 27, 27], 1: [235, 235, 235, 235, 235, 235, 235, 234, 233, 233, 233, 231, 230, 230, 230, 230, 230, 229, 228, 228, 228, 228, 228, 228, 228, 228, 228, 228, 228, 227, 225, 224, 224, 224, 224, 224, 224, 223, 223, 223, 223, 223, 223, 223, 223, 223, 223, 222, 222, 222]}
270 {0: [27, 27, 27, 27, 27, 27, 27, 27, 27, 27, 27, 27, 27, 27, 27, 27, 27, 27, 27, 27, 27, 27, 27, 27, 27, 27, 27, 27, 27, 27, 27, 27, 27, 27, 27, 27, 27, 27, 27, 27, 27, 27, 27, 27, 27, 27, 27, 27, 27, 27], 1: [235, 235, 235, 235, 235, 235, 235, 235, 235, 235, 234, 234, 234, 234, 234, 234, 234, 234, 233, 233, 233, 233, 233, 233, 233, 233, 233, 232, 230, 229, 227, 227, 227, 227, 227, 227, 227, 227, 227, 227, 227, 227, 227, 227, 226, 225, 225, 225, 224, 224]}
271 {0: [27, 27, 27, 27, 27, 27, 27, 27, 27, 27, 27, 27, 27, 27, 27, 27, 27, 27, 27, 27, 27, 27, 27, 27, 27, 27, 27, 27, 27, 27, 27, 27, 27, 27, 27, 27, 27, 27, 27, 27, 27, 27, 27, 27, 27, 27, 27, 27, 27, 27], 1: [235, 235, 235, 235, 235, 235, 235, 235, 235, 235, 235, 235, 235, 235, 235, 235, 235, 235, 233, 233, 233, 233, 233, 233, 232, 231, 231, 231, 231, 230, 230, 227, 227, 227, 227, 226, 226, 226, 225, 225, 225, 225, 224, 224, 224, 224, 223, 223, 222, 221]}
272 {0: [27, 27, 27, 27, 27, 27, 27, 27, 27, 27, 27, 27, 27, 27, 27, 27, 27, 27, 27, 27, 27, 27, 27, 27, 27, 27, 27, 27, 27, 27, 27, 27, 27, 27, 27, 27, 27, 27, 27, 27, 27, 27, 27, 27, 27, 27, 27, 27, 27, 27], 1: [235, 235, 235, 235, 235, 235, 235, 235, 235, 235, 234, 234, 234, 234, 234, 234, 234, 234, 233, 233, 233, 233, 233, 233, 233, 233, 233, 232, 230, 229, 227, 227, 227, 227, 227, 227, 227, 227, 227, 227, 227, 227, 227, 227, 226, 225, 225, 225, 224, 224]}
273 {0: [27, 27, 27, 27, 27, 27, 27, 27, 27, 27, 27, 27, 27, 27, 27, 27, 27, 27, 27, 27, 27, 27, 27, 27, 27, 27, 27, 27, 27, 27, 27, 27, 27, 27, 27, 27, 27, 27, 27, 27, 27, 27, 27, 27, 27, 27, 27, 27, 27, 27], 1: [235, 235, 235, 235, 235, 235, 235, 235, 235, 235, 234, 234, 234, 234, 234, 234, 234, 234, 233, 233, 233, 233, 233, 233, 233, 233, 233, 232, 230, 229, 227, 227, 227, 227, 227, 227, 227, 227, 227, 227, 227, 227, 227, 227, 226, 225, 225, 225, 224, 224]}
274 {0: [27, 27, 27, 27, 27, 27, 27, 27, 27, 27, 27, 27, 27, 27, 27, 27, 27, 27, 27, 27, 27, 27, 27, 27, 27, 27, 27, 27, 27, 27, 27, 27, 27, 27, 27, 27, 27, 27, 27, 27, 27, 27, 27, 27, 27, 27, 27, 27, 27, 27], 1: [235, 235, 235, 235, 235, 235, 235, 235, 235, 235, 235, 235, 235, 235, 235, 235, 235, 235, 233, 233, 233, 233, 233, 233, 232, 231, 231, 231, 231, 230, 230, 227, 227, 227, 227, 226, 226, 226, 225, 225, 225, 225, 224, 224, 224, 224, 223, 223, 222, 221]}
275 {0: [27, 27, 27, 27, 27, 27, 27, 27, 27, 27, 27, 27, 27, 27, 27, 27, 27, 27, 27, 27, 27, 27, 27, 27, 27, 27, 27, 27, 27, 27, 27, 27, 27, 27, 27, 27, 27, 27, 27, 27, 27, 27, 27, 27, 27, 27, 27, 27, 27, 27], 1: [235, 235, 235, 235, 235, 235, 235, 235, 235, 235, 235, 235, 235, 235, 235, 235, 235, 235, 233, 233, 233, 233, 233, 233, 232, 231, 231, 231, 231, 230, 230, 227, 227, 227, 227, 226, 226, 226, 225, 225, 225, 225, 224, 224, 224, 224, 223, 223, 222, 221]}
276 {0: [27, 27, 27, 27, 27, 27, 27, 27, 27, 27, 27, 27, 27, 27, 27, 27, 27, 27, 27, 27, 27, 27, 27, 27, 27, 27, 27, 27, 27, 27, 27, 27, 27, 27, 27, 27, 27, 27, 27, 27, 27, 27, 27, 27, 27, 27, 27, 27, 27, 27], 1: [235, 235, 235, 235, 235, 235, 235, 234, 233, 233, 233, 232, 232, 230, 230, 230, 230, 230, 230, 230, 230, 230, 230, 230, 230, 230, 230, 230, 230, 230, 230, 230, 230, 230, 230, 230, 230, 230, 230, 230, 230, 230, 230, 230, 230, 229, 229, 228, 228, 228]}
277 {0: [27, 27, 27, 27, 27, 27, 27, 27, 27, 27, 27, 27, 27, 27, 27, 27, 27, 27, 27, 27, 27, 27, 27, 27, 27, 27, 27, 27, 27, 27, 27, 27, 27, 27, 27, 27, 27, 27, 27, 27, 27, 27, 27, 27, 27, 27, 27, 27, 27, 27], 1: [235, 235, 235, 235, 235, 235, 235, 235, 235, 235, 235, 235, 235, 235, 235, 235, 235, 235, 235, 234, 233, 233, 233, 233, 233, 232, 232, 231, 231, 231, 231, 231, 231, 231, 230, 230, 228, 228, 228, 228, 228, 228, 228, 228, 227, 226, 226, 226, 225, 225]}
278 {0: [27, 27, 27, 27, 27, 27, 27, 27, 27, 27, 27, 27, 27, 27, 27, 27, 27, 27, 27, 27, 27, 27, 27, 27, 27, 27, 27, 27, 27, 27, 27, 27, 27, 27, 27, 27, 27, 27, 27, 27, 27, 27, 27, 27, 27, 27, 27, 27, 27, 27], 1: [235, 235, 235, 235, 235, 235, 235, 234, 233, 233, 233, 232, 232, 230, 230, 230, 230, 230, 230, 230, 230, 230, 230, 230, 230, 230, 230, 230, 230, 230, 230, 230, 230, 230, 230, 230, 230, 230, 230, 230, 230, 230, 230, 230, 230, 229, 229, 228, 228, 228]}
279 {0: [27, 27, 27, 27, 27, 27, 27, 27, 27, 27, 27, 27, 27, 27, 27, 27, 27, 27, 27, 27, 27, 27, 27, 27, 27, 27, 27, 27, 27, 27, 27, 27, 27, 27, 27, 27, 27, 27, 27, 27, 27, 27, 27, 27, 27, 27, 27, 27, 27, 27], 1: [235, 235, 235, 235, 235, 235, 235, 234, 233, 233, 233, 232, 232, 230, 230, 230, 230, 230, 230, 230, 230, 230, 230, 230, 230, 230, 230, 230, 230, 230, 230, 230, 230, 230, 230, 230, 230, 230, 230, 230, 230, 230, 230, 230, 230, 229, 229, 228, 228, 228]}
280 {0: [27, 27, 27, 27, 27, 27, 27, 27, 27, 27, 27, 27, 27, 27, 27, 27, 27, 27, 27, 27, 27, 27, 27, 27, 27, 27, 27, 27, 27, 27, 27, 27, 27, 27, 27, 27, 27, 27, 27, 27, 27, 27, 27, 27, 27, 27, 27, 27, 27, 27], 1: [235, 235, 235, 235, 235, 235, 235, 235, 235, 235, 235, 235, 235, 235, 235, 235, 235, 235, 235, 234, 233, 233, 233, 233, 233, 232, 232, 231, 231, 231, 231, 231, 231, 231, 230, 230, 228, 228, 228, 228, 228, 228, 228, 228, 227, 226, 226, 226, 225, 225]}
281 {0: [27, 27, 27, 27, 27, 27, 27, 27, 27, 27, 27, 27, 27, 27, 27, 27, 27, 27, 27, 27, 27, 27, 27, 27, 27, 27, 27, 27, 27, 27, 27, 27, 27, 27, 27, 27, 27, 27, 27, 27, 27, 27, 27, 27, 27, 27, 27, 27, 27, 27], 1: [235, 235, 235, 235, 235, 235, 235, 235, 235, 235, 235, 235, 235, 235, 235, 235, 235, 235, 235, 234, 233, 233, 233, 233, 233, 232, 232, 231, 231, 231, 231, 231, 231, 231, 230, 230, 228, 228, 228, 228, 228, 228, 228, 228, 227, 226, 226, 226, 225, 225]}
282 {0: [27, 27, 27, 27, 27, 27, 27, 27, 27, 27, 27, 27, 27, 27, 27, 27, 27, 27, 27, 27, 27, 27, 27, 27, 27, 27, 27, 27, 27, 27, 27, 27, 27, 27, 27, 27, 27, 27, 27, 27, 27, 27, 27, 27, 27, 27, 27, 27, 27, 27], 1: [235, 235, 235, 235, 235, 235, 235, 234, 233, 232, 232, 231, 231, 231, 231, 230, 230, 229, 229, 229, 229, 229, 229, 229, 228, 228, 227, 227, 227, 227, 227, 227, 226, 226, 226, 226, 226, 226, 226, 226, 226, 226, 226, 226, 225, 224, 224, 224, 224, 224]}
283 {0: [27, 27, 27, 27, 27, 26, 26, 26, 26, 26, 26, 26, 26, 26, 26, 26, 26, 26, 26, 26, 26, 26, 26, 26, 26, 26, 26, 26, 26, 26, 26, 26, 26, 26, 26, 26, 26, 26, 26, 26, 26, 26, 26, 26, 26, 26, 26, 26, 26, 26], 1: [235, 235, 235, 235, 235, 236, 236, 236, 236, 235, 235, 235, 234, 234, 234, 234, 234, 233, 233, 233, 233, 233, 233, 233, 233, 233, 233, 233, 233, 233, 233, 232, 232, 232, 232, 232, 231, 231, 231, 231, 231, 231, 229, 229, 229, 229, 229, 228, 228, 228]}
284 {0: [27, 27, 27, 27, 27, 27, 27, 27, 27, 27, 27, 27, 27, 27, 27, 27, 27, 27, 27, 27, 27, 27, 27, 27, 27, 27, 27, 27, 27, 27, 27, 27, 27, 27, 27, 27, 27, 27, 27, 27, 27, 27, 27, 27, 27, 27, 27, 27, 27, 27], 1: [235, 235, 235, 235, 235, 235, 235, 234, 233, 232, 232, 231, 231, 231, 231, 230, 230, 229, 229, 229, 229, 229, 229, 229, 228, 228, 227, 227, 227, 227, 227, 227, 226, 226, 226, 226, 226, 226, 226, 226, 226, 226, 226, 226, 225, 224, 224, 224, 224, 224]}
285 {0: [27, 27, 27, 27, 27, 27, 27, 27, 27, 27, 27, 27, 27, 27, 27, 27, 27, 27, 27, 27, 27, 27, 27, 27, 27, 27, 27, 27, 27, 27, 27, 27, 27, 27, 27, 27, 27, 27, 27, 27, 27, 27, 27, 27, 27, 27, 27, 27, 27, 27], 1: [235, 235, 235, 235, 235, 235, 235, 234, 233, 232, 232, 231, 231, 231, 231, 230, 230, 229, 229, 229, 229, 229, 229, 229, 228, 228, 227, 227, 227, 227, 227, 227, 226, 226, 226, 226, 226, 226, 226, 226, 226, 226, 226, 226, 225, 224, 224, 224, 224, 224]}
286 {0: [27, 27, 27, 27, 27, 26, 26, 26, 26, 26, 26, 26, 26, 26, 26, 26, 26, 26, 26, 26, 26, 26, 26, 26, 26, 26, 26, 26, 26, 26, 26, 26, 26, 26, 26, 26, 26, 26, 26, 26, 26, 26, 26, 26, 26, 26, 26, 26, 26, 26], 1: [235, 235, 235, 235, 235, 236, 236, 236, 236, 235, 235, 235, 234, 234, 234, 234, 234, 233, 233, 233, 233, 233, 233, 233, 233, 233, 233, 233, 233, 233, 233, 232, 232, 232, 232, 232, 231, 231, 231, 231, 231, 231, 229, 229, 229, 229, 229, 228, 228, 228]}
287 {0: [27, 27, 27, 27, 27, 26, 26, 26, 26, 26, 26, 26, 26, 26, 26, 26, 26, 26, 26, 26, 26, 26, 26, 26, 26, 26, 26, 26, 26, 26, 26, 26, 26, 26, 26, 26, 26, 26, 26, 26, 26, 26, 26, 26, 26, 26, 26, 26, 26, 26], 1: [235, 235, 235, 235, 235, 236, 236, 236, 236, 235, 235, 235, 234, 234, 234, 234, 234, 233, 233, 233, 233, 233, 233, 233, 233, 233, 233, 233, 233, 233, 233, 232, 232, 232, 232, 232, 231, 231, 231, 231, 231, 231, 229, 229, 229, 229, 229, 228, 228, 228]}
288 {0: [27, 27, 27, 27, 27, 27, 27, 27, 27, 27, 27, 27, 27, 27, 27, 27, 27, 27, 27, 27, 27, 27, 27, 27, 27, 27, 27, 27, 27, 27, 27, 27, 27, 27, 27, 27, 27, 27, 27, 27, 27, 27, 27, 27, 27, 27, 27, 27, 27, 27], 1: [235, 235, 235, 235, 235, 235, 235, 235, 234, 234, 234, 233, 233, 233, 233, 233, 233, 233, 233, 233, 233, 233, 233, 233, 233, 233, 232, 232, 230, 230, 230, 229, 229, 227, 227, 226, 226, 226, 226, 226, 226, 224, 224, 223, 223, 223, 222, 221, 221, 220]}
289 {0: [27, 27, 27, 27, 27, 27, 27, 27, 27, 27, 27, 27, 27, 27, 27, 27, 27, 27, 27, 27, 27, 27, 27, 27, 27, 27, 27, 27, 27, 27, 27, 27, 27, 27, 27, 27, 27, 27, 27, 27, 27, 27, 27, 27, 27, 27, 27, 27, 27, 27], 1: [235, 235, 235, 235, 235, 234, 234, 234, 234, 233, 232, 231, 231, 231, 231, 230, 230, 230, 228, 228, 228, 228, 228, 227, 225, 225, 225, 225, 224, 224, 223, 222, 221, 221, 220, 220, 220, 220, 220, 219, 219, 218, 217, 217, 215, 215, 215, 214, 214, 214]}
290 {0: [27, 27, 27, 27, 27, 27, 27, 27, 27, 27, 27, 27, 27, 27, 27, 27, 27, 27, 27, 27, 27, 27, 27, 27, 27, 27, 27, 27, 27, 27, 27, 27, 27, 27, 27, 27, 27, 27, 27, 27, 27, 27, 27, 27, 27, 27, 27, 27, 27, 27], 1: [235, 235, 235, 235, 235, 235, 235, 235, 234, 234, 234, 233, 233, 233, 233, 233, 233, 233, 233, 233, 233, 233, 233, 233, 233, 233, 232, 232, 230, 230, 230, 229, 229, 227, 227, 226, 226, 226, 226, 226, 226, 224, 224, 223, 223, 223, 222, 221, 221, 220]}
291 {0: [27, 27, 27, 27, 27, 27, 27, 27, 27, 27, 27, 27, 27, 27, 27, 27, 27, 27, 27, 27, 27, 27, 27, 27, 27, 27, 27, 27, 27, 27, 27, 27, 27, 27, 27, 27, 27, 27, 27, 27, 27, 27, 27, 27, 27, 27, 27, 27, 27, 27], 1: [235, 235, 235, 235, 235, 235, 235, 235, 234, 234, 234, 233, 233, 233, 233, 233, 233, 233, 233, 233, 233, 233, 233, 233, 233, 233, 232, 232, 230, 230, 230, 229, 229, 227, 227, 226, 226, 226, 226, 226, 226, 224, 224, 223, 223, 223, 222, 221, 221, 220]}
292 {0: [27, 27, 27, 27, 27, 27, 27, 27, 27, 27, 27, 27, 27, 27, 27, 27, 27, 27, 27, 27, 27, 27, 27, 27, 27, 27, 27, 27, 27, 27, 27, 27, 27, 27, 27, 27, 27, 27, 27, 27, 27, 27, 27, 27, 27, 27, 27, 27, 27, 27], 1: [235, 235, 235, 235, 235, 234, 234, 234, 234, 233, 232, 231, 231, 231, 231, 230, 230, 230, 228, 228, 228, 228, 228, 227, 225, 225, 225, 225, 224, 224, 223, 222, 221, 221, 220, 220, 220, 220, 220, 219, 219, 218, 217, 217, 215, 215, 215, 214, 214, 214]}
293 {0: [27, 27, 27, 27, 27, 27, 27, 27, 27, 27, 27, 27, 27, 27, 27, 27, 27, 27, 27, 27, 27, 27, 27, 27, 27, 27, 27, 27, 27, 27, 27, 27, 27, 27, 27, 27, 27, 27, 27, 27, 27, 27, 27, 27, 27, 27, 27, 27, 27, 27], 1: [235, 235, 235, 235, 235, 234, 234, 234, 234, 233, 232, 231, 231, 231, 231, 230, 230, 230, 228, 228, 228, 228, 228, 227, 225, 225, 225, 225, 224, 224, 223, 222, 221, 221, 220, 220, 220, 220, 220, 219, 219, 218, 217, 217, 215, 215, 215, 214, 214, 214]}
294 {0: [27, 27, 27, 27, 27, 27, 27, 27, 27, 27, 27, 27, 27, 27, 27, 27, 27, 27, 27, 27, 27, 27, 27, 27, 27, 27, 27, 27, 27, 27, 27, 27, 27, 27, 27, 27, 27, 27, 27, 27, 27, 27, 27, 27, 27, 27, 27, 27, 27, 27], 1: [235, 235, 235, 234, 234, 234, 234, 234, 234, 234, 234, 234, 234, 234, 234, 234, 234, 234, 234, 234, 234, 233, 233, 233, 232, 232, 231, 231, 231, 230, 230, 230, 229, 229, 229, 229, 228, 228, 228, 228, 228, 228, 228, 228, 227, 227, 227, 227, 227, 227]}
295 {0: [27, 27, 27, 27, 27, 27, 27, 27, 27, 27, 27, 27, 27, 27, 27, 27, 27, 27, 27, 27, 27, 27, 27, 27, 27, 27, 27, 27, 27, 27, 27, 27, 27, 27, 27, 27, 27, 27, 27, 27, 27, 27, 27, 27, 27, 27, 27, 27, 27, 27], 1: [235, 235, 235, 235, 235, 235, 235, 235, 235, 235, 234, 234, 233, 233, 233, 232, 232, 232, 232, 232, 231, 230, 230, 230, 229, 229, 229, 229, 229, 227, 227, 227, 227, 227, 227, 226, 224, 224, 224, 224, 223, 223, 222, 222, 222, 222, 222, 222, 222, 222]}
296 {0: [27, 27, 27, 27, 27, 27, 27, 27, 27, 27, 27, 27, 27, 27, 27, 27, 27, 27, 27, 27, 27, 27, 27, 27, 27, 27, 27, 27, 27, 27, 27, 27, 27, 27, 27, 27, 27, 27, 27, 27, 27, 27, 27, 27, 27, 27, 27, 27, 27, 27], 1: [235, 235, 235, 234, 234, 234, 234, 234, 234, 234, 234, 234, 234, 234, 234, 234, 234, 234, 234, 234, 234, 233, 233, 233, 232, 232, 231, 231, 231, 230, 230, 230, 229, 229, 229, 229, 228, 228, 228, 228, 228, 228, 228, 228, 227, 227, 227, 227, 227, 227]}
297 {0: [27, 27, 27, 27, 27, 27, 27, 27, 27, 27, 27, 27, 27, 27, 27, 27, 27, 27, 27, 27, 27, 27, 27, 27, 27, 27, 27, 27, 27, 27, 27, 27, 27, 27, 27, 27, 27, 27, 27, 27, 27, 27, 27, 27, 27, 27, 27, 27, 27, 27], 1: [235, 235, 235, 234, 234, 234, 234, 234, 234, 234, 234, 234, 234, 234, 234, 234, 234, 234, 234, 234, 234, 233, 233, 233, 232, 232, 231, 231, 231, 230, 230, 230, 229, 229, 229, 229, 228, 228, 228, 228, 228, 228, 228, 228, 227, 227, 227, 227, 227, 227]}
298 {0: [27, 27, 27, 27, 27, 27, 27, 27, 27, 27, 27, 27, 27, 27, 27, 27, 27, 27, 27, 27, 27, 27, 27, 27, 27, 27, 27, 27, 27, 27, 27, 27, 27, 27, 27, 27, 27, 27, 27, 27, 27, 27, 27, 27, 27, 27, 27, 27, 27, 27], 1: [235, 235, 235, 235, 235, 235, 235, 235, 235, 235, 234, 234, 233, 233, 233, 232, 232, 232, 232, 232, 231, 230, 230, 230, 229, 229, 229, 229, 229, 227, 227, 227, 227, 227, 227, 226, 224, 224, 224, 224, 223, 223, 222, 222, 222, 222, 222, 222, 222, 222]}
299 {0: [27, 27, 27, 27, 27, 27, 27, 27, 27, 27, 27, 27, 27, 27, 27, 27, 27, 27, 27, 27, 27, 27, 27, 27, 27, 27, 27, 27, 27, 27, 27, 27, 27, 27, 27, 27, 27, 27, 27, 27, 27, 27, 27, 27, 27, 27, 27, 27, 27, 27], 1: [235, 235, 235, 235, 235, 235, 235, 235, 235, 235, 234, 234, 233, 233, 233, 232, 232, 232, 232, 232, 231, 230, 230, 230, 229, 229, 229, 229, 229, 227, 227, 227, 227, 227, 227, 226, 224, 224, 224, 224, 223, 223, 222, 222, 222, 222, 222, 222, 222, 222]}
300 {0: [27, 27, 27, 27, 27, 27, 27, 27, 27, 27, 27, 27, 27, 27, 27, 27, 27, 27, 27, 27, 27, 27, 27, 27, 27, 27, 27, 27, 27, 27, 27, 27, 27, 27, 27, 27, 27, 27, 27, 27, 27, 27, 27, 27, 27, 27, 27, 27, 27, 27], 1: [235, 235, 235, 235, 235, 235, 235, 235, 234, 234, 233, 233, 233, 233, 233, 233, 232, 232, 231, 231, 231, 231, 231, 231, 231, 231, 231, 230, 229, 229, 228, 228, 227, 226, 226, 226, 226, 225, 225, 225, 225, 225, 225, 225, 224, 224, 224, 223, 223, 223]}
301 {0: [27, 27, 27, 27, 27, 27, 27, 27, 27, 27, 27, 27, 27, 27, 27, 27, 27, 27, 27, 27, 27, 27, 27, 27, 27, 27, 27, 27, 27, 27, 27, 27, 27, 27, 27, 27, 27, 27, 27, 27, 27, 27, 27, 27, 27, 27, 27, 27, 27, 27], 1: [235, 235, 235, 235, 235, 234, 234, 233, 233, 233, 232, 232, 232, 232, 232, 232, 232, 232, 231, 231, 231, 231, 231, 231, 230, 230, 230, 229, 229, 229, 229, 228, 228, 228, 228, 228, 228, 227, 226, 225, 225, 225, 224, 223, 223, 222, 222, 222, 222, 221]}
302 {0: [27, 27, 27, 27, 27, 27, 27, 27, 27, 27, 27, 27, 27, 27, 27, 27, 27, 27, 27, 27, 27, 27, 27, 27, 27, 27, 27, 27, 27, 27, 27, 27, 27, 27, 27, 27, 27, 27, 27, 27, 27, 27, 27, 27, 27, 27, 27, 27, 27, 27], 1: [235, 235, 235, 235, 235, 235, 235, 235, 234, 234, 233, 233, 233, 233, 233, 233, 232, 232, 231, 231, 231, 231, 231, 231, 231, 231, 231, 230, 229, 229, 228, 228, 227, 226, 226, 226, 226, 225, 225, 225, 225, 225, 225, 225, 224, 224, 224, 223, 223, 223]}
303 {0: [27, 27, 27, 27, 27, 27, 27, 27, 27, 27, 27, 27, 27, 27, 27, 27, 27, 27, 27, 27, 27, 27, 27, 27, 27, 27, 27, 27, 27, 27, 27, 27, 27, 27, 27, 27, 27, 27, 27, 27, 27, 27, 27, 27, 27, 27, 27, 27, 27, 27], 1: [235, 235, 235, 235, 235, 235, 235, 235, 234, 234, 233, 233, 233, 233, 233, 233, 232, 232, 231, 231, 231, 231, 231, 231, 231, 231, 231, 230, 229, 229, 228, 228, 227, 226, 226, 226, 226, 225, 225, 225, 225, 225, 225, 225, 224, 224, 224, 223, 223, 223]}
304 {0: [27, 27, 27, 27, 27, 27, 27, 27, 27, 27, 27, 27, 27, 27, 27, 27, 27, 27, 27, 27, 27, 27, 27, 27, 27, 27, 27, 27, 27, 27, 27, 27, 27, 27, 27, 27, 27, 27, 27, 27, 27, 27, 27, 27, 27, 27, 27, 27, 27, 27], 1: [235, 235, 235, 235, 235, 234, 234, 233, 233, 233, 232, 232, 232, 232, 232, 232, 232, 232, 231, 231, 231, 231, 231, 231, 230, 230, 230, 229, 229, 229, 229, 228, 228, 228, 228, 228, 228, 227, 226, 225, 225, 225, 224, 223, 223, 222, 222, 222, 222, 221]}
305 {0: [27, 27, 27, 27, 27, 27, 27, 27, 27, 27, 27, 27, 27, 27, 27, 27, 27, 27, 27, 27, 27, 27, 27, 27, 27, 27, 27, 27, 27, 27, 27, 27, 27, 27, 27, 27, 27, 27, 27, 27, 27, 27, 27, 27, 27, 27, 27, 27, 27, 27], 1: [235, 235, 235, 235, 235, 234, 234, 233, 233, 233, 232, 232, 232, 232, 232, 232, 232, 232, 231, 231, 231, 231, 231, 231, 230, 230, 230, 229, 229, 229, 229, 228, 228, 228, 228, 228, 228, 227, 226, 225, 225, 225, 224, 223, 223, 222, 222, 222, 222, 221]}
306 {0: [27, 27, 27, 27, 27, 27, 27, 27, 27, 27, 27, 27, 27, 27, 27, 27, 27, 27, 27, 27, 27, 27, 27, 27, 27, 27, 27, 27, 27, 27, 27, 27, 27, 27, 27, 27, 27, 27, 27, 27, 27, 27, 27, 27, 27, 27, 27, 27, 27, 27], 1: [235, 235, 235, 235, 235, 234, 233, 233, 233, 233, 233, 233, 233, 233, 232, 232, 232, 232, 232, 232, 232, 231, 231, 231, 231, 231, 229, 229, 229, 228, 228, 225, 225, 224, 222, 222, 221, 221, 221, 221, 221, 221, 220, 220, 220, 220, 220, 220, 219, 219]}
307 {0: [27, 27, 27, 27, 27, 27, 27, 27, 27, 27, 27, 27, 27, 27, 27, 27, 27, 27, 27, 27, 27, 27, 27, 27, 27, 27, 27, 27, 27, 27, 27, 27, 27, 27, 27, 27, 27, 27, 27, 27, 27, 27, 27, 27, 27, 27, 27, 27, 27, 27], 1: [235, 235, 235, 235, 235, 235, 235, 235, 235, 235, 235, 234, 234, 234, 232, 232, 232, 232, 232, 232, 232, 232, 232, 232, 232, 232, 232, 232, 231, 230, 229, 229, 228, 227, 225, 225, 225, 224, 224, 224, 224, 224, 223, 223, 223, 223, 223, 223, 223, 223]}
308 {0: [27, 27, 27, 27, 27, 27, 27, 27, 27, 27, 27, 27, 27, 27, 27, 27, 27, 27, 27, 27, 27, 27, 27, 27, 27, 27, 27, 27, 27, 27, 27, 27, 27, 27, 27, 27, 27, 27, 27, 27, 27, 27, 27, 27, 27, 27, 27, 27, 27, 27], 1: [235, 235, 235, 235, 235, 234, 233, 233, 233, 233, 233, 233, 233, 233, 232, 232, 232, 232, 232, 232, 232, 231, 231, 231, 231, 231, 229, 229, 229, 228, 228, 225, 225, 224, 222, 222, 221, 221, 221, 221, 221, 221, 220, 220, 220, 220, 220, 220, 219, 219]}
309 {0: [27, 27, 27, 27, 27, 27, 27, 27, 27, 27, 27, 27, 27, 27, 27, 27, 27, 27, 27, 27, 27, 27, 27, 27, 27, 27, 27, 27, 27, 27, 27, 27, 27, 27, 27, 27, 27, 27, 27, 27, 27, 27, 27, 27, 27, 27, 27, 27, 27, 27], 1: [235, 235, 235, 235, 235, 234, 233, 233, 233, 233, 233, 233, 233, 233, 232, 232, 232, 232, 232, 232, 232, 231, 231, 231, 231, 231, 229, 229, 229, 228, 228, 225, 225, 224, 222, 222, 221, 221, 221, 221, 221, 221, 220, 220, 220, 220, 220, 220, 219, 219]}
310 {0: [27, 27, 27, 27, 27, 27, 27, 27, 27, 27, 27, 27, 27, 27, 27, 27, 27, 27, 27, 27, 27, 27, 27, 27, 27, 27, 27, 27, 27, 27, 27, 27, 27, 27, 27, 27, 27, 27, 27, 27, 27, 27, 27, 27, 27, 27, 27, 27, 27, 27], 1: [235, 235, 235, 235, 235, 235, 235, 235, 235, 235, 235, 234, 234, 234, 232, 232, 232, 232, 232, 232, 232, 232, 232, 232, 232, 232, 232, 232, 231, 230, 229, 229, 228, 227, 225, 225, 225, 224, 224, 224, 224, 224, 223, 223, 223, 223, 223, 223, 223, 223]}
311 {0: [27, 27, 27, 27, 27, 27, 27, 27, 27, 27, 27, 27, 27, 27, 27, 27, 27, 27, 27, 27, 27, 27, 27, 27, 27, 27, 27, 27, 27, 27, 27, 27, 27, 27, 27, 27, 27, 27, 27, 27, 27, 27, 27, 27, 27, 27, 27, 27, 27, 27], 1: [235, 235, 235, 235, 235, 235, 235, 235, 235, 235, 235, 234, 234, 234, 232, 232, 232, 232, 232, 232, 232, 232, 232, 232, 232, 232, 232, 232, 231, 230, 229, 229, 228, 227, 225, 225, 225, 224, 224, 224, 224, 224, 223, 223, 223, 223, 223, 223, 223, 223]}
312 {0: [27, 27, 27, 27, 27, 27, 27, 27, 27, 27, 27, 27, 27, 27, 27, 27, 27, 27, 27, 27, 27, 27, 27, 27, 27, 27, 27, 27, 27, 27, 27, 27, 27, 27, 27, 27, 27, 27, 27, 27, 27, 27, 27, 27, 27, 27, 27, 27, 27, 27], 1: [235, 235, 234, 234, 234, 234, 234, 234, 234, 234, 234, 234, 234, 234, 233, 233, 233, 233, 233, 233, 232, 232, 232, 231, 231, 231, 231, 231, 231, 231, 231, 231, 231, 230, 230, 230, 229, 228, 227, 227, 227, 227, 227, 227, 227, 227, 227, 227, 226, 226]}
313 {0: [27, 27, 27, 27, 27, 27, 27, 27, 27, 27, 27, 27, 27, 27, 27, 27, 27, 27, 27, 27, 27, 27, 27, 27, 27, 27, 27, 27, 27, 27, 27, 27, 27, 27, 27, 27, 27, 27, 27, 27, 27, 27, 27, 27, 27, 27, 27, 27, 27, 27], 1: [235, 235, 235, 235, 235, 234, 234, 234, 234, 233, 233, 233, 233, 233, 233, 233, 233, 232, 232, 232, 232, 232, 232, 231, 231, 231, 231, 231, 231, 231, 231, 231, 231, 231, 230, 230, 229, 229, 228, 228, 228, 228, 228, 228, 228, 228, 228, 228, 228, 227]}
314 {0: [27, 27, 27, 27, 27, 27, 27, 27, 27, 27, 27, 27, 27, 27, 27, 27, 27, 27, 27, 27, 27, 27, 27, 27, 27, 27, 27, 27, 27, 27, 27, 27, 27, 27, 27, 27, 27, 27, 27, 27, 27, 27, 27, 27, 27, 27, 27, 27, 27, 27], 1: [235, 235, 234, 234, 234, 234, 234, 234, 234, 234, 234, 234, 234, 234, 233, 233, 233, 233, 233, 233, 232, 232, 232, 231, 231, 231, 231, 231, 231, 231, 231, 231, 231, 230, 230, 230, 229, 228, 227, 227, 227, 227, 227, 227, 227, 227, 227, 227, 226, 226]}
315 {0: [27, 27, 27, 27, 27, 27, 27, 27, 27, 27, 27, 27, 27, 27, 27, 27, 27, 27, 27, 27, 27, 27, 27, 27, 27, 27, 27, 27, 27, 27, 27, 27, 27, 27, 27, 27, 27, 27, 27, 27, 27, 27, 27, 27, 27, 27, 27, 27, 27, 27], 1: [235, 235, 234, 234, 234, 234, 234, 234, 234, 234, 234, 234, 234, 234, 233, 233, 233, 233, 233, 233, 232, 232, 232, 231, 231, 231, 231, 231, 231, 231, 231, 231, 231, 230, 230, 230, 229, 228, 227, 227, 227, 227, 227, 227, 227, 227, 227, 227, 226, 226]}
316 {0: [27, 27, 27, 27, 27, 27, 27, 27, 27, 27, 27, 27, 27, 27, 27, 27, 27, 27, 27, 27, 27, 27, 27, 27, 27, 27, 27, 27, 27, 27, 27, 27, 27, 27, 27, 27, 27, 27, 27, 27, 27, 27, 27, 27, 27, 27, 27, 27, 27, 27], 1: [235, 235, 235, 235, 235, 234, 234, 234, 234, 233, 233, 233, 233, 233, 233, 233, 233, 232, 232, 232, 232, 232, 232, 231, 231, 231, 231, 231, 231, 231, 231, 231, 231, 231, 230, 230, 229, 229, 228, 228, 228, 228, 228, 228, 228, 228, 228, 228, 228, 227]}
317 {0: [27, 27, 27, 27, 27, 27, 27, 27, 27, 27, 27, 27, 27, 27, 27, 27, 27, 27, 27, 27, 27, 27, 27, 27, 27, 27, 27, 27, 27, 27, 27, 27, 27, 27, 27, 27, 27, 27, 27, 27, 27, 27, 27, 27, 27, 27, 27, 27, 27, 27], 1: [235, 235, 235, 235, 235, 234, 234, 234, 234, 233, 233, 233, 233, 233, 233, 233, 233, 232, 232, 232, 232, 232, 232, 231, 231, 231, 231, 231, 231, 231, 231, 231, 231, 231, 230, 230, 229, 229, 228, 228, 228, 228, 228, 228, 228, 228, 228, 228, 228, 227]}
318 {0: [27, 27, 27, 27, 27, 27, 27, 27, 27, 27, 27, 27, 27, 27, 27, 27, 27, 27, 27, 27, 27, 27, 27, 27, 27, 27, 27, 27, 27, 27, 27, 27, 27, 27, 27, 27, 27, 27, 27, 27, 27, 27, 27, 27, 27, 27, 27, 27, 27, 27], 1: [235, 235, 235, 235, 235, 235, 235, 235, 235, 235, 235, 235, 235, 234, 234, 234, 233, 233, 233, 233, 233, 232, 232, 232, 231, 231, 231, 231, 231, 231, 229, 229, 229, 229, 229, 229, 229, 229, 229, 229, 229, 228, 228, 228, 228, 227, 226, 226, 226, 226]}
319 {0: [27, 27, 27, 27, 27, 27, 27, 27, 27, 27, 27, 27, 27, 27, 27, 27, 27, 27, 27, 27, 27, 27, 27, 27, 27, 27, 27, 27, 27, 27, 27, 27, 27, 27, 27, 27, 27, 27, 27, 27, 27, 27, 27, 27, 27, 27, 27, 27, 27, 27], 1: [235, 235, 235, 235, 235, 235, 235, 235, 235, 235, 234, 234, 234, 234, 232, 232, 232, 232, 232, 232, 232, 232, 232, 232, 232, 232, 232, 231, 231, 231, 231, 231, 231, 231, 231, 231, 230, 230, 230, 229, 229, 229, 229, 228, 227, 227, 226, 226, 226, 226]}
320 {0: [27, 27, 27, 27, 27, 27, 27, 27, 27, 27, 27, 27, 27, 27, 27, 27, 27, 27, 27, 27, 27, 27, 27, 27, 27, 27, 27, 27, 27, 27, 27, 27, 27, 27, 27, 27, 27, 27, 27, 27, 27, 27, 27, 27, 27, 27, 27, 27, 27, 27], 1: [235, 235, 235, 235, 235, 235, 235, 235, 235, 235, 235, 235, 235, 234, 234, 234, 233, 233, 233, 233, 233, 232, 232, 232, 231, 231, 231, 231, 231, 231, 229, 229, 229, 229, 229, 229, 229, 229, 229, 229, 229, 228, 228, 228, 228, 227, 226, 226, 226, 226]}
321 {0: [27, 27, 27, 27, 27, 27, 27, 27, 27, 27, 27, 27, 27, 27, 27, 27, 27, 27, 27, 27, 27, 27, 27, 27, 27, 27, 27, 27, 27, 27, 27, 27, 27, 27, 27, 27, 27, 27, 27, 27, 27, 27, 27, 27, 27, 27, 27, 27, 27, 27], 1: [235, 235, 235, 235, 235, 235, 235, 235, 235, 235, 235, 235, 235, 234, 234, 234, 233, 233, 233, 233, 233, 232, 232, 232, 231, 231, 231, 231, 231, 231, 229, 229, 229, 229, 229, 229, 229, 229, 229, 229, 229, 228, 228, 228, 228, 227, 226, 226, 226, 226]}
322 {0: [27, 27, 27, 27, 27, 27, 27, 27, 27, 27, 27, 27, 27, 27, 27, 27, 27, 27, 27, 27, 27, 27, 27, 27, 27, 27, 27, 27, 27, 27, 27, 27, 27, 27, 27, 27, 27, 27, 27, 27, 27, 27, 27, 27, 27, 27, 27, 27, 27, 27], 1: [235, 235, 235, 235, 235, 235, 235, 235, 235, 235, 234, 234, 234, 234, 232, 232, 232, 232, 232, 232, 232, 232, 232, 232, 232, 232, 232, 231, 231, 231, 231, 231, 231, 231, 231, 231, 230, 230, 230, 229, 229, 229, 229, 228, 227, 227, 226, 226, 226, 226]}
323 {0: [27, 27, 27, 27, 27, 27, 27, 27, 27, 27, 27, 27, 27, 27, 27, 27, 27, 27, 27, 27, 27, 27, 27, 27, 27, 27, 27, 27, 27, 27, 27, 27, 27, 27, 27, 27, 27, 27, 27, 27, 27, 27, 27, 27, 27, 27, 27, 27, 27, 27], 1: [235, 235, 235, 235, 235, 235, 235, 235, 235, 235, 234, 234, 234, 234, 232, 232, 232, 232, 232, 232, 232, 232, 232, 232, 232, 232, 232, 231, 231, 231, 231, 231, 231, 231, 231, 231, 230, 230, 230, 229, 229, 229, 229, 228, 227, 227, 226, 226, 226, 226]}
324 {0: [27, 27, 27, 27, 27, 27, 27, 27, 27, 27, 27, 27, 27, 27, 27, 27, 27, 27, 27, 27, 27, 27, 27, 27, 27, 27, 27, 27, 27, 27, 27, 27, 27, 27, 27, 27, 27, 27, 27, 27, 27, 27, 27, 27, 27, 27, 27, 27, 27, 27], 1: [235, 235, 235, 235, 235, 235, 235, 235, 235, 234, 234, 234, 234, 234, 234, 234, 234, 234, 234, 234, 234, 234, 234, 233, 233, 233, 232, 232, 232, 232, 232, 231, 231, 231, 231, 231, 231, 229, 229, 229, 229, 229, 229, 229, 228, 228, 228, 228, 228, 228]}
325 {0: [27, 27, 27, 27, 27, 27, 27, 27, 27, 27, 27, 27, 27, 27, 27, 27, 27, 27, 27, 27, 27, 27, 27, 27, 27, 27, 27, 27, 27, 27, 27, 27, 27, 27, 27, 27, 27, 27, 27, 27, 27, 27, 27, 27, 27, 27, 27, 27, 27, 27], 1: [235, 235, 235, 235, 235, 235, 235, 235, 235, 234, 234, 232, 232, 232, 232, 231, 231, 231, 231, 231, 231, 231, 231, 231, 231, 231, 231, 231, 230, 230, 230, 230, 228, 228, 228, 228, 228, 228, 226, 226, 226, 226, 226, 226, 226, 226, 225, 224, 224, 224]}
326 {0: [27, 27, 27, 27, 27, 27, 27, 27, 27, 27, 27, 27, 27, 27, 27, 27, 27, 27, 27, 27, 27, 27, 27, 27, 27, 27, 27, 27, 27, 27, 27, 27, 27, 27, 27, 27, 27, 27, 27, 27, 27, 27, 27, 27, 27, 27, 27, 27, 27, 27], 1: [235, 235, 235, 235, 235, 235, 235, 235, 235, 234, 234, 234, 234, 234, 234, 234, 234, 234, 234, 234, 234, 234, 234, 233, 233, 233, 232, 232, 232, 232, 232, 231, 231, 231, 231, 231, 231, 229, 229, 229, 229, 229, 229, 229, 228, 228, 228, 228, 228, 228]}
327 {0: [27, 27, 27, 27, 27, 27, 27, 27, 27, 27, 27, 27, 27, 27, 27, 27, 27, 27, 27, 27, 27, 27, 27, 27, 27, 27, 27, 27, 27, 27, 27, 27, 27, 27, 27, 27, 27, 27, 27, 27, 27, 27, 27, 27, 27, 27, 27, 27, 27, 27], 1: [235, 235, 235, 235, 235, 235, 235, 235, 235, 234, 234, 234, 234, 234, 234, 234, 234, 234, 234, 234, 234, 234, 234, 233, 233, 233, 232, 232, 232, 232, 232, 231, 231, 231, 231, 231, 231, 229, 229, 229, 229, 229, 229, 229, 228, 228, 228, 228, 228, 228]}
328 {0: [27, 27, 27, 27, 27, 27, 27, 27, 27, 27, 27, 27, 27, 27, 27, 27, 27, 27, 27, 27, 27, 27, 27, 27, 27, 27, 27, 27, 27, 27, 27, 27, 27, 27, 27, 27, 27, 27, 27, 27, 27, 27, 27, 27, 27, 27, 27, 27, 27, 27], 1: [235, 235, 235, 235, 235, 235, 235, 235, 235, 234, 234, 232, 232, 232, 232, 231, 231, 231, 231, 231, 231, 231, 231, 231, 231, 231, 231, 231, 230, 230, 230, 230, 228, 228, 228, 228, 228, 228, 226, 226, 226, 226, 226, 226, 226, 226, 225, 224, 224, 224]}
329 {0: [27, 27, 27, 27, 27, 27, 27, 27, 27, 27, 27, 27, 27, 27, 27, 27, 27, 27, 27, 27, 27, 27, 27, 27, 27, 27, 27, 27, 27, 27, 27, 27, 27, 27, 27, 27, 27, 27, 27, 27, 27, 27, 27, 27, 27, 27, 27, 27, 27, 27], 1: [235, 235, 235, 235, 235, 235, 235, 235, 235, 234, 234, 232, 232, 232, 232, 231, 231, 231, 231, 231, 231, 231, 231, 231, 231, 231, 231, 231, 230, 230, 230, 230, 228, 228, 228, 228, 228, 228, 226, 226, 226, 226, 226, 226, 226, 226, 225, 224, 224, 224]}
330 {0: [27, 27, 27, 27, 27, 27, 27, 27, 27, 27, 27, 27, 27, 27, 27, 27, 27, 27, 27, 27, 27, 27, 27, 27, 27, 27, 27, 27, 27, 27, 27, 27, 27, 27, 27, 27, 27, 27, 27, 27, 27, 27, 27, 27, 27, 27, 27, 27, 27, 27], 1: [235, 235, 235, 235, 234, 234, 232, 231, 231, 231, 231, 231, 231, 231, 231, 231, 231, 231, 231, 230, 230, 229, 229, 229, 229, 229, 229, 229, 229, 229, 228, 226, 226, 226, 225, 225, 224, 224, 224, 224, 223, 223, 223, 223, 223, 223, 223, 223, 223, 223]}
331 {0: [27, 27, 27, 27, 27, 27, 27, 27, 27, 27, 27, 27, 27, 27, 27, 27, 27, 27, 27, 27, 27, 27, 27, 27, 27, 27, 27, 27, 27, 27, 27, 27, 27, 27, 27, 27, 27, 27, 27, 27, 27, 27, 27, 27, 27, 27, 27, 27, 27, 27], 1: [235, 235, 235, 235, 234, 234, 234, 234, 234, 234, 233, 233, 233, 232, 232, 232, 231, 231, 231, 231, 231, 231, 231, 230, 230, 229, 229, 229, 229, 229, 229, 229, 229, 228, 227, 227, 227, 227, 226, 226, 226, 225, 225, 225, 225, 225, 225, 224, 223, 223]}
332 {0: [27, 27, 27, 27, 27, 27, 27, 27, 27, 27, 27, 27, 27, 27, 27, 27, 27, 27, 27, 27, 27, 27, 27, 27, 27, 27, 27, 27, 27, 27, 27, 27, 27, 27, 27, 27, 27, 27, 27, 27, 27, 27, 27, 27, 27, 27, 27, 27, 27, 27], 1: [235, 235, 235, 235, 234, 234, 232, 231, 231, 231, 231, 231, 231, 231, 231, 231, 231, 231, 231, 230, 230, 229, 229, 229, 229, 229, 229, 229, 229, 229, 228, 226, 226, 226, 225, 225, 224, 224, 224, 224, 223, 223, 223, 223, 223, 223, 223, 223, 223, 223]}
333 {0: [27, 27, 27, 27, 27, 27, 27, 27, 27, 27, 27, 27, 27, 27, 27, 27, 27, 27, 27, 27, 27, 27, 27, 27, 27, 27, 27, 27, 27, 27, 27, 27, 27, 27, 27, 27, 27, 27, 27, 27, 27, 27, 27, 27, 27, 27, 27, 27, 27, 27], 1: [235, 235, 235, 235, 234, 234, 232, 231, 231, 231, 231, 231, 231, 231, 231, 231, 231, 231, 231, 230, 230, 229, 229, 229, 229, 229, 229, 229, 229, 229, 228, 226, 226, 226, 225, 225, 224, 224, 224, 224, 223, 223, 223, 223, 223, 223, 223, 223, 223, 223]}
334 {0: [27, 27, 27, 27, 27, 27, 27, 27, 27, 27, 27, 27, 27, 27, 27, 27, 27, 27, 27, 27, 27, 27, 27, 27, 27, 27, 27, 27, 27, 27, 27, 27, 27, 27, 27, 27, 27, 27, 27, 27, 27, 27, 27, 27, 27, 27, 27, 27, 27, 27], 1: [235, 235, 235, 235, 234, 234, 234, 234, 234, 234, 233, 233, 233, 232, 232, 232, 231, 231, 231, 231, 231, 231, 231, 230, 230, 229, 229, 229, 229, 229, 229, 229, 229, 228, 227, 227, 227, 227, 226, 226, 226, 225, 225, 225, 225, 225, 225, 224, 223, 223]}
335 {0: [27, 27, 27, 27, 27, 27, 27, 27, 27, 27, 27, 27, 27, 27, 27, 27, 27, 27, 27, 27, 27, 27, 27, 27, 27, 27, 27, 27, 27, 27, 27, 27, 27, 27, 27, 27, 27, 27, 27, 27, 27, 27, 27, 27, 27, 27, 27, 27, 27, 27], 1: [235, 235, 235, 235, 234, 234, 234, 234, 234, 234, 233, 233, 233, 232, 232, 232, 231, 231, 231, 231, 231, 231, 231, 230, 230, 229, 229, 229, 229, 229, 229, 229, 229, 228, 227, 227, 227, 227, 226, 226, 226, 225, 225, 225, 225, 225, 225, 224, 223, 223]}
336 {0: [27, 27, 27, 27, 27, 27, 27, 27, 27, 27, 27, 27, 27, 27, 27, 27, 27, 27, 27, 27, 27, 27, 27, 27, 27, 27, 27, 27, 27, 27, 27, 27, 27, 27, 27, 27, 27, 27, 27, 27, 27, 27, 27, 27, 27, 27, 27, 27, 27, 27], 1: [235, 235, 235, 235, 235, 235, 235, 235, 234, 234, 234, 234, 233, 233, 233, 233, 232, 232, 232, 232, 232, 232, 231, 231, 231, 231, 231, 230, 230, 230, 230, 229, 229, 229, 227, 227, 227, 227, 226, 223, 223, 222, 221, 221, 221, 221, 221, 220, 220, 220]}
337 {0: [27, 27, 27, 27, 27, 27, 27, 27, 27, 27, 27, 27, 27, 27, 27, 27, 27, 27, 27, 27, 27, 27, 27, 27, 27, 27, 27, 27, 27, 27, 27, 27, 27, 27, 27, 27, 27, 27, 27, 27, 27, 27, 27, 27, 27, 27, 27, 27, 27, 27], 1: [235, 235, 235, 235, 235, 235, 235, 235, 234, 234, 233, 233, 233, 233, 233, 232, 231, 231, 231, 230, 230, 230, 230, 230, 229, 229, 229, 228, 228, 228, 227, 227, 227, 227, 227, 224, 224, 224, 223, 222, 220, 220, 220, 220, 219, 218, 218, 218, 217, 217]}
338 {0: [27, 27, 27, 27, 27, 27, 27, 27, 27, 27, 27, 27, 27, 27, 27, 27, 27, 27, 27, 27, 27, 27, 27, 27, 27, 27, 27, 27, 27, 27, 27, 27, 27, 27, 27, 27, 27, 27, 27, 27, 27, 27, 27, 27, 27, 27, 27, 27, 27, 27], 1: [235, 235, 235, 235, 235, 235, 235, 235, 234, 234, 234, 234, 233, 233, 233, 233, 232, 232, 232, 232, 232, 232, 231, 231, 231, 231, 231, 230, 230, 230, 230, 229, 229, 229, 227, 227, 227, 227, 226, 223, 223, 222, 221, 221, 221, 221, 221, 220, 220, 220]}
339 {0: [27, 27, 27, 27, 27, 27, 27, 27, 27, 27, 27, 27, 27, 27, 27, 27, 27, 27, 27, 27, 27, 27, 27, 27, 27, 27, 27, 27, 27, 27, 27, 27, 27, 27, 27, 27, 27, 27, 27, 27, 27, 27, 27, 27, 27, 27, 27, 27, 27, 27], 1: [235, 235, 235, 235, 235, 235, 235, 235, 234, 234, 234, 234, 233, 233, 233, 233, 232, 232, 232, 232, 232, 232, 231, 231, 231, 231, 231, 230, 230, 230, 230, 229, 229, 229, 227, 227, 227, 227, 226, 223, 223, 222, 221, 221, 221, 221, 221, 220, 220, 220]}
340 {0: [27, 27, 27, 27, 27, 27, 27, 27, 27, 27, 27, 27, 27, 27, 27, 27, 27, 27, 27, 27, 27, 27, 27, 27, 27, 27, 27, 27, 27, 27, 27, 27, 27, 27, 27, 27, 27, 27, 27, 27, 27, 27, 27, 27, 27, 27, 27, 27, 27, 27], 1: [235, 235, 235, 235, 235, 235, 235, 235, 234, 234, 233, 233, 233, 233, 233, 232, 231, 231, 231, 230, 230, 230, 230, 230, 229, 229, 229, 228, 228, 228, 227, 227, 227, 227, 227, 224, 224, 224, 223, 222, 220, 220, 220, 220, 219, 218, 218, 218, 217, 217]}
341 {0: [27, 27, 27, 27, 27, 27, 27, 27, 27, 27, 27, 27, 27, 27, 27, 27, 27, 27, 27, 27, 27, 27, 27, 27, 27, 27, 27, 27, 27, 27, 27, 27, 27, 27, 27, 27, 27, 27, 27, 27, 27, 27, 27, 27, 27, 27, 27, 27, 27, 27], 1: [235, 235, 235, 235, 235, 235, 235, 235, 234, 234, 233, 233, 233, 233, 233, 232, 231, 231, 231, 230, 230, 230, 230, 230, 229, 229, 229, 228, 228, 228, 227, 227, 227, 227, 227, 224, 224, 224, 223, 222, 220, 220, 220, 220, 219, 218, 218, 218, 217, 217]}
342 {0: [27, 27, 27, 27, 27, 27, 27, 27, 27, 27, 27, 27, 27, 27, 27, 27, 27, 27, 27, 27, 27, 27, 27, 27, 27, 27, 27, 27, 27, 27, 27, 27, 27, 27, 27, 27, 27, 27, 27, 27, 27, 27, 27, 27, 27, 27, 27, 27, 27, 27], 1: [235, 235, 235, 235, 235, 234, 234, 234, 234, 234, 234, 234, 234, 233, 233, 232, 232, 232, 232, 232, 232, 232, 232, 232, 232, 232, 232, 232, 232, 232, 232, 232, 231, 231, 231, 230, 230, 230, 229, 229, 229, 229, 229, 229, 229, 228, 228, 228, 227, 227]}
343 {0: [27, 27, 27, 27, 27, 27, 27, 27, 27, 27, 27, 27, 27, 27, 27, 27, 27, 27, 27, 27, 27, 27, 27, 27, 27, 27, 27, 27, 27, 27, 27, 27, 27, 27, 27, 27, 27, 27, 27, 27, 27, 27, 27, 27, 27, 27, 27, 27, 27, 27], 1: [235, 235, 235, 235, 235, 235, 235, 234, 234, 233, 233, 233, 233, 233, 233, 233, 233, 232, 232, 232, 232, 232, 232, 232, 232, 231, 231, 231, 229, 229, 229, 229, 229, 228, 228, 228, 228, 228, 228, 228, 225, 225, 224, 224, 224, 224, 224, 224, 224, 223]}
344 {0: [27, 27, 27, 27, 27, 27, 27, 27, 27, 27, 27, 27, 27, 27, 27, 27, 27, 27, 27, 27, 27, 27, 27, 27, 27, 27, 27, 27, 27, 27, 27, 27, 27, 27, 27, 27, 27, 27, 27, 27, 27, 27, 27, 27, 27, 27, 27, 27, 27, 27], 1: [235, 235, 235, 235, 235, 234, 234, 234, 234, 234, 234, 234, 234, 233, 233, 232, 232, 232, 232, 232, 232, 232, 232, 232, 232, 232, 232, 232, 232, 232, 232, 232, 231, 231, 231, 230, 230, 230, 229, 229, 229, 229, 229, 229, 229, 228, 228, 228, 227, 227]}
345 {0: [27, 27, 27, 27, 27, 27, 27, 27, 27, 27, 27, 27, 27, 27, 27, 27, 27, 27, 27, 27, 27, 27, 27, 27, 27, 27, 27, 27, 27, 27, 27, 27, 27, 27, 27, 27, 27, 27, 27, 27, 27, 27, 27, 27, 27, 27, 27, 27, 27, 27], 1: [235, 235, 235, 235, 235, 234, 234, 234, 234, 234, 234, 234, 234, 233, 233, 232, 232, 232, 232, 232, 232, 232, 232, 232, 232, 232, 232, 232, 232, 232, 232, 232, 231, 231, 231, 230, 230, 230, 229, 229, 229, 229, 229, 229, 229, 228, 228, 228, 227, 227]}
346 {0: [27, 27, 27, 27, 27, 27, 27, 27, 27, 27, 27, 27, 27, 27, 27, 27, 27, 27, 27, 27, 27, 27, 27, 27, 27, 27, 27, 27, 27, 27, 27, 27, 27, 27, 27, 27, 27, 27, 27, 27, 27, 27, 27, 27, 27, 27, 27, 27, 27, 27], 1: [235, 235, 235, 235, 235, 235, 235, 234, 234, 233, 233, 233, 233, 233, 233, 233, 233, 232, 232, 232, 232, 232, 232, 232, 232, 231, 231, 231, 229, 229, 229, 229, 229, 228, 228, 228, 228, 228, 228, 228, 225, 225, 224, 224, 224, 224, 224, 224, 224, 223]}
347 {0: [27, 27, 27, 27, 27, 27, 27, 27, 27, 27, 27, 27, 27, 27, 27, 27, 27, 27, 27, 27, 27, 27, 27, 27, 27, 27, 27, 27, 27, 27, 27, 27, 27, 27, 27, 27, 27, 27, 27, 27, 27, 27, 27, 27, 27, 27, 27, 27, 27, 27], 1: [235, 235, 235, 235, 235, 235, 235, 234, 234, 233, 233, 233, 233, 233, 233, 233, 233, 232, 232, 232, 232, 232, 232, 232, 232, 231, 231, 231, 229, 229, 229, 229, 229, 228, 228, 228, 228, 228, 228, 228, 225, 225, 224, 224, 224, 224, 224, 224, 224, 223]}
348 {0: [27, 27, 27, 27, 27, 27, 27, 27, 27, 27, 27, 27, 27, 27, 27, 27, 27, 27, 27, 27, 27, 27, 27, 27, 27, 27, 27, 27, 27, 27, 27, 27, 27, 27, 27, 27, 27, 27, 27, 27, 27, 27, 27, 27, 27, 27, 27, 27, 27, 27], 1: [235, 235, 235, 235, 235, 235, 235, 235, 235, 235, 235, 235, 235, 233, 232, 232, 232, 231, 231, 230, 230, 230, 230, 230, 230, 230, 230, 230, 230, 230, 230, 229, 229, 228, 228, 228, 227, 227, 225, 225, 225, 225, 225, 225, 224, 224, 224, 224, 223, 222]}
349 {0: [27, 27, 27, 27, 27, 27, 27, 27, 27, 27, 27, 27, 27, 27, 27, 27, 27, 27, 27, 27, 27, 27, 27, 27, 27, 27, 27, 27, 27, 27, 27, 27, 27, 27, 27, 27, 27, 27, 27, 27, 27, 27, 27, 27, 27, 27, 27, 27, 27, 27], 1: [235, 235, 235, 234, 234, 234, 234, 234, 234, 234, 233, 233, 233, 233, 233, 233, 233, 233, 233, 233, 233, 233, 233, 233, 233, 233, 232, 232, 232, 231, 231, 231, 231, 231, 231, 231, 231, 231, 230, 230, 230, 230, 229, 229, 229, 229, 229, 229, 229, 229]}
350 {0: [27, 27, 27, 27, 27, 27, 27, 27, 27, 27, 27, 27, 27, 27, 27, 27, 27, 27, 27, 27, 27, 27, 27, 27, 27, 27, 27, 27, 27, 27, 27, 27, 27, 27, 27, 27, 27, 27, 27, 27, 27, 27, 27, 27, 27, 27, 27, 27, 27, 27], 1: [235, 235, 235, 235, 235, 235, 235, 235, 235, 235, 235, 235, 235, 233, 232, 232, 232, 231, 231, 230, 230, 230, 230, 230, 230, 230, 230, 230, 230, 230, 230, 229, 229, 228, 228, 228, 227, 227, 225, 225, 225, 225, 225, 225, 224, 224, 224, 224, 223, 222]}
351 {0: [27, 27, 27, 27, 27, 27, 27, 27, 27, 27, 27, 27, 27, 27, 27, 27, 27, 27, 27, 27, 27, 27, 27, 27, 27, 27, 27, 27, 27, 27, 27, 27, 27, 27, 27, 27, 27, 27, 27, 27, 27, 27, 27, 27, 27, 27, 27, 27, 27, 27], 1: [235, 235, 235, 235, 235, 235, 235, 235, 235, 235, 235, 235, 235, 233, 232, 232, 232, 231, 231, 230, 230, 230, 230, 230, 230, 230, 230, 230, 230, 230, 230, 229, 229, 228, 228, 228, 227, 227, 225, 225, 225, 225, 225, 225, 224, 224, 224, 224, 223, 222]}
352 {0: [27, 27, 27, 27, 27, 27, 27, 27, 27, 27, 27, 27, 27, 27, 27, 27, 27, 27, 27, 27, 27, 27, 27, 27, 27, 27, 27, 27, 27, 27, 27, 27, 27, 27, 27, 27, 27, 27, 27, 27, 27, 27, 27, 27, 27, 27, 27, 27, 27, 27], 1: [235, 235, 235, 234, 234, 234, 234, 234, 234, 234, 233, 233, 233, 233, 233, 233, 233, 233, 233, 233, 233, 233, 233, 233, 233, 233, 232, 232, 232, 231, 231, 231, 231, 231, 231, 231, 231, 231, 230, 230, 230, 230, 229, 229, 229, 229, 229, 229, 229, 229]}
353 {0: [27, 27, 27, 27, 27, 27, 27, 27, 27, 27, 27, 27, 27, 27, 27, 27, 27, 27, 27, 27, 27, 27, 27, 27, 27, 27, 27, 27, 27, 27, 27, 27, 27, 27, 27, 27, 27, 27, 27, 27, 27, 27, 27, 27, 27, 27, 27, 27, 27, 27], 1: [235, 235, 235, 234, 234, 234, 234, 234, 234, 234, 233, 233, 233, 233, 233, 233, 233, 233, 233, 233, 233, 233, 233, 233, 233, 233, 232, 232, 232, 231, 231, 231, 231, 231, 231, 231, 231, 231, 230, 230, 230, 230, 229, 229, 229, 229, 229, 229, 229, 229]}
354 {0: [27, 27, 27, 27, 27, 27, 27, 27, 27, 27, 27, 27, 27, 27, 27, 27, 27, 27, 27, 27, 27, 27, 27, 27, 27, 27, 27, 27, 27, 27, 27, 27, 27, 27, 27, 27, 27, 27, 27, 27, 27, 27, 27, 27, 27, 27, 27, 27, 27, 27], 1: [235, 235, 235, 235, 235, 235, 235, 235, 235, 235, 235, 235, 235, 235, 235, 235, 235, 235, 235, 235, 235, 235, 235, 235, 234, 234, 234, 233, 231, 231, 231, 231, 231, 230, 230, 230, 229, 229, 229, 229, 229, 229, 229, 229, 229, 229, 229, 229, 229, 229]}
355 {0: [27, 27, 27, 27, 27, 27, 27, 27, 27, 27, 27, 27, 27, 27, 27, 27, 27, 27, 27, 27, 27, 27, 27, 27, 27, 27, 27, 27, 27, 27, 27, 27, 27, 27, 27, 27, 27, 27, 27, 27, 27, 27, 27, 27, 27, 27, 27, 27, 27, 27], 1: [235, 235, 235, 235, 235, 235, 235, 235, 235, 235, 235, 234, 234, 234, 234, 231, 231, 231, 230, 230, 230, 230, 230, 230, 230, 230, 230, 230, 230, 230, 229, 228, 228, 227, 227, 227, 226, 226, 226, 226, 225, 224, 223, 223, 223, 223, 223, 223, 222, 222]}
356 {0: [27, 27, 27, 27, 27, 27, 27, 27, 27, 27, 27, 27, 27, 27, 27, 27, 27, 27, 27, 27, 27, 27, 27, 27, 27, 27, 27, 27, 27, 27, 27, 27, 27, 27, 27, 27, 27, 27, 27, 27, 27, 27, 27, 27, 27, 27, 27, 27, 27, 27], 1: [235, 235, 235, 235, 235, 235, 235, 235, 235, 235, 235, 235, 235, 235, 235, 235, 235, 235, 235, 235, 235, 235, 235, 235, 234, 234, 234, 233, 231, 231, 231, 231, 231, 230, 230, 230, 229, 229, 229, 229, 229, 229, 229, 229, 229, 229, 229, 229, 229, 229]}
357 {0: [27, 27, 27, 27, 27, 27, 27, 27, 27, 27, 27, 27, 27, 27, 27, 27, 27, 27, 27, 27, 27, 27, 27, 27, 27, 27, 27, 27, 27, 27, 27, 27, 27, 27, 27, 27, 27, 27, 27, 27, 27, 27, 27, 27, 27, 27, 27, 27, 27, 27], 1: [235, 235, 235, 235, 235, 235, 235, 235, 235, 235, 235, 235, 235, 235, 235, 235, 235, 235, 235, 235, 235, 235, 235, 235, 234, 234, 234, 233, 231, 231, 231, 231, 231, 230, 230, 230, 229, 229, 229, 229, 229, 229, 229, 229, 229, 229, 229, 229, 229, 229]}
358 {0: [27, 27, 27, 27, 27, 27, 27, 27, 27, 27, 27, 27, 27, 27, 27, 27, 27, 27, 27, 27, 27, 27, 27, 27, 27, 27, 27, 27, 27, 27, 27, 27, 27, 27, 27, 27, 27, 27, 27, 27, 27, 27, 27, 27, 27, 27, 27, 27, 27, 27], 1: [235, 235, 235, 235, 235, 235, 235, 235, 235, 235, 235, 234, 234, 234, 234, 231, 231, 231, 230, 230, 230, 230, 230, 230, 230, 230, 230, 230, 230, 230, 229, 228, 228, 227, 227, 227, 226, 226, 226, 226, 225, 224, 223, 223, 223, 223, 223, 223, 222, 222]}
359 {0: [27, 27, 27, 27, 27, 27, 27, 27, 27, 27, 27, 27, 27, 27, 27, 27, 27, 27, 27, 27, 27, 27, 27, 27, 27, 27, 27, 27, 27, 27, 27, 27, 27, 27, 27, 27, 27, 27, 27, 27, 27, 27, 27, 27, 27, 27, 27, 27, 27, 27], 1: [235, 235, 235, 235, 235, 235, 235, 235, 235, 235, 235, 234, 234, 234, 234, 231, 231, 231, 230, 230, 230, 230, 230, 230, 230, 230, 230, 230, 230, 230, 229, 228, 228, 227, 227, 227, 226, 226, 226, 226, 225, 224, 223, 223, 223, 223, 223, 223, 222, 222]}
360 {0: [27, 27, 27, 27, 27, 27, 27, 27, 27, 27, 27, 27, 27, 27, 27, 27, 27, 27, 27, 27, 27, 27, 27, 27, 27, 27, 27, 27, 27, 27, 27, 27, 27, 27, 27, 27, 27, 27, 27, 27, 27, 27, 27, 27, 27, 27, 27, 27, 27, 27], 1: [235, 235, 235, 235, 235, 235, 234, 234, 234, 234, 234, 234, 234, 234, 234, 234, 234, 234, 234, 234, 234, 233, 233, 231, 231, 231, 231, 231, 231, 231, 230, 230, 228, 228, 228, 228, 227, 227, 227, 227, 227, 226, 226, 226, 226, 226, 226, 226, 226, 226]}
361 {0: [27, 27, 27, 27, 27, 27, 27, 27, 27, 27, 27, 27, 27, 27, 27, 27, 27, 27, 27, 27, 27, 27, 27, 27, 27, 27, 27, 27, 27, 27, 27, 27, 27, 27, 27, 27, 27, 27, 27, 27, 27, 27, 27, 27, 27, 27, 27, 27, 27, 27], 1: [235, 235, 235, 235, 235, 235, 235, 234, 234, 234, 234, 234, 233, 233, 233, 231, 231, 229, 229, 229, 229, 229, 229, 229, 229, 229, 229, 229, 229, 228, 228, 228, 228, 228, 228, 228, 228, 228, 227, 227, 226, 226, 226, 226, 226, 226, 225, 225, 224, 223]}
362 {0: [27, 27, 27, 27, 27, 27, 27, 27, 27, 27, 27, 27, 27, 27, 27, 27, 27, 27, 27, 27, 27, 27, 27, 27, 27, 27, 27, 27, 27, 27, 27, 27, 27, 27, 27, 27, 27, 27, 27, 27, 27, 27, 27, 27, 27, 27, 27, 27, 27, 27], 1: [235, 235, 235, 235, 235, 235, 234, 234, 234, 234, 234, 234, 234, 234, 234, 234, 234, 234, 234, 234, 234, 233, 233, 231, 231, 231, 231, 231, 231, 231, 230, 230, 228, 228, 228, 228, 227, 227, 227, 227, 227, 226, 226, 226, 226, 226, 226, 226, 226, 226]}
363 {0: [27, 27, 27, 27, 27, 27, 27, 27, 27, 27, 27, 27, 27, 27, 27, 27, 27, 27, 27, 27, 27, 27, 27, 27, 27, 27, 27, 27, 27, 27, 27, 27, 27, 27, 27, 27, 27, 27, 27, 27, 27, 27, 27, 27, 27, 27, 27, 27, 27, 27], 1: [235, 235, 235, 235, 235, 235, 234, 234, 234, 234, 234, 234, 234, 234, 234, 234, 234, 234, 234, 234, 234, 233, 233, 231, 231, 231, 231, 231, 231, 231, 230, 230, 228, 228, 228, 228, 227, 227, 227, 227, 227, 226, 226, 226, 226, 226, 226, 226, 226, 226]}
364 {0: [27, 27, 27, 27, 27, 27, 27, 27, 27, 27, 27, 27, 27, 27, 27, 27, 27, 27, 27, 27, 27, 27, 27, 27, 27, 27, 27, 27, 27, 27, 27, 27, 27, 27, 27, 27, 27, 27, 27, 27, 27, 27, 27, 27, 27, 27, 27, 27, 27, 27], 1: [235, 235, 235, 235, 235, 235, 235, 234, 234, 234, 234, 234, 233, 233, 233, 231, 231, 229, 229, 229, 229, 229, 229, 229, 229, 229, 229, 229, 229, 228, 228, 228, 228, 228, 228, 228, 228, 228, 227, 227, 226, 226, 226, 226, 226, 226, 225, 225, 224, 223]}
365 {0: [27, 27, 27, 27, 27, 27, 27, 27, 27, 27, 27, 27, 27, 27, 27, 27, 27, 27, 27, 27, 27, 27, 27, 27, 27, 27, 27, 27, 27, 27, 27, 27, 27, 27, 27, 27, 27, 27, 27, 27, 27, 27, 27, 27, 27, 27, 27, 27, 27, 27], 1: [235, 235, 235, 235, 235, 235, 235, 234, 234, 234, 234, 234, 233, 233, 233, 231, 231, 229, 229, 229, 229, 229, 229, 229, 229, 229, 229, 229, 229, 228, 228, 228, 228, 228, 228, 228, 228, 228, 227, 227, 226, 226, 226, 226, 226, 226, 225, 225, 224, 223]}
366 {0: [27, 27, 27, 27, 27, 27, 27, 27, 27, 27, 27, 27, 27, 27, 27, 27, 27, 27, 27, 27, 27, 27, 27, 27, 27, 27, 27, 27, 27, 27, 27, 27, 27, 27, 27, 27, 27, 27, 27, 27, 27, 27, 27, 27, 27, 27, 27, 27, 27, 27], 1: [235, 235, 235, 235, 235, 235, 235, 235, 235, 235, 235, 235, 235, 235, 235, 235, 234, 234, 234, 234, 234, 233, 233, 233, 233, 231, 231, 230, 229, 229, 229, 229, 228, 228, 225, 225, 224, 224, 224, 224, 224, 224, 224, 224, 224, 224, 224, 224, 223, 223]}
367 {0: [27, 27, 27, 27, 27, 27, 27, 27, 27, 27, 27, 27, 27, 27, 27, 27, 27, 27, 27, 27, 27, 27, 27, 27, 27, 27, 27, 27, 27, 27, 27, 27, 27, 27, 27, 27, 27, 27, 27, 27, 27, 27, 27, 27, 27, 27, 27, 27, 27, 27], 1: [235, 235, 235, 235, 235, 234, 234, 233, 233, 233, 233, 233, 233, 233, 232, 232, 231, 231, 231, 231, 231, 231, 231, 231, 230, 229, 228, 228, 228, 228, 227, 226, 226, 226, 224, 224, 224, 224, 224, 224, 224, 224, 224, 224, 224, 224, 223, 223, 223, 223]}
368 {0: [27, 27, 27, 27, 27, 27, 27, 27, 27, 27, 27, 27, 27, 27, 27, 27, 27, 27, 27, 27, 27, 27, 27, 27, 27, 27, 27, 27, 27, 27, 27, 27, 27, 27, 27, 27, 27, 27, 27, 27, 27, 27, 27, 27, 27, 27, 27, 27, 27, 27], 1: [235, 235, 235, 235, 235, 235, 235, 235, 235, 235, 235, 235, 235, 235, 235, 235, 234, 234, 234, 234, 234, 233, 233, 233, 233, 231, 231, 230, 229, 229, 229, 229, 228, 228, 225, 225, 224, 224, 224, 224, 224, 224, 224, 224, 224, 224, 224, 224, 223, 223]}
369 {0: [27, 27, 27, 27, 27, 27, 27, 27, 27, 27, 27, 27, 27, 27, 27, 27, 27, 27, 27, 27, 27, 27, 27, 27, 27, 27, 27, 27, 27, 27, 27, 27, 27, 27, 27, 27, 27, 27, 27, 27, 27, 27, 27, 27, 27, 27, 27, 27, 27, 27], 1: [235, 235, 235, 235, 235, 235, 235, 235, 235, 235, 235, 235, 235, 235, 235, 235, 234, 234, 234, 234, 234, 233, 233, 233, 233, 231, 231, 230, 229, 229, 229, 229, 228, 228, 225, 225, 224, 224, 224, 224, 224, 224, 224, 224, 224, 224, 224, 224, 223, 223]}
370 {0: [27, 27, 27, 27, 27, 27, 27, 27, 27, 27, 27, 27, 27, 27, 27, 27, 27, 27, 27, 27, 27, 27, 27, 27, 27, 27, 27, 27, 27, 27, 27, 27, 27, 27, 27, 27, 27, 27, 27, 27, 27, 27, 27, 27, 27, 27, 27, 27, 27, 27], 1: [235, 235, 235, 235, 235, 234, 234, 233, 233, 233, 233, 233, 233, 233, 232, 232, 231, 231, 231, 231, 231, 231, 231, 231, 230, 229, 228, 228, 228, 228, 227, 226, 226, 226, 224, 224, 224, 224, 224, 224, 224, 224, 224, 224, 224, 224, 223, 223, 223, 223]}
371 {0: [27, 27, 27, 27, 27, 27, 27, 27, 27, 27, 27, 27, 27, 27, 27, 27, 27, 27, 27, 27, 27, 27, 27, 27, 27, 27, 27, 27, 27, 27, 27, 27, 27, 27, 27, 27, 27, 27, 27, 27, 27, 27, 27, 27, 27, 27, 27, 27, 27, 27], 1: [235, 235, 235, 235, 235, 234, 234, 233, 233, 233, 233, 233, 233, 233, 232, 232, 231, 231, 231, 231, 231, 231, 231, 231, 230, 229, 228, 228, 228, 228, 227, 226, 226, 226, 224, 224, 224, 224, 224, 224, 224, 224, 224, 224, 224, 224, 223, 223, 223, 223]}
372 {0: [27, 27, 27, 27, 27, 27, 27, 27, 27, 27, 27, 27, 27, 27, 27, 27, 27, 27, 27, 27, 27, 27, 27, 27, 27, 27, 27, 27, 27, 27, 27, 27, 27, 27, 27, 27, 27, 27, 27, 27, 27, 27, 27, 27, 27, 27, 27, 27, 27, 27], 1: [235, 235, 235, 235, 235, 234, 234, 234, 234, 232, 232, 231, 231, 231, 231, 231, 231, 231, 231, 231, 230, 229, 229, 228, 228, 227, 227, 227, 227, 227, 227, 227, 227, 227, 227, 227, 227, 227, 227, 227, 227, 227, 227, 227, 227, 225, 225, 225, 225, 225]}
373 {0: [27, 27, 27, 27, 27, 27, 27, 27, 27, 27, 27, 27, 27, 27, 27, 27, 27, 27, 27, 27, 27, 27, 27, 27, 27, 27, 27, 27, 27, 27, 27, 27, 27, 27, 27, 27, 27, 27, 27, 27, 27, 27, 27, 27, 27, 27, 27, 27, 27, 27], 1: [235, 235, 235, 235, 235, 235, 235, 234, 234, 234, 234, 234, 234, 233, 232, 232, 231, 231, 231, 231, 231, 231, 231, 231, 231, 229, 229, 228, 228, 228, 228, 228, 228, 228, 228, 228, 228, 227, 226, 225, 225, 225, 225, 225, 225, 225, 225, 225, 225, 225]}
374 {0: [27, 27, 27, 27, 27, 27, 27, 27, 27, 27, 27, 27, 27, 27, 27, 27, 27, 27, 27, 27, 27, 27, 27, 27, 27, 27, 27, 27, 27, 27, 27, 27, 27, 27, 27, 27, 27, 27, 27, 27, 27, 27, 27, 27, 27, 27, 27, 27, 27, 27], 1: [235, 235, 235, 235, 235, 234, 234, 234, 234, 232, 232, 231, 231, 231, 231, 231, 231, 231, 231, 231, 230, 229, 229, 228, 228, 227, 227, 227, 227, 227, 227, 227, 227, 227, 227, 227, 227, 227, 227, 227, 227, 227, 227, 227, 227, 225, 225, 225, 225, 225]}
375 {0: [27, 27, 27, 27, 27, 27, 27, 27, 27, 27, 27, 27, 27, 27, 27, 27, 27, 27, 27, 27, 27, 27, 27, 27, 27, 27, 27, 27, 27, 27, 27, 27, 27, 27, 27, 27, 27, 27, 27, 27, 27, 27, 27, 27, 27, 27, 27, 27, 27, 27], 1: [235, 235, 235, 235, 235, 234, 234, 234, 234, 232, 232, 231, 231, 231, 231, 231, 231, 231, 231, 231, 230, 229, 229, 228, 228, 227, 227, 227, 227, 227, 227, 227, 227, 227, 227, 227, 227, 227, 227, 227, 227, 227, 227, 227, 227, 225, 225, 225, 225, 225]}
376 {0: [27, 27, 27, 27, 27, 27, 27, 27, 27, 27, 27, 27, 27, 27, 27, 27, 27, 27, 27, 27, 27, 27, 27, 27, 27, 27, 27, 27, 27, 27, 27, 27, 27, 27, 27, 27, 27, 27, 27, 27, 27, 27, 27, 27, 27, 27, 27, 27, 27, 27], 1: [235, 235, 235, 235, 235, 235, 235, 234, 234, 234, 234, 234, 234, 233, 232, 232, 231, 231, 231, 231, 231, 231, 231, 231, 231, 229, 229, 228, 228, 228, 228, 228, 228, 228, 228, 228, 228, 227, 226, 225, 225, 225, 225, 225, 225, 225, 225, 225, 225, 225]}
377 {0: [27, 27, 27, 27, 27, 27, 27, 27, 27, 27, 27, 27, 27, 27, 27, 27, 27, 27, 27, 27, 27, 27, 27, 27, 27, 27, 27, 27, 27, 27, 27, 27, 27, 27, 27, 27, 27, 27, 27, 27, 27, 27, 27, 27, 27, 27, 27, 27, 27, 27], 1: [235, 235, 235, 235, 235, 235, 235, 234, 234, 234, 234, 234, 234, 233, 232, 232, 231, 231, 231, 231, 231, 231, 231, 231, 231, 229, 229, 228, 228, 228, 228, 228, 228, 228, 228, 228, 228, 227, 226, 225, 225, 225, 225, 225, 225, 225, 225, 225, 225, 225]}
378 {0: [27, 27, 27, 27, 27, 27, 27, 27, 27, 27, 27, 27, 27, 27, 27, 27, 27, 27, 27, 27, 27, 27, 27, 27, 27, 27, 27, 27, 27, 27, 27, 27, 27, 27, 27, 27, 27, 27, 27, 27, 27, 27, 27, 27, 27, 27, 27, 27, 27, 27], 1: [235, 235, 235, 235, 235, 235, 235, 235, 235, 235, 235, 235, 234, 232, 232, 231, 231, 231, 230, 229, 228, 228, 228, 228, 228, 228, 227, 227, 227, 227, 227, 227, 227, 227, 227, 227, 227, 227, 227, 227, 227, 227, 227, 227, 227, 227, 227, 227, 226, 226]}
379 {0: [27, 27, 27, 27, 27, 27, 27, 27, 27, 27, 27, 27, 27, 27, 27, 27, 27, 27, 27, 27, 27, 27, 27, 27, 27, 27, 27, 27, 27, 27, 27, 27, 27, 27, 27, 27, 27, 27, 27, 27, 27, 27, 27, 27, 27, 27, 27, 27, 27, 27], 1: [235, 235, 235, 235, 235, 235, 235, 235, 235, 235, 235, 235, 235, 235, 235, 235, 235, 235, 235, 234, 234, 234, 234, 234, 234, 233, 233, 233, 233, 233, 233, 233, 233, 233, 233, 232, 232, 232, 232, 232, 231, 231, 231, 231, 231, 231, 231, 231, 231, 231]}
380 {0: [27, 27, 27, 27, 27, 27, 27, 27, 27, 27, 27, 27, 27, 27, 27, 27, 27, 27, 27, 27, 27, 27, 27, 27, 27, 27, 27, 27, 27, 27, 27, 27, 27, 27, 27, 27, 27, 27, 27, 27, 27, 27, 27, 27, 27, 27, 27, 27, 27, 27], 1: [235, 235, 235, 235, 235, 235, 235, 235, 235, 235, 235, 235, 234, 232, 232, 231, 231, 231, 230, 229, 228, 228, 228, 228, 228, 228, 227, 227, 227, 227, 227, 227, 227, 227, 227, 227, 227, 227, 227, 227, 227, 227, 227, 227, 227, 227, 227, 227, 226, 226]}
381 {0: [27, 27, 27, 27, 27, 27, 27, 27, 27, 27, 27, 27, 27, 27, 27, 27, 27, 27, 27, 27, 27, 27, 27, 27, 27, 27, 27, 27, 27, 27, 27, 27, 27, 27, 27, 27, 27, 27, 27, 27, 27, 27, 27, 27, 27, 27, 27, 27, 27, 27], 1: [235, 235, 235, 235, 235, 235, 235, 235, 235, 235, 235, 235, 234, 232, 232, 231, 231, 231, 230, 229, 228, 228, 228, 228, 228, 228, 227, 227, 227, 227, 227, 227, 227, 227, 227, 227, 227, 227, 227, 227, 227, 227, 227, 227, 227, 227, 227, 227, 226, 226]}
382 {0: [27, 27, 27, 27, 27, 27, 27, 27, 27, 27, 27, 27, 27, 27, 27, 27, 27, 27, 27, 27, 27, 27, 27, 27, 27, 27, 27, 27, 27, 27, 27, 27, 27, 27, 27, 27, 27, 27, 27, 27, 27, 27, 27, 27, 27, 27, 27, 27, 27, 27], 1: [235, 235, 235, 235, 235, 235, 235, 235, 235, 235, 235, 235, 235, 235, 235, 235, 235, 235, 235, 234, 234, 234, 234, 234, 234, 233, 233, 233, 233, 233, 233, 233, 233, 233, 233, 232, 232, 232, 232, 232, 231, 231, 231, 231, 231, 231, 231, 231, 231, 231]}
383 {0: [27, 27, 27, 27, 27, 27, 27, 27, 27, 27, 27, 27, 27, 27, 27, 27, 27, 27, 27, 27, 27, 27, 27, 27, 27, 27, 27, 27, 27, 27, 27, 27, 27, 27, 27, 27, 27, 27, 27, 27, 27, 27, 27, 27, 27, 27, 27, 27, 27, 27], 1: [235, 235, 235, 235, 235, 235, 235, 235, 235, 235, 235, 235, 235, 235, 235, 235, 235, 235, 235, 234, 234, 234, 234, 234, 234, 233, 233, 233, 233, 233, 233, 233, 233, 233, 233, 232, 232, 232, 232, 232, 231, 231, 231, 231, 231, 231, 231, 231, 231, 231]}
