nbr_breaks	Group_epib1	Group_epib2	Group_epib2	Group_m2	Group_m2	Group_m1	Group_m3	Group_m3
0.000000e+00	8.505855e-01	9.313660e-01	3.627176e-01	3.645502e-01	1.399455e-01	5.607025e-01	4.225346e-01	3.892125e-01
0.000000e+00	1.867756e-01	9.313660e-01	3.627176e-01	3.645502e-01	1.399455e-01	5.607025e-01	4.225346e-01	3.892125e-01
0.000000e+00	8.505855e-01	8.655801e-01	8.751520e-01	3.645502e-01	1.399455e-01	5.607025e-01	4.225346e-01	3.892125e-01
2.000000e+00	8.505855e-01	9.313660e-01	3.627176e-01	9.946573e-01	8.105370e-01	5.607025e-01	4.225346e-01	3.892125e-01
0.000000e+00	8.505855e-01	9.313660e-01	3.627176e-01	3.645502e-01	1.399455e-01	8.279781e-01	4.225346e-01	3.892125e-01
2.000000e+00	8.505855e-01	9.313660e-01	3.627176e-01	3.645502e-01	1.399455e-01	5.607025e-01	5.192377e-01	8.615590e-01
1.000000e+00	8.505855e-01	8.655801e-01	8.751520e-01	9.946573e-01	8.105370e-01	8.279781e-01	5.192377e-01	8.615590e-01
7.000000e+00	1.867756e-01	9.313660e-01	3.627176e-01	9.946573e-01	8.105370e-01	8.279781e-01	5.192377e-01	8.615590e-01
2.000000e+00	1.867756e-01	8.655801e-01	8.751520e-01	3.645502e-01	1.399455e-01	8.279781e-01	5.192377e-01	8.615590e-01
8.000000e+00	1.867756e-01	8.655801e-01	8.751520e-01	9.946573e-01	8.105370e-01	5.607025e-01	5.192377e-01	8.615590e-01
0.000000e+00	1.867756e-01	8.655801e-01	8.751520e-01	9.946573e-01	8.105370e-01	8.279781e-01	4.225346e-01	3.892125e-01
5.000000e+00	1.867756e-01	8.655801e-01	8.751520e-01	9.946573e-01	8.105370e-01	8.279781e-01	5.192377e-01	8.615590e-01
1.100000e+01	3.400152e-01	4.614162e-01	7.945292e-01	6.718356e-01	7.279961e-01	2.910569e-01	7.059881e-01	7.804863e-01
1.100000e+01	8.806673e-01	4.614162e-01	7.945292e-01	6.718356e-01	7.279961e-01	2.910569e-01	7.059881e-01	7.804863e-01
1.700000e+01	3.400152e-01	3.323834e-01	3.694307e-01	6.718356e-01	7.279961e-01	2.910569e-01	7.059881e-01	7.804863e-01
5.000000e+00	3.400152e-01	4.614162e-01	7.945292e-01	4.386989e-01	2.454009e-01	2.910569e-01	7.059881e-01	7.804863e-01
2.600000e+01	3.400152e-01	4.614162e-01	7.945292e-01	6.718356e-01	7.279961e-01	1.114838e-01	7.059881e-01	7.804863e-01
3.000000e+00	3.400152e-01	4.614162e-01	7.945292e-01	6.718356e-01	7.279961e-01	2.910569e-01	8.945549e-02	1.449508e-02
1.000000e+00	3.400152e-01	3.323834e-01	3.694307e-01	4.386989e-01	2.454009e-01	1.114838e-01	8.945549e-02	1.449508e-02
2.000000e+00	8.806673e-01	4.614162e-01	7.945292e-01	4.386989e-01	2.454009e-01	1.114838e-01	8.945549e-02	1.449508e-02
1.000000e+01	8.806673e-01	3.323834e-01	3.694307e-01	6.718356e-01	7.279961e-01	1.114838e-01	8.945549e-02	1.449508e-02
0.000000e+00	8.806673e-01	3.323834e-01	3.694307e-01	4.386989e-01	2.454009e-01	2.910569e-01	8.945549e-02	1.449508e-02
7.000000e+00	8.806673e-01	3.323834e-01	3.694307e-01	4.386989e-01	2.454009e-01	1.114838e-01	7.059881e-01	7.804863e-01
2.000000e+00	8.806673e-01	3.323834e-01	3.694307e-01	4.386989e-01	2.454009e-01	1.114838e-01	8.945549e-02	1.449508e-02
5.000000e+00	1.795047e-01	6.655454e-01	1.181101e-01	1.116853e-01	8.071961e-01	1.608225e-01	2.499840e-01	6.972115e-01
8.000000e+00	7.332523e-01	6.655454e-01	1.181101e-01	1.116853e-01	8.071961e-01	1.608225e-01	2.499840e-01	6.972115e-01
1.000000e+01	1.795047e-01	3.220654e-02	1.368549e-02	1.116853e-01	8.071961e-01	1.608225e-01	2.499840e-01	6.972115e-01
6.000000e+00	1.795047e-01	6.655454e-01	1.181101e-01	1.518474e-01	7.192918e-01	1.608225e-01	2.499840e-01	6.972115e-01
0.000000e+00	1.795047e-01	6.655454e-01	1.181101e-01	1.116853e-01	8.071961e-01	6.974465e-01	2.499840e-01	6.972115e-01
8.000000e+00	1.795047e-01	6.655454e-01	1.181101e-01	1.116853e-01	8.071961e-01	1.608225e-01	3.474145e-01	6.683262e-01
0.000000e+00	1.795047e-01	3.220654e-02	1.368549e-02	1.518474e-01	7.192918e-01	6.974465e-01	3.474145e-01	6.683262e-01
0.000000e+00	7.332523e-01	6.655454e-01	1.181101e-01	1.518474e-01	7.192918e-01	6.974465e-01	3.474145e-01	6.683262e-01
0.000000e+00	7.332523e-01	3.220654e-02	1.368549e-02	1.116853e-01	8.071961e-01	6.974465e-01	3.474145e-01	6.683262e-01
9.000000e+00	7.332523e-01	3.220654e-02	1.368549e-02	1.518474e-01	7.192918e-01	1.608225e-01	3.474145e-01	6.683262e-01
0.000000e+00	7.332523e-01	3.220654e-02	1.368549e-02	1.518474e-01	7.192918e-01	6.974465e-01	2.499840e-01	6.972115e-01
0.000000e+00	7.332523e-01	3.220654e-02	1.368549e-02	1.518474e-01	7.192918e-01	6.974465e-01	3.474145e-01	6.683262e-01
0.000000e+00	6.377068e-01	1.955634e-01	5.371281e-01	9.149349e-01	3.404981e-01	9.224115e-01	9.040286e-01	8.622629e-02
0.000000e+00	4.573596e-01	1.955634e-01	5.371281e-01	9.149349e-01	3.404981e-01	9.224115e-01	9.040286e-01	8.622629e-02
0.000000e+00	6.377068e-01	5.029146e-01	7.386790e-01	9.149349e-01	3.404981e-01	9.224115e-01	9.040286e-01	8.622629e-02
0.000000e+00	6.377068e-01	1.955634e-01	5.371281e-01	6.569853e-01	2.873278e-01	9.224115e-01	9.040286e-01	8.622629e-02
1.000000e+00	6.377068e-01	1.955634e-01	5.371281e-01	9.149349e-01	3.404981e-01	4.920610e-01	9.040286e-01	8.622629e-02
0.000000e+00	6.377068e-01	1.955634e-01	5.371281e-01	9.149349e-01	3.404981e-01	9.224115e-01	7.928833e-01	4.538229e-01
1.000000e+00	6.377068e-01	5.029146e-01	7.386790e-01	6.569853e-01	2.873278e-01	4.920610e-01	7.928833e-01	4.538229e-01
1.000000e+00	4.573596e-01	1.955634e-01	5.371281e-01	6.569853e-01	2.873278e-01	4.920610e-01	7.928833e-01	4.538229e-01
1.000000e+00	4.573596e-01	5.029146e-01	7.386790e-01	9.149349e-01	3.404981e-01	4.920610e-01	7.928833e-01	4.538229e-01
0.000000e+00	4.573596e-01	5.029146e-01	7.386790e-01	6.569853e-01	2.873278e-01	9.224115e-01	7.928833e-01	4.538229e-01
0.000000e+00	4.573596e-01	5.029146e-01	7.386790e-01	6.569853e-01	2.873278e-01	4.920610e-01	9.040286e-01	8.622629e-02
1.000000e+00	4.573596e-01	5.029146e-01	7.386790e-01	6.569853e-01	2.873278e-01	4.920610e-01	7.928833e-01	4.538229e-01
0.000000e+00	6.035042e-01	5.357425e-01	9.363425e-01	7.945087e-01	4.694951e-01	6.799295e-01	8.467603e-02	5.054939e-01
0.000000e+00	5.968707e-01	5.357425e-01	9.363425e-01	7.945087e-01	4.694951e-01	6.799295e-01	8.467603e-02	5.054939e-01
1.000000e+00	6.035042e-01	3.985201e-01	1.325275e-01	7.945087e-01	4.694951e-01	6.799295e-01	8.467603e-02	5.054939e-01
0.000000e+00	6.035042e-01	5.357425e-01	9.363425e-01	5.403669e-01	5.943778e-01	6.799295e-01	8.467603e-02	5.054939e-01
1.600000e+01	6.035042e-01	5.357425e-01	9.363425e-01	7.945087e-01	4.694951e-01	1.639691e-01	8.467603e-02	5.054939e-01
0.000000e+00	6.035042e-01	5.357425e-01	9.363425e-01	7.945087e-01	4.694951e-01	6.799295e-01	9.847722e-01	2.569765e-01
1.100000e+01	6.035042e-01	3.985201e-01	1.325275e-01	5.403669e-01	5.943778e-01	1.639691e-01	9.847722e-01	2.569765e-01
1.700000e+01	5.968707e-01	5.357425e-01	9.363425e-01	5.403669e-01	5.943778e-01	1.639691e-01	9.847722e-01	2.569765e-01
1.700000e+01	5.968707e-01	3.985201e-01	1.325275e-01	7.945087e-01	4.694951e-01	1.639691e-01	9.847722e-01	2.569765e-01
3.000000e+00	5.968707e-01	3.985201e-01	1.325275e-01	5.403669e-01	5.943778e-01	6.799295e-01	9.847722e-01	2.569765e-01
1.000000e+01	5.968707e-01	3.985201e-01	1.325275e-01	5.403669e-01	5.943778e-01	1.639691e-01	8.467603e-02	5.054939e-01
1.200000e+01	5.968707e-01	3.985201e-01	1.325275e-01	5.403669e-01	5.943778e-01	1.639691e-01	9.847722e-01	2.569765e-01
1.000000e+00	8.123045e-02	6.773694e-02	4.688936e-01	2.413735e-01	8.818102e-01	4.180811e-01	8.017243e-01	1.446315e-01
1.000000e+00	3.376377e-01	6.773694e-02	4.688936e-01	2.413735e-01	8.818102e-01	4.180811e-01	8.017243e-01	1.446315e-01
1.000000e+00	8.123045e-02	9.317146e-01	6.229194e-01	2.413735e-01	8.818102e-01	4.180811e-01	8.017243e-01	1.446315e-01
1.000000e+00	8.123045e-02	6.773694e-02	4.688936e-01	1.846613e-02	4.121843e-01	4.180811e-01	8.017243e-01	1.446315e-01
0.000000e+00	8.123045e-02	6.773694e-02	4.688936e-01	2.413735e-01	8.818102e-01	9.004754e-01	8.017243e-01	1.446315e-01
3.000000e+00	8.123045e-02	6.773694e-02	4.688936e-01	2.413735e-01	8.818102e-01	4.180811e-01	4.299358e-01	6.209090e-01
0.000000e+00	8.123045e-02	9.317146e-01	6.229194e-01	1.846613e-02	4.121843e-01	9.004754e-01	4.299358e-01	6.209090e-01
0.000000e+00	3.376377e-01	6.773694e-02	4.688936e-01	1.846613e-02	4.121843e-01	9.004754e-01	4.299358e-01	6.209090e-01
0.000000e+00	3.376377e-01	9.317146e-01	6.229194e-01	2.413735e-01	8.818102e-01	9.004754e-01	4.299358e-01	6.209090e-01
2.000000e+00	3.376377e-01	9.317146e-01	6.229194e-01	1.846613e-02	4.121843e-01	4.180811e-01	4.299358e-01	6.209090e-01
0.000000e+00	3.376377e-01	9.317146e-01	6.229194e-01	1.846613e-02	4.121843e-01	9.004754e-01	8.017243e-01	1.446315e-01
0.000000e+00	3.376377e-01	9.317146e-01	6.229194e-01	1.846613e-02	4.121843e-01	9.004754e-01	4.299358e-01	6.209090e-01
3.100000e+01	4.304923e-01	8.014109e-01	6.770532e-01	5.415141e-01	5.831264e-01	3.390924e-02	2.752780e-01	3.152934e-01
3.000000e+01	4.947527e-02	8.014109e-01	6.770532e-01	5.415141e-01	5.831264e-01	3.390924e-02	2.752780e-01	3.152934e-01
3.200000e+01	4.304923e-01	7.018660e-01	7.593423e-01	5.415141e-01	5.831264e-01	3.390924e-02	2.752780e-01	3.152934e-01
3.600000e+01	4.304923e-01	8.014109e-01	6.770532e-01	3.209816e-01	9.353942e-01	3.390924e-02	2.752780e-01	3.152934e-01
0.000000e+00	4.304923e-01	8.014109e-01	6.770532e-01	5.415141e-01	5.831264e-01	2.832701e-01	2.752780e-01	3.152934e-01
4.000000e+01	4.304923e-01	8.014109e-01	6.770532e-01	5.415141e-01	5.831264e-01	3.390924e-02	1.251051e-01	2.121807e-01
3.000000e+00	4.304923e-01	7.018660e-01	7.593423e-01	3.209816e-01	9.353942e-01	2.832701e-01	1.251051e-01	2.121807e-01
1.000000e+01	4.947527e-02	8.014109e-01	6.770532e-01	3.209816e-01	9.353942e-01	2.832701e-01	1.251051e-01	2.121807e-01
1.000000e+00	4.947527e-02	7.018660e-01	7.593423e-01	5.415141e-01	5.831264e-01	2.832701e-01	1.251051e-01	2.121807e-01
3.000000e+01	4.947527e-02	7.018660e-01	7.593423e-01	3.209816e-01	9.353942e-01	3.390924e-02	1.251051e-01	2.121807e-01
7.000000e+00	4.947527e-02	7.018660e-01	7.593423e-01	3.209816e-01	9.353942e-01	2.832701e-01	2.752780e-01	3.152934e-01
5.000000e+00	4.947527e-02	7.018660e-01	7.593423e-01	3.209816e-01	9.353942e-01	2.832701e-01	1.251051e-01	2.121807e-01
1.000000e+00	8.769604e-01	3.333757e-01	2.301950e-01	4.846025e-01	4.994595e-02	8.033260e-01	6.207278e-01	9.564445e-01
1.000000e+00	7.579578e-01	3.333757e-01	2.301950e-01	4.846025e-01	4.994595e-02	8.033260e-01	6.207278e-01	9.564445e-01
1.000000e+00	8.769604e-01	2.311525e-01	4.882615e-01	4.846025e-01	4.994595e-02	8.033260e-01	6.207278e-01	9.564445e-01
1.000000e+00	8.769604e-01	3.333757e-01	2.301950e-01	8.623743e-01	1.204863e-01	8.033260e-01	6.207278e-01	9.564445e-01
2.000000e+00	8.769604e-01	3.333757e-01	2.301950e-01	4.846025e-01	4.994595e-02	5.311284e-01	6.207278e-01	9.564445e-01
1.000000e+00	8.769604e-01	3.333757e-01	2.301950e-01	4.846025e-01	4.994595e-02	8.033260e-01	6.955060e-01	9.117991e-01
4.000000e+00	8.769604e-01	2.311525e-01	4.882615e-01	8.623743e-01	1.204863e-01	5.311284e-01	6.955060e-01	9.117991e-01
6.000000e+00	7.579578e-01	3.333757e-01	2.301950e-01	8.623743e-01	1.204863e-01	5.311284e-01	6.955060e-01	9.117991e-01
2.000000e+00	7.579578e-01	2.311525e-01	4.882615e-01	4.846025e-01	4.994595e-02	5.311284e-01	6.955060e-01	9.117991e-01
2.000000e+00	7.579578e-01	2.311525e-01	4.882615e-01	8.623743e-01	1.204863e-01	8.033260e-01	6.955060e-01	9.117991e-01
3.000000e+00	7.579578e-01	2.311525e-01	4.882615e-01	8.623743e-01	1.204863e-01	5.311284e-01	6.207278e-01	9.564445e-01
2.000000e+00	7.579578e-01	2.311525e-01	4.882615e-01	8.623743e-01	1.204863e-01	5.311284e-01	6.955060e-01	9.117991e-01
0.000000e+00	9.849022e-01	6.967752e-01	7.395999e-01	1.268415e-01	6.563924e-01	9.724455e-01	3.514002e-02	5.877256e-01
0.000000e+00	5.514786e-01	6.967752e-01	7.395999e-01	1.268415e-01	6.563924e-01	9.724455e-01	3.514002e-02	5.877256e-01
0.000000e+00	9.849022e-01	5.943158e-01	4.109426e-01	1.268415e-01	6.563924e-01	9.724455e-01	3.514002e-02	5.877256e-01
0.000000e+00	9.849022e-01	6.967752e-01	7.395999e-01	8.876784e-01	4.486022e-01	9.724455e-01	3.514002e-02	5.877256e-01
0.000000e+00	9.849022e-01	6.967752e-01	7.395999e-01	1.268415e-01	6.563924e-01	3.162304e-01	3.514002e-02	5.877256e-01
0.000000e+00	9.849022e-01	6.967752e-01	7.395999e-01	1.268415e-01	6.563924e-01	9.724455e-01	2.817934e-01	3.229809e-01
0.000000e+00	9.849022e-01	5.943158e-01	4.109426e-01	8.876784e-01	4.486022e-01	3.162304e-01	2.817934e-01	3.229809e-01
1.000000e+00	5.514786e-01	6.967752e-01	7.395999e-01	8.876784e-01	4.486022e-01	3.162304e-01	2.817934e-01	3.229809e-01
1.000000e+00	5.514786e-01	5.943158e-01	4.109426e-01	1.268415e-01	6.563924e-01	3.162304e-01	2.817934e-01	3.229809e-01
0.000000e+00	5.514786e-01	5.943158e-01	4.109426e-01	8.876784e-01	4.486022e-01	9.724455e-01	2.817934e-01	3.229809e-01
5.000000e+00	5.514786e-01	5.943158e-01	4.109426e-01	8.876784e-01	4.486022e-01	3.162304e-01	3.514002e-02	5.877256e-01
3.000000e+00	5.514786e-01	5.943158e-01	4.109426e-01	8.876784e-01	4.486022e-01	3.162304e-01	2.817934e-01	3.229809e-01
4.000000e+00	4.476056e-01	1.647722e-01	1.676507e-01	8.392170e-01	1.934787e-01	2.421065e-01	8.141855e-01	1.957351e-01
5.000000e+00	2.638910e-01	1.647722e-01	1.676507e-01	8.392170e-01	1.934787e-01	2.421065e-01	8.141855e-01	1.957351e-01
6.000000e+00	4.476056e-01	6.501240e-02	8.424299e-01	8.392170e-01	1.934787e-01	2.421065e-01	8.141855e-01	1.957351e-01
5.000000e+00	4.476056e-01	1.647722e-01	1.676507e-01	4.289805e-01	5.135857e-01	2.421065e-01	8.141855e-01	1.957351e-01
0.000000e+00	4.476056e-01	1.647722e-01	1.676507e-01	8.392170e-01	1.934787e-01	6.231703e-01	8.141855e-01	1.957351e-01
1.000000e+01	4.476056e-01	1.647722e-01	1.676507e-01	8.392170e-01	1.934787e-01	2.421065e-01	8.522006e-01	5.530425e-01
1.000000e+00	4.476056e-01	6.501240e-02	8.424299e-01	4.289805e-01	5.135857e-01	6.231703e-01	8.522006e-01	5.530425e-01
0.000000e+00	2.638910e-01	1.647722e-01	1.676507e-01	4.289805e-01	5.135857e-01	6.231703e-01	8.522006e-01	5.530425e-01
1.000000e+00	2.638910e-01	6.501240e-02	8.424299e-01	8.392170e-01	1.934787e-01	6.231703e-01	8.522006e-01	5.530425e-01
1.100000e+01	2.638910e-01	6.501240e-02	8.424299e-01	4.289805e-01	5.135857e-01	2.421065e-01	8.522006e-01	5.530425e-01
0.000000e+00	2.638910e-01	6.501240e-02	8.424299e-01	4.289805e-01	5.135857e-01	6.231703e-01	8.141855e-01	1.957351e-01
1.000000e+00	2.638910e-01	6.501240e-02	8.424299e-01	4.289805e-01	5.135857e-01	6.231703e-01	8.522006e-01	5.530425e-01
0.000000e+00	3.285892e-02	9.621727e-01	9.987957e-01	3.817892e-01	2.714579e-01	3.684641e-01	3.561272e-01	2.799407e-01
0.000000e+00	9.880627e-02	9.621727e-01	9.987957e-01	3.817892e-01	2.714579e-01	3.684641e-01	3.561272e-01	2.799407e-01
1.000000e+00	3.285892e-02	3.029330e-01	5.419098e-01	3.817892e-01	2.714579e-01	3.684641e-01	3.561272e-01	2.799407e-01
1.000000e+00	3.285892e-02	9.621727e-01	9.987957e-01	2.314492e-01	2.165694e-02	3.684641e-01	3.561272e-01	2.799407e-01
5.000000e+00	3.285892e-02	9.621727e-01	9.987957e-01	3.817892e-01	2.714579e-01	1.935119e-01	3.561272e-01	2.799407e-01
0.000000e+00	3.285892e-02	9.621727e-01	9.987957e-01	3.817892e-01	2.714579e-01	3.684641e-01	5.790934e-01	1.453657e-01
1.000000e+00	3.285892e-02	3.029330e-01	5.419098e-01	2.314492e-01	2.165694e-02	1.935119e-01	5.790934e-01	1.453657e-01
1.000000e+00	9.880627e-02	9.621727e-01	9.987957e-01	2.314492e-01	2.165694e-02	1.935119e-01	5.790934e-01	1.453657e-01
3.000000e+00	9.880627e-02	3.029330e-01	5.419098e-01	3.817892e-01	2.714579e-01	1.935119e-01	5.790934e-01	1.453657e-01
1.000000e+00	9.880627e-02	3.029330e-01	5.419098e-01	2.314492e-01	2.165694e-02	3.684641e-01	5.790934e-01	1.453657e-01
1.000000e+00	9.880627e-02	3.029330e-01	5.419098e-01	2.314492e-01	2.165694e-02	1.935119e-01	3.561272e-01	2.799407e-01
1.000000e+00	9.880627e-02	3.029330e-01	5.419098e-01	2.314492e-01	2.165694e-02	1.935119e-01	5.790934e-01	1.453657e-01
5.000000e+00	5.268205e-01	4.302014e-01	4.064388e-01	5.901287e-01	8.630486e-01	6.068598e-01	5.145835e-01	8.897199e-01
6.000000e+00	8.433944e-01	4.302014e-01	4.064388e-01	5.901287e-01	8.630486e-01	6.068598e-01	5.145835e-01	8.897199e-01
3.000000e+00	5.268205e-01	7.697249e-01	2.036199e-01	5.901287e-01	8.630486e-01	6.068598e-01	5.145835e-01	8.897199e-01
7.000000e+00	5.268205e-01	4.302014e-01	4.064388e-01	7.097020e-01	9.537126e-01	6.068598e-01	5.145835e-01	8.897199e-01
1.000000e+00	5.268205e-01	4.302014e-01	4.064388e-01	5.901287e-01	8.630486e-01	9.959347e-01	5.145835e-01	8.897199e-01
0.000000e+00	5.268205e-01	4.302014e-01	4.064388e-01	5.901287e-01	8.630486e-01	6.068598e-01	2.424972e-02	9.767531e-01
0.000000e+00	5.268205e-01	7.697249e-01	2.036199e-01	7.097020e-01	9.537126e-01	9.959347e-01	2.424972e-02	9.767531e-01
0.000000e+00	8.433944e-01	4.302014e-01	4.064388e-01	7.097020e-01	9.537126e-01	9.959347e-01	2.424972e-02	9.767531e-01
0.000000e+00	8.433944e-01	7.697249e-01	2.036199e-01	5.901287e-01	8.630486e-01	9.959347e-01	2.424972e-02	9.767531e-01
2.000000e+00	8.433944e-01	7.697249e-01	2.036199e-01	7.097020e-01	9.537126e-01	6.068598e-01	2.424972e-02	9.767531e-01
0.000000e+00	8.433944e-01	7.697249e-01	2.036199e-01	7.097020e-01	9.537126e-01	9.959347e-01	5.145835e-01	8.897199e-01
0.000000e+00	8.433944e-01	7.697249e-01	2.036199e-01	7.097020e-01	9.537126e-01	9.959347e-01	2.424972e-02	9.767531e-01
0.000000e+00	7.495454e-01	8.323931e-01	5.556118e-02	7.121494e-01	9.528040e-01	8.494854e-01	4.432450e-01	4.560288e-01
3.000000e+00	2.273208e-01	8.323931e-01	5.556118e-02	7.121494e-01	9.528040e-01	8.494854e-01	4.432450e-01	4.560288e-01
1.000000e+00	7.495454e-01	1.395088e-01	6.595333e-01	7.121494e-01	9.528040e-01	8.494854e-01	4.432450e-01	4.560288e-01
0.000000e+00	7.495454e-01	8.323931e-01	5.556118e-02	5.929300e-01	1.465135e-01	8.494854e-01	4.432450e-01	4.560288e-01
6.000000e+00	7.495454e-01	8.323931e-01	5.556118e-02	7.121494e-01	9.528040e-01	6.679042e-01	4.432450e-01	4.560288e-01
0.000000e+00	7.495454e-01	8.323931e-01	5.556118e-02	7.121494e-01	9.528040e-01	8.494854e-01	1.907553e-01	8.121485e-01
0.000000e+00	7.495454e-01	1.395088e-01	6.595333e-01	5.929300e-01	1.465135e-01	6.679042e-01	1.907553e-01	8.121485e-01
0.000000e+00	2.273208e-01	8.323931e-01	5.556118e-02	5.929300e-01	1.465135e-01	6.679042e-01	1.907553e-01	8.121485e-01
4.000000e+00	2.273208e-01	1.395088e-01	6.595333e-01	7.121494e-01	9.528040e-01	6.679042e-01	1.907553e-01	8.121485e-01
0.000000e+00	2.273208e-01	1.395088e-01	6.595333e-01	5.929300e-01	1.465135e-01	8.494854e-01	1.907553e-01	8.121485e-01
0.000000e+00	2.273208e-01	1.395088e-01	6.595333e-01	5.929300e-01	1.465135e-01	6.679042e-01	4.432450e-01	4.560288e-01
0.000000e+00	2.273208e-01	1.395088e-01	6.595333e-01	5.929300e-01	1.465135e-01	6.679042e-01	1.907553e-01	8.121485e-01
1.700000e+01	1.927328e-01	3.023516e-01	5.996712e-01	2.534361e-01	4.155952e-01	1.113185e-01	6.636978e-01	8.156862e-01
1.500000e+01	9.553584e-01	3.023516e-01	5.996712e-01	2.534361e-01	4.155952e-01	1.113185e-01	6.636978e-01	8.156862e-01
1.300000e+01	1.927328e-01	6.688144e-01	8.712532e-02	2.534361e-01	4.155952e-01	1.113185e-01	6.636978e-01	8.156862e-01
8.000000e+00	1.927328e-01	3.023516e-01	5.996712e-01	9.822145e-02	8.287986e-01	1.113185e-01	6.636978e-01	8.156862e-01
8.000000e+00	1.927328e-01	3.023516e-01	5.996712e-01	2.534361e-01	4.155952e-01	3.966012e-01	6.636978e-01	8.156862e-01
6.000000e+00	1.927328e-01	3.023516e-01	5.996712e-01	2.534361e-01	4.155952e-01	1.113185e-01	6.362168e-01	6.570663e-02
0.000000e+00	1.927328e-01	6.688144e-01	8.712532e-02	9.822145e-02	8.287986e-01	3.966012e-01	6.362168e-01	6.570663e-02
0.000000e+00	9.553584e-01	3.023516e-01	5.996712e-01	9.822145e-02	8.287986e-01	3.966012e-01	6.362168e-01	6.570663e-02
0.000000e+00	9.553584e-01	6.688144e-01	8.712532e-02	2.534361e-01	4.155952e-01	3.966012e-01	6.362168e-01	6.570663e-02
6.000000e+00	9.553584e-01	6.688144e-01	8.712532e-02	9.822145e-02	8.287986e-01	1.113185e-01	6.362168e-01	6.570663e-02
3.000000e+00	9.553584e-01	6.688144e-01	8.712532e-02	9.822145e-02	8.287986e-01	3.966012e-01	6.636978e-01	8.156862e-01
0.000000e+00	9.553584e-01	6.688144e-01	8.712532e-02	9.822145e-02	8.287986e-01	3.966012e-01	6.362168e-01	6.570663e-02
0.000000e+00	2.955595e-01	5.667816e-01	3.002658e-01	9.669674e-01	1.195969e-01	4.993633e-01	1.354566e-01	6.460162e-01
0.000000e+00	6.810205e-01	5.667816e-01	3.002658e-01	9.669674e-01	1.195969e-01	4.993633e-01	1.354566e-01	6.460162e-01
0.000000e+00	2.955595e-01	9.614075e-01	2.944069e-01	9.669674e-01	1.195969e-01	4.993633e-01	1.354566e-01	6.460162e-01
0.000000e+00	2.955595e-01	5.667816e-01	3.002658e-01	3.113538e-01	3.236876e-01	4.993633e-01	1.354566e-01	6.460162e-01
0.000000e+00	2.955595e-01	5.667816e-01	3.002658e-01	9.669674e-01	1.195969e-01	7.950174e-01	1.354566e-01	6.460162e-01
2.000000e+00	2.955595e-01	5.667816e-01	3.002658e-01	9.669674e-01	1.195969e-01	4.993633e-01	9.249533e-01	7.204700e-01
1.000000e+00	2.955595e-01	9.614075e-01	2.944069e-01	3.113538e-01	3.236876e-01	7.950174e-01	9.249533e-01	7.204700e-01
1.000000e+00	6.810205e-01	5.667816e-01	3.002658e-01	3.113538e-01	3.236876e-01	7.950174e-01	9.249533e-01	7.204700e-01
1.000000e+00	6.810205e-01	9.614075e-01	2.944069e-01	9.669674e-01	1.195969e-01	7.950174e-01	9.249533e-01	7.204700e-01
5.000000e+00	6.810205e-01	9.614075e-01	2.944069e-01	3.113538e-01	3.236876e-01	4.993633e-01	9.249533e-01	7.204700e-01
0.000000e+00	6.810205e-01	9.614075e-01	2.944069e-01	3.113538e-01	3.236876e-01	7.950174e-01	1.354566e-01	6.460162e-01
1.000000e+00	6.810205e-01	9.614075e-01	2.944069e-01	3.113538e-01	3.236876e-01	7.950174e-01	9.249533e-01	7.204700e-01
0.000000e+00	7.699746e-01	3.677029e-02	8.569863e-01	4.477454e-03	5.276396e-01	7.299617e-01	9.775058e-01	4.147467e-03
0.000000e+00	3.787338e-01	3.677029e-02	8.569863e-01	4.477454e-03	5.276396e-01	7.299617e-01	9.775058e-01	4.147467e-03
0.000000e+00	7.699746e-01	4.946211e-01	9.600340e-01	4.477454e-03	5.276396e-01	7.299617e-01	9.775058e-01	4.147467e-03
0.000000e+00	7.699746e-01	3.677029e-02	8.569863e-01	7.553049e-01	6.384428e-01	7.299617e-01	9.775058e-01	4.147467e-03
3.000000e+00	7.699746e-01	3.677029e-02	8.569863e-01	4.477454e-03	5.276396e-01	1.944240e-02	9.775058e-01	4.147467e-03
1.000000e+00	7.699746e-01	3.677029e-02	8.569863e-01	4.477454e-03	5.276396e-01	7.299617e-01	4.951774e-01	4.034792e-01
4.400000e+01	7.699746e-01	4.946211e-01	9.600340e-01	7.553049e-01	6.384428e-01	1.944240e-02	4.951774e-01	4.034792e-01
3.800000e+01	3.787338e-01	3.677029e-02	8.569863e-01	7.553049e-01	6.384428e-01	1.944240e-02	4.951774e-01	4.034792e-01
1.700000e+01	3.787338e-01	4.946211e-01	9.600340e-01	4.477454e-03	5.276396e-01	1.944240e-02	4.951774e-01	4.034792e-01
0.000000e+00	3.787338e-01	4.946211e-01	9.600340e-01	7.553049e-01	6.384428e-01	7.299617e-01	4.951774e-01	4.034792e-01
3.700000e+01	3.787338e-01	4.946211e-01	9.600340e-01	7.553049e-01	6.384428e-01	1.944240e-02	9.775058e-01	4.147467e-03
4.500000e+01	3.787338e-01	4.946211e-01	9.600340e-01	7.553049e-01	6.384428e-01	1.944240e-02	4.951774e-01	4.034792e-01
2.700000e+01	8.036182e-01	6.118811e-01	1.492684e-01	5.184958e-01	3.456959e-01	6.738755e-02	7.456167e-01	6.702351e-01
2.300000e+01	3.058295e-01	6.118811e-01	1.492684e-01	5.184958e-01	3.456959e-01	6.738755e-02	7.456167e-01	6.702351e-01
2.000000e+01	8.036182e-01	8.779076e-01	9.820121e-01	5.184958e-01	3.456959e-01	6.738755e-02	7.456167e-01	6.702351e-01
1.300000e+01	8.036182e-01	6.118811e-01	1.492684e-01	5.216053e-01	6.400463e-02	6.738755e-02	7.456167e-01	6.702351e-01
1.700000e+01	8.036182e-01	6.118811e-01	1.492684e-01	5.184958e-01	3.456959e-01	1.336850e-01	7.456167e-01	6.702351e-01
2.600000e+01	8.036182e-01	6.118811e-01	1.492684e-01	5.184958e-01	3.456959e-01	6.738755e-02	8.255040e-01	8.410598e-01
7.000000e+00	8.036182e-01	8.779076e-01	9.820121e-01	5.216053e-01	6.400463e-02	1.336850e-01	8.255040e-01	8.410598e-01
7.000000e+00	3.058295e-01	6.118811e-01	1.492684e-01	5.216053e-01	6.400463e-02	1.336850e-01	8.255040e-01	8.410598e-01
1.600000e+01	3.058295e-01	8.779076e-01	9.820121e-01	5.184958e-01	3.456959e-01	1.336850e-01	8.255040e-01	8.410598e-01
1.300000e+01	3.058295e-01	8.779076e-01	9.820121e-01	5.216053e-01	6.400463e-02	6.738755e-02	8.255040e-01	8.410598e-01
6.000000e+00	3.058295e-01	8.779076e-01	9.820121e-01	5.216053e-01	6.400463e-02	1.336850e-01	7.456167e-01	6.702351e-01
1.000000e+01	3.058295e-01	8.779076e-01	9.820121e-01	5.216053e-01	6.400463e-02	1.336850e-01	8.255040e-01	8.410598e-01
0.000000e+00	2.619196e-01	1.888096e-02	6.935306e-01	4.455929e-01	7.575838e-01	8.292360e-01	4.001487e-01	6.240993e-02
0.000000e+00	5.035586e-01	1.888096e-02	6.935306e-01	4.455929e-01	7.575838e-01	8.292360e-01	4.001487e-01	6.240993e-02
0.000000e+00	2.619196e-01	4.072151e-01	2.734347e-01	4.455929e-01	7.575838e-01	8.292360e-01	4.001487e-01	6.240993e-02
0.000000e+00	2.619196e-01	1.888096e-02	6.935306e-01	4.456555e-02	8.820699e-01	8.292360e-01	4.001487e-01	6.240993e-02
0.000000e+00	2.619196e-01	1.888096e-02	6.935306e-01	4.455929e-01	7.575838e-01	9.268380e-01	4.001487e-01	6.240993e-02
0.000000e+00	2.619196e-01	1.888096e-02	6.935306e-01	4.455929e-01	7.575838e-01	8.292360e-01	2.553476e-01	3.304122e-02
0.000000e+00	2.619196e-01	4.072151e-01	2.734347e-01	4.456555e-02	8.820699e-01	9.268380e-01	2.553476e-01	3.304122e-02
0.000000e+00	5.035586e-01	1.888096e-02	6.935306e-01	4.456555e-02	8.820699e-01	9.268380e-01	2.553476e-01	3.304122e-02
0.000000e+00	5.035586e-01	4.072151e-01	2.734347e-01	4.455929e-01	7.575838e-01	9.268380e-01	2.553476e-01	3.304122e-02
0.000000e+00	5.035586e-01	4.072151e-01	2.734347e-01	4.456555e-02	8.820699e-01	8.292360e-01	2.553476e-01	3.304122e-02
0.000000e+00	5.035586e-01	4.072151e-01	2.734347e-01	4.456555e-02	8.820699e-01	9.268380e-01	4.001487e-01	6.240993e-02
0.000000e+00	5.035586e-01	4.072151e-01	2.734347e-01	4.456555e-02	8.820699e-01	9.268380e-01	2.553476e-01	3.304122e-02
1.000000e+00	2.263499e-01	8.463604e-01	3.938149e-01	7.713682e-01	7.071623e-01	7.182897e-01	9.265970e-01	4.777160e-01
2.000000e+00	8.522371e-01	8.463604e-01	3.938149e-01	7.713682e-01	7.071623e-01	7.182897e-01	9.265970e-01	4.777160e-01
2.000000e+00	2.263499e-01	2.073762e-01	9.735441e-02	7.713682e-01	7.071623e-01	7.182897e-01	9.265970e-01	4.777160e-01
1.000000e+00	2.263499e-01	8.463604e-01	3.938149e-01	3.670853e-01	4.032938e-01	7.182897e-01	9.265970e-01	4.777160e-01
1.300000e+01	2.263499e-01	8.463604e-01	3.938149e-01	7.713682e-01	7.071623e-01	2.627666e-01	9.265970e-01	4.777160e-01
2.000000e+00	2.263499e-01	8.463604e-01	3.938149e-01	7.713682e-01	7.071623e-01	7.182897e-01	5.970483e-02	6.282957e-01
3.000000e+00	2.263499e-01	2.073762e-01	9.735441e-02	3.670853e-01	4.032938e-01	2.627666e-01	5.970483e-02	6.282957e-01
1.000000e+00	8.522371e-01	8.463604e-01	3.938149e-01	3.670853e-01	4.032938e-01	2.627666e-01	5.970483e-02	6.282957e-01
9.000000e+00	8.522371e-01	2.073762e-01	9.735441e-02	7.713682e-01	7.071623e-01	2.627666e-01	5.970483e-02	6.282957e-01
0.000000e+00	8.522371e-01	2.073762e-01	9.735441e-02	3.670853e-01	4.032938e-01	7.182897e-01	5.970483e-02	6.282957e-01
8.000000e+00	8.522371e-01	2.073762e-01	9.735441e-02	3.670853e-01	4.032938e-01	2.627666e-01	9.265970e-01	4.777160e-01
1.000000e+00	8.522371e-01	2.073762e-01	9.735441e-02	3.670853e-01	4.032938e-01	2.627666e-01	5.970483e-02	6.282957e-01
1.000000e+00	7.159246e-01	2.533310e-01	9.508706e-01	2.024861e-01	1.739208e-01	4.488729e-01	2.095631e-01	8.677524e-01
1.000000e+00	8.032005e-02	2.533310e-01	9.508706e-01	2.024861e-01	1.739208e-01	4.488729e-01	2.095631e-01	8.677524e-01
1.000000e+00	7.159246e-01	7.405877e-01	6.502496e-01	2.024861e-01	1.739208e-01	4.488729e-01	2.095631e-01	8.677524e-01
3.000000e+00	7.159246e-01	2.533310e-01	9.508706e-01	8.245549e-01	5.881891e-01	4.488729e-01	2.095631e-01	8.677524e-01
0.000000e+00	7.159246e-01	2.533310e-01	9.508706e-01	2.024861e-01	1.739208e-01	5.477414e-01	2.095631e-01	8.677524e-01
1.000000e+00	7.159246e-01	2.533310e-01	9.508706e-01	2.024861e-01	1.739208e-01	4.488729e-01	6.142977e-01	4.997127e-01
3.000000e+00	7.159246e-01	7.405877e-01	6.502496e-01	8.245549e-01	5.881891e-01	5.477414e-01	6.142977e-01	4.997127e-01
4.000000e+00	8.032005e-02	2.533310e-01	9.508706e-01	8.245549e-01	5.881891e-01	5.477414e-01	6.142977e-01	4.997127e-01
1.000000e+00	8.032005e-02	7.405877e-01	6.502496e-01	2.024861e-01	1.739208e-01	5.477414e-01	6.142977e-01	4.997127e-01
5.000000e+00	8.032005e-02	7.405877e-01	6.502496e-01	8.245549e-01	5.881891e-01	4.488729e-01	6.142977e-01	4.997127e-01
1.000000e+00	8.032005e-02	7.405877e-01	6.502496e-01	8.245549e-01	5.881891e-01	5.477414e-01	2.095631e-01	8.677524e-01
4.000000e+00	8.032005e-02	7.405877e-01	6.502496e-01	8.245549e-01	5.881891e-01	5.477414e-01	6.142977e-01	4.997127e-01
6.000000e+00	5.565388e-01	9.840751e-01	5.833949e-01	7.244688e-02	1.410128e-02	1.905155e-01	7.789127e-01	2.866197e-01
1.000000e+00	9.739815e-01	9.840751e-01	5.833949e-01	7.244688e-02	1.410128e-02	1.905155e-01	7.789127e-01	2.866197e-01
4.000000e+00	5.565388e-01	3.561593e-01	2.285386e-01	7.244688e-02	1.410128e-02	1.905155e-01	7.789127e-01	2.866197e-01
9.000000e+00	5.565388e-01	9.840751e-01	5.833949e-01	9.431656e-01	2.781508e-01	1.905155e-01	7.789127e-01	2.866197e-01
0.000000e+00	5.565388e-01	9.840751e-01	5.833949e-01	7.244688e-02	1.410128e-02	8.445826e-01	7.789127e-01	2.866197e-01
3.000000e+00	5.565388e-01	9.840751e-01	5.833949e-01	7.244688e-02	1.410128e-02	1.905155e-01	6.704550e-01	2.892097e-01
0.000000e+00	5.565388e-01	3.561593e-01	2.285386e-01	9.431656e-01	2.781508e-01	8.445826e-01	6.704550e-01	2.892097e-01
0.000000e+00	9.739815e-01	9.840751e-01	5.833949e-01	9.431656e-01	2.781508e-01	8.445826e-01	6.704550e-01	2.892097e-01
0.000000e+00	9.739815e-01	3.561593e-01	2.285386e-01	7.244688e-02	1.410128e-02	8.445826e-01	6.704550e-01	2.892097e-01
1.100000e+01	9.739815e-01	3.561593e-01	2.285386e-01	9.431656e-01	2.781508e-01	1.905155e-01	6.704550e-01	2.892097e-01
0.000000e+00	9.739815e-01	3.561593e-01	2.285386e-01	9.431656e-01	2.781508e-01	8.445826e-01	7.789127e-01	2.866197e-01
0.000000e+00	9.739815e-01	3.561593e-01	2.285386e-01	9.431656e-01	2.781508e-01	8.445826e-01	6.704550e-01	2.892097e-01
0.000000e+00	3.136667e-03	3.891149e-01	1.129260e-02	8.911993e-01	6.018467e-01	9.601612e-01	1.248519e-01	9.265362e-01
0.000000e+00	2.185853e-01	3.891149e-01	1.129260e-02	8.911993e-01	6.018467e-01	9.601612e-01	1.248519e-01	9.265362e-01
0.000000e+00	3.136667e-03	8.268577e-01	5.160440e-01	8.911993e-01	6.018467e-01	9.601612e-01	1.248519e-01	9.265362e-01
0.000000e+00	3.136667e-03	3.891149e-01	1.129260e-02	4.984744e-01	7.132746e-01	9.601612e-01	1.248519e-01	9.265362e-01
3.200000e+01	3.136667e-03	3.891149e-01	1.129260e-02	8.911993e-01	6.018467e-01	9.098798e-02	1.248519e-01	9.265362e-01
0.000000e+00	3.136667e-03	3.891149e-01	1.129260e-02	8.911993e-01	6.018467e-01	9.601612e-01	2.252310e-01	5.828164e-01
2.100000e+01	3.136667e-03	8.268577e-01	5.160440e-01	4.984744e-01	7.132746e-01	9.098798e-02	2.252310e-01	5.828164e-01
1.900000e+01	2.185853e-01	3.891149e-01	1.129260e-02	4.984744e-01	7.132746e-01	9.098798e-02	2.252310e-01	5.828164e-01
3.000000e+01	2.185853e-01	8.268577e-01	5.160440e-01	8.911993e-01	6.018467e-01	9.098798e-02	2.252310e-01	5.828164e-01
0.000000e+00	2.185853e-01	8.268577e-01	5.160440e-01	4.984744e-01	7.132746e-01	9.601612e-01	2.252310e-01	5.828164e-01
3.400000e+01	2.185853e-01	8.268577e-01	5.160440e-01	4.984744e-01	7.132746e-01	9.098798e-02	1.248519e-01	9.265362e-01
2.200000e+01	2.185853e-01	8.268577e-01	5.160440e-01	4.984744e-01	7.132746e-01	9.098798e-02	2.252310e-01	5.828164e-01
6.000000e+00	4.773355e-01	7.495647e-01	8.427453e-01	3.254338e-01	9.332765e-01	5.874669e-01	5.808580e-01	5.957180e-01
2.000000e+00	4.265170e-01	7.495647e-01	8.427453e-01	3.254338e-01	9.332765e-01	5.874669e-01	5.808580e-01	5.957180e-01
1.000000e+00	4.773355e-01	5.567221e-01	8.477871e-01	3.254338e-01	9.332765e-01	5.874669e-01	5.808580e-01	5.957180e-01
1.000000e+00	4.773355e-01	7.495647e-01	8.427453e-01	1.603688e-01	1.890905e-01	5.874669e-01	5.808580e-01	5.957180e-01
1.000000e+00	4.773355e-01	7.495647e-01	8.427453e-01	3.254338e-01	9.332765e-01	7.238019e-01	5.808580e-01	5.957180e-01
0.000000e+00	4.773355e-01	7.495647e-01	8.427453e-01	3.254338e-01	9.332765e-01	5.874669e-01	4.677446e-01	2.405078e-01
0.000000e+00	4.773355e-01	5.567221e-01	8.477871e-01	1.603688e-01	1.890905e-01	7.238019e-01	4.677446e-01	2.405078e-01
0.000000e+00	4.265170e-01	7.495647e-01	8.427453e-01	1.603688e-01	1.890905e-01	7.238019e-01	4.677446e-01	2.405078e-01
0.000000e+00	4.265170e-01	5.567221e-01	8.477871e-01	3.254338e-01	9.332765e-01	7.238019e-01	4.677446e-01	2.405078e-01
0.000000e+00	4.265170e-01	5.567221e-01	8.477871e-01	1.603688e-01	1.890905e-01	5.874669e-01	4.677446e-01	2.405078e-01
1.000000e+00	4.265170e-01	5.567221e-01	8.477871e-01	1.603688e-01	1.890905e-01	7.238019e-01	5.808580e-01	5.957180e-01
0.000000e+00	4.265170e-01	5.567221e-01	8.477871e-01	1.603688e-01	1.890905e-01	7.238019e-01	4.677446e-01	2.405078e-01
3.000000e+00	9.551762e-01	1.545738e-01	2.500522e-01	6.479781e-01	4.663955e-01	3.258778e-01	2.974168e-01	2.380128e-01
4.000000e+00	6.389747e-01	1.545738e-01	2.500522e-01	6.479781e-01	4.663955e-01	3.258778e-01	2.974168e-01	2.380128e-01
5.000000e+00	9.551762e-01	2.351224e-02	4.045777e-01	6.479781e-01	4.663955e-01	3.258778e-01	2.974168e-01	2.380128e-01
8.000000e+00	9.551762e-01	1.545738e-01	2.500522e-01	6.558022e-01	7.569266e-01	3.258778e-01	2.974168e-01	2.380128e-01
0.000000e+00	9.551762e-01	1.545738e-01	2.500522e-01	6.479781e-01	4.663955e-01	4.617840e-01	2.974168e-01	2.380128e-01
1.100000e+01	9.551762e-01	1.545738e-01	2.500522e-01	6.479781e-01	4.663955e-01	3.258778e-01	8.972830e-01	8.854253e-01
1.400000e+01	9.551762e-01	2.351224e-02	4.045777e-01	6.558022e-01	7.569266e-01	4.617840e-01	8.972830e-01	8.854253e-01
1.200000e+01	6.389747e-01	1.545738e-01	2.500522e-01	6.558022e-01	7.569266e-01	4.617840e-01	8.972830e-01	8.854253e-01
8.000000e+00	6.389747e-01	2.351224e-02	4.045777e-01	6.479781e-01	4.663955e-01	4.617840e-01	8.972830e-01	8.854253e-01
1.300000e+01	6.389747e-01	2.351224e-02	4.045777e-01	6.558022e-01	7.569266e-01	3.258778e-01	8.972830e-01	8.854253e-01
3.000000e+00	6.389747e-01	2.351224e-02	4.045777e-01	6.558022e-01	7.569266e-01	4.617840e-01	2.974168e-01	2.380128e-01
1.100000e+01	6.389747e-01	2.351224e-02	4.045777e-01	6.558022e-01	7.569266e-01	4.617840e-01	8.972830e-01	8.854253e-01
1.100000e+01	9.068084e-01	7.522870e-01	7.801981e-01	9.749701e-01	8.267463e-01	3.992965e-01	8.523775e-01	3.682063e-01
1.500000e+01	9.246815e-01	7.522870e-01	7.801981e-01	9.749701e-01	8.267463e-01	3.992965e-01	8.523775e-01	3.682063e-01
1.000000e+01	9.068084e-01	6.447334e-01	4.467676e-01	9.749701e-01	8.267463e-01	3.992965e-01	8.523775e-01	3.682063e-01
8.000000e+00	9.068084e-01	7.522870e-01	7.801981e-01	5.941289e-01	6.788687e-01	3.992965e-01	8.523775e-01	3.682063e-01
3.000000e+00	9.068084e-01	7.522870e-01	7.801981e-01	9.749701e-01	8.267463e-01	6.298072e-01	8.523775e-01	3.682063e-01
6.000000e+00	9.068084e-01	7.522870e-01	7.801981e-01	9.749701e-01	8.267463e-01	3.992965e-01	1.234648e-01	3.493414e-01
0.000000e+00	9.068084e-01	6.447334e-01	4.467676e-01	5.941289e-01	6.788687e-01	6.298072e-01	1.234648e-01	3.493414e-01
0.000000e+00	9.246815e-01	7.522870e-01	7.801981e-01	5.941289e-01	6.788687e-01	6.298072e-01	1.234648e-01	3.493414e-01
1.000000e+00	9.246815e-01	6.447334e-01	4.467676e-01	9.749701e-01	8.267463e-01	6.298072e-01	1.234648e-01	3.493414e-01
3.000000e+00	9.246815e-01	6.447334e-01	4.467676e-01	5.941289e-01	6.788687e-01	3.992965e-01	1.234648e-01	3.493414e-01
1.000000e+00	9.246815e-01	6.447334e-01	4.467676e-01	5.941289e-01	6.788687e-01	6.298072e-01	8.523775e-01	3.682063e-01
1.000000e+00	9.246815e-01	6.447334e-01	4.467676e-01	5.941289e-01	6.788687e-01	6.298072e-01	1.234648e-01	3.493414e-01
0.000000e+00	4.006403e-01	3.472404e-01	3.125971e-01	5.947729e-02	2.897206e-01	6.374634e-01	1.034454e-02	9.772393e-01
0.000000e+00	1.331178e-01	3.472404e-01	3.125971e-01	5.947729e-02	2.897206e-01	6.374634e-01	1.034454e-02	9.772393e-01
0.000000e+00	4.006403e-01	1.779258e-01	7.998914e-01	5.947729e-02	2.897206e-01	6.374634e-01	1.034454e-02	9.772393e-01
0.000000e+00	4.006403e-01	3.472404e-01	3.125971e-01	8.971584e-02	3.609559e-01	6.374634e-01	1.034454e-02	9.772393e-01
0.000000e+00	4.006403e-01	3.472404e-01	3.125971e-01	5.947729e-02	2.897206e-01	4.307771e-01	1.034454e-02	9.772393e-01
1.000000e+00	4.006403e-01	3.472404e-01	3.125971e-01	5.947729e-02	2.897206e-01	6.374634e-01	5.529962e-01	5.247289e-01
1.000000e+00	4.006403e-01	1.779258e-01	7.998914e-01	8.971584e-02	3.609559e-01	4.307771e-01	5.529962e-01	5.247289e-01
1.000000e+00	1.331178e-01	3.472404e-01	3.125971e-01	8.971584e-02	3.609559e-01	4.307771e-01	5.529962e-01	5.247289e-01
2.000000e+00	1.331178e-01	1.779258e-01	7.998914e-01	5.947729e-02	2.897206e-01	4.307771e-01	5.529962e-01	5.247289e-01
1.000000e+00	1.331178e-01	1.779258e-01	7.998914e-01	8.971584e-02	3.609559e-01	6.374634e-01	5.529962e-01	5.247289e-01
0.000000e+00	1.331178e-01	1.779258e-01	7.998914e-01	8.971584e-02	3.609559e-01	4.307771e-01	1.034454e-02	9.772393e-01
1.000000e+00	1.331178e-01	1.779258e-01	7.998914e-01	8.971584e-02	3.609559e-01	4.307771e-01	5.529962e-01	5.247289e-01
0.000000e+00	1.110748e-01	5.179872e-01	5.209414e-01	7.200301e-01	2.454026e-01	7.523474e-01	5.385838e-01	5.610024e-01
0.000000e+00	4.719391e-01	5.179872e-01	5.209414e-01	7.200301e-01	2.454026e-01	7.523474e-01	5.385838e-01	5.610024e-01
1.000000e+00	1.110748e-01	4.400201e-01	5.696760e-01	7.200301e-01	2.454026e-01	7.523474e-01	5.385838e-01	5.610024e-01
0.000000e+00	1.110748e-01	5.179872e-01	5.209414e-01	2.515634e-01	8.538598e-01	7.523474e-01	5.385838e-01	5.610024e-01
1.000000e+00	1.110748e-01	5.179872e-01	5.209414e-01	7.200301e-01	2.454026e-01	7.510766e-01	5.385838e-01	5.610024e-01
0.000000e+00	1.110748e-01	5.179872e-01	5.209414e-01	7.200301e-01	2.454026e-01	7.523474e-01	7.637873e-01	1.834450e-01
0.000000e+00	1.110748e-01	4.400201e-01	5.696760e-01	2.515634e-01	8.538598e-01	7.510766e-01	7.637873e-01	1.834450e-01
0.000000e+00	4.719391e-01	5.179872e-01	5.209414e-01	2.515634e-01	8.538598e-01	7.510766e-01	7.637873e-01	1.834450e-01
0.000000e+00	4.719391e-01	4.400201e-01	5.696760e-01	7.200301e-01	2.454026e-01	7.510766e-01	7.637873e-01	1.834450e-01
0.000000e+00	4.719391e-01	4.400201e-01	5.696760e-01	2.515634e-01	8.538598e-01	7.523474e-01	7.637873e-01	1.834450e-01
1.000000e+00	4.719391e-01	4.400201e-01	5.696760e-01	2.515634e-01	8.538598e-01	7.510766e-01	5.385838e-01	5.610024e-01
0.000000e+00	4.719391e-01	4.400201e-01	5.696760e-01	2.515634e-01	8.538598e-01	7.510766e-01	7.637873e-01	1.834450e-01
3.000000e+01	5.736638e-01	1.129694e-01	7.374797e-02	3.085579e-01	6.537504e-01	2.174894e-02	3.181187e-01	1.716807e-01
4.100000e+01	7.126913e-01	1.129694e-01	7.374797e-02	3.085579e-01	6.537504e-01	2.174894e-02	3.181187e-01	1.716807e-01
3.300000e+01	5.736638e-01	9.693086e-01	1.847647e-01	3.085579e-01	6.537504e-01	2.174894e-02	3.181187e-01	1.716807e-01
3.500000e+01	5.736638e-01	1.129694e-01	7.374797e-02	8.067817e-01	1.688730e-01	2.174894e-02	3.181187e-01	1.716807e-01
1.800000e+01	5.736638e-01	1.129694e-01	7.374797e-02	3.085579e-01	6.537504e-01	5.949228e-02	3.181187e-01	1.716807e-01
3.500000e+01	5.736638e-01	1.129694e-01	7.374797e-02	3.085579e-01	6.537504e-01	2.174894e-02	3.185693e-01	9.445333e-01
2.200000e+01	5.736638e-01	9.693086e-01	1.847647e-01	8.067817e-01	1.688730e-01	5.949228e-02	3.185693e-01	9.445333e-01
2.200000e+01	7.126913e-01	1.129694e-01	7.374797e-02	8.067817e-01	1.688730e-01	5.949228e-02	3.185693e-01	9.445333e-01
1.400000e+01	7.126913e-01	9.693086e-01	1.847647e-01	3.085579e-01	6.537504e-01	5.949228e-02	3.185693e-01	9.445333e-01
2.400000e+01	7.126913e-01	9.693086e-01	1.847647e-01	8.067817e-01	1.688730e-01	2.174894e-02	3.185693e-01	9.445333e-01
7.000000e+00	7.126913e-01	9.693086e-01	1.847647e-01	8.067817e-01	1.688730e-01	5.949228e-02	3.181187e-01	1.716807e-01
1.200000e+01	7.126913e-01	9.693086e-01	1.847647e-01	8.067817e-01	1.688730e-01	5.949228e-02	3.185693e-01	9.445333e-01
9.000000e+00	6.714497e-01	6.557242e-01	4.563634e-01	4.360413e-01	5.323185e-01	2.802374e-01	6.394505e-01	7.364753e-01
7.000000e+00	3.580923e-01	6.557242e-01	4.563634e-01	4.360413e-01	5.323185e-01	2.802374e-01	6.394505e-01	7.364753e-01
8.000000e+00	6.714497e-01	1.196129e-01	7.020873e-01	4.360413e-01	5.323185e-01	2.802374e-01	6.394505e-01	7.364753e-01
1.800000e+01	6.714497e-01	6.557242e-01	4.563634e-01	9.254830e-01	9.789453e-01	2.802374e-01	6.394505e-01	7.364753e-01
5.000000e+00	6.714497e-01	6.557242e-01	4.563634e-01	4.360413e-01	5.323185e-01	3.562730e-01	6.394505e-01	7.364753e-01
4.000000e+00	6.714497e-01	6.557242e-01	4.563634e-01	4.360413e-01	5.323185e-01	2.802374e-01	4.040174e-01	7.662415e-01
1.900000e+01	6.714497e-01	1.196129e-01	7.020873e-01	9.254830e-01	9.789453e-01	3.562730e-01	4.040174e-01	7.662415e-01
1.100000e+01	3.580923e-01	6.557242e-01	4.563634e-01	9.254830e-01	9.789453e-01	3.562730e-01	4.040174e-01	7.662415e-01
4.000000e+00	3.580923e-01	1.196129e-01	7.020873e-01	4.360413e-01	5.323185e-01	3.562730e-01	4.040174e-01	7.662415e-01
1.900000e+01	3.580923e-01	1.196129e-01	7.020873e-01	9.254830e-01	9.789453e-01	2.802374e-01	4.040174e-01	7.662415e-01
2.000000e+01	3.580923e-01	1.196129e-01	7.020873e-01	9.254830e-01	9.789453e-01	3.562730e-01	6.394505e-01	7.364753e-01
1.600000e+01	3.580923e-01	1.196129e-01	7.020873e-01	9.254830e-01	9.789453e-01	3.562730e-01	4.040174e-01	7.662415e-01
0.000000e+00	1.457655e-01	2.487309e-01	8.883280e-01	5.978721e-01	6.946578e-02	5.105765e-01	4.810123e-01	9.727830e-02
0.000000e+00	5.821533e-01	2.487309e-01	8.883280e-01	5.978721e-01	6.946578e-02	5.105765e-01	4.810123e-01	9.727830e-02
0.000000e+00	1.457655e-01	5.864144e-01	5.128549e-02	5.978721e-01	6.946578e-02	5.105765e-01	4.810123e-01	9.727830e-02
0.000000e+00	1.457655e-01	2.487309e-01	8.883280e-01	3.828619e-01	4.373008e-02	5.105765e-01	4.810123e-01	9.727830e-02
0.000000e+00	1.457655e-01	2.487309e-01	8.883280e-01	5.978721e-01	6.946578e-02	5.792366e-01	4.810123e-01	9.727830e-02
0.000000e+00	1.457655e-01	2.487309e-01	8.883280e-01	5.978721e-01	6.946578e-02	5.105765e-01	9.586164e-01	1.057543e-01
0.000000e+00	1.457655e-01	5.864144e-01	5.128549e-02	3.828619e-01	4.373008e-02	5.792366e-01	9.586164e-01	1.057543e-01
0.000000e+00	5.821533e-01	2.487309e-01	8.883280e-01	3.828619e-01	4.373008e-02	5.792366e-01	9.586164e-01	1.057543e-01
0.000000e+00	5.821533e-01	5.864144e-01	5.128549e-02	5.978721e-01	6.946578e-02	5.792366e-01	9.586164e-01	1.057543e-01
0.000000e+00	5.821533e-01	5.864144e-01	5.128549e-02	3.828619e-01	4.373008e-02	5.105765e-01	9.586164e-01	1.057543e-01
0.000000e+00	5.821533e-01	5.864144e-01	5.128549e-02	3.828619e-01	4.373008e-02	5.792366e-01	4.810123e-01	9.727830e-02
0.000000e+00	5.821533e-01	5.864144e-01	5.128549e-02	3.828619e-01	4.373008e-02	5.792366e-01	9.586164e-01	1.057543e-01
1.000000e+00	3.737772e-01	8.899330e-01	2.117197e-01	1.812157e-01	3.952803e-01	8.793369e-01	9.390687e-01	4.271047e-01
0.000000e+00	8.117220e-01	8.899330e-01	2.117197e-01	1.812157e-01	3.952803e-01	8.793369e-01	9.390687e-01	4.271047e-01
1.000000e+00	3.737772e-01	7.938064e-01	3.132771e-01	1.812157e-01	3.952803e-01	8.793369e-01	9.390687e-01	4.271047e-01
1.000000e+00	3.737772e-01	8.899330e-01	2.117197e-01	2.053656e-01	5.537253e-01	8.793369e-01	9.390687e-01	4.271047e-01
6.000000e+00	3.737772e-01	8.899330e-01	2.117197e-01	1.812157e-01	3.952803e-01	2.276793e-01	9.390687e-01	4.271047e-01
1.000000e+00	3.737772e-01	8.899330e-01	2.117197e-01	1.812157e-01	3.952803e-01	8.793369e-01	7.321971e-01	7.019067e-01
5.000000e+00	3.737772e-01	7.938064e-01	3.132771e-01	2.053656e-01	5.537253e-01	2.276793e-01	7.321971e-01	7.019067e-01
6.000000e+00	8.117220e-01	8.899330e-01	2.117197e-01	2.053656e-01	5.537253e-01	2.276793e-01	7.321971e-01	7.019067e-01
6.000000e+00	8.117220e-01	7.938064e-01	3.132771e-01	1.812157e-01	3.952803e-01	2.276793e-01	7.321971e-01	7.019067e-01
1.000000e+00	8.117220e-01	7.938064e-01	3.132771e-01	2.053656e-01	5.537253e-01	8.793369e-01	7.321971e-01	7.019067e-01
6.000000e+00	8.117220e-01	7.938064e-01	3.132771e-01	2.053656e-01	5.537253e-01	2.276793e-01	9.390687e-01	4.271047e-01
6.000000e+00	8.117220e-01	7.938064e-01	3.132771e-01	2.053656e-01	5.537253e-01	2.276793e-01	7.321971e-01	7.019067e-01
2.600000e+01	8.168198e-01	4.829708e-01	6.310739e-01	8.468383e-01	9.872982e-01	1.409412e-01	1.600089e-01	7.860130e-01
3.500000e+01	5.598893e-03	4.829708e-01	6.310739e-01	8.468383e-01	9.872982e-01	1.409412e-01	1.600089e-01	7.860130e-01
2.400000e+01	8.168198e-01	2.645162e-01	9.322525e-01	8.468383e-01	9.872982e-01	1.409412e-01	1.600089e-01	7.860130e-01
2.100000e+01	8.168198e-01	4.829708e-01	6.310739e-01	7.284794e-01	4.860418e-01	1.409412e-01	1.600089e-01	7.860130e-01
0.000000e+00	8.168198e-01	4.829708e-01	6.310739e-01	8.468383e-01	9.872982e-01	9.578455e-01	1.600089e-01	7.860130e-01
2.400000e+01	8.168198e-01	4.829708e-01	6.310739e-01	8.468383e-01	9.872982e-01	1.409412e-01	1.620337e-01	4.239956e-01
0.000000e+00	8.168198e-01	2.645162e-01	9.322525e-01	7.284794e-01	4.860418e-01	9.578455e-01	1.620337e-01	4.239956e-01
0.000000e+00	5.598893e-03	4.829708e-01	6.310739e-01	7.284794e-01	4.860418e-01	9.578455e-01	1.620337e-01	4.239956e-01
2.000000e+00	5.598893e-03	2.645162e-01	9.322525e-01	8.468383e-01	9.872982e-01	9.578455e-01	1.620337e-01	4.239956e-01
1.500000e+01	5.598893e-03	2.645162e-01	9.322525e-01	7.284794e-01	4.860418e-01	1.409412e-01	1.620337e-01	4.239956e-01
0.000000e+00	5.598893e-03	2.645162e-01	9.322525e-01	7.284794e-01	4.860418e-01	9.578455e-01	1.600089e-01	7.860130e-01
0.000000e+00	5.598893e-03	2.645162e-01	9.322525e-01	7.284794e-01	4.860418e-01	9.578455e-01	1.620337e-01	4.239956e-01
2.300000e+01	8.364554e-01	6.754126e-01	9.802543e-01	6.374802e-01	3.710873e-02	4.761922e-03	9.151603e-01	9.920726e-01
3.700000e+01	5.171781e-01	6.754126e-01	9.802543e-01	6.374802e-01	3.710873e-02	4.761922e-03	9.151603e-01	9.920726e-01
2.700000e+01	8.364554e-01	8.372059e-01	5.986766e-01	6.374802e-01	3.710873e-02	4.761922e-03	9.151603e-01	9.920726e-01
3.300000e+01	8.364554e-01	6.754126e-01	9.802543e-01	1.204044e-01	5.174616e-01	4.761922e-03	9.151603e-01	9.920726e-01
6.000000e+00	8.364554e-01	6.754126e-01	9.802543e-01	6.374802e-01	3.710873e-02	3.745834e-01	9.151603e-01	9.920726e-01
3.400000e+01	8.364554e-01	6.754126e-01	9.802543e-01	6.374802e-01	3.710873e-02	4.761922e-03	4.423620e-01	7.621043e-01
1.000000e+00	8.364554e-01	8.372059e-01	5.986766e-01	1.204044e-01	5.174616e-01	3.745834e-01	4.423620e-01	7.621043e-01
2.000000e+00	5.171781e-01	6.754126e-01	9.802543e-01	1.204044e-01	5.174616e-01	3.745834e-01	4.423620e-01	7.621043e-01
1.000000e+00	5.171781e-01	8.372059e-01	5.986766e-01	6.374802e-01	3.710873e-02	3.745834e-01	4.423620e-01	7.621043e-01
3.000000e+01	5.171781e-01	8.372059e-01	5.986766e-01	1.204044e-01	5.174616e-01	4.761922e-03	4.423620e-01	7.621043e-01
4.000000e+00	5.171781e-01	8.372059e-01	5.986766e-01	1.204044e-01	5.174616e-01	3.745834e-01	9.151603e-01	9.920726e-01
1.000000e+00	5.171781e-01	8.372059e-01	5.986766e-01	1.204044e-01	5.174616e-01	3.745834e-01	4.423620e-01	7.621043e-01
0.000000e+00	3.460267e-01	2.054220e-01	4.269523e-01	3.344673e-01	5.661841e-01	7.663662e-01	1.985996e-01	3.499588e-01
0.000000e+00	2.920861e-01	2.054220e-01	4.269523e-01	3.344673e-01	5.661841e-01	7.663662e-01	1.985996e-01	3.499588e-01
0.000000e+00	3.460267e-01	3.704021e-01	1.556423e-01	3.344673e-01	5.661841e-01	7.663662e-01	1.985996e-01	3.499588e-01
0.000000e+00	3.460267e-01	2.054220e-01	4.269523e-01	5.634400e-01	4.602901e-01	7.663662e-01	1.985996e-01	3.499588e-01
0.000000e+00	3.460267e-01	2.054220e-01	4.269523e-01	3.344673e-01	5.661841e-01	5.648326e-01	1.985996e-01	3.499588e-01
0.000000e+00	3.460267e-01	2.054220e-01	4.269523e-01	3.344673e-01	5.661841e-01	7.663662e-01	8.875265e-01	1.099180e-01
0.000000e+00	3.460267e-01	3.704021e-01	1.556423e-01	5.634400e-01	4.602901e-01	5.648326e-01	8.875265e-01	1.099180e-01
0.000000e+00	2.920861e-01	2.054220e-01	4.269523e-01	5.634400e-01	4.602901e-01	5.648326e-01	8.875265e-01	1.099180e-01
0.000000e+00	2.920861e-01	3.704021e-01	1.556423e-01	3.344673e-01	5.661841e-01	5.648326e-01	8.875265e-01	1.099180e-01
0.000000e+00	2.920861e-01	3.704021e-01	1.556423e-01	5.634400e-01	4.602901e-01	7.663662e-01	8.875265e-01	1.099180e-01
0.000000e+00	2.920861e-01	3.704021e-01	1.556423e-01	5.634400e-01	4.602901e-01	5.648326e-01	1.985996e-01	3.499588e-01
0.000000e+00	2.920861e-01	3.704021e-01	1.556423e-01	5.634400e-01	4.602901e-01	5.648326e-01	8.875265e-01	1.099180e-01
4.000000e+00	1.344307e-01	9.098049e-01	7.190940e-01	8.865608e-01	8.907607e-01	6.546865e-01	7.248876e-01	1.724762e-01
3.000000e+00	6.254801e-02	9.098049e-01	7.190940e-01	8.865608e-01	8.907607e-01	6.546865e-01	7.248876e-01	1.724762e-01
3.000000e+00	1.344307e-01	1.554921e-02	4.796722e-01	8.865608e-01	8.907607e-01	6.546865e-01	7.248876e-01	1.724762e-01
3.000000e+00	1.344307e-01	9.098049e-01	7.190940e-01	7.760688e-01	9.497759e-01	6.546865e-01	7.248876e-01	1.724762e-01
1.600000e+01	1.344307e-01	9.098049e-01	7.190940e-01	8.865608e-01	8.907607e-01	2.445254e-01	7.248876e-01	1.724762e-01
9.000000e+00	1.344307e-01	9.098049e-01	7.190940e-01	8.865608e-01	8.907607e-01	6.546865e-01	6.763044e-01	7.050941e-01
2.200000e+01	1.344307e-01	1.554921e-02	4.796722e-01	7.760688e-01	9.497759e-01	2.445254e-01	6.763044e-01	7.050941e-01
1.900000e+01	6.254801e-02	9.098049e-01	7.190940e-01	7.760688e-01	9.497759e-01	2.445254e-01	6.763044e-01	7.050941e-01
1.900000e+01	6.254801e-02	1.554921e-02	4.796722e-01	8.865608e-01	8.907607e-01	2.445254e-01	6.763044e-01	7.050941e-01
2.000000e+00	6.254801e-02	1.554921e-02	4.796722e-01	7.760688e-01	9.497759e-01	6.546865e-01	6.763044e-01	7.050941e-01
2.000000e+01	6.254801e-02	1.554921e-02	4.796722e-01	7.760688e-01	9.497759e-01	2.445254e-01	7.248876e-01	1.724762e-01
2.000000e+01	6.254801e-02	1.554921e-02	4.796722e-01	7.760688e-01	9.497759e-01	2.445254e-01	6.763044e-01	7.050941e-01
1.000000e+00	6.752744e-01	4.398445e-01	1.862149e-01	7.952725e-02	4.903317e-01	3.850256e-01	3.789464e-01	5.323787e-01
1.000000e+00	8.696410e-01	4.398445e-01	1.862149e-01	7.952725e-02	4.903317e-01	3.850256e-01	3.789464e-01	5.323787e-01
0.000000e+00	6.752744e-01	5.448415e-01	7.668644e-01	7.952725e-02	4.903317e-01	3.850256e-01	3.789464e-01	5.323787e-01
1.000000e+00	6.752744e-01	4.398445e-01	1.862149e-01	2.822757e-01	9.907326e-03	3.850256e-01	3.789464e-01	5.323787e-01
0.000000e+00	6.752744e-01	4.398445e-01	1.862149e-01	7.952725e-02	4.903317e-01	9.449060e-01	3.789464e-01	5.323787e-01
0.000000e+00	6.752744e-01	4.398445e-01	1.862149e-01	7.952725e-02	4.903317e-01	3.850256e-01	2.467043e-01	4.208352e-01
0.000000e+00	6.752744e-01	5.448415e-01	7.668644e-01	2.822757e-01	9.907326e-03	9.449060e-01	2.467043e-01	4.208352e-01
0.000000e+00	8.696410e-01	4.398445e-01	1.862149e-01	2.822757e-01	9.907326e-03	9.449060e-01	2.467043e-01	4.208352e-01
0.000000e+00	8.696410e-01	5.448415e-01	7.668644e-01	7.952725e-02	4.903317e-01	9.449060e-01	2.467043e-01	4.208352e-01
0.000000e+00	8.696410e-01	5.448415e-01	7.668644e-01	2.822757e-01	9.907326e-03	3.850256e-01	2.467043e-01	4.208352e-01
0.000000e+00	8.696410e-01	5.448415e-01	7.668644e-01	2.822757e-01	9.907326e-03	9.449060e-01	3.789464e-01	5.323787e-01
0.000000e+00	8.696410e-01	5.448415e-01	7.668644e-01	2.822757e-01	9.907326e-03	9.449060e-01	2.467043e-01	4.208352e-01
3.000000e+00	5.854688e-01	7.956503e-01	2.875801e-01	2.071250e-01	3.226980e-01	1.278989e-01	5.771730e-01	1.218735e-01
6.000000e+00	2.010771e-01	7.956503e-01	2.875801e-01	2.071250e-01	3.226980e-01	1.278989e-01	5.771730e-01	1.218735e-01
3.000000e+00	5.854688e-01	4.287235e-01	3.462903e-01	2.071250e-01	3.226980e-01	1.278989e-01	5.771730e-01	1.218735e-01
1.300000e+01	5.854688e-01	7.956503e-01	2.875801e-01	4.146492e-01	8.249228e-01	1.278989e-01	5.771730e-01	1.218735e-01
0.000000e+00	5.854688e-01	7.956503e-01	2.875801e-01	2.071250e-01	3.226980e-01	6.481178e-01	5.771730e-01	1.218735e-01
1.000000e+00	5.854688e-01	7.956503e-01	2.875801e-01	2.071250e-01	3.226980e-01	1.278989e-01	3.821430e-02	3.686421e-01
0.000000e+00	5.854688e-01	4.287235e-01	3.462903e-01	4.146492e-01	8.249228e-01	6.481178e-01	3.821430e-02	3.686421e-01
2.000000e+00	2.010771e-01	7.956503e-01	2.875801e-01	4.146492e-01	8.249228e-01	6.481178e-01	3.821430e-02	3.686421e-01
0.000000e+00	2.010771e-01	4.287235e-01	3.462903e-01	2.071250e-01	3.226980e-01	6.481178e-01	3.821430e-02	3.686421e-01
1.400000e+01	2.010771e-01	4.287235e-01	3.462903e-01	4.146492e-01	8.249228e-01	1.278989e-01	3.821430e-02	3.686421e-01
0.000000e+00	2.010771e-01	4.287235e-01	3.462903e-01	4.146492e-01	8.249228e-01	6.481178e-01	5.771730e-01	1.218735e-01
0.000000e+00	2.010771e-01	4.287235e-01	3.462903e-01	4.146492e-01	8.249228e-01	6.481178e-01	3.821430e-02	3.686421e-01
2.000000e+00	1.067742e-01	3.276197e-01	8.677304e-01	7.642883e-01	7.932559e-01	8.973005e-01	2.942051e-01	7.318959e-01
0.000000e+00	9.916099e-01	3.276197e-01	8.677304e-01	7.642883e-01	7.932559e-01	8.973005e-01	2.942051e-01	7.318959e-01
0.000000e+00	1.067742e-01	8.955289e-01	8.993615e-01	7.642883e-01	7.932559e-01	8.973005e-01	2.942051e-01	7.318959e-01
0.000000e+00	1.067742e-01	3.276197e-01	8.677304e-01	8.936955e-01	1.348256e-01	8.973005e-01	2.942051e-01	7.318959e-01
6.000000e+00	1.067742e-01	3.276197e-01	8.677304e-01	7.642883e-01	7.932559e-01	4.163723e-01	2.942051e-01	7.318959e-01
0.000000e+00	1.067742e-01	3.276197e-01	8.677304e-01	7.642883e-01	7.932559e-01	8.973005e-01	6.084312e-01	5.054552e-01
1.000000e+00	1.067742e-01	8.955289e-01	8.993615e-01	8.936955e-01	1.348256e-01	4.163723e-01	6.084312e-01	5.054552e-01
2.000000e+00	9.916099e-01	3.276197e-01	8.677304e-01	8.936955e-01	1.348256e-01	4.163723e-01	6.084312e-01	5.054552e-01
7.000000e+00	9.916099e-01	8.955289e-01	8.993615e-01	7.642883e-01	7.932559e-01	4.163723e-01	6.084312e-01	5.054552e-01
0.000000e+00	9.916099e-01	8.955289e-01	8.993615e-01	8.936955e-01	1.348256e-01	8.973005e-01	6.084312e-01	5.054552e-01
1.000000e+00	9.916099e-01	8.955289e-01	8.993615e-01	8.936955e-01	1.348256e-01	4.163723e-01	2.942051e-01	7.318959e-01
1.000000e+00	9.916099e-01	8.955289e-01	8.993615e-01	8.936955e-01	1.348256e-01	4.163723e-01	6.084312e-01	5.054552e-01
7.000000e+00	3.815110e-01	5.610440e-01	4.482470e-02	4.560912e-01	7.496838e-01	5.238709e-01	7.503102e-01	8.082890e-01
9.000000e+00	6.528191e-01	5.610440e-01	4.482470e-02	4.560912e-01	7.496838e-01	5.238709e-01	7.503102e-01	8.082890e-01
9.000000e+00	3.815110e-01	7.203487e-01	7.311922e-01	4.560912e-01	7.496838e-01	5.238709e-01	7.503102e-01	8.082890e-01
6.000000e+00	3.815110e-01	5.610440e-01	4.482470e-02	6.966677e-01	6.423795e-01	5.238709e-01	7.503102e-01	8.082890e-01
1.000000e+00	3.815110e-01	5.610440e-01	4.482470e-02	4.560912e-01	7.496838e-01	7.679220e-01	7.503102e-01	8.082890e-01
0.000000e+00	3.815110e-01	5.610440e-01	4.482470e-02	4.560912e-01	7.496838e-01	5.238709e-01	8.352739e-01	1.631944e-01
0.000000e+00	3.815110e-01	7.203487e-01	7.311922e-01	6.966677e-01	6.423795e-01	7.679220e-01	8.352739e-01	1.631944e-01
0.000000e+00	6.528191e-01	5.610440e-01	4.482470e-02	6.966677e-01	6.423795e-01	7.679220e-01	8.352739e-01	1.631944e-01
0.000000e+00	6.528191e-01	7.203487e-01	7.311922e-01	4.560912e-01	7.496838e-01	7.679220e-01	8.352739e-01	1.631944e-01
0.000000e+00	6.528191e-01	7.203487e-01	7.311922e-01	6.966677e-01	6.423795e-01	5.238709e-01	8.352739e-01	1.631944e-01
0.000000e+00	6.528191e-01	7.203487e-01	7.311922e-01	6.966677e-01	6.423795e-01	7.679220e-01	7.503102e-01	8.082890e-01
0.000000e+00	6.528191e-01	7.203487e-01	7.311922e-01	6.966677e-01	6.423795e-01	7.679220e-01	8.352739e-01	1.631944e-01
0.000000e+00	9.340582e-01	9.304501e-02	6.123799e-01	5.094627e-01	1.499903e-01	2.620377e-01	9.577633e-02	4.160553e-01
1.000000e+00	4.130369e-01	9.304501e-02	6.123799e-01	5.094627e-01	1.499903e-01	2.620377e-01	9.577633e-02	4.160553e-01
0.000000e+00	9.340582e-01	1.910624e-01	2.230244e-02	5.094627e-01	1.499903e-01	2.620377e-01	9.577633e-02	4.160553e-01
0.000000e+00	9.340582e-01	9.304501e-02	6.123799e-01	2.371764e-01	3.354372e-01	2.620377e-01	9.577633e-02	4.160553e-01
1.800000e+01	9.340582e-01	9.304501e-02	6.123799e-01	5.094627e-01	1.499903e-01	4.655297e-02	9.577633e-02	4.160553e-01
4.000000e+00	9.340582e-01	9.304501e-02	6.123799e-01	5.094627e-01	1.499903e-01	2.620377e-01	2.807435e-01	9.648102e-01
5.000000e+00	9.340582e-01	1.910624e-01	2.230244e-02	2.371764e-01	3.354372e-01	4.655297e-02	2.807435e-01	9.648102e-01
1.500000e+01	4.130369e-01	9.304501e-02	6.123799e-01	2.371764e-01	3.354372e-01	4.655297e-02	2.807435e-01	9.648102e-01
1.500000e+01	4.130369e-01	1.910624e-01	2.230244e-02	5.094627e-01	1.499903e-01	4.655297e-02	2.807435e-01	9.648102e-01
3.000000e+00	4.130369e-01	1.910624e-01	2.230244e-02	2.371764e-01	3.354372e-01	2.620377e-01	2.807435e-01	9.648102e-01
1.100000e+01	4.130369e-01	1.910624e-01	2.230244e-02	2.371764e-01	3.354372e-01	4.655297e-02	9.577633e-02	4.160553e-01
1.200000e+01	4.130369e-01	1.910624e-01	2.230244e-02	2.371764e-01	3.354372e-01	4.655297e-02	2.807435e-01	9.648102e-01
0.000000e+00	9.520954e-01	9.407661e-01	1.073698e-01	8.675901e-01	5.103431e-01	4.619151e-01	5.569176e-01	3.195537e-02
1.000000e+00	1.507719e-01	9.407661e-01	1.073698e-01	8.675901e-01	5.103431e-01	4.619151e-01	5.569176e-01	3.195537e-02
0.000000e+00	9.520954e-01	5.776470e-01	6.434065e-02	8.675901e-01	5.103431e-01	4.619151e-01	5.569176e-01	3.195537e-02
0.000000e+00	9.520954e-01	9.407661e-01	1.073698e-01	1.290770e-02	2.258387e-01	4.619151e-01	5.569176e-01	3.195537e-02
0.000000e+00	9.520954e-01	9.407661e-01	1.073698e-01	8.675901e-01	5.103431e-01	8.628936e-01	5.569176e-01	3.195537e-02
0.000000e+00	9.520954e-01	9.407661e-01	1.073698e-01	8.675901e-01	5.103431e-01	4.619151e-01	7.419737e-01	3.016438e-01
0.000000e+00	9.520954e-01	5.776470e-01	6.434065e-02	1.290770e-02	2.258387e-01	8.628936e-01	7.419737e-01	3.016438e-01
0.000000e+00	1.507719e-01	9.407661e-01	1.073698e-01	1.290770e-02	2.258387e-01	8.628936e-01	7.419737e-01	3.016438e-01
0.000000e+00	1.507719e-01	5.776470e-01	6.434065e-02	8.675901e-01	5.103431e-01	8.628936e-01	7.419737e-01	3.016438e-01
1.000000e+00	1.507719e-01	5.776470e-01	6.434065e-02	1.290770e-02	2.258387e-01	4.619151e-01	7.419737e-01	3.016438e-01
0.000000e+00	1.507719e-01	5.776470e-01	6.434065e-02	1.290770e-02	2.258387e-01	8.628936e-01	5.569176e-01	3.195537e-02
0.000000e+00	1.507719e-01	5.776470e-01	6.434065e-02	1.290770e-02	2.258387e-01	8.628936e-01	7.419737e-01	3.016438e-01
0.000000e+00	4.884072e-01	4.088033e-01	5.498329e-01	1.589987e-01	1.061298e-01	7.003260e-01	3.359793e-01	6.728614e-01
0.000000e+00	9.071513e-01	4.088033e-01	5.498329e-01	1.589987e-01	1.061298e-01	7.003260e-01	3.359793e-01	6.728614e-01
0.000000e+00	4.884072e-01	1.069507e-01	6.831411e-01	1.589987e-01	1.061298e-01	7.003260e-01	3.359793e-01	6.728614e-01
0.000000e+00	4.884072e-01	4.088033e-01	5.498329e-01	5.532629e-01	7.831628e-01	7.003260e-01	3.359793e-01	6.728614e-01
7.000000e+00	4.884072e-01	4.088033e-01	5.498329e-01	1.589987e-01	1.061298e-01	7.658359e-02	3.359793e-01	6.728614e-01
0.000000e+00	4.884072e-01	4.088033e-01	5.498329e-01	1.589987e-01	1.061298e-01	7.003260e-01	1.874342e-01	5.703482e-01
2.300000e+01	4.884072e-01	1.069507e-01	6.831411e-01	5.532629e-01	7.831628e-01	7.658359e-02	1.874342e-01	5.703482e-01
3.000000e+01	9.071513e-01	4.088033e-01	5.498329e-01	5.532629e-01	7.831628e-01	7.658359e-02	1.874342e-01	5.703482e-01
7.000000e+00	9.071513e-01	1.069507e-01	6.831411e-01	1.589987e-01	1.061298e-01	7.658359e-02	1.874342e-01	5.703482e-01
0.000000e+00	9.071513e-01	1.069507e-01	6.831411e-01	5.532629e-01	7.831628e-01	7.003260e-01	1.874342e-01	5.703482e-01
1.900000e+01	9.071513e-01	1.069507e-01	6.831411e-01	5.532629e-01	7.831628e-01	7.658359e-02	3.359793e-01	6.728614e-01
2.300000e+01	9.071513e-01	1.069507e-01	6.831411e-01	5.532629e-01	7.831628e-01	7.658359e-02	1.874342e-01	5.703482e-01
1.000000e+00	3.111982e-02	7.064384e-01	3.500356e-01	6.244832e-01	4.368099e-01	8.159415e-01	8.643789e-01	8.513358e-01
0.000000e+00	6.991892e-01	7.064384e-01	3.500356e-01	6.244832e-01	4.368099e-01	8.159415e-01	8.643789e-01	8.513358e-01
3.000000e+00	3.111982e-02	2.745473e-01	9.529068e-01	6.244832e-01	4.368099e-01	8.159415e-01	8.643789e-01	8.513358e-01
1.000000e+00	3.111982e-02	7.064384e-01	3.500356e-01	8.562513e-01	3.068281e-01	8.159415e-01	8.643789e-01	8.513358e-01
2.000000e+00	3.111982e-02	7.064384e-01	3.500356e-01	6.244832e-01	4.368099e-01	7.406475e-01	8.643789e-01	8.513358e-01
0.000000e+00	3.111982e-02	7.064384e-01	3.500356e-01	6.244832e-01	4.368099e-01	8.159415e-01	3.825239e-01	2.290159e-01
0.000000e+00	3.111982e-02	2.745473e-01	9.529068e-01	8.562513e-01	3.068281e-01	7.406475e-01	3.825239e-01	2.290159e-01
0.000000e+00	6.991892e-01	7.064384e-01	3.500356e-01	8.562513e-01	3.068281e-01	7.406475e-01	3.825239e-01	2.290159e-01
0.000000e+00	6.991892e-01	2.745473e-01	9.529068e-01	6.244832e-01	4.368099e-01	7.406475e-01	3.825239e-01	2.290159e-01
0.000000e+00	6.991892e-01	2.745473e-01	9.529068e-01	8.562513e-01	3.068281e-01	8.159415e-01	3.825239e-01	2.290159e-01
2.000000e+00	6.991892e-01	2.745473e-01	9.529068e-01	8.562513e-01	3.068281e-01	7.406475e-01	8.643789e-01	8.513358e-01
0.000000e+00	6.991892e-01	2.745473e-01	9.529068e-01	8.562513e-01	3.068281e-01	7.406475e-01	3.825239e-01	2.290159e-01
2.500000e+01	5.361898e-01	1.744458e-01	8.052771e-01	4.118711e-01	9.623453e-01	8.558715e-02	2.281903e-02	4.907185e-01
2.300000e+01	4.858093e-01	1.744458e-01	8.052771e-01	4.118711e-01	9.623453e-01	8.558715e-02	2.281903e-02	4.907185e-01
1.600000e+01	5.361898e-01	8.077550e-01	3.024182e-01	4.118711e-01	9.623453e-01	8.558715e-02	2.281903e-02	4.907185e-01
1.000000e+01	5.361898e-01	1.744458e-01	8.052771e-01	3.353882e-01	7.466052e-01	8.558715e-02	2.281903e-02	4.907185e-01
2.000000e+00	5.361898e-01	1.744458e-01	8.052771e-01	4.118711e-01	9.623453e-01	4.488448e-01	2.281903e-02	4.907185e-01
4.100000e+01	5.361898e-01	1.744458e-01	8.052771e-01	4.118711e-01	9.623453e-01	8.558715e-02	9.527490e-01	8.968825e-01
1.100000e+01	5.361898e-01	8.077550e-01	3.024182e-01	3.353882e-01	7.466052e-01	4.488448e-01	9.527490e-01	8.968825e-01
1.000000e+01	4.858093e-01	1.744458e-01	8.052771e-01	3.353882e-01	7.466052e-01	4.488448e-01	9.527490e-01	8.968825e-01
1.100000e+01	4.858093e-01	8.077550e-01	3.024182e-01	4.118711e-01	9.623453e-01	4.488448e-01	9.527490e-01	8.968825e-01
2.500000e+01	4.858093e-01	8.077550e-01	3.024182e-01	3.353882e-01	7.466052e-01	8.558715e-02	9.527490e-01	8.968825e-01
2.000000e+00	4.858093e-01	8.077550e-01	3.024182e-01	3.353882e-01	7.466052e-01	4.488448e-01	2.281903e-02	4.907185e-01
1.200000e+01	4.858093e-01	8.077550e-01	3.024182e-01	3.353882e-01	7.466052e-01	4.488448e-01	9.527490e-01	8.968825e-01
1.300000e+01	6.893958e-01	5.922605e-01	6.565511e-01	2.819463e-01	8.487313e-01	3.428649e-01	9.651533e-01	9.175622e-01
9.000000e+00	5.684356e-01	5.922605e-01	6.565511e-01	2.819463e-01	8.487313e-01	3.428649e-01	9.651533e-01	9.175622e-01
1.100000e+01	6.893958e-01	1.580106e-01	8.187870e-01	2.819463e-01	8.487313e-01	3.428649e-01	9.651533e-01	9.175622e-01
1.100000e+01	6.893958e-01	5.922605e-01	6.565511e-01	4.676712e-01	4.317464e-01	3.428649e-01	9.651533e-01	9.175622e-01
1.100000e+01	6.893958e-01	5.922605e-01	6.565511e-01	2.819463e-01	8.487313e-01	1.519952e-01	9.651533e-01	9.175622e-01
1.000000e+01	6.893958e-01	5.922605e-01	6.565511e-01	2.819463e-01	8.487313e-01	3.428649e-01	7.696413e-01	8.144313e-01
1.400000e+01	6.893958e-01	1.580106e-01	8.187870e-01	4.676712e-01	4.317464e-01	1.519952e-01	7.696413e-01	8.144313e-01
1.300000e+01	5.684356e-01	5.922605e-01	6.565511e-01	4.676712e-01	4.317464e-01	1.519952e-01	7.696413e-01	8.144313e-01
1.700000e+01	5.684356e-01	1.580106e-01	8.187870e-01	2.819463e-01	8.487313e-01	1.519952e-01	7.696413e-01	8.144313e-01
7.000000e+00	5.684356e-01	1.580106e-01	8.187870e-01	4.676712e-01	4.317464e-01	3.428649e-01	7.696413e-01	8.144313e-01
8.000000e+00	5.684356e-01	1.580106e-01	8.187870e-01	4.676712e-01	4.317464e-01	1.519952e-01	9.651533e-01	9.175622e-01
1.800000e+01	5.684356e-01	1.580106e-01	8.187870e-01	4.676712e-01	4.317464e-01	1.519952e-01	7.696413e-01	8.144313e-01
0.000000e+00	2.452541e-01	6.224430e-02	2.487631e-01	7.441998e-01	2.530661e-01	5.734481e-01	1.856203e-01	3.068202e-01
0.000000e+00	3.716898e-01	6.224430e-02	2.487631e-01	7.441998e-01	2.530661e-01	5.734481e-01	1.856203e-01	3.068202e-01
0.000000e+00	2.452541e-01	6.287052e-01	4.336997e-01	7.441998e-01	2.530661e-01	5.734481e-01	1.856203e-01	3.068202e-01
2.000000e+00	2.452541e-01	6.224430e-02	2.487631e-01	9.739687e-01	6.217520e-01	5.734481e-01	1.856203e-01	3.068202e-01
0.000000e+00	2.452541e-01	6.224430e-02	2.487631e-01	7.441998e-01	2.530661e-01	9.124340e-01	1.856203e-01	3.068202e-01
0.000000e+00	2.452541e-01	6.224430e-02	2.487631e-01	7.441998e-01	2.530661e-01	5.734481e-01	3.400495e-01	5.963517e-02
0.000000e+00	2.452541e-01	6.287052e-01	4.336997e-01	9.739687e-01	6.217520e-01	9.124340e-01	3.400495e-01	5.963517e-02
0.000000e+00	3.716898e-01	6.224430e-02	2.487631e-01	9.739687e-01	6.217520e-01	9.124340e-01	3.400495e-01	5.963517e-02
0.000000e+00	3.716898e-01	6.287052e-01	4.336997e-01	7.441998e-01	2.530661e-01	9.124340e-01	3.400495e-01	5.963517e-02
0.000000e+00	3.716898e-01	6.287052e-01	4.336997e-01	9.739687e-01	6.217520e-01	5.734481e-01	3.400495e-01	5.963517e-02
0.000000e+00	3.716898e-01	6.287052e-01	4.336997e-01	9.739687e-01	6.217520e-01	9.124340e-01	1.856203e-01	3.068202e-01
0.000000e+00	3.716898e-01	6.287052e-01	4.336997e-01	9.739687e-01	6.217520e-01	9.124340e-01	3.400495e-01	5.963517e-02
0.000000e+00	2.664757e-01	8.264360e-01	9.177974e-01	3.872504e-02	2.038787e-01	9.429382e-01	6.435776e-01	2.313579e-01
0.000000e+00	2.298084e-02	8.264360e-01	9.177974e-01	3.872504e-02	2.038787e-01	9.429382e-01	6.435776e-01	2.313579e-01
0.000000e+00	2.664757e-01	9.916300e-01	1.956344e-01	3.872504e-02	2.038787e-01	9.429382e-01	6.435776e-01	2.313579e-01
0.000000e+00	2.664757e-01	8.264360e-01	9.177974e-01	6.866442e-01	1.009859e-01	9.429382e-01	6.435776e-01	2.313579e-01
1.000000e+00	2.664757e-01	8.264360e-01	9.177974e-01	3.872504e-02	2.038787e-01	2.796123e-01	6.435776e-01	2.313579e-01
0.000000e+00	2.664757e-01	8.264360e-01	9.177974e-01	3.872504e-02	2.038787e-01	9.429382e-01	9.808144e-02	6.558665e-01
1.000000e+00	2.664757e-01	9.916300e-01	1.956344e-01	6.866442e-01	1.009859e-01	2.796123e-01	9.808144e-02	6.558665e-01
0.000000e+00	2.298084e-02	8.264360e-01	9.177974e-01	6.866442e-01	1.009859e-01	2.796123e-01	9.808144e-02	6.558665e-01
0.000000e+00	2.298084e-02	9.916300e-01	1.956344e-01	3.872504e-02	2.038787e-01	2.796123e-01	9.808144e-02	6.558665e-01
0.000000e+00	2.298084e-02	9.916300e-01	1.956344e-01	6.866442e-01	1.009859e-01	9.429382e-01	9.808144e-02	6.558665e-01
2.000000e+00	2.298084e-02	9.916300e-01	1.956344e-01	6.866442e-01	1.009859e-01	2.796123e-01	6.435776e-01	2.313579e-01
1.000000e+00	2.298084e-02	9.916300e-01	1.956344e-01	6.866442e-01	1.009859e-01	2.796123e-01	9.808144e-02	6.558665e-01
1.600000e+01	7.910617e-01	2.963877e-01	4.894033e-01	9.971867e-01	6.787091e-01	2.047867e-01	4.856125e-01	6.223886e-01
2.200000e+01	7.939757e-01	2.963877e-01	4.894033e-01	9.971867e-01	6.787091e-01	2.047867e-01	4.856125e-01	6.223886e-01
2.300000e+01	7.910617e-01	4.584163e-01	5.490705e-01	9.971867e-01	6.787091e-01	2.047867e-01	4.856125e-01	6.223886e-01
7.000000e+00	7.910617e-01	2.963877e-01	4.894033e-01	1.295261e-01	9.080808e-01	2.047867e-01	4.856125e-01	6.223886e-01
8.000000e+00	7.910617e-01	2.963877e-01	4.894033e-01	9.971867e-01	6.787091e-01	5.348015e-01	4.856125e-01	6.223886e-01
1.800000e+01	7.910617e-01	2.963877e-01	4.894033e-01	9.971867e-01	6.787091e-01	2.047867e-01	5.432367e-01	4.721079e-01
2.000000e+00	7.910617e-01	4.584163e-01	5.490705e-01	1.295261e-01	9.080808e-01	5.348015e-01	5.432367e-01	4.721079e-01
2.000000e+00	7.939757e-01	2.963877e-01	4.894033e-01	1.295261e-01	9.080808e-01	5.348015e-01	5.432367e-01	4.721079e-01
7.000000e+00	7.939757e-01	4.584163e-01	5.490705e-01	9.971867e-01	6.787091e-01	5.348015e-01	5.432367e-01	4.721079e-01
7.000000e+00	7.939757e-01	4.584163e-01	5.490705e-01	1.295261e-01	9.080808e-01	2.047867e-01	5.432367e-01	4.721079e-01
4.000000e+00	7.939757e-01	4.584163e-01	5.490705e-01	1.295261e-01	9.080808e-01	5.348015e-01	4.856125e-01	6.223886e-01
2.000000e+00	7.939757e-01	4.584163e-01	5.490705e-01	1.295261e-01	9.080808e-01	5.348015e-01	5.432367e-01	4.721079e-01
0.000000e+00	7.584213e-01	8.678881e-01	5.004355e-01	4.799641e-01	4.485324e-01	6.247930e-01	2.208932e-01	2.101986e-01
0.000000e+00	8.984312e-01	8.678881e-01	5.004355e-01	4.799641e-01	4.485324e-01	6.247930e-01	2.208932e-01	2.101986e-01
0.000000e+00	7.584213e-01	9.198487e-01	5.085152e-01	4.799641e-01	4.485324e-01	6.247930e-01	2.208932e-01	2.101986e-01
0.000000e+00	7.584213e-01	8.678881e-01	5.004355e-01	3.982680e-01	3.570193e-01	6.247930e-01	2.208932e-01	2.101986e-01
0.000000e+00	7.584213e-01	8.678881e-01	5.004355e-01	4.799641e-01	4.485324e-01	6.803553e-01	2.208932e-01	2.101986e-01
0.000000e+00	7.584213e-01	8.678881e-01	5.004355e-01	4.799641e-01	4.485324e-01	6.247930e-01	1.504876e-01	7.845738e-01
0.000000e+00	7.584213e-01	9.198487e-01	5.085152e-01	3.982680e-01	3.570193e-01	6.803553e-01	1.504876e-01	7.845738e-01
0.000000e+00	8.984312e-01	8.678881e-01	5.004355e-01	3.982680e-01	3.570193e-01	6.803553e-01	1.504876e-01	7.845738e-01
0.000000e+00	8.984312e-01	9.198487e-01	5.085152e-01	4.799641e-01	4.485324e-01	6.803553e-01	1.504876e-01	7.845738e-01
0.000000e+00	8.984312e-01	9.198487e-01	5.085152e-01	3.982680e-01	3.570193e-01	6.247930e-01	1.504876e-01	7.845738e-01
0.000000e+00	8.984312e-01	9.198487e-01	5.085152e-01	3.982680e-01	3.570193e-01	6.803553e-01	2.208932e-01	2.101986e-01
0.000000e+00	8.984312e-01	9.198487e-01	5.085152e-01	3.982680e-01	3.570193e-01	6.803553e-01	1.504876e-01	7.845738e-01
1.100000e+01	2.991200e-01	2.748522e-01	9.231221e-02	5.485944e-01	9.193955e-01	3.553914e-01	8.754414e-01	5.688637e-01
1.200000e+01	1.693798e-01	2.748522e-01	9.231221e-02	5.485944e-01	9.193955e-01	3.553914e-01	8.754414e-01	5.688637e-01
5.000000e+00	2.991200e-01	3.905415e-01	2.371364e-01	5.485944e-01	9.193955e-01	3.553914e-01	8.754414e-01	5.688637e-01
9.000000e+00	2.991200e-01	2.748522e-01	9.231221e-02	9.183911e-01	6.671191e-01	3.553914e-01	8.754414e-01	5.688637e-01
8.000000e+00	2.991200e-01	2.748522e-01	9.231221e-02	5.485944e-01	9.193955e-01	3.802442e-01	8.754414e-01	5.688637e-01
7.000000e+00	2.991200e-01	2.748522e-01	9.231221e-02	5.485944e-01	9.193955e-01	3.553914e-01	7.052626e-01	9.330785e-02
6.000000e+00	2.991200e-01	3.905415e-01	2.371364e-01	9.183911e-01	6.671191e-01	3.802442e-01	7.052626e-01	9.330785e-02
5.000000e+00	1.693798e-01	2.748522e-01	9.231221e-02	9.183911e-01	6.671191e-01	3.802442e-01	7.052626e-01	9.330785e-02
4.000000e+00	1.693798e-01	3.905415e-01	2.371364e-01	5.485944e-01	9.193955e-01	3.802442e-01	7.052626e-01	9.330785e-02
7.000000e+00	1.693798e-01	3.905415e-01	2.371364e-01	9.183911e-01	6.671191e-01	3.553914e-01	7.052626e-01	9.330785e-02
8.000000e+00	1.693798e-01	3.905415e-01	2.371364e-01	9.183911e-01	6.671191e-01	3.802442e-01	8.754414e-01	5.688637e-01
7.000000e+00	1.693798e-01	3.905415e-01	2.371364e-01	9.183911e-01	6.671191e-01	3.802442e-01	7.052626e-01	9.330785e-02
8.000000e+00	2.125869e-01	6.020930e-01	7.616568e-01	2.308758e-01	6.235974e-01	2.239374e-01	4.193381e-01	8.908776e-01
6.000000e+00	4.437482e-01	6.020930e-01	7.616568e-01	2.308758e-01	6.235974e-01	2.239374e-01	4.193381e-01	8.908776e-01
9.000000e+00	2.125869e-01	2.454092e-01	3.814563e-01	2.308758e-01	6.235974e-01	2.239374e-01	4.193381e-01	8.908776e-01
9.000000e+00	2.125869e-01	6.020930e-01	7.616568e-01	7.403912e-01	1.727489e-01	2.239374e-01	4.193381e-01	8.908776e-01
0.000000e+00	2.125869e-01	6.020930e-01	7.616568e-01	2.308758e-01	6.235974e-01	8.099102e-01	4.193381e-01	8.908776e-01
9.000000e+00	2.125869e-01	6.020930e-01	7.616568e-01	2.308758e-01	6.235974e-01	2.239374e-01	9.789229e-01	7.470948e-01
2.000000e+00	2.125869e-01	2.454092e-01	3.814563e-01	7.403912e-01	1.727489e-01	8.099102e-01	9.789229e-01	7.470948e-01
2.000000e+00	4.437482e-01	6.020930e-01	7.616568e-01	7.403912e-01	1.727489e-01	8.099102e-01	9.789229e-01	7.470948e-01
2.000000e+00	4.437482e-01	2.454092e-01	3.814563e-01	2.308758e-01	6.235974e-01	8.099102e-01	9.789229e-01	7.470948e-01
8.000000e+00	4.437482e-01	2.454092e-01	3.814563e-01	7.403912e-01	1.727489e-01	2.239374e-01	9.789229e-01	7.470948e-01
1.000000e+00	4.437482e-01	2.454092e-01	3.814563e-01	7.403912e-01	1.727489e-01	8.099102e-01	4.193381e-01	8.908776e-01
2.000000e+00	4.437482e-01	2.454092e-01	3.814563e-01	7.403912e-01	1.727489e-01	8.099102e-01	9.789229e-01	7.470948e-01
0.000000e+00	7.220590e-01	9.088225e-03	3.331106e-01	8.035420e-01	2.408701e-02	9.857706e-01	7.022879e-01	2.519237e-01
0.000000e+00	7.469876e-01	9.088225e-03	3.331106e-01	8.035420e-01	2.408701e-02	9.857706e-01	7.022879e-01	2.519237e-01
0.000000e+00	7.220590e-01	7.121973e-01	8.720385e-01	8.035420e-01	2.408701e-02	9.857706e-01	7.022879e-01	2.519237e-01
0.000000e+00	7.220590e-01	9.088225e-03	3.331106e-01	2.007608e-01	8.655477e-01	9.857706e-01	7.022879e-01	2.519237e-01
2.800000e+01	7.220590e-01	9.088225e-03	3.331106e-01	8.035420e-01	2.408701e-02	6.434266e-04	7.022879e-01	2.519237e-01
0.000000e+00	7.220590e-01	9.088225e-03	3.331106e-01	8.035420e-01	2.408701e-02	9.857706e-01	4.084623e-01	3.768813e-01
4.300000e+01	7.220590e-01	7.121973e-01	8.720385e-01	2.007608e-01	8.655477e-01	6.434266e-04	4.084623e-01	3.768813e-01
4.400000e+01	7.469876e-01	9.088225e-03	3.331106e-01	2.007608e-01	8.655477e-01	6.434266e-04	4.084623e-01	3.768813e-01
3.300000e+01	7.469876e-01	7.121973e-01	8.720385e-01	8.035420e-01	2.408701e-02	6.434266e-04	4.084623e-01	3.768813e-01
0.000000e+00	7.469876e-01	7.121973e-01	8.720385e-01	2.007608e-01	8.655477e-01	9.857706e-01	4.084623e-01	3.768813e-01
4.600000e+01	7.469876e-01	7.121973e-01	8.720385e-01	2.007608e-01	8.655477e-01	6.434266e-04	7.022879e-01	2.519237e-01
3.400000e+01	7.469876e-01	7.121973e-01	8.720385e-01	2.007608e-01	8.655477e-01	6.434266e-04	4.084623e-01	3.768813e-01
0.000000e+00	5.074366e-01	7.242050e-01	2.009833e-01	9.254331e-01	1.608986e-01	7.440110e-01	2.540604e-01	8.399193e-01
0.000000e+00	3.237851e-01	7.242050e-01	2.009833e-01	9.254331e-01	1.608986e-01	7.440110e-01	2.540604e-01	8.399193e-01
0.000000e+00	5.074366e-01	3.160549e-01	2.648111e-01	9.254331e-01	1.608986e-01	7.440110e-01	2.540604e-01	8.399193e-01
0.000000e+00	5.074366e-01	7.242050e-01	2.009833e-01	6.641036e-02	4.766671e-02	7.440110e-01	2.540604e-01	8.399193e-01
3.000000e+00	5.074366e-01	7.242050e-01	2.009833e-01	9.254331e-01	1.608986e-01	3.286818e-01	2.540604e-01	8.399193e-01
0.000000e+00	5.074366e-01	7.242050e-01	2.009833e-01	9.254331e-01	1.608986e-01	7.440110e-01	3.689052e-01	3.344690e-01
0.000000e+00	5.074366e-01	3.160549e-01	2.648111e-01	6.641036e-02	4.766671e-02	3.286818e-01	3.689052e-01	3.344690e-01
0.000000e+00	3.237851e-01	7.242050e-01	2.009833e-01	6.641036e-02	4.766671e-02	3.286818e-01	3.689052e-01	3.344690e-01
0.000000e+00	3.237851e-01	3.160549e-01	2.648111e-01	9.254331e-01	1.608986e-01	3.286818e-01	3.689052e-01	3.344690e-01
0.000000e+00	3.237851e-01	3.160549e-01	2.648111e-01	6.641036e-02	4.766671e-02	7.440110e-01	3.689052e-01	3.344690e-01
1.000000e+00	3.237851e-01	3.160549e-01	2.648111e-01	6.641036e-02	4.766671e-02	3.286818e-01	2.540604e-01	8.399193e-01
0.000000e+00	3.237851e-01	3.160549e-01	2.648111e-01	6.641036e-02	4.766671e-02	3.286818e-01	3.689052e-01	3.344690e-01
1.000000e+00	5.986939e-02	1.292247e-01	6.437826e-01	1.026524e-01	6.904012e-01	4.824067e-01	6.000139e-01	4.508427e-01
3.000000e+00	6.103589e-01	1.292247e-01	6.437826e-01	1.026524e-01	6.904012e-01	4.824067e-01	6.000139e-01	4.508427e-01
1.000000e+00	5.986939e-02	8.453566e-01	9.895075e-01	1.026524e-01	6.904012e-01	4.824067e-01	6.000139e-01	4.508427e-01
6.000000e+00	5.986939e-02	1.292247e-01	6.437826e-01	6.247414e-01	9.906950e-01	4.824067e-01	6.000139e-01	4.508427e-01
1.000000e+00	5.986939e-02	1.292247e-01	6.437826e-01	1.026524e-01	6.904012e-01	6.068125e-01	6.000139e-01	4.508427e-01
2.000000e+00	5.986939e-02	1.292247e-01	6.437826e-01	1.026524e-01	6.904012e-01	4.824067e-01	7.987497e-01	5.415813e-01
6.000000e+00	5.986939e-02	8.453566e-01	9.895075e-01	6.247414e-01	9.906950e-01	6.068125e-01	7.987497e-01	5.415813e-01
7.000000e+00	6.103589e-01	1.292247e-01	6.437826e-01	6.247414e-01	9.906950e-01	6.068125e-01	7.987497e-01	5.415813e-01
3.000000e+00	6.103589e-01	8.453566e-01	9.895075e-01	1.026524e-01	6.904012e-01	6.068125e-01	7.987497e-01	5.415813e-01
8.000000e+00	6.103589e-01	8.453566e-01	9.895075e-01	6.247414e-01	9.906950e-01	4.824067e-01	7.987497e-01	5.415813e-01
6.000000e+00	6.103589e-01	8.453566e-01	9.895075e-01	6.247414e-01	9.906950e-01	6.068125e-01	6.000139e-01	4.508427e-01
5.000000e+00	6.103589e-01	8.453566e-01	9.895075e-01	6.247414e-01	9.906950e-01	6.068125e-01	7.987497e-01	5.415813e-01
1.800000e+01	4.596653e-01	9.899091e-01	4.436776e-01	6.764745e-01	7.667193e-01	9.701694e-02	7.372781e-02	2.679325e-02
1.500000e+01	7.754741e-01	9.899091e-01	4.436776e-01	6.764745e-01	7.667193e-01	9.701694e-02	7.372781e-02	2.679325e-02
2.200000e+01	4.596653e-01	5.205220e-01	6.260334e-01	6.764745e-01	7.667193e-01	9.701694e-02	7.372781e-02	2.679325e-02
9.000000e+00	4.596653e-01	9.899091e-01	4.436776e-01	7.870926e-01	4.821660e-01	9.701694e-02	7.372781e-02	2.679325e-02
5.000000e+00	4.596653e-01	9.899091e-01	4.436776e-01	6.764745e-01	7.667193e-01	2.084041e-01	7.372781e-02	2.679325e-02
3.300000e+01	4.596653e-01	9.899091e-01	4.436776e-01	6.764745e-01	7.667193e-01	9.701694e-02	5.094677e-01	1.329277e-01
6.000000e+00	4.596653e-01	5.205220e-01	6.260334e-01	7.870926e-01	4.821660e-01	2.084041e-01	5.094677e-01	1.329277e-01
3.000000e+00	7.754741e-01	9.899091e-01	4.436776e-01	7.870926e-01	4.821660e-01	2.084041e-01	5.094677e-01	1.329277e-01
1.200000e+01	7.754741e-01	5.205220e-01	6.260334e-01	6.764745e-01	7.667193e-01	2.084041e-01	5.094677e-01	1.329277e-01
2.600000e+01	7.754741e-01	5.205220e-01	6.260334e-01	7.870926e-01	4.821660e-01	9.701694e-02	5.094677e-01	1.329277e-01
6.000000e+00	7.754741e-01	5.205220e-01	6.260334e-01	7.870926e-01	4.821660e-01	2.084041e-01	7.372781e-02	2.679325e-02
2.000000e+00	7.754741e-01	5.205220e-01	6.260334e-01	7.870926e-01	4.821660e-01	2.084041e-01	5.094677e-01	1.329277e-01
1.000000e+00	9.808409e-01	3.949576e-01	8.990721e-01	3.574704e-01	3.663513e-01	8.666779e-01	7.902724e-01	6.355812e-01
1.000000e+00	3.183880e-02	3.949576e-01	8.990721e-01	3.574704e-01	3.663513e-01	8.666779e-01	7.902724e-01	6.355812e-01
1.000000e+00	9.808409e-01	5.373178e-02	1.205034e-01	3.574704e-01	3.663513e-01	8.666779e-01	7.902724e-01	6.355812e-01
1.000000e+00	9.808409e-01	3.949576e-01	8.990721e-01	2.795667e-01	5.420374e-01	8.666779e-01	7.902724e-01	6.355812e-01
1.000000e+00	9.808409e-01	3.949576e-01	8.990721e-01	3.574704e-01	3.663513e-01	9.771359e-01	7.902724e-01	6.355812e-01
0.000000e+00	9.808409e-01	3.949576e-01	8.990721e-01	3.574704e-01	3.663513e-01	8.666779e-01	6.405969e-02	9.892176e-01
0.000000e+00	9.808409e-01	5.373178e-02	1.205034e-01	2.795667e-01	5.420374e-01	9.771359e-01	6.405969e-02	9.892176e-01
0.000000e+00	3.183880e-02	3.949576e-01	8.990721e-01	2.795667e-01	5.420374e-01	9.771359e-01	6.405969e-02	9.892176e-01
0.000000e+00	3.183880e-02	5.373178e-02	1.205034e-01	3.574704e-01	3.663513e-01	9.771359e-01	6.405969e-02	9.892176e-01
0.000000e+00	3.183880e-02	5.373178e-02	1.205034e-01	2.795667e-01	5.420374e-01	8.666779e-01	6.405969e-02	9.892176e-01
0.000000e+00	3.183880e-02	5.373178e-02	1.205034e-01	2.795667e-01	5.420374e-01	9.771359e-01	7.902724e-01	6.355812e-01
0.000000e+00	3.183880e-02	5.373178e-02	1.205034e-01	2.795667e-01	5.420374e-01	9.771359e-01	6.405969e-02	9.892176e-01
0.000000e+00	9.051906e-01	5.082430e-01	3.811329e-01	3.108847e-02	9.727959e-01	9.083622e-01	3.607427e-01	7.503939e-01
0.000000e+00	2.773840e-01	5.082430e-01	3.811329e-01	3.108847e-02	9.727959e-01	9.083622e-01	3.607427e-01	7.503939e-01
0.000000e+00	9.051906e-01	6.827473e-01	4.328081e-02	3.108847e-02	9.727959e-01	9.083622e-01	3.607427e-01	7.503939e-01
1.000000e+00	9.051906e-01	5.082430e-01	3.811329e-01	4.703958e-01	9.015703e-01	9.083622e-01	3.607427e-01	7.503939e-01
6.000000e+00	9.051906e-01	5.082430e-01	3.811329e-01	3.108847e-02	9.727959e-01	1.764206e-01	3.607427e-01	7.503939e-01
1.000000e+00	9.051906e-01	5.082430e-01	3.811329e-01	3.108847e-02	9.727959e-01	9.083622e-01	9.151767e-01	2.772230e-01
1.800000e+01	9.051906e-01	6.827473e-01	4.328081e-02	4.703958e-01	9.015703e-01	1.764206e-01	9.151767e-01	2.772230e-01
1.800000e+01	2.773840e-01	5.082430e-01	3.811329e-01	4.703958e-01	9.015703e-01	1.764206e-01	9.151767e-01	2.772230e-01
5.000000e+00	2.773840e-01	6.827473e-01	4.328081e-02	3.108847e-02	9.727959e-01	1.764206e-01	9.151767e-01	2.772230e-01
0.000000e+00	2.773840e-01	6.827473e-01	4.328081e-02	4.703958e-01	9.015703e-01	9.083622e-01	9.151767e-01	2.772230e-01
1.300000e+01	2.773840e-01	6.827473e-01	4.328081e-02	4.703958e-01	9.015703e-01	1.764206e-01	3.607427e-01	7.503939e-01
1.700000e+01	2.773840e-01	6.827473e-01	4.328081e-02	4.703958e-01	9.015703e-01	1.764206e-01	9.151767e-01	2.772230e-01
1.200000e+01	4.103749e-01	1.032320e-01	9.616185e-01	9.427973e-01	3.770697e-01	1.777790e-01	5.186954e-01	3.924455e-01
2.700000e+01	5.376175e-01	1.032320e-01	9.616185e-01	9.427973e-01	3.770697e-01	1.777790e-01	5.186954e-01	3.924455e-01
1.300000e+01	4.103749e-01	1.495545e-01	7.092060e-01	9.427973e-01	3.770697e-01	1.777790e-01	5.186954e-01	3.924455e-01
9.000000e+00	4.103749e-01	1.032320e-01	9.616185e-01	9.629606e-01	9.131796e-02	1.777790e-01	5.186954e-01	3.924455e-01
0.000000e+00	4.103749e-01	1.032320e-01	9.616185e-01	9.427973e-01	3.770697e-01	8.841177e-01	5.186954e-01	3.924455e-01
1.100000e+01	4.103749e-01	1.032320e-01	9.616185e-01	9.427973e-01	3.770697e-01	1.777790e-01	4.697767e-01	6.006283e-01
0.000000e+00	4.103749e-01	1.495545e-01	7.092060e-01	9.629606e-01	9.131796e-02	8.841177e-01	4.697767e-01	6.006283e-01
1.000000e+00	5.376175e-01	1.032320e-01	9.616185e-01	9.629606e-01	9.131796e-02	8.841177e-01	4.697767e-01	6.006283e-01
0.000000e+00	5.376175e-01	1.495545e-01	7.092060e-01	9.427973e-01	3.770697e-01	8.841177e-01	4.697767e-01	6.006283e-01
7.000000e+00	5.376175e-01	1.495545e-01	7.092060e-01	9.629606e-01	9.131796e-02	1.777790e-01	4.697767e-01	6.006283e-01
0.000000e+00	5.376175e-01	1.495545e-01	7.092060e-01	9.629606e-01	9.131796e-02	8.841177e-01	5.186954e-01	3.924455e-01
1.000000e+00	5.376175e-01	1.495545e-01	7.092060e-01	9.629606e-01	9.131796e-02	8.841177e-01	4.697767e-01	6.006283e-01
0.000000e+00	7.790257e-02	7.737289e-01	1.385281e-01	2.741877e-01	8.005088e-02	3.053583e-01	6.073622e-02	6.943988e-02
0.000000e+00	8.257493e-01	7.737289e-01	1.385281e-01	2.741877e-01	8.005088e-02	3.053583e-01	6.073622e-02	6.943988e-02
0.000000e+00	7.790257e-02	4.819422e-01	9.086514e-01	2.741877e-01	8.005088e-02	3.053583e-01	6.073622e-02	6.943988e-02
8.000000e+00	7.790257e-02	7.737289e-01	1.385281e-01	6.253280e-01	5.686269e-01	3.053583e-01	6.073622e-02	6.943988e-02
0.000000e+00	7.790257e-02	7.737289e-01	1.385281e-01	2.741877e-01	8.005088e-02	2.981627e-01	6.073622e-02	6.943988e-02
0.000000e+00	7.790257e-02	7.737289e-01	1.385281e-01	2.741877e-01	8.005088e-02	3.053583e-01	2.122487e-01	1.928764e-01
3.000000e+00	7.790257e-02	4.819422e-01	9.086514e-01	6.253280e-01	5.686269e-01	2.981627e-01	2.122487e-01	1.928764e-01
0.000000e+00	8.257493e-01	7.737289e-01	1.385281e-01	6.253280e-01	5.686269e-01	2.981627e-01	2.122487e-01	1.928764e-01
0.000000e+00	8.257493e-01	4.819422e-01	9.086514e-01	2.741877e-01	8.005088e-02	2.981627e-01	2.122487e-01	1.928764e-01
3.000000e+00	8.257493e-01	4.819422e-01	9.086514e-01	6.253280e-01	5.686269e-01	3.053583e-01	2.122487e-01	1.928764e-01
2.000000e+00	8.257493e-01	4.819422e-01	9.086514e-01	6.253280e-01	5.686269e-01	2.981627e-01	6.073622e-02	6.943988e-02
4.000000e+00	8.257493e-01	4.819422e-01	9.086514e-01	6.253280e-01	5.686269e-01	2.981627e-01	2.122487e-01	1.928764e-01
6.000000e+00	6.143442e-01	3.686871e-01	7.062354e-01	6.899324e-01	5.544540e-01	5.435099e-01	8.402854e-01	7.095996e-01
5.000000e+00	1.163274e-01	3.686871e-01	7.062354e-01	6.899324e-01	5.544540e-01	5.435099e-01	8.402854e-01	7.095996e-01
5.000000e+00	6.143442e-01	9.526541e-01	3.360532e-01	6.899324e-01	5.544540e-01	5.435099e-01	8.402854e-01	7.095996e-01
4.000000e+00	6.143442e-01	3.686871e-01	7.062354e-01	1.835055e-01	3.759197e-01	5.435099e-01	8.402854e-01	7.095996e-01
6.000000e+00	6.143442e-01	3.686871e-01	7.062354e-01	6.899324e-01	5.544540e-01	5.123300e-01	8.402854e-01	7.095996e-01
6.000000e+00	6.143442e-01	3.686871e-01	7.062354e-01	6.899324e-01	5.544540e-01	5.435099e-01	6.420843e-01	9.310689e-01
3.000000e+00	6.143442e-01	9.526541e-01	3.360532e-01	1.835055e-01	3.759197e-01	5.123300e-01	6.420843e-01	9.310689e-01
3.000000e+00	1.163274e-01	3.686871e-01	7.062354e-01	1.835055e-01	3.759197e-01	5.123300e-01	6.420843e-01	9.310689e-01
5.000000e+00	1.163274e-01	9.526541e-01	3.360532e-01	6.899324e-01	5.544540e-01	5.123300e-01	6.420843e-01	9.310689e-01
2.000000e+00	1.163274e-01	9.526541e-01	3.360532e-01	1.835055e-01	3.759197e-01	5.435099e-01	6.420843e-01	9.310689e-01
4.000000e+00	1.163274e-01	9.526541e-01	3.360532e-01	1.835055e-01	3.759197e-01	5.123300e-01	8.402854e-01	7.095996e-01
3.000000e+00	1.163274e-01	9.526541e-01	3.360532e-01	1.835055e-01	3.759197e-01	5.123300e-01	6.420843e-01	9.310689e-01
0.000000e+00	6.424890e-01	8.958185e-01	8.242001e-01	5.693766e-01	6.363910e-01	7.853930e-01	1.479463e-01	1.360274e-01
0.000000e+00	9.379674e-01	8.958185e-01	8.242001e-01	5.693766e-01	6.363910e-01	7.853930e-01	1.479463e-01	1.360274e-01
1.000000e+00	6.424890e-01	8.342425e-02	7.927374e-01	5.693766e-01	6.363910e-01	7.853930e-01	1.479463e-01	1.360274e-01
0.000000e+00	6.424890e-01	8.958185e-01	8.242001e-01	4.930858e-02	6.937742e-01	7.853930e-01	1.479463e-01	1.360274e-01
0.000000e+00	6.424890e-01	8.958185e-01	8.242001e-01	5.693766e-01	6.363910e-01	8.404288e-01	1.479463e-01	1.360274e-01
3.000000e+00	6.424890e-01	8.958185e-01	8.242001e-01	5.693766e-01	6.363910e-01	7.853930e-01	5.732393e-01	8.583680e-01
1.000000e+00	6.424890e-01	8.342425e-02	7.927374e-01	4.930858e-02	6.937742e-01	8.404288e-01	5.732393e-01	8.583680e-01
1.000000e+00	9.379674e-01	8.958185e-01	8.242001e-01	4.930858e-02	6.937742e-01	8.404288e-01	5.732393e-01	8.583680e-01
1.000000e+00	9.379674e-01	8.342425e-02	7.927374e-01	5.693766e-01	6.363910e-01	8.404288e-01	5.732393e-01	8.583680e-01
1.000000e+00	9.379674e-01	8.342425e-02	7.927374e-01	4.930858e-02	6.937742e-01	7.853930e-01	5.732393e-01	8.583680e-01
0.000000e+00	9.379674e-01	8.342425e-02	7.927374e-01	4.930858e-02	6.937742e-01	8.404288e-01	1.479463e-01	1.360274e-01
1.000000e+00	9.379674e-01	8.342425e-02	7.927374e-01	4.930858e-02	6.937742e-01	8.404288e-01	5.732393e-01	8.583680e-01
2.000000e+01	1.672200e-01	4.888460e-01	2.705619e-01	4.040057e-01	2.319947e-01	4.698205e-02	9.894918e-01	5.263089e-01
2.700000e+01	2.450761e-01	4.888460e-01	2.705619e-01	4.040057e-01	2.319947e-01	4.698205e-02	9.894918e-01	5.263089e-01
3.000000e+01	1.672200e-01	6.166225e-01	4.547445e-01	4.040057e-01	2.319947e-01	4.698205e-02	9.894918e-01	5.263089e-01
2.200000e+01	1.672200e-01	4.888460e-01	2.705619e-01	5.095247e-01	2.508375e-01	4.698205e-02	9.894918e-01	5.263089e-01
1.700000e+01	1.672200e-01	4.888460e-01	2.705619e-01	4.040057e-01	2.319947e-01	9.512644e-02	9.894918e-01	5.263089e-01
3.000000e+00	1.672200e-01	4.888460e-01	2.705619e-01	4.040057e-01	2.319947e-01	4.698205e-02	2.769681e-03	1.765160e-02
7.000000e+00	1.672200e-01	6.166225e-01	4.547445e-01	5.095247e-01	2.508375e-01	9.512644e-02	2.769681e-03	1.765160e-02
5.000000e+00	2.450761e-01	4.888460e-01	2.705619e-01	5.095247e-01	2.508375e-01	9.512644e-02	2.769681e-03	1.765160e-02
3.000000e+00	2.450761e-01	6.166225e-01	4.547445e-01	4.040057e-01	2.319947e-01	9.512644e-02	2.769681e-03	1.765160e-02
8.000000e+00	2.450761e-01	6.166225e-01	4.547445e-01	5.095247e-01	2.508375e-01	4.698205e-02	2.769681e-03	1.765160e-02
1.500000e+01	2.450761e-01	6.166225e-01	4.547445e-01	5.095247e-01	2.508375e-01	9.512644e-02	9.894918e-01	5.263089e-01
8.000000e+00	2.450761e-01	6.166225e-01	4.547445e-01	5.095247e-01	2.508375e-01	9.512644e-02	2.769681e-03	1.765160e-02
7.000000e+00	3.132603e-01	6.303016e-01	5.628928e-01	8.126055e-01	3.109983e-01	4.362503e-01	4.610905e-01	9.494275e-01
4.000000e+00	3.924606e-01	6.303016e-01	5.628928e-01	8.126055e-01	3.109983e-01	4.362503e-01	4.610905e-01	9.494275e-01
5.000000e+00	3.132603e-01	7.537135e-01	1.620143e-01	8.126055e-01	3.109983e-01	4.362503e-01	4.610905e-01	9.494275e-01
4.000000e+00	3.132603e-01	6.303016e-01	5.628928e-01	8.315715e-01	7.764888e-01	4.362503e-01	4.610905e-01	9.494275e-01
3.000000e+00	3.132603e-01	6.303016e-01	5.628928e-01	8.126055e-01	3.109983e-01	7.123392e-01	4.610905e-01	9.494275e-01
3.000000e+00	3.132603e-01	6.303016e-01	5.628928e-01	8.126055e-01	3.109983e-01	4.362503e-01	3.071769e-01	6.724595e-01
0.000000e+00	3.132603e-01	7.537135e-01	1.620143e-01	8.315715e-01	7.764888e-01	7.123392e-01	3.071769e-01	6.724595e-01
1.000000e+00	3.924606e-01	6.303016e-01	5.628928e-01	8.315715e-01	7.764888e-01	7.123392e-01	3.071769e-01	6.724595e-01
0.000000e+00	3.924606e-01	7.537135e-01	1.620143e-01	8.126055e-01	3.109983e-01	7.123392e-01	3.071769e-01	6.724595e-01
6.000000e+00	3.924606e-01	7.537135e-01	1.620143e-01	8.315715e-01	7.764888e-01	4.362503e-01	3.071769e-01	6.724595e-01
4.000000e+00	3.924606e-01	7.537135e-01	1.620143e-01	8.315715e-01	7.764888e-01	7.123392e-01	4.610905e-01	9.494275e-01
1.000000e+00	3.924606e-01	7.537135e-01	1.620143e-01	8.315715e-01	7.764888e-01	7.123392e-01	3.071769e-01	6.724595e-01
1.000000e+00	8.692179e-01	2.232998e-01	2.986062e-02	1.510111e-01	8.362285e-01	6.666046e-01	6.820469e-01	3.413573e-01
0.000000e+00	6.674139e-01	2.232998e-01	2.986062e-02	1.510111e-01	8.362285e-01	6.666046e-01	6.820469e-01	3.413573e-01
1.000000e+00	8.692179e-01	2.830037e-01	5.933104e-01	1.510111e-01	8.362285e-01	6.666046e-01	6.820469e-01	3.413573e-01
0.000000e+00	8.692179e-01	2.232998e-01	2.986062e-02	3.517851e-01	2.164647e-01	6.666046e-01	6.820469e-01	3.413573e-01
2.000000e+00	8.692179e-01	2.232998e-01	2.986062e-02	1.510111e-01	8.362285e-01	4.732619e-01	6.820469e-01	3.413573e-01
1.000000e+00	8.692179e-01	2.232998e-01	2.986062e-02	1.510111e-01	8.362285e-01	6.666046e-01	8.619600e-01	4.496555e-01
2.000000e+00	8.692179e-01	2.830037e-01	5.933104e-01	3.517851e-01	2.164647e-01	4.732619e-01	8.619600e-01	4.496555e-01
1.000000e+00	6.674139e-01	2.232998e-01	2.986062e-02	3.517851e-01	2.164647e-01	4.732619e-01	8.619600e-01	4.496555e-01
3.000000e+00	6.674139e-01	2.830037e-01	5.933104e-01	1.510111e-01	8.362285e-01	4.732619e-01	8.619600e-01	4.496555e-01
1.000000e+00	6.674139e-01	2.830037e-01	5.933104e-01	3.517851e-01	2.164647e-01	6.666046e-01	8.619600e-01	4.496555e-01
3.000000e+00	6.674139e-01	2.830037e-01	5.933104e-01	3.517851e-01	2.164647e-01	4.732619e-01	6.820469e-01	3.413573e-01
3.000000e+00	6.674139e-01	2.830037e-01	5.933104e-01	3.517851e-01	2.164647e-01	4.732619e-01	8.619600e-01	4.496555e-01
0.000000e+00	8.643268e-01	5.497661e-01	6.041756e-01	9.478932e-01	5.779620e-01	8.568210e-01	5.887478e-01	2.590415e-01
0.000000e+00	8.626598e-01	5.497661e-01	6.041756e-01	9.478932e-01	5.779620e-01	8.568210e-01	5.887478e-01	2.590415e-01
0.000000e+00	8.643268e-01	8.028911e-01	2.133367e-01	9.478932e-01	5.779620e-01	8.568210e-01	5.887478e-01	2.590415e-01
2.000000e+00	8.643268e-01	5.497661e-01	6.041756e-01	8.018784e-01	5.719878e-01	8.568210e-01	5.887478e-01	2.590415e-01
2.400000e+01	8.643268e-01	5.497661e-01	6.041756e-01	9.478932e-01	5.779620e-01	1.060950e-01	5.887478e-01	2.590415e-01
0.000000e+00	8.643268e-01	5.497661e-01	6.041756e-01	9.478932e-01	5.779620e-01	8.568210e-01	3.286961e-01	3.793702e-03
8.000000e+00	8.643268e-01	8.028911e-01	2.133367e-01	8.018784e-01	5.719878e-01	1.060950e-01	3.286961e-01	3.793702e-03
1.000000e+01	8.626598e-01	5.497661e-01	6.041756e-01	8.018784e-01	5.719878e-01	1.060950e-01	3.286961e-01	3.793702e-03
1.800000e+01	8.626598e-01	8.028911e-01	2.133367e-01	9.478932e-01	5.779620e-01	1.060950e-01	3.286961e-01	3.793702e-03
0.000000e+00	8.626598e-01	8.028911e-01	2.133367e-01	8.018784e-01	5.719878e-01	8.568210e-01	3.286961e-01	3.793702e-03
2.200000e+01	8.626598e-01	8.028911e-01	2.133367e-01	8.018784e-01	5.719878e-01	1.060950e-01	5.887478e-01	2.590415e-01
1.600000e+01	8.626598e-01	8.028911e-01	2.133367e-01	8.018784e-01	5.719878e-01	1.060950e-01	3.286961e-01	3.793702e-03
8.000000e+00	3.278847e-01	8.124010e-02	5.111770e-02	1.573772e-02	4.095197e-02	1.184100e-01	3.053086e-01	8.993849e-01
9.000000e+00	7.209264e-02	8.124010e-02	5.111770e-02	1.573772e-02	4.095197e-02	1.184100e-01	3.053086e-01	8.993849e-01
7.000000e+00	3.278847e-01	2.697139e-01	5.313691e-01	1.573772e-02	4.095197e-02	1.184100e-01	3.053086e-01	8.993849e-01
9.000000e+00	3.278847e-01	8.124010e-02	5.111770e-02	2.642926e-01	3.896489e-01	1.184100e-01	3.053086e-01	8.993849e-01
1.000000e+00	3.278847e-01	8.124010e-02	5.111770e-02	1.573772e-02	4.095197e-02	8.294281e-01	3.053086e-01	8.993849e-01
7.000000e+00	3.278847e-01	8.124010e-02	5.111770e-02	1.573772e-02	4.095197e-02	1.184100e-01	7.741566e-01	8.740586e-01
1.000000e+00	3.278847e-01	2.697139e-01	5.313691e-01	2.642926e-01	3.896489e-01	8.294281e-01	7.741566e-01	8.740586e-01
1.000000e+00	7.209264e-02	8.124010e-02	5.111770e-02	2.642926e-01	3.896489e-01	8.294281e-01	7.741566e-01	8.740586e-01
1.000000e+00	7.209264e-02	2.697139e-01	5.313691e-01	1.573772e-02	4.095197e-02	8.294281e-01	7.741566e-01	8.740586e-01
1.900000e+01	7.209264e-02	2.697139e-01	5.313691e-01	2.642926e-01	3.896489e-01	1.184100e-01	7.741566e-01	8.740586e-01
1.000000e+00	7.209264e-02	2.697139e-01	5.313691e-01	2.642926e-01	3.896489e-01	8.294281e-01	3.053086e-01	8.993849e-01
1.000000e+00	7.209264e-02	2.697139e-01	5.313691e-01	2.642926e-01	3.896489e-01	8.294281e-01	7.741566e-01	8.740586e-01
5.000000e+00	1.603924e-01	7.839713e-01	8.449131e-01	7.008877e-01	4.941750e-01	4.920809e-01	7.712081e-01	5.764097e-01
5.000000e+00	2.839610e-01	7.839713e-01	8.449131e-01	7.008877e-01	4.941750e-01	4.920809e-01	7.712081e-01	5.764097e-01
5.000000e+00	1.603924e-01	9.427375e-02	8.323389e-01	7.008877e-01	4.941750e-01	4.920809e-01	7.712081e-01	5.764097e-01
2.000000e+00	1.603924e-01	7.839713e-01	8.449131e-01	8.290512e-02	8.952801e-01	4.920809e-01	7.712081e-01	5.764097e-01
4.000000e+00	1.603924e-01	7.839713e-01	8.449131e-01	7.008877e-01	4.941750e-01	4.778528e-01	7.712081e-01	5.764097e-01
1.000000e+00	1.603924e-01	7.839713e-01	8.449131e-01	7.008877e-01	4.941750e-01	4.920809e-01	5.321278e-01	4.663210e-01
0.000000e+00	1.603924e-01	9.427375e-02	8.323389e-01	8.290512e-02	8.952801e-01	4.778528e-01	5.321278e-01	4.663210e-01
0.000000e+00	2.839610e-01	7.839713e-01	8.449131e-01	8.290512e-02	8.952801e-01	4.778528e-01	5.321278e-01	4.663210e-01
7.000000e+00	2.839610e-01	9.427375e-02	8.323389e-01	7.008877e-01	4.941750e-01	4.778528e-01	5.321278e-01	4.663210e-01
1.000000e+00	2.839610e-01	9.427375e-02	8.323389e-01	8.290512e-02	8.952801e-01	4.920809e-01	5.321278e-01	4.663210e-01
2.000000e+00	2.839610e-01	9.427375e-02	8.323389e-01	8.290512e-02	8.952801e-01	4.778528e-01	7.712081e-01	5.764097e-01
0.000000e+00	2.839610e-01	9.427375e-02	8.323389e-01	8.290512e-02	8.952801e-01	4.778528e-01	5.321278e-01	4.663210e-01
0.000000e+00	6.552085e-01	3.154759e-01	3.122781e-01	2.725088e-01	9.025386e-01	7.224352e-01	1.171492e-01	2.182776e-01
0.000000e+00	5.237162e-01	3.154759e-01	3.122781e-01	2.725088e-01	9.025386e-01	7.224352e-01	1.171492e-01	2.182776e-01
0.000000e+00	6.552085e-01	5.650005e-01	4.201487e-01	2.725088e-01	9.025386e-01	7.224352e-01	1.171492e-01	2.182776e-01
0.000000e+00	6.552085e-01	3.154759e-01	3.122781e-01	6.087349e-01	8.051870e-02	7.224352e-01	1.171492e-01	2.182776e-01
1.000000e+00	6.552085e-01	3.154759e-01	3.122781e-01	2.725088e-01	9.025386e-01	7.076551e-01	1.171492e-01	2.182776e-01
0.000000e+00	6.552085e-01	3.154759e-01	3.122781e-01	2.725088e-01	9.025386e-01	7.224352e-01	1.023528e-01	6.576234e-01
0.000000e+00	6.552085e-01	5.650005e-01	4.201487e-01	6.087349e-01	8.051870e-02	7.076551e-01	1.023528e-01	6.576234e-01
0.000000e+00	5.237162e-01	3.154759e-01	3.122781e-01	6.087349e-01	8.051870e-02	7.076551e-01	1.023528e-01	6.576234e-01
0.000000e+00	5.237162e-01	5.650005e-01	4.201487e-01	2.725088e-01	9.025386e-01	7.076551e-01	1.023528e-01	6.576234e-01
0.000000e+00	5.237162e-01	5.650005e-01	4.201487e-01	6.087349e-01	8.051870e-02	7.224352e-01	1.023528e-01	6.576234e-01
0.000000e+00	5.237162e-01	5.650005e-01	4.201487e-01	6.087349e-01	8.051870e-02	7.076551e-01	1.171492e-01	2.182776e-01
0.000000e+00	5.237162e-01	5.650005e-01	4.201487e-01	6.087349e-01	8.051870e-02	7.076551e-01	1.023528e-01	6.576234e-01
1.000000e+00	6.192053e-01	9.217083e-01	1.631533e-01	3.930495e-01	7.816002e-01	9.799414e-01	9.345438e-01	6.273791e-01
0.000000e+00	4.210704e-01	9.217083e-01	1.631533e-01	3.930495e-01	7.816002e-01	9.799414e-01	9.345438e-01	6.273791e-01
0.000000e+00	6.192053e-01	4.613271e-01	9.666995e-01	3.930495e-01	7.816002e-01	9.799414e-01	9.345438e-01	6.273791e-01
1.000000e+00	6.192053e-01	9.217083e-01	1.631533e-01	7.253918e-01	7.704423e-01	9.799414e-01	9.345438e-01	6.273791e-01
1.000000e+00	6.192053e-01	9.217083e-01	1.631533e-01	3.930495e-01	7.816002e-01	8.794968e-01	9.345438e-01	6.273791e-01
0.000000e+00	6.192053e-01	9.217083e-01	1.631533e-01	3.930495e-01	7.816002e-01	9.799414e-01	1.751045e-01	6.161885e-01
1.000000e+00	6.192053e-01	4.613271e-01	9.666995e-01	7.253918e-01	7.704423e-01	8.794968e-01	1.751045e-01	6.161885e-01
0.000000e+00	4.210704e-01	9.217083e-01	1.631533e-01	7.253918e-01	7.704423e-01	8.794968e-01	1.751045e-01	6.161885e-01
0.000000e+00	4.210704e-01	4.613271e-01	9.666995e-01	3.930495e-01	7.816002e-01	8.794968e-01	1.751045e-01	6.161885e-01
0.000000e+00	4.210704e-01	4.613271e-01	9.666995e-01	7.253918e-01	7.704423e-01	9.799414e-01	1.751045e-01	6.161885e-01
1.000000e+00	4.210704e-01	4.613271e-01	9.666995e-01	7.253918e-01	7.704423e-01	8.794968e-01	9.345438e-01	6.273791e-01
0.000000e+00	4.210704e-01	4.613271e-01	9.666995e-01	7.253918e-01	7.704423e-01	8.794968e-01	1.751045e-01	6.161885e-01
0.000000e+00	6.324722e-02	4.512375e-01	7.440361e-01	5.710545e-01	3.187327e-01	2.493582e-01	2.175118e-01	1.937036e-02
0.000000e+00	6.461284e-01	4.512375e-01	7.440361e-01	5.710545e-01	3.187327e-01	2.493582e-01	2.175118e-01	1.937036e-02
2.000000e+00	6.324722e-02	9.945103e-01	2.886264e-01	5.710545e-01	3.187327e-01	2.493582e-01	2.175118e-01	1.937036e-02
0.000000e+00	6.324722e-02	4.512375e-01	7.440361e-01	2.162484e-01	2.054210e-01	2.493582e-01	2.175118e-01	1.937036e-02
0.000000e+00	6.324722e-02	4.512375e-01	7.440361e-01	5.710545e-01	3.187327e-01	1.810737e-01	2.175118e-01	1.937036e-02
6.000000e+00	6.324722e-02	4.512375e-01	7.440361e-01	5.710545e-01	3.187327e-01	2.493582e-01	7.455127e-01	2.598320e-01
7.000000e+00	6.324722e-02	9.945103e-01	2.886264e-01	2.162484e-01	2.054210e-01	1.810737e-01	7.455127e-01	2.598320e-01
4.000000e+00	6.461284e-01	4.512375e-01	7.440361e-01	2.162484e-01	2.054210e-01	1.810737e-01	7.455127e-01	2.598320e-01
7.000000e+00	6.461284e-01	9.945103e-01	2.886264e-01	5.710545e-01	3.187327e-01	1.810737e-01	7.455127e-01	2.598320e-01
3.000000e+00	6.461284e-01	9.945103e-01	2.886264e-01	2.162484e-01	2.054210e-01	2.493582e-01	7.455127e-01	2.598320e-01
0.000000e+00	6.461284e-01	9.945103e-01	2.886264e-01	2.162484e-01	2.054210e-01	1.810737e-01	2.175118e-01	1.937036e-02
6.000000e+00	6.461284e-01	9.945103e-01	2.886264e-01	2.162484e-01	2.054210e-01	1.810737e-01	7.455127e-01	2.598320e-01
1.000000e+00	4.172326e-01	6.874121e-01	4.185040e-01	1.459143e-01	1.460249e-01	3.612811e-01	7.379690e-01	4.424584e-01
3.000000e+00	9.987436e-01	6.874121e-01	4.185040e-01	1.459143e-01	1.460249e-01	3.612811e-01	7.379690e-01	4.424584e-01
1.000000e+00	4.172326e-01	6.394290e-01	8.179551e-02	1.459143e-01	1.460249e-01	3.612811e-01	7.379690e-01	4.424584e-01
1.000000e+00	4.172326e-01	6.874121e-01	4.185040e-01	3.820480e-01	6.968907e-01	3.612811e-01	7.379690e-01	4.424584e-01
1.000000e+00	4.172326e-01	6.874121e-01	4.185040e-01	1.459143e-01	1.460249e-01	5.013915e-01	7.379690e-01	4.424584e-01
6.000000e+00	4.172326e-01	6.874121e-01	4.185040e-01	1.459143e-01	1.460249e-01	3.612811e-01	9.406632e-01	9.146543e-01
7.000000e+00	4.172326e-01	6.394290e-01	8.179551e-02	3.820480e-01	6.968907e-01	5.013915e-01	9.406632e-01	9.146543e-01
7.000000e+00	9.987436e-01	6.874121e-01	4.185040e-01	3.820480e-01	6.968907e-01	5.013915e-01	9.406632e-01	9.146543e-01
7.000000e+00	9.987436e-01	6.394290e-01	8.179551e-02	1.459143e-01	1.460249e-01	5.013915e-01	9.406632e-01	9.146543e-01
6.000000e+00	9.987436e-01	6.394290e-01	8.179551e-02	3.820480e-01	6.968907e-01	3.612811e-01	9.406632e-01	9.146543e-01
1.000000e+00	9.987436e-01	6.394290e-01	8.179551e-02	3.820480e-01	6.968907e-01	5.013915e-01	7.379690e-01	4.424584e-01
5.000000e+00	9.987436e-01	6.394290e-01	8.179551e-02	3.820480e-01	6.968907e-01	5.013915e-01	9.406632e-01	9.146543e-01
7.000000e+00	8.925022e-01	2.169706e-01	9.867916e-01	8.279553e-01	7.380280e-01	5.994327e-01	3.925030e-01	8.326785e-01
5.000000e+00	1.916241e-01	2.169706e-01	9.867916e-01	8.279553e-01	7.380280e-01	5.994327e-01	3.925030e-01	8.326785e-01
7.000000e+00	8.925022e-01	1.687039e-01	6.656872e-01	8.279553e-01	7.380280e-01	5.994327e-01	3.925030e-01	8.326785e-01
4.000000e+00	8.925022e-01	2.169706e-01	9.867916e-01	9.341228e-01	2.648106e-01	5.994327e-01	3.925030e-01	8.326785e-01
1.500000e+01	8.925022e-01	2.169706e-01	9.867916e-01	8.279553e-01	7.380280e-01	3.091944e-01	3.925030e-01	8.326785e-01
3.000000e+00	8.925022e-01	2.169706e-01	9.867916e-01	8.279553e-01	7.380280e-01	5.994327e-01	3.858185e-01	2.074599e-01
6.000000e+00	8.925022e-01	1.687039e-01	6.656872e-01	9.341228e-01	2.648106e-01	3.091944e-01	3.858185e-01	2.074599e-01
3.000000e+00	1.916241e-01	2.169706e-01	9.867916e-01	9.341228e-01	2.648106e-01	3.091944e-01	3.858185e-01	2.074599e-01
6.000000e+00	1.916241e-01	1.687039e-01	6.656872e-01	8.279553e-01	7.380280e-01	3.091944e-01	3.858185e-01	2.074599e-01
0.000000e+00	1.916241e-01	1.687039e-01	6.656872e-01	9.341228e-01	2.648106e-01	5.994327e-01	3.858185e-01	2.074599e-01
4.000000e+00	1.916241e-01	1.687039e-01	6.656872e-01	9.341228e-01	2.648106e-01	3.091944e-01	3.925030e-01	8.326785e-01
3.000000e+00	1.916241e-01	1.687039e-01	6.656872e-01	9.341228e-01	2.648106e-01	3.091944e-01	3.858185e-01	2.074599e-01
2.000000e+00	9.720755e-01	8.146461e-01	4.810507e-01	5.605874e-01	9.447397e-02	6.723727e-01	9.469905e-01	7.169004e-01
2.000000e+00	4.928353e-01	8.146461e-01	4.810507e-01	5.605874e-01	9.447397e-02	6.723727e-01	9.469905e-01	7.169004e-01
2.000000e+00	9.720755e-01	5.321345e-01	7.486461e-01	5.605874e-01	9.447397e-02	6.723727e-01	9.469905e-01	7.169004e-01
3.000000e+00	9.720755e-01	8.146461e-01	4.810507e-01	8.158092e-01	1.866002e-01	6.723727e-01	9.469905e-01	7.169004e-01
3.000000e+00	9.720755e-01	8.146461e-01	4.810507e-01	5.605874e-01	9.447397e-02	5.944089e-01	9.469905e-01	7.169004e-01
1.000000e+00	9.720755e-01	8.146461e-01	4.810507e-01	5.605874e-01	9.447397e-02	6.723727e-01	5.973235e-01	5.580042e-01
0.000000e+00	9.720755e-01	5.321345e-01	7.486461e-01	8.158092e-01	1.866002e-01	5.944089e-01	5.973235e-01	5.580042e-01
1.000000e+00	4.928353e-01	8.146461e-01	4.810507e-01	8.158092e-01	1.866002e-01	5.944089e-01	5.973235e-01	5.580042e-01
2.000000e+00	4.928353e-01	5.321345e-01	7.486461e-01	5.605874e-01	9.447397e-02	5.944089e-01	5.973235e-01	5.580042e-01
1.000000e+00	4.928353e-01	5.321345e-01	7.486461e-01	8.158092e-01	1.866002e-01	6.723727e-01	5.973235e-01	5.580042e-01
3.000000e+00	4.928353e-01	5.321345e-01	7.486461e-01	8.158092e-01	1.866002e-01	5.944089e-01	9.469905e-01	7.169004e-01
1.000000e+00	4.928353e-01	5.321345e-01	7.486461e-01	8.158092e-01	1.866002e-01	5.944089e-01	5.973235e-01	5.580042e-01
0.000000e+00	4.626038e-01	2.851254e-01	9.242463e-01	4.733413e-01	5.063776e-01	4.107684e-01	1.679288e-01	7.776400e-02
3.000000e+00	6.895998e-01	2.851254e-01	9.242463e-01	4.733413e-01	5.063776e-01	4.107684e-01	1.679288e-01	7.776400e-02
0.000000e+00	4.626038e-01	2.811670e-03	4.847574e-03	4.733413e-01	5.063776e-01	4.107684e-01	1.679288e-01	7.776400e-02
1.000000e+00	4.626038e-01	2.851254e-01	9.242463e-01	3.680357e-01	8.687865e-01	4.107684e-01	1.679288e-01	7.776400e-02
0.000000e+00	4.626038e-01	2.851254e-01	9.242463e-01	4.733413e-01	5.063776e-01	3.411753e-01	1.679288e-01	7.776400e-02
0.000000e+00	4.626038e-01	2.851254e-01	9.242463e-01	4.733413e-01	5.063776e-01	4.107684e-01	4.248806e-02	3.198783e-01
2.000000e+00	4.626038e-01	2.811670e-03	4.847574e-03	3.680357e-01	8.687865e-01	3.411753e-01	4.248806e-02	3.198783e-01
1.000000e+00	6.895998e-01	2.851254e-01	9.242463e-01	3.680357e-01	8.687865e-01	3.411753e-01	4.248806e-02	3.198783e-01
0.000000e+00	6.895998e-01	2.811670e-03	4.847574e-03	4.733413e-01	5.063776e-01	3.411753e-01	4.248806e-02	3.198783e-01
1.000000e+00	6.895998e-01	2.811670e-03	4.847574e-03	3.680357e-01	8.687865e-01	4.107684e-01	4.248806e-02	3.198783e-01
2.000000e+00	6.895998e-01	2.811670e-03	4.847574e-03	3.680357e-01	8.687865e-01	3.411753e-01	1.679288e-01	7.776400e-02
2.000000e+00	6.895998e-01	2.811670e-03	4.847574e-03	3.680357e-01	8.687865e-01	3.411753e-01	4.248806e-02	3.198783e-01
4.300000e+01	4.910360e-02	5.801322e-01	2.256067e-01	8.057694e-01	9.583800e-01	4.103131e-02	6.317168e-01	3.998084e-01
4.000000e+01	9.152316e-01	5.801322e-01	2.256067e-01	8.057694e-01	9.583800e-01	4.103131e-02	6.317168e-01	3.998084e-01
4.800000e+01	4.910360e-02	3.655072e-01	3.600821e-01	8.057694e-01	9.583800e-01	4.103131e-02	6.317168e-01	3.998084e-01
1.400000e+01	4.910360e-02	5.801322e-01	2.256067e-01	3.379042e-02	3.460979e-01	4.103131e-02	6.317168e-01	3.998084e-01
0.000000e+00	4.910360e-02	5.801322e-01	2.256067e-01	8.057694e-01	9.583800e-01	9.739787e-01	6.317168e-01	3.998084e-01
4.700000e+01	4.910360e-02	5.801322e-01	2.256067e-01	8.057694e-01	9.583800e-01	4.103131e-02	2.693916e-01	9.736492e-01
0.000000e+00	4.910360e-02	3.655072e-01	3.600821e-01	3.379042e-02	3.460979e-01	9.739787e-01	2.693916e-01	9.736492e-01
0.000000e+00	9.152316e-01	5.801322e-01	2.256067e-01	3.379042e-02	3.460979e-01	9.739787e-01	2.693916e-01	9.736492e-01
0.000000e+00	9.152316e-01	3.655072e-01	3.600821e-01	8.057694e-01	9.583800e-01	9.739787e-01	2.693916e-01	9.736492e-01
1.200000e+01	9.152316e-01	3.655072e-01	3.600821e-01	3.379042e-02	3.460979e-01	4.103131e-02	2.693916e-01	9.736492e-01
0.000000e+00	9.152316e-01	3.655072e-01	3.600821e-01	3.379042e-02	3.460979e-01	9.739787e-01	6.317168e-01	3.998084e-01
0.000000e+00	9.152316e-01	3.655072e-01	3.600821e-01	3.379042e-02	3.460979e-01	9.739787e-01	2.693916e-01	9.736492e-01
0.000000e+00	5.084043e-01	5.058030e-02	6.815806e-01	2.222998e-01	4.251542e-01	8.106923e-01	4.732767e-01	7.586561e-01
0.000000e+00	1.442786e-01	5.058030e-02	6.815806e-01	2.222998e-01	4.251542e-01	8.106923e-01	4.732767e-01	7.586561e-01
0.000000e+00	5.084043e-01	8.322804e-01	8.855688e-01	2.222998e-01	4.251542e-01	8.106923e-01	4.732767e-01	7.586561e-01
0.000000e+00	5.084043e-01	5.058030e-02	6.815806e-01	5.245545e-01	6.609508e-01	8.106923e-01	4.732767e-01	7.586561e-01
8.000000e+00	5.084043e-01	5.058030e-02	6.815806e-01	2.222998e-01	4.251542e-01	2.115902e-01	4.732767e-01	7.586561e-01
0.000000e+00	5.084043e-01	5.058030e-02	6.815806e-01	2.222998e-01	4.251542e-01	8.106923e-01	8.397916e-01	1.503260e-01
1.200000e+01	5.084043e-01	8.322804e-01	8.855688e-01	5.245545e-01	6.609508e-01	2.115902e-01	8.397916e-01	1.503260e-01
1.000000e+01	1.442786e-01	5.058030e-02	6.815806e-01	5.245545e-01	6.609508e-01	2.115902e-01	8.397916e-01	1.503260e-01
5.000000e+00	1.442786e-01	8.322804e-01	8.855688e-01	2.222998e-01	4.251542e-01	2.115902e-01	8.397916e-01	1.503260e-01
0.000000e+00	1.442786e-01	8.322804e-01	8.855688e-01	5.245545e-01	6.609508e-01	8.106923e-01	8.397916e-01	1.503260e-01
1.400000e+01	1.442786e-01	8.322804e-01	8.855688e-01	5.245545e-01	6.609508e-01	2.115902e-01	4.732767e-01	7.586561e-01
1.100000e+01	1.442786e-01	8.322804e-01	8.855688e-01	5.245545e-01	6.609508e-01	2.115902e-01	8.397916e-01	1.503260e-01
1.000000e+00	7.308545e-01	7.178468e-01	7.823647e-01	1.004241e-01	2.648441e-01	5.533057e-01	5.465635e-01	3.332162e-01
1.000000e+00	7.859870e-01	7.178468e-01	7.823647e-01	1.004241e-01	2.648441e-01	5.533057e-01	5.465635e-01	3.332162e-01
1.000000e+00	7.308545e-01	2.018163e-01	4.932232e-01	1.004241e-01	2.648441e-01	5.533057e-01	5.465635e-01	3.332162e-01
0.000000e+00	7.308545e-01	7.178468e-01	7.823647e-01	6.413040e-01	4.710002e-01	5.533057e-01	5.465635e-01	3.332162e-01
1.000000e+00	7.308545e-01	7.178468e-01	7.823647e-01	1.004241e-01	2.648441e-01	3.833705e-01	5.465635e-01	3.332162e-01
0.000000e+00	7.308545e-01	7.178468e-01	7.823647e-01	1.004241e-01	2.648441e-01	5.533057e-01	8.754421e-01	7.664934e-02
4.000000e+00	7.308545e-01	2.018163e-01	4.932232e-01	6.413040e-01	4.710002e-01	3.833705e-01	8.754421e-01	7.664934e-02
0.000000e+00	7.859870e-01	7.178468e-01	7.823647e-01	6.413040e-01	4.710002e-01	3.833705e-01	8.754421e-01	7.664934e-02
1.000000e+00	7.859870e-01	2.018163e-01	4.932232e-01	1.004241e-01	2.648441e-01	3.833705e-01	8.754421e-01	7.664934e-02
0.000000e+00	7.859870e-01	2.018163e-01	4.932232e-01	6.413040e-01	4.710002e-01	5.533057e-01	8.754421e-01	7.664934e-02
8.000000e+00	7.859870e-01	2.018163e-01	4.932232e-01	6.413040e-01	4.710002e-01	3.833705e-01	5.465635e-01	3.332162e-01
1.000000e+00	7.859870e-01	2.018163e-01	4.932232e-01	6.413040e-01	4.710002e-01	3.833705e-01	8.754421e-01	7.664934e-02
1.400000e+01	2.096794e-01	1.863642e-01	3.748209e-01	9.340081e-01	8.525747e-01	2.839042e-01	3.260965e-01	9.419435e-01
1.800000e+01	2.962678e-02	1.863642e-01	3.748209e-01	9.340081e-01	8.525747e-01	2.839042e-01	3.260965e-01	9.419435e-01
1.700000e+01	2.096794e-01	7.311331e-01	7.533124e-01	9.340081e-01	8.525747e-01	2.839042e-01	3.260965e-01	9.419435e-01
6.000000e+00	2.096794e-01	1.863642e-01	3.748209e-01	1.670412e-01	5.361131e-01	2.839042e-01	3.260965e-01	9.419435e-01
5.000000e+00	2.096794e-01	1.863642e-01	3.748209e-01	9.340081e-01	8.525747e-01	6.771391e-01	3.260965e-01	9.419435e-01
1.700000e+01	2.096794e-01	1.863642e-01	3.748209e-01	9.340081e-01	8.525747e-01	2.839042e-01	4.456590e-01	7.994020e-01
2.000000e+00	2.096794e-01	7.311331e-01	7.533124e-01	1.670412e-01	5.361131e-01	6.771391e-01	4.456590e-01	7.994020e-01
1.000000e+00	2.962678e-02	1.863642e-01	3.748209e-01	1.670412e-01	5.361131e-01	6.771391e-01	4.456590e-01	7.994020e-01
2.000000e+00	2.962678e-02	7.311331e-01	7.533124e-01	9.340081e-01	8.525747e-01	6.771391e-01	4.456590e-01	7.994020e-01
6.000000e+00	2.962678e-02	7.311331e-01	7.533124e-01	1.670412e-01	5.361131e-01	2.839042e-01	4.456590e-01	7.994020e-01
1.000000e+00	2.962678e-02	7.311331e-01	7.533124e-01	1.670412e-01	5.361131e-01	6.771391e-01	3.260965e-01	9.419435e-01
1.000000e+00	2.962678e-02	7.311331e-01	7.533124e-01	1.670412e-01	5.361131e-01	6.771391e-01	4.456590e-01	7.994020e-01
1.400000e+01	3.098558e-01	9.523297e-01	5.417246e-01	3.454764e-01	6.825524e-01	1.680437e-01	8.447017e-01	5.178637e-01
1.100000e+01	3.645113e-01	9.523297e-01	5.417246e-01	3.454764e-01	6.825524e-01	1.680437e-01	8.447017e-01	5.178637e-01
1.200000e+01	3.098558e-01	8.984707e-01	6.163780e-01	3.454764e-01	6.825524e-01	1.680437e-01	8.447017e-01	5.178637e-01
4.000000e+00	3.098558e-01	9.523297e-01	5.417246e-01	4.856394e-01	6.176187e-02	1.680437e-01	8.447017e-01	5.178637e-01
4.100000e+01	3.098558e-01	9.523297e-01	5.417246e-01	3.454764e-01	6.825524e-01	1.307800e-02	8.447017e-01	5.178637e-01
6.000000e+00	3.098558e-01	9.523297e-01	5.417246e-01	3.454764e-01	6.825524e-01	1.680437e-01	2.343761e-01	3.907321e-01
2.400000e+01	3.098558e-01	8.984707e-01	6.163780e-01	4.856394e-01	6.176187e-02	1.307800e-02	2.343761e-01	3.907321e-01
2.800000e+01	3.645113e-01	9.523297e-01	5.417246e-01	4.856394e-01	6.176187e-02	1.307800e-02	2.343761e-01	3.907321e-01
3.400000e+01	3.645113e-01	8.984707e-01	6.163780e-01	3.454764e-01	6.825524e-01	1.307800e-02	2.343761e-01	3.907321e-01
3.000000e+00	3.645113e-01	8.984707e-01	6.163780e-01	4.856394e-01	6.176187e-02	1.680437e-01	2.343761e-01	3.907321e-01
2.300000e+01	3.645113e-01	8.984707e-01	6.163780e-01	4.856394e-01	6.176187e-02	1.307800e-02	8.447017e-01	5.178637e-01
2.400000e+01	3.645113e-01	8.984707e-01	6.163780e-01	4.856394e-01	6.176187e-02	1.307800e-02	2.343761e-01	3.907321e-01
0.000000e+00	7.574225e-01	4.208183e-01	1.135747e-01	6.830964e-01	2.156566e-01	9.298769e-01	2.666864e-03	1.288477e-01
0.000000e+00	5.779335e-01	4.208183e-01	1.135747e-01	6.830964e-01	2.156566e-01	9.298769e-01	2.666864e-03	1.288477e-01
0.000000e+00	7.574225e-01	4.316958e-01	1.379399e-01	6.830964e-01	2.156566e-01	9.298769e-01	2.666864e-03	1.288477e-01
1.000000e+00	7.574225e-01	4.208183e-01	1.135747e-01	9.482053e-01	9.936894e-01	9.298769e-01	2.666864e-03	1.288477e-01
0.000000e+00	7.574225e-01	4.208183e-01	1.135747e-01	6.830964e-01	2.156566e-01	7.974467e-01	2.666864e-03	1.288477e-01
1.000000e+00	7.574225e-01	4.208183e-01	1.135747e-01	6.830964e-01	2.156566e-01	9.298769e-01	6.798458e-01	7.314122e-01
4.000000e+00	7.574225e-01	4.316958e-01	1.379399e-01	9.482053e-01	9.936894e-01	7.974467e-01	6.798458e-01	7.314122e-01
4.000000e+00	5.779335e-01	4.208183e-01	1.135747e-01	9.482053e-01	9.936894e-01	7.974467e-01	6.798458e-01	7.314122e-01
1.000000e+00	5.779335e-01	4.316958e-01	1.379399e-01	6.830964e-01	2.156566e-01	7.974467e-01	6.798458e-01	7.314122e-01
3.000000e+00	5.779335e-01	4.316958e-01	1.379399e-01	9.482053e-01	9.936894e-01	9.298769e-01	6.798458e-01	7.314122e-01
2.000000e+00	5.779335e-01	4.316958e-01	1.379399e-01	9.482053e-01	9.936894e-01	7.974467e-01	2.666864e-03	1.288477e-01
3.000000e+00	5.779335e-01	4.316958e-01	1.379399e-01	9.482053e-01	9.936894e-01	7.974467e-01	6.798458e-01	7.314122e-01
1.000000e+00	7.861720e-01	9.940074e-01	8.760717e-01	1.690395e-01	9.076176e-01	2.717725e-01	2.673900e-01	5.406399e-01
6.000000e+00	7.394576e-01	9.940074e-01	8.760717e-01	1.690395e-01	9.076176e-01	2.717725e-01	2.673900e-01	5.406399e-01
2.000000e+00	7.861720e-01	9.399786e-01	1.794725e-01	1.690395e-01	9.076176e-01	2.717725e-01	2.673900e-01	5.406399e-01
1.000000e+00	7.861720e-01	9.940074e-01	8.760717e-01	7.124301e-01	3.024909e-01	2.717725e-01	2.673900e-01	5.406399e-01
0.000000e+00	7.861720e-01	9.940074e-01	8.760717e-01	1.690395e-01	9.076176e-01	9.175794e-01	2.673900e-01	5.406399e-01
0.000000e+00	7.861720e-01	9.940074e-01	8.760717e-01	1.690395e-01	9.076176e-01	2.717725e-01	1.412328e-02	4.382416e-02
0.000000e+00	7.861720e-01	9.399786e-01	1.794725e-01	7.124301e-01	3.024909e-01	9.175794e-01	1.412328e-02	4.382416e-02
0.000000e+00	7.394576e-01	9.940074e-01	8.760717e-01	7.124301e-01	3.024909e-01	9.175794e-01	1.412328e-02	4.382416e-02
0.000000e+00	7.394576e-01	9.399786e-01	1.794725e-01	1.690395e-01	9.076176e-01	9.175794e-01	1.412328e-02	4.382416e-02
0.000000e+00	7.394576e-01	9.399786e-01	1.794725e-01	7.124301e-01	3.024909e-01	2.717725e-01	1.412328e-02	4.382416e-02
0.000000e+00	7.394576e-01	9.399786e-01	1.794725e-01	7.124301e-01	3.024909e-01	9.175794e-01	2.673900e-01	5.406399e-01
0.000000e+00	7.394576e-01	9.399786e-01	1.794725e-01	7.124301e-01	3.024909e-01	9.175794e-01	1.412328e-02	4.382416e-02
0.000000e+00	2.811024e-01	3.985307e-01	4.686809e-01	8.668275e-01	4.446891e-01	5.023557e-01	6.128418e-01	1.798400e-01
3.000000e+00	4.528651e-01	3.985307e-01	4.686809e-01	8.668275e-01	4.446891e-01	5.023557e-01	6.128418e-01	1.798400e-01
0.000000e+00	2.811024e-01	4.692972e-01	5.758532e-01	8.668275e-01	4.446891e-01	5.023557e-01	6.128418e-01	1.798400e-01
0.000000e+00	2.811024e-01	3.985307e-01	4.686809e-01	2.209259e-01	7.377590e-01	5.023557e-01	6.128418e-01	1.798400e-01
1.800000e+01	2.811024e-01	3.985307e-01	4.686809e-01	8.668275e-01	4.446891e-01	1.468825e-01	6.128418e-01	1.798400e-01
3.000000e+00	2.811024e-01	3.985307e-01	4.686809e-01	8.668275e-01	4.446891e-01	5.023557e-01	5.687232e-01	8.281688e-01
1.800000e+01	2.811024e-01	4.692972e-01	5.758532e-01	2.209259e-01	7.377590e-01	1.468825e-01	5.687232e-01	8.281688e-01
1.300000e+01	4.528651e-01	3.985307e-01	4.686809e-01	2.209259e-01	7.377590e-01	1.468825e-01	5.687232e-01	8.281688e-01
1.900000e+01	4.528651e-01	4.692972e-01	5.758532e-01	8.668275e-01	4.446891e-01	1.468825e-01	5.687232e-01	8.281688e-01
5.000000e+00	4.528651e-01	4.692972e-01	5.758532e-01	2.209259e-01	7.377590e-01	5.023557e-01	5.687232e-01	8.281688e-01
9.000000e+00	4.528651e-01	4.692972e-01	5.758532e-01	2.209259e-01	7.377590e-01	1.468825e-01	6.128418e-01	1.798400e-01
1.200000e+01	4.528651e-01	4.692972e-01	5.758532e-01	2.209259e-01	7.377590e-01	1.468825e-01	5.687232e-01	8.281688e-01
0.000000e+00	2.384251e-01	7.283999e-01	6.352732e-01	4.160526e-01	2.024375e-02	8.875042e-01	9.238256e-02	3.582839e-01
0.000000e+00	1.608270e-01	7.283999e-01	6.352732e-01	4.160526e-01	2.024375e-02	8.875042e-01	9.238256e-02	3.582839e-01
0.000000e+00	2.384251e-01	1.446910e-01	8.065335e-01	4.160526e-01	2.024375e-02	8.875042e-01	9.238256e-02	3.582839e-01
0.000000e+00	2.384251e-01	7.283999e-01	6.352732e-01	4.301673e-01	2.272465e-01	8.875042e-01	9.238256e-02	3.582839e-01
0.000000e+00	2.384251e-01	7.283999e-01	6.352732e-01	4.160526e-01	2.024375e-02	5.453491e-01	9.238256e-02	3.582839e-01
1.000000e+00	2.384251e-01	7.283999e-01	6.352732e-01	4.160526e-01	2.024375e-02	8.875042e-01	8.730697e-01	4.868203e-01
1.000000e+00	2.384251e-01	1.446910e-01	8.065335e-01	4.301673e-01	2.272465e-01	5.453491e-01	8.730697e-01	4.868203e-01
1.000000e+00	1.608270e-01	7.283999e-01	6.352732e-01	4.301673e-01	2.272465e-01	5.453491e-01	8.730697e-01	4.868203e-01
1.000000e+00	1.608270e-01	1.446910e-01	8.065335e-01	4.160526e-01	2.024375e-02	5.453491e-01	8.730697e-01	4.868203e-01
1.000000e+00	1.608270e-01	1.446910e-01	8.065335e-01	4.301673e-01	2.272465e-01	8.875042e-01	8.730697e-01	4.868203e-01
0.000000e+00	1.608270e-01	1.446910e-01	8.065335e-01	4.301673e-01	2.272465e-01	5.453491e-01	9.238256e-02	3.582839e-01
1.000000e+00	1.608270e-01	1.446910e-01	8.065335e-01	4.301673e-01	2.272465e-01	5.453491e-01	8.730697e-01	4.868203e-01
2.500000e+01	7.021128e-01	1.329530e-01	2.074594e-01	6.100488e-01	6.118196e-01	1.493526e-01	8.094327e-01	9.993725e-01
2.100000e+01	9.044205e-01	1.329530e-01	2.074594e-01	6.100488e-01	6.118196e-01	1.493526e-01	8.094327e-01	9.993725e-01
2.300000e+01	7.021128e-01	6.779143e-01	4.409494e-01	6.100488e-01	6.118196e-01	1.493526e-01	8.094327e-01	9.993725e-01
2.600000e+01	7.021128e-01	1.329530e-01	2.074594e-01	8.786656e-01	7.949390e-01	1.493526e-01	8.094327e-01	9.993725e-01
8.000000e+00	7.021128e-01	1.329530e-01	2.074594e-01	6.100488e-01	6.118196e-01	2.691585e-01	8.094327e-01	9.993725e-01
1.600000e+01	7.021128e-01	1.329530e-01	2.074594e-01	6.100488e-01	6.118196e-01	1.493526e-01	3.029053e-01	6.390773e-01
2.200000e+01	7.021128e-01	6.779143e-01	4.409494e-01	8.786656e-01	7.949390e-01	2.691585e-01	3.029053e-01	6.390773e-01
6.000000e+00	9.044205e-01	1.329530e-01	2.074594e-01	8.786656e-01	7.949390e-01	2.691585e-01	3.029053e-01	6.390773e-01
6.000000e+00	9.044205e-01	6.779143e-01	4.409494e-01	6.100488e-01	6.118196e-01	2.691585e-01	3.029053e-01	6.390773e-01
2.700000e+01	9.044205e-01	6.779143e-01	4.409494e-01	8.786656e-01	7.949390e-01	1.493526e-01	3.029053e-01	6.390773e-01
2.000000e+01	9.044205e-01	6.779143e-01	4.409494e-01	8.786656e-01	7.949390e-01	2.691585e-01	8.094327e-01	9.993725e-01
9.000000e+00	9.044205e-01	6.779143e-01	4.409494e-01	8.786656e-01	7.949390e-01	2.691585e-01	3.029053e-01	6.390773e-01
4.000000e+00	5.410486e-01	5.986203e-01	3.248454e-01	7.400193e-01	7.020571e-01	3.909768e-01	2.420314e-01	4.088746e-01
3.000000e+00	4.030003e-02	5.986203e-01	3.248454e-01	7.400193e-01	7.020571e-01	3.909768e-01	2.420314e-01	4.088746e-01
4.000000e+00	5.410486e-01	2.937261e-01	9.222000e-01	7.400193e-01	7.020571e-01	3.909768e-01	2.420314e-01	4.088746e-01
0.000000e+00	5.410486e-01	5.986203e-01	3.248454e-01	7.600928e-01	1.021493e-01	3.909768e-01	2.420314e-01	4.088746e-01
3.400000e+01	5.410486e-01	5.986203e-01	3.248454e-01	7.400193e-01	7.020571e-01	6.606705e-02	2.420314e-01	4.088746e-01
6.000000e+00	5.410486e-01	5.986203e-01	3.248454e-01	7.400193e-01	7.020571e-01	3.909768e-01	4.821071e-01	5.878616e-01
8.000000e+00	5.410486e-01	2.937261e-01	9.222000e-01	7.600928e-01	1.021493e-01	6.606705e-02	4.821071e-01	5.878616e-01
1.100000e+01	4.030003e-02	5.986203e-01	3.248454e-01	7.600928e-01	1.021493e-01	6.606705e-02	4.821071e-01	5.878616e-01
3.200000e+01	4.030003e-02	2.937261e-01	9.222000e-01	7.400193e-01	7.020571e-01	6.606705e-02	4.821071e-01	5.878616e-01
1.000000e+00	4.030003e-02	2.937261e-01	9.222000e-01	7.600928e-01	1.021493e-01	3.909768e-01	4.821071e-01	5.878616e-01
1.600000e+01	4.030003e-02	2.937261e-01	9.222000e-01	7.600928e-01	1.021493e-01	6.606705e-02	2.420314e-01	4.088746e-01
9.000000e+00	4.030003e-02	2.937261e-01	9.222000e-01	7.600928e-01	1.021493e-01	6.606705e-02	4.821071e-01	5.878616e-01
2.000000e+00	1.646307e-02	5.103206e-03	7.678889e-01	2.963817e-01	1.648640e-01	6.293877e-01	8.960779e-01	7.998447e-01
3.000000e+00	7.693323e-01	5.103206e-03	7.678889e-01	2.963817e-01	1.648640e-01	6.293877e-01	8.960779e-01	7.998447e-01
2.000000e+00	1.646307e-02	7.644053e-01	3.225055e-01	2.963817e-01	1.648640e-01	6.293877e-01	8.960779e-01	7.998447e-01
2.000000e+00	1.646307e-02	5.103206e-03	7.678889e-01	2.987400e-01	9.201008e-01	6.293877e-01	8.960779e-01	7.998447e-01
2.000000e+00	1.646307e-02	5.103206e-03	7.678889e-01	2.963817e-01	1.648640e-01	8.733774e-01	8.960779e-01	7.998447e-01
1.000000e+00	1.646307e-02	5.103206e-03	7.678889e-01	2.963817e-01	1.648640e-01	6.293877e-01	9.116375e-01	2.862059e-01
0.000000e+00	1.646307e-02	7.644053e-01	3.225055e-01	2.987400e-01	9.201008e-01	8.733774e-01	9.116375e-01	2.862059e-01
0.000000e+00	7.693323e-01	5.103206e-03	7.678889e-01	2.987400e-01	9.201008e-01	8.733774e-01	9.116375e-01	2.862059e-01
0.000000e+00	7.693323e-01	7.644053e-01	3.225055e-01	2.963817e-01	1.648640e-01	8.733774e-01	9.116375e-01	2.862059e-01
4.000000e+00	7.693323e-01	7.644053e-01	3.225055e-01	2.987400e-01	9.201008e-01	6.293877e-01	9.116375e-01	2.862059e-01
4.000000e+00	7.693323e-01	7.644053e-01	3.225055e-01	2.987400e-01	9.201008e-01	8.733774e-01	8.960779e-01	7.998447e-01
1.000000e+00	7.693323e-01	7.644053e-01	3.225055e-01	2.987400e-01	9.201008e-01	8.733774e-01	9.116375e-01	2.862059e-01
0.000000e+00	4.952672e-01	8.640137e-01	6.955580e-02	9.871469e-01	3.703166e-01	7.605986e-01	4.301765e-01	7.244129e-01
0.000000e+00	6.180415e-01	8.640137e-01	6.955580e-02	9.871469e-01	3.703166e-01	7.605986e-01	4.301765e-01	7.244129e-01
0.000000e+00	4.952672e-01	6.195329e-01	6.097981e-02	9.871469e-01	3.703166e-01	7.605986e-01	4.301765e-01	7.244129e-01
0.000000e+00	4.952672e-01	8.640137e-01	6.955580e-02	1.051609e-01	4.276531e-01	7.605986e-01	4.301765e-01	7.244129e-01
3.000000e+00	4.952672e-01	8.640137e-01	6.955580e-02	9.871469e-01	3.703166e-01	4.436684e-01	4.301765e-01	7.244129e-01
1.000000e+00	4.952672e-01	8.640137e-01	6.955580e-02	9.871469e-01	3.703166e-01	7.605986e-01	6.541704e-01	8.824210e-01
4.000000e+00	4.952672e-01	6.195329e-01	6.097981e-02	1.051609e-01	4.276531e-01	4.436684e-01	6.541704e-01	8.824210e-01
3.000000e+00	6.180415e-01	8.640137e-01	6.955580e-02	1.051609e-01	4.276531e-01	4.436684e-01	6.541704e-01	8.824210e-01
8.000000e+00	6.180415e-01	6.195329e-01	6.097981e-02	9.871469e-01	3.703166e-01	4.436684e-01	6.541704e-01	8.824210e-01
1.000000e+00	6.180415e-01	6.195329e-01	6.097981e-02	1.051609e-01	4.276531e-01	7.605986e-01	6.541704e-01	8.824210e-01
3.000000e+00	6.180415e-01	6.195329e-01	6.097981e-02	1.051609e-01	4.276531e-01	4.436684e-01	4.301765e-01	7.244129e-01
3.000000e+00	6.180415e-01	6.195329e-01	6.097981e-02	1.051609e-01	4.276531e-01	4.436684e-01	6.541704e-01	8.824210e-01
1.800000e+01	9.394084e-01	2.705288e-01	5.251945e-01	3.948852e-02	7.783751e-01	3.024429e-02	7.136320e-01	1.137315e-01
2.000000e+01	3.147598e-01	2.705288e-01	5.251945e-01	3.948852e-02	7.783751e-01	3.024429e-02	7.136320e-01	1.137315e-01
2.000000e+01	9.394084e-01	8.630412e-02	6.915079e-01	3.948852e-02	7.783751e-01	3.024429e-02	7.136320e-01	1.137315e-01
3.800000e+01	9.394084e-01	2.705288e-01	5.251945e-01	5.781953e-01	6.126615e-01	3.024429e-02	7.136320e-01	1.137315e-01
0.000000e+00	9.394084e-01	2.705288e-01	5.251945e-01	3.948852e-02	7.783751e-01	7.457302e-01	7.136320e-01	1.137315e-01
1.600000e+01	9.394084e-01	2.705288e-01	5.251945e-01	3.948852e-02	7.783751e-01	3.024429e-02	2.089534e-01	2.455524e-01
0.000000e+00	9.394084e-01	8.630412e-02	6.915079e-01	5.781953e-01	6.126615e-01	7.457302e-01	2.089534e-01	2.455524e-01
0.000000e+00	3.147598e-01	2.705288e-01	5.251945e-01	5.781953e-01	6.126615e-01	7.457302e-01	2.089534e-01	2.455524e-01
0.000000e+00	3.147598e-01	8.630412e-02	6.915079e-01	3.948852e-02	7.783751e-01	7.457302e-01	2.089534e-01	2.455524e-01
3.300000e+01	3.147598e-01	8.630412e-02	6.915079e-01	5.781953e-01	6.126615e-01	3.024429e-02	2.089534e-01	2.455524e-01
0.000000e+00	3.147598e-01	8.630412e-02	6.915079e-01	5.781953e-01	6.126615e-01	7.457302e-01	7.136320e-01	1.137315e-01
0.000000e+00	3.147598e-01	8.630412e-02	6.915079e-01	5.781953e-01	6.126615e-01	7.457302e-01	2.089534e-01	2.455524e-01
1.000000e+00	9.252913e-01	6.338897e-01	7.009475e-03	3.376110e-01	3.887255e-01	1.988965e-01	1.275405e-01	4.987966e-01
1.000000e+00	1.237820e-01	6.338897e-01	7.009475e-03	3.376110e-01	3.887255e-01	1.988965e-01	1.275405e-01	4.987966e-01
2.000000e+00	9.252913e-01	7.073038e-01	6.437315e-01	3.376110e-01	3.887255e-01	1.988965e-01	1.275405e-01	4.987966e-01
1.600000e+01	9.252913e-01	6.338897e-01	7.009475e-03	6.718584e-01	9.408077e-01	1.988965e-01	1.275405e-01	4.987966e-01
0.000000e+00	9.252913e-01	6.338897e-01	7.009475e-03	3.376110e-01	3.887255e-01	4.136409e-01	1.275405e-01	4.987966e-01
6.000000e+00	9.252913e-01	6.338897e-01	7.009475e-03	3.376110e-01	3.887255e-01	1.988965e-01	8.098570e-01	5.199250e-01
7.000000e+00	9.252913e-01	7.073038e-01	6.437315e-01	6.718584e-01	9.408077e-01	4.136409e-01	8.098570e-01	5.199250e-01
1.100000e+01	1.237820e-01	6.338897e-01	7.009475e-03	6.718584e-01	9.408077e-01	4.136409e-01	8.098570e-01	5.199250e-01
2.000000e+00	1.237820e-01	7.073038e-01	6.437315e-01	3.376110e-01	3.887255e-01	4.136409e-01	8.098570e-01	5.199250e-01
1.700000e+01	1.237820e-01	7.073038e-01	6.437315e-01	6.718584e-01	9.408077e-01	1.988965e-01	8.098570e-01	5.199250e-01
4.000000e+00	1.237820e-01	7.073038e-01	6.437315e-01	6.718584e-01	9.408077e-01	4.136409e-01	1.275405e-01	4.987966e-01
1.400000e+01	1.237820e-01	7.073038e-01	6.437315e-01	6.718584e-01	9.408077e-01	4.136409e-01	8.098570e-01	5.199250e-01
3.000000e+00	3.844471e-01	2.274136e-01	5.877392e-01	6.279898e-01	9.767612e-01	9.682980e-01	9.695878e-01	8.588827e-01
6.000000e+00	8.167078e-01	2.274136e-01	5.877392e-01	6.279898e-01	9.767612e-01	9.682980e-01	9.695878e-01	8.588827e-01
3.000000e+00	3.844471e-01	2.404851e-01	1.028044e-01	6.279898e-01	9.767612e-01	9.682980e-01	9.695878e-01	8.588827e-01
1.000000e+00	3.844471e-01	2.274136e-01	5.877392e-01	1.448003e-01	5.692231e-03	9.682980e-01	9.695878e-01	8.588827e-01
8.000000e+00	3.844471e-01	2.274136e-01	5.877392e-01	6.279898e-01	9.767612e-01	6.507598e-01	9.695878e-01	8.588827e-01
0.000000e+00	3.844471e-01	2.274136e-01	5.877392e-01	6.279898e-01	9.767612e-01	9.682980e-01	3.646321e-01	3.520983e-01
1.000000e+00	3.844471e-01	2.404851e-01	1.028044e-01	1.448003e-01	5.692231e-03	6.507598e-01	3.646321e-01	3.520983e-01
1.000000e+00	8.167078e-01	2.274136e-01	5.877392e-01	1.448003e-01	5.692231e-03	6.507598e-01	3.646321e-01	3.520983e-01
1.000000e+00	8.167078e-01	2.404851e-01	1.028044e-01	6.279898e-01	9.767612e-01	6.507598e-01	3.646321e-01	3.520983e-01
0.000000e+00	8.167078e-01	2.404851e-01	1.028044e-01	1.448003e-01	5.692231e-03	9.682980e-01	3.646321e-01	3.520983e-01
2.000000e+00	8.167078e-01	2.404851e-01	1.028044e-01	1.448003e-01	5.692231e-03	6.507598e-01	9.695878e-01	8.588827e-01
1.000000e+00	8.167078e-01	2.404851e-01	1.028044e-01	1.448003e-01	5.692231e-03	6.507598e-01	3.646321e-01	3.520983e-01
1.000000e+00	9.600982e-02	8.995622e-01	2.623924e-01	9.243660e-02	5.584194e-01	5.792768e-01	4.509845e-01	6.813696e-01
2.000000e+00	5.462456e-01	8.995622e-01	2.623924e-01	9.243660e-02	5.584194e-01	5.792768e-01	4.509845e-01	6.813696e-01
2.000000e+00	9.600982e-02	3.778350e-01	2.783587e-01	9.243660e-02	5.584194e-01	5.792768e-01	4.509845e-01	6.813696e-01
1.000000e+00	9.600982e-02	8.995622e-01	2.623924e-01	4.511763e-01	5.293597e-01	5.792768e-01	4.509845e-01	6.813696e-01
2.500000e+01	9.600982e-02	8.995622e-01	2.623924e-01	9.243660e-02	5.584194e-01	3.359766e-02	4.509845e-01	6.813696e-01
0.000000e+00	9.600982e-02	8.995622e-01	2.623924e-01	9.243660e-02	5.584194e-01	5.792768e-01	7.541094e-02	9.472886e-01
2.400000e+01	9.600982e-02	3.778350e-01	2.783587e-01	4.511763e-01	5.293597e-01	3.359766e-02	7.541094e-02	9.472886e-01
3.400000e+01	5.462456e-01	8.995622e-01	2.623924e-01	4.511763e-01	5.293597e-01	3.359766e-02	7.541094e-02	9.472886e-01
1.900000e+01	5.462456e-01	3.778350e-01	2.783587e-01	9.243660e-02	5.584194e-01	3.359766e-02	7.541094e-02	9.472886e-01
0.000000e+00	5.462456e-01	3.778350e-01	2.783587e-01	4.511763e-01	5.293597e-01	5.792768e-01	7.541094e-02	9.472886e-01
3.200000e+01	5.462456e-01	3.778350e-01	2.783587e-01	4.511763e-01	5.293597e-01	3.359766e-02	4.509845e-01	6.813696e-01
3.800000e+01	5.462456e-01	3.778350e-01	2.783587e-01	4.511763e-01	5.293597e-01	3.359766e-02	7.541094e-02	9.472886e-01
0.000000e+00	5.864390e-01	4.930559e-01	8.303439e-01	8.790235e-01	9.170673e-02	3.174436e-01	6.714353e-01	3.907219e-02
0.000000e+00	2.713194e-01	4.930559e-01	8.303439e-01	8.790235e-01	9.170673e-02	3.174436e-01	6.714353e-01	3.907219e-02
0.000000e+00	5.864390e-01	9.071117e-01	9.759589e-01	8.790235e-01	9.170673e-02	3.174436e-01	6.714353e-01	3.907219e-02
4.000000e+00	5.864390e-01	4.930559e-01	8.303439e-01	9.899752e-01	4.615757e-01	3.174436e-01	6.714353e-01	3.907219e-02
0.000000e+00	5.864390e-01	4.930559e-01	8.303439e-01	8.790235e-01	9.170673e-02	7.808490e-01	6.714353e-01	3.907219e-02
1.000000e+00	5.864390e-01	4.930559e-01	8.303439e-01	8.790235e-01	9.170673e-02	3.174436e-01	5.049503e-01	1.786396e-01
0.000000e+00	5.864390e-01	9.071117e-01	9.759589e-01	9.899752e-01	4.615757e-01	7.808490e-01	5.049503e-01	1.786396e-01
0.000000e+00	2.713194e-01	4.930559e-01	8.303439e-01	9.899752e-01	4.615757e-01	7.808490e-01	5.049503e-01	1.786396e-01
0.000000e+00	2.713194e-01	9.071117e-01	9.759589e-01	8.790235e-01	9.170673e-02	7.808490e-01	5.049503e-01	1.786396e-01
5.000000e+00	2.713194e-01	9.071117e-01	9.759589e-01	9.899752e-01	4.615757e-01	3.174436e-01	5.049503e-01	1.786396e-01
0.000000e+00	2.713194e-01	9.071117e-01	9.759589e-01	9.899752e-01	4.615757e-01	7.808490e-01	6.714353e-01	3.907219e-02
0.000000e+00	2.713194e-01	9.071117e-01	9.759589e-01	9.899752e-01	4.615757e-01	7.808490e-01	5.049503e-01	1.786396e-01
2.500000e+01	6.840723e-01	7.697593e-01	6.978219e-01	7.513799e-01	2.202168e-01	7.591336e-02	3.481455e-01	6.151468e-01
1.600000e+01	6.588773e-01	7.697593e-01	6.978219e-01	7.513799e-01	2.202168e-01	7.591336e-02	3.481455e-01	6.151468e-01
2.000000e+01	6.840723e-01	5.667220e-02	3.952515e-01	7.513799e-01	2.202168e-01	7.591336e-02	3.481455e-01	6.151468e-01
3.000000e+01	6.840723e-01	7.697593e-01	6.978219e-01	8.712507e-01	6.545216e-01	7.591336e-02	3.481455e-01	6.151468e-01
1.000000e+00	6.840723e-01	7.697593e-01	6.978219e-01	7.513799e-01	2.202168e-01	5.778180e-01	3.481455e-01	6.151468e-01
1.900000e+01	6.840723e-01	7.697593e-01	6.978219e-01	7.513799e-01	2.202168e-01	7.591336e-02	7.173463e-01	9.521259e-02
0.000000e+00	6.840723e-01	5.667220e-02	3.952515e-01	8.712507e-01	6.545216e-01	5.778180e-01	7.173463e-01	9.521259e-02
0.000000e+00	6.588773e-01	7.697593e-01	6.978219e-01	8.712507e-01	6.545216e-01	5.778180e-01	7.173463e-01	9.521259e-02
0.000000e+00	6.588773e-01	5.667220e-02	3.952515e-01	7.513799e-01	2.202168e-01	5.778180e-01	7.173463e-01	9.521259e-02
3.500000e+01	6.588773e-01	5.667220e-02	3.952515e-01	8.712507e-01	6.545216e-01	7.591336e-02	7.173463e-01	9.521259e-02
3.000000e+00	6.588773e-01	5.667220e-02	3.952515e-01	8.712507e-01	6.545216e-01	5.778180e-01	3.481455e-01	6.151468e-01
0.000000e+00	6.588773e-01	5.667220e-02	3.952515e-01	8.712507e-01	6.545216e-01	5.778180e-01	7.173463e-01	9.521259e-02
0.000000e+00	1.315246e-01	3.652294e-01	1.449161e-01	2.146633e-01	6.325477e-01	8.375177e-01	5.066000e-01	2.229746e-01
0.000000e+00	3.986778e-01	3.652294e-01	1.449161e-01	2.146633e-01	6.325477e-01	8.375177e-01	5.066000e-01	2.229746e-01
0.000000e+00	1.315246e-01	5.234930e-01	8.582424e-01	2.146633e-01	6.325477e-01	8.375177e-01	5.066000e-01	2.229746e-01
0.000000e+00	1.315246e-01	3.652294e-01	1.449161e-01	3.199006e-01	3.364785e-01	8.375177e-01	5.066000e-01	2.229746e-01
1.000000e+00	1.315246e-01	3.652294e-01	1.449161e-01	2.146633e-01	6.325477e-01	3.616874e-01	5.066000e-01	2.229746e-01
0.000000e+00	1.315246e-01	3.652294e-01	1.449161e-01	2.146633e-01	6.325477e-01	8.375177e-01	1.471908e-01	7.788856e-01
0.000000e+00	1.315246e-01	5.234930e-01	8.582424e-01	3.199006e-01	3.364785e-01	3.616874e-01	1.471908e-01	7.788856e-01
0.000000e+00	3.986778e-01	3.652294e-01	1.449161e-01	3.199006e-01	3.364785e-01	3.616874e-01	1.471908e-01	7.788856e-01
0.000000e+00	3.986778e-01	5.234930e-01	8.582424e-01	2.146633e-01	6.325477e-01	3.616874e-01	1.471908e-01	7.788856e-01
0.000000e+00	3.986778e-01	5.234930e-01	8.582424e-01	3.199006e-01	3.364785e-01	8.375177e-01	1.471908e-01	7.788856e-01
1.000000e+00	3.986778e-01	5.234930e-01	8.582424e-01	3.199006e-01	3.364785e-01	3.616874e-01	5.066000e-01	2.229746e-01
0.000000e+00	3.986778e-01	5.234930e-01	8.582424e-01	3.199006e-01	3.364785e-01	3.616874e-01	1.471908e-01	7.788856e-01
2.000000e+00	3.567601e-01	5.039346e-01	9.385231e-01	5.063200e-01	8.323851e-01	7.101834e-01	4.281388e-02	2.993983e-01
1.000000e+00	2.374689e-01	5.039346e-01	9.385231e-01	5.063200e-01	8.323851e-01	7.101834e-01	4.281388e-02	2.993983e-01
2.000000e+00	3.567601e-01	8.561100e-01	5.259724e-01	5.063200e-01	8.323851e-01	7.101834e-01	4.281388e-02	2.993983e-01
0.000000e+00	3.567601e-01	5.039346e-01	9.385231e-01	2.912776e-02	8.157101e-01	7.101834e-01	4.281388e-02	2.993983e-01
0.000000e+00	3.567601e-01	5.039346e-01	9.385231e-01	5.063200e-01	8.323851e-01	9.476074e-01	4.281388e-02	2.993983e-01
0.000000e+00	3.567601e-01	5.039346e-01	9.385231e-01	5.063200e-01	8.323851e-01	7.101834e-01	4.207903e-01	4.366392e-01
0.000000e+00	3.567601e-01	8.561100e-01	5.259724e-01	2.912776e-02	8.157101e-01	9.476074e-01	4.207903e-01	4.366392e-01
0.000000e+00	2.374689e-01	5.039346e-01	9.385231e-01	2.912776e-02	8.157101e-01	9.476074e-01	4.207903e-01	4.366392e-01
0.000000e+00	2.374689e-01	8.561100e-01	5.259724e-01	5.063200e-01	8.323851e-01	9.476074e-01	4.207903e-01	4.366392e-01
0.000000e+00	2.374689e-01	8.561100e-01	5.259724e-01	2.912776e-02	8.157101e-01	7.101834e-01	4.207903e-01	4.366392e-01
0.000000e+00	2.374689e-01	8.561100e-01	5.259724e-01	2.912776e-02	8.157101e-01	9.476074e-01	4.281388e-02	2.993983e-01
0.000000e+00	2.374689e-01	8.561100e-01	5.259724e-01	2.912776e-02	8.157101e-01	9.476074e-01	4.207903e-01	4.366392e-01
3.000000e+00	8.354552e-01	9.937309e-02	4.062233e-01	4.655826e-01	2.992203e-01	4.405224e-01	8.218575e-01	9.093592e-01
6.000000e+00	9.469174e-01	9.937309e-02	4.062233e-01	4.655826e-01	2.992203e-01	4.405224e-01	8.218575e-01	9.093592e-01
5.000000e+00	8.354552e-01	3.268388e-01	2.196782e-01	4.655826e-01	2.992203e-01	4.405224e-01	8.218575e-01	9.093592e-01
6.000000e+00	8.354552e-01	9.937309e-02	4.062233e-01	5.375311e-01	1.308544e-01	4.405224e-01	8.218575e-01	9.093592e-01
1.300000e+01	8.354552e-01	9.937309e-02	4.062233e-01	4.655826e-01	2.992203e-01	2.418524e-01	8.218575e-01	9.093592e-01
7.000000e+00	8.354552e-01	9.937309e-02	4.062233e-01	4.655826e-01	2.992203e-01	4.405224e-01	9.753823e-01	6.913646e-01
7.000000e+00	8.354552e-01	3.268388e-01	2.196782e-01	5.375311e-01	1.308544e-01	2.418524e-01	9.753823e-01	6.913646e-01
6.000000e+00	9.469174e-01	9.937309e-02	4.062233e-01	5.375311e-01	1.308544e-01	2.418524e-01	9.753823e-01	6.913646e-01
9.000000e+00	9.469174e-01	3.268388e-01	2.196782e-01	4.655826e-01	2.992203e-01	2.418524e-01	9.753823e-01	6.913646e-01
5.000000e+00	9.469174e-01	3.268388e-01	2.196782e-01	5.375311e-01	1.308544e-01	4.405224e-01	9.753823e-01	6.913646e-01
6.000000e+00	9.469174e-01	3.268388e-01	2.196782e-01	5.375311e-01	1.308544e-01	2.418524e-01	8.218575e-01	9.093592e-01
8.000000e+00	9.469174e-01	3.268388e-01	2.196782e-01	5.375311e-01	1.308544e-01	2.418524e-01	9.753823e-01	6.913646e-01
0.000000e+00	8.236474e-01	8.054914e-01	2.363547e-01	4.998674e-02	7.240268e-01	3.356132e-01	6.574854e-02	8.595523e-01
0.000000e+00	4.663396e-01	8.054914e-01	2.363547e-01	4.998674e-02	7.240268e-01	3.356132e-01	6.574854e-02	8.595523e-01
0.000000e+00	8.236474e-01	7.746580e-01	3.118603e-01	4.998674e-02	7.240268e-01	3.356132e-01	6.574854e-02	8.595523e-01
0.000000e+00	8.236474e-01	8.054914e-01	2.363547e-01	1.765890e-01	8.492859e-01	3.356132e-01	6.574854e-02	8.595523e-01
0.000000e+00	8.236474e-01	8.054914e-01	2.363547e-01	4.998674e-02	7.240268e-01	5.907578e-01	6.574854e-02	8.595523e-01
1.000000e+00	8.236474e-01	8.054914e-01	2.363547e-01	4.998674e-02	7.240268e-01	3.356132e-01	6.326759e-01	1.227871e-01
0.000000e+00	8.236474e-01	7.746580e-01	3.118603e-01	1.765890e-01	8.492859e-01	5.907578e-01	6.326759e-01	1.227871e-01
0.000000e+00	4.663396e-01	8.054914e-01	2.363547e-01	1.765890e-01	8.492859e-01	5.907578e-01	6.326759e-01	1.227871e-01
0.000000e+00	4.663396e-01	7.746580e-01	3.118603e-01	4.998674e-02	7.240268e-01	5.907578e-01	6.326759e-01	1.227871e-01
1.000000e+00	4.663396e-01	7.746580e-01	3.118603e-01	1.765890e-01	8.492859e-01	3.356132e-01	6.326759e-01	1.227871e-01
0.000000e+00	4.663396e-01	7.746580e-01	3.118603e-01	1.765890e-01	8.492859e-01	5.907578e-01	6.574854e-02	8.595523e-01
0.000000e+00	4.663396e-01	7.746580e-01	3.118603e-01	1.765890e-01	8.492859e-01	5.907578e-01	6.326759e-01	1.227871e-01
1.000000e+00	3.610578e-01	3.370047e-01	6.688986e-01	9.781140e-01	1.282858e-01	5.659522e-01	7.822950e-01	4.702912e-01
1.000000e+00	7.256150e-01	3.370047e-01	6.688986e-01	9.781140e-01	1.282858e-01	5.659522e-01	7.822950e-01	4.702912e-01
1.000000e+00	3.610578e-01	3.078356e-01	9.425796e-01	9.781140e-01	1.282858e-01	5.659522e-01	7.822950e-01	4.702912e-01
0.000000e+00	3.610578e-01	3.370047e-01	6.688986e-01	6.400703e-01	1.592866e-01	5.659522e-01	7.822950e-01	4.702912e-01
6.000000e+00	3.610578e-01	3.370047e-01	6.688986e-01	9.781140e-01	1.282858e-01	3.448417e-01	7.822950e-01	4.702912e-01
0.000000e+00	3.610578e-01	3.370047e-01	6.688986e-01	9.781140e-01	1.282858e-01	5.659522e-01	2.030831e-01	7.512842e-01
1.000000e+00	3.610578e-01	3.078356e-01	9.425796e-01	6.400703e-01	1.592866e-01	3.448417e-01	2.030831e-01	7.512842e-01
0.000000e+00	7.256150e-01	3.370047e-01	6.688986e-01	6.400703e-01	1.592866e-01	3.448417e-01	2.030831e-01	7.512842e-01
2.000000e+00	7.256150e-01	3.078356e-01	9.425796e-01	9.781140e-01	1.282858e-01	3.448417e-01	2.030831e-01	7.512842e-01
0.000000e+00	7.256150e-01	3.078356e-01	9.425796e-01	6.400703e-01	1.592866e-01	5.659522e-01	2.030831e-01	7.512842e-01
3.000000e+00	7.256150e-01	3.078356e-01	9.425796e-01	6.400703e-01	1.592866e-01	3.448417e-01	7.822950e-01	4.702912e-01
1.000000e+00	7.256150e-01	3.078356e-01	9.425796e-01	6.400703e-01	1.592866e-01	3.448417e-01	2.030831e-01	7.512842e-01
0.000000e+00	1.506567e-01	5.399704e-01	4.937556e-01	3.010205e-01	3.288386e-01	9.503653e-01	2.617367e-01	5.402376e-02
0.000000e+00	8.867935e-01	5.399704e-01	4.937556e-01	3.010205e-01	3.288386e-01	9.503653e-01	2.617367e-01	5.402376e-02
0.000000e+00	1.506567e-01	7.775756e-02	6.733246e-01	3.010205e-01	3.288386e-01	9.503653e-01	2.617367e-01	5.402376e-02
0.000000e+00	1.506567e-01	5.399704e-01	4.937556e-01	9.581650e-01	6.805127e-01	9.503653e-01	2.617367e-01	5.402376e-02
0.000000e+00	1.506567e-01	5.399704e-01	4.937556e-01	3.010205e-01	3.288386e-01	9.620115e-01	2.617367e-01	5.402376e-02
0.000000e+00	1.506567e-01	5.399704e-01	4.937556e-01	3.010205e-01	3.288386e-01	9.503653e-01	4.918808e-01	4.100145e-01
0.000000e+00	1.506567e-01	7.775756e-02	6.733246e-01	9.581650e-01	6.805127e-01	9.620115e-01	4.918808e-01	4.100145e-01
0.000000e+00	8.867935e-01	5.399704e-01	4.937556e-01	9.581650e-01	6.805127e-01	9.620115e-01	4.918808e-01	4.100145e-01
0.000000e+00	8.867935e-01	7.775756e-02	6.733246e-01	3.010205e-01	3.288386e-01	9.620115e-01	4.918808e-01	4.100145e-01
0.000000e+00	8.867935e-01	7.775756e-02	6.733246e-01	9.581650e-01	6.805127e-01	9.503653e-01	4.918808e-01	4.100145e-01
0.000000e+00	8.867935e-01	7.775756e-02	6.733246e-01	9.581650e-01	6.805127e-01	9.620115e-01	2.617367e-01	5.402376e-02
0.000000e+00	8.867935e-01	7.775756e-02	6.733246e-01	9.581650e-01	6.805127e-01	9.620115e-01	4.918808e-01	4.100145e-01
2.300000e+01	6.568253e-01	7.145499e-02	9.135061e-01	7.329396e-01	8.032269e-01	2.119696e-01	6.076921e-01	6.629962e-01
1.700000e+01	1.783301e-01	7.145499e-02	9.135061e-01	7.329396e-01	8.032269e-01	2.119696e-01	6.076921e-01	6.629962e-01
2.500000e+01	6.568253e-01	6.070304e-01	7.333305e-02	7.329396e-01	8.032269e-01	2.119696e-01	6.076921e-01	6.629962e-01
1.000000e+01	6.568253e-01	7.145499e-02	9.135061e-01	4.829867e-01	3.734718e-01	2.119696e-01	6.076921e-01	6.629962e-01
2.600000e+01	6.568253e-01	7.145499e-02	9.135061e-01	7.329396e-01	8.032269e-01	2.235421e-01	6.076921e-01	6.629962e-01
1.700000e+01	6.568253e-01	7.145499e-02	9.135061e-01	7.329396e-01	8.032269e-01	2.119696e-01	9.370371e-01	7.179627e-01
1.000000e+01	6.568253e-01	6.070304e-01	7.333305e-02	4.829867e-01	3.734718e-01	2.235421e-01	9.370371e-01	7.179627e-01
1.400000e+01	1.783301e-01	7.145499e-02	9.135061e-01	4.829867e-01	3.734718e-01	2.235421e-01	9.370371e-01	7.179627e-01
2.100000e+01	1.783301e-01	6.070304e-01	7.333305e-02	7.329396e-01	8.032269e-01	2.235421e-01	9.370371e-01	7.179627e-01
1.000000e+01	1.783301e-01	6.070304e-01	7.333305e-02	4.829867e-01	3.734718e-01	2.119696e-01	9.370371e-01	7.179627e-01
1.000000e+01	1.783301e-01	6.070304e-01	7.333305e-02	4.829867e-01	3.734718e-01	2.235421e-01	6.076921e-01	6.629962e-01
1.100000e+01	1.783301e-01	6.070304e-01	7.333305e-02	4.829867e-01	3.734718e-01	2.235421e-01	9.370371e-01	7.179627e-01
6.000000e+00	5.668062e-01	6.620601e-01	5.622344e-01	6.054104e-01	8.856574e-01	4.548236e-01	4.114158e-01	2.451324e-01
5.000000e+00	7.519232e-01	6.620601e-01	5.622344e-01	6.054104e-01	8.856574e-01	4.548236e-01	4.114158e-01	2.451324e-01
4.000000e+00	5.668062e-01	4.916411e-01	5.554613e-01	6.054104e-01	8.856574e-01	4.548236e-01	4.114158e-01	2.451324e-01
0.000000e+00	5.668062e-01	6.620601e-01	5.622344e-01	3.505907e-01	5.556138e-01	4.548236e-01	4.114158e-01	2.451324e-01
3.000000e+00	5.668062e-01	6.620601e-01	5.622344e-01	6.054104e-01	8.856574e-01	4.265800e-01	4.114158e-01	2.451324e-01
8.000000e+00	5.668062e-01	6.620601e-01	5.622344e-01	6.054104e-01	8.856574e-01	4.548236e-01	8.476834e-01	5.084370e-01
6.000000e+00	5.668062e-01	4.916411e-01	5.554613e-01	3.505907e-01	5.556138e-01	4.265800e-01	8.476834e-01	5.084370e-01
6.000000e+00	7.519232e-01	6.620601e-01	5.622344e-01	3.505907e-01	5.556138e-01	4.265800e-01	8.476834e-01	5.084370e-01
7.000000e+00	7.519232e-01	4.916411e-01	5.554613e-01	6.054104e-01	8.856574e-01	4.265800e-01	8.476834e-01	5.084370e-01
1.000000e+00	7.519232e-01	4.916411e-01	5.554613e-01	3.505907e-01	5.556138e-01	4.548236e-01	8.476834e-01	5.084370e-01
0.000000e+00	7.519232e-01	4.916411e-01	5.554613e-01	3.505907e-01	5.556138e-01	4.265800e-01	4.114158e-01	2.451324e-01
5.000000e+00	7.519232e-01	4.916411e-01	5.554613e-01	3.505907e-01	5.556138e-01	4.265800e-01	8.476834e-01	5.084370e-01
1.000000e+00	1.237631e-01	1.916139e-01	9.502955e-02	4.231328e-01	4.812769e-01	6.929904e-01	6.943675e-01	6.042234e-01
1.000000e+00	5.807337e-02	1.916139e-01	9.502955e-02	4.231328e-01	4.812769e-01	6.929904e-01	6.943675e-01	6.042234e-01
1.000000e+00	1.237631e-01	9.584581e-01	1.900675e-01	4.231328e-01	4.812769e-01	6.929904e-01	6.943675e-01	6.042234e-01
1.000000e+00	1.237631e-01	1.916139e-01	9.502955e-02	8.405613e-01	4.983138e-01	6.929904e-01	6.943675e-01	6.042234e-01
1.000000e+00	1.237631e-01	1.916139e-01	9.502955e-02	4.231328e-01	4.812769e-01	6.339143e-01	6.943675e-01	6.042234e-01
0.000000e+00	1.237631e-01	1.916139e-01	9.502955e-02	4.231328e-01	4.812769e-01	6.929904e-01	2.931449e-01	3.635597e-01
1.000000e+00	1.237631e-01	9.584581e-01	1.900675e-01	8.405613e-01	4.983138e-01	6.339143e-01	2.931449e-01	3.635597e-01
0.000000e+00	5.807337e-02	1.916139e-01	9.502955e-02	8.405613e-01	4.983138e-01	6.339143e-01	2.931449e-01	3.635597e-01
0.000000e+00	5.807337e-02	9.584581e-01	1.900675e-01	4.231328e-01	4.812769e-01	6.339143e-01	2.931449e-01	3.635597e-01
0.000000e+00	5.807337e-02	9.584581e-01	1.900675e-01	8.405613e-01	4.983138e-01	6.929904e-01	2.931449e-01	3.635597e-01
2.000000e+00	5.807337e-02	9.584581e-01	1.900675e-01	8.405613e-01	4.983138e-01	6.339143e-01	6.943675e-01	6.042234e-01
0.000000e+00	5.807337e-02	9.584581e-01	1.900675e-01	8.405613e-01	4.983138e-01	6.339143e-01	2.931449e-01	3.635597e-01
0.000000e+00	3.957791e-01	9.275500e-01	8.009328e-01	8.563298e-01	6.172757e-02	8.234679e-01	2.286264e-01	9.340802e-01
0.000000e+00	3.285050e-01	9.275500e-01	8.009328e-01	8.563298e-01	6.172757e-02	8.234679e-01	2.286264e-01	9.340802e-01
0.000000e+00	3.957791e-01	6.580223e-01	4.286444e-01	8.563298e-01	6.172757e-02	8.234679e-01	2.286264e-01	9.340802e-01
2.000000e+00	3.957791e-01	9.275500e-01	8.009328e-01	5.068195e-01	9.741275e-01	8.234679e-01	2.286264e-01	9.340802e-01
9.000000e+00	3.957791e-01	9.275500e-01	8.009328e-01	8.563298e-01	6.172757e-02	4.800204e-02	2.286264e-01	9.340802e-01
0.000000e+00	3.957791e-01	9.275500e-01	8.009328e-01	8.563298e-01	6.172757e-02	8.234679e-01	1.997638e-02	9.597264e-01
3.300000e+01	3.957791e-01	6.580223e-01	4.286444e-01	5.068195e-01	9.741275e-01	4.800204e-02	1.997638e-02	9.597264e-01
3.200000e+01	3.285050e-01	9.275500e-01	8.009328e-01	5.068195e-01	9.741275e-01	4.800204e-02	1.997638e-02	9.597264e-01
1.300000e+01	3.285050e-01	6.580223e-01	4.286444e-01	8.563298e-01	6.172757e-02	4.800204e-02	1.997638e-02	9.597264e-01
0.000000e+00	3.285050e-01	6.580223e-01	4.286444e-01	5.068195e-01	9.741275e-01	8.234679e-01	1.997638e-02	9.597264e-01
3.300000e+01	3.285050e-01	6.580223e-01	4.286444e-01	5.068195e-01	9.741275e-01	4.800204e-02	2.286264e-01	9.340802e-01
3.000000e+01	3.285050e-01	6.580223e-01	4.286444e-01	5.068195e-01	9.741275e-01	4.800204e-02	1.997638e-02	9.597264e-01
2.100000e+01	9.214638e-01	4.570726e-01	3.543187e-01	1.780729e-01	5.869735e-01	9.286950e-02	8.831766e-01	2.947006e-01
1.600000e+01	6.044164e-01	4.570726e-01	3.543187e-01	1.780729e-01	5.869735e-01	9.286950e-02	8.831766e-01	2.947006e-01
1.800000e+01	9.214638e-01	1.287473e-01	8.247271e-01	1.780729e-01	5.869735e-01	9.286950e-02	8.831766e-01	2.947006e-01
1.100000e+01	9.214638e-01	4.570726e-01	3.543187e-01	5.983950e-02	3.438797e-02	9.286950e-02	8.831766e-01	2.947006e-01
1.000000e+00	9.214638e-01	4.570726e-01	3.543187e-01	1.780729e-01	5.869735e-01	7.625380e-01	8.831766e-01	2.947006e-01
1.600000e+01	9.214638e-01	4.570726e-01	3.543187e-01	1.780729e-01	5.869735e-01	9.286950e-02	5.902005e-01	1.661749e-01
0.000000e+00	9.214638e-01	1.287473e-01	8.247271e-01	5.983950e-02	3.438797e-02	7.625380e-01	5.902005e-01	1.661749e-01
0.000000e+00	6.044164e-01	4.570726e-01	3.543187e-01	5.983950e-02	3.438797e-02	7.625380e-01	5.902005e-01	1.661749e-01
0.000000e+00	6.044164e-01	1.287473e-01	8.247271e-01	1.780729e-01	5.869735e-01	7.625380e-01	5.902005e-01	1.661749e-01
9.000000e+00	6.044164e-01	1.287473e-01	8.247271e-01	5.983950e-02	3.438797e-02	9.286950e-02	5.902005e-01	1.661749e-01
1.000000e+00	6.044164e-01	1.287473e-01	8.247271e-01	5.983950e-02	3.438797e-02	7.625380e-01	8.831766e-01	2.947006e-01
0.000000e+00	6.044164e-01	1.287473e-01	8.247271e-01	5.983950e-02	3.438797e-02	7.625380e-01	5.902005e-01	1.661749e-01
5.000000e+00	9.659420e-01	5.703956e-01	8.634773e-01	4.448305e-01	1.973257e-01	1.350516e-01	4.531432e-01	1.635416e-01
2.000000e+00	8.344610e-01	5.703956e-01	8.634773e-01	4.448305e-01	1.973257e-01	1.350516e-01	4.531432e-01	1.635416e-01
5.000000e+00	9.659420e-01	5.155687e-01	7.770451e-01	4.448305e-01	1.973257e-01	1.350516e-01	4.531432e-01	1.635416e-01
4.000000e+00	9.659420e-01	5.703956e-01	8.634773e-01	1.901221e-01	3.935853e-01	1.350516e-01	4.531432e-01	1.635416e-01
1.500000e+01	9.659420e-01	5.703956e-01	8.634773e-01	4.448305e-01	1.973257e-01	7.900635e-02	4.531432e-01	1.635416e-01
1.400000e+01	9.659420e-01	5.703956e-01	8.634773e-01	4.448305e-01	1.973257e-01	1.350516e-01	4.266407e-01	5.676152e-01
1.400000e+01	9.659420e-01	5.155687e-01	7.770451e-01	1.901221e-01	3.935853e-01	7.900635e-02	4.266407e-01	5.676152e-01
9.000000e+00	8.344610e-01	5.703956e-01	8.634773e-01	1.901221e-01	3.935853e-01	7.900635e-02	4.266407e-01	5.676152e-01
1.700000e+01	8.344610e-01	5.155687e-01	7.770451e-01	4.448305e-01	1.973257e-01	7.900635e-02	4.266407e-01	5.676152e-01
1.000000e+01	8.344610e-01	5.155687e-01	7.770451e-01	1.901221e-01	3.935853e-01	1.350516e-01	4.266407e-01	5.676152e-01
1.300000e+01	8.344610e-01	5.155687e-01	7.770451e-01	1.901221e-01	3.935853e-01	7.900635e-02	4.531432e-01	1.635416e-01
9.000000e+00	8.344610e-01	5.155687e-01	7.770451e-01	1.901221e-01	3.935853e-01	7.900635e-02	4.266407e-01	5.676152e-01
0.000000e+00	4.763678e-01	4.083524e-02	2.917722e-01	5.285365e-01	6.681741e-01	9.046973e-01	6.740976e-01	5.535165e-01
0.000000e+00	1.063968e-01	4.083524e-02	2.917722e-01	5.285365e-01	6.681741e-01	9.046973e-01	6.740976e-01	5.535165e-01
0.000000e+00	4.763678e-01	4.489114e-02	4.705596e-01	5.285365e-01	6.681741e-01	9.046973e-01	6.740976e-01	5.535165e-01
0.000000e+00	4.763678e-01	4.083524e-02	2.917722e-01	7.432345e-01	5.837372e-01	9.046973e-01	6.740976e-01	5.535165e-01
0.000000e+00	4.763678e-01	4.083524e-02	2.917722e-01	5.285365e-01	6.681741e-01	8.565320e-01	6.740976e-01	5.535165e-01
0.000000e+00	4.763678e-01	4.083524e-02	2.917722e-01	5.285365e-01	6.681741e-01	9.046973e-01	9.968585e-01	3.064867e-01
0.000000e+00	4.763678e-01	4.489114e-02	4.705596e-01	7.432345e-01	5.837372e-01	8.565320e-01	9.968585e-01	3.064867e-01
0.000000e+00	1.063968e-01	4.083524e-02	2.917722e-01	7.432345e-01	5.837372e-01	8.565320e-01	9.968585e-01	3.064867e-01
0.000000e+00	1.063968e-01	4.489114e-02	4.705596e-01	5.285365e-01	6.681741e-01	8.565320e-01	9.968585e-01	3.064867e-01
0.000000e+00	1.063968e-01	4.489114e-02	4.705596e-01	7.432345e-01	5.837372e-01	9.046973e-01	9.968585e-01	3.064867e-01
0.000000e+00	1.063968e-01	4.489114e-02	4.705596e-01	7.432345e-01	5.837372e-01	8.565320e-01	6.740976e-01	5.535165e-01
1.000000e+00	1.063968e-01	4.489114e-02	4.705596e-01	7.432345e-01	5.837372e-01	8.565320e-01	9.968585e-01	3.064867e-01
0.000000e+00	1.190215e-02	8.360956e-01	6.246892e-01	1.880518e-01	8.748303e-01	5.164055e-01	1.555935e-01	9.687921e-01
0.000000e+00	2.577181e-01	8.360956e-01	6.246892e-01	1.880518e-01	8.748303e-01	5.164055e-01	1.555935e-01	9.687921e-01
0.000000e+00	1.190215e-02	3.372245e-01	1.460800e-01	1.880518e-01	8.748303e-01	5.164055e-01	1.555935e-01	9.687921e-01
0.000000e+00	1.190215e-02	8.360956e-01	6.246892e-01	9.095071e-01	7.664263e-02	5.164055e-01	1.555935e-01	9.687921e-01
0.000000e+00	1.190215e-02	8.360956e-01	6.246892e-01	1.880518e-01	8.748303e-01	4.580731e-01	1.555935e-01	9.687921e-01
5.000000e+00	1.190215e-02	8.360956e-01	6.246892e-01	1.880518e-01	8.748303e-01	5.164055e-01	6.919665e-01	9.017251e-01
4.000000e+00	1.190215e-02	3.372245e-01	1.460800e-01	9.095071e-01	7.664263e-02	4.580731e-01	6.919665e-01	9.017251e-01
5.000000e+00	2.577181e-01	8.360956e-01	6.246892e-01	9.095071e-01	7.664263e-02	4.580731e-01	6.919665e-01	9.017251e-01
6.000000e+00	2.577181e-01	3.372245e-01	1.460800e-01	1.880518e-01	8.748303e-01	4.580731e-01	6.919665e-01	9.017251e-01
2.000000e+00	2.577181e-01	3.372245e-01	1.460800e-01	9.095071e-01	7.664263e-02	5.164055e-01	6.919665e-01	9.017251e-01
1.000000e+00	2.577181e-01	3.372245e-01	1.460800e-01	9.095071e-01	7.664263e-02	4.580731e-01	1.555935e-01	9.687921e-01
5.000000e+00	2.577181e-01	3.372245e-01	1.460800e-01	9.095071e-01	7.664263e-02	4.580731e-01	6.919665e-01	9.017251e-01
7.000000e+00	5.536003e-01	3.065645e-01	3.257636e-02	7.755495e-01	2.753051e-01	2.548165e-01	9.971371e-01	3.610285e-01
6.000000e+00	5.599708e-01	3.065645e-01	3.257636e-02	7.755495e-01	2.753051e-01	2.548165e-01	9.971371e-01	3.610285e-01
6.000000e+00	5.536003e-01	8.704517e-01	6.093680e-01	7.755495e-01	2.753051e-01	2.548165e-01	9.971371e-01	3.610285e-01
5.000000e+00	5.536003e-01	3.065645e-01	3.257636e-02	3.993261e-01	8.835919e-01	2.548165e-01	9.971371e-01	3.610285e-01
1.000000e+00	5.536003e-01	3.065645e-01	3.257636e-02	7.755495e-01	2.753051e-01	7.274196e-01	9.971371e-01	3.610285e-01
1.000000e+00	5.536003e-01	3.065645e-01	3.257636e-02	7.755495e-01	2.753051e-01	2.548165e-01	1.374353e-01	2.262825e-01
0.000000e+00	5.536003e-01	8.704517e-01	6.093680e-01	3.993261e-01	8.835919e-01	7.274196e-01	1.374353e-01	2.262825e-01
0.000000e+00	5.599708e-01	3.065645e-01	3.257636e-02	3.993261e-01	8.835919e-01	7.274196e-01	1.374353e-01	2.262825e-01
0.000000e+00	5.599708e-01	8.704517e-01	6.093680e-01	7.755495e-01	2.753051e-01	7.274196e-01	1.374353e-01	2.262825e-01
6.000000e+00	5.599708e-01	8.704517e-01	6.093680e-01	3.993261e-01	8.835919e-01	2.548165e-01	1.374353e-01	2.262825e-01
1.000000e+00	5.599708e-01	8.704517e-01	6.093680e-01	3.993261e-01	8.835919e-01	7.274196e-01	9.971371e-01	3.610285e-01
0.000000e+00	5.599708e-01	8.704517e-01	6.093680e-01	3.993261e-01	8.835919e-01	7.274196e-01	1.374353e-01	2.262825e-01
3.700000e+01	7.051888e-01	9.582076e-01	4.312126e-01	9.056346e-01	4.116261e-01	1.207461e-02	5.284683e-02	7.933157e-01
3.500000e+01	3.848152e-01	9.582076e-01	4.312126e-01	9.056346e-01	4.116261e-01	1.207461e-02	5.284683e-02	7.933157e-01
4.000000e+01	7.051888e-01	2.204515e-01	2.747777e-02	9.056346e-01	4.116261e-01	1.207461e-02	5.284683e-02	7.933157e-01
1.400000e+01	7.051888e-01	9.582076e-01	4.312126e-01	2.670817e-01	2.014846e-01	1.207461e-02	5.284683e-02	7.933157e-01
0.000000e+00	7.051888e-01	9.582076e-01	4.312126e-01	9.056346e-01	4.116261e-01	9.305189e-01	5.284683e-02	7.933157e-01
4.300000e+01	7.051888e-01	9.582076e-01	4.312126e-01	9.056346e-01	4.116261e-01	1.207461e-02	8.518367e-02	4.701500e-02
0.000000e+00	7.051888e-01	2.204515e-01	2.747777e-02	2.670817e-01	2.014846e-01	9.305189e-01	8.518367e-02	4.701500e-02
0.000000e+00	3.848152e-01	9.582076e-01	4.312126e-01	2.670817e-01	2.014846e-01	9.305189e-01	8.518367e-02	4.701500e-02
0.000000e+00	3.848152e-01	2.204515e-01	2.747777e-02	9.056346e-01	4.116261e-01	9.305189e-01	8.518367e-02	4.701500e-02
2.500000e+01	3.848152e-01	2.204515e-01	2.747777e-02	2.670817e-01	2.014846e-01	1.207461e-02	8.518367e-02	4.701500e-02
0.000000e+00	3.848152e-01	2.204515e-01	2.747777e-02	2.670817e-01	2.014846e-01	9.305189e-01	5.284683e-02	7.933157e-01
0.000000e+00	3.848152e-01	2.204515e-01	2.747777e-02	2.670817e-01	2.014846e-01	9.305189e-01	8.518367e-02	4.701500e-02
1.000000e+00	2.273487e-01	4.267011e-01	9.760551e-01	6.826651e-02	9.411444e-01	7.739231e-01	8.323941e-01	4.354269e-01
1.000000e+00	6.723757e-01	4.267011e-01	9.760551e-01	6.826651e-02	9.411444e-01	7.739231e-01	8.323941e-01	4.354269e-01
1.000000e+00	2.273487e-01	6.911345e-01	7.248877e-01	6.826651e-02	9.411444e-01	7.739231e-01	8.323941e-01	4.354269e-01
0.000000e+00	2.273487e-01	4.267011e-01	9.760551e-01	7.917518e-01	7.586929e-01	7.739231e-01	8.323941e-01	4.354269e-01
7.000000e+00	2.273487e-01	4.267011e-01	9.760551e-01	6.826651e-02	9.411444e-01	1.300364e-01	8.323941e-01	4.354269e-01
1.000000e+00	2.273487e-01	4.267011e-01	9.760551e-01	6.826651e-02	9.411444e-01	7.739231e-01	5.303472e-01	8.250121e-01
2.100000e+01	2.273487e-01	6.911345e-01	7.248877e-01	7.917518e-01	7.586929e-01	1.300364e-01	5.303472e-01	8.250121e-01
3.000000e+01	6.723757e-01	4.267011e-01	9.760551e-01	7.917518e-01	7.586929e-01	1.300364e-01	5.303472e-01	8.250121e-01
1.200000e+01	6.723757e-01	6.911345e-01	7.248877e-01	6.826651e-02	9.411444e-01	1.300364e-01	5.303472e-01	8.250121e-01
2.000000e+00	6.723757e-01	6.911345e-01	7.248877e-01	7.917518e-01	7.586929e-01	7.739231e-01	5.303472e-01	8.250121e-01
3.000000e+01	6.723757e-01	6.911345e-01	7.248877e-01	7.917518e-01	7.586929e-01	1.300364e-01	8.323941e-01	4.354269e-01
1.700000e+01	6.723757e-01	6.911345e-01	7.248877e-01	7.917518e-01	7.586929e-01	1.300364e-01	5.303472e-01	8.250121e-01
0.000000e+00	2.531240e-01	6.924166e-01	1.738974e-01	6.487414e-01	5.159799e-01	6.473203e-01	3.684477e-01	1.046393e-01
0.000000e+00	9.644443e-01	6.924166e-01	1.738974e-01	6.487414e-01	5.159799e-01	6.473203e-01	3.684477e-01	1.046393e-01
0.000000e+00	2.531240e-01	9.288267e-01	8.926064e-01	6.487414e-01	5.159799e-01	6.473203e-01	3.684477e-01	1.046393e-01
0.000000e+00	2.531240e-01	6.924166e-01	1.738974e-01	6.098912e-01	2.686867e-01	6.473203e-01	3.684477e-01	1.046393e-01
2.000000e+00	2.531240e-01	6.924166e-01	1.738974e-01	6.487414e-01	5.159799e-01	5.597530e-01	3.684477e-01	1.046393e-01
1.000000e+00	2.531240e-01	6.924166e-01	1.738974e-01	6.487414e-01	5.159799e-01	6.473203e-01	7.883675e-01	4.826872e-01
1.000000e+00	2.531240e-01	9.288267e-01	8.926064e-01	6.098912e-01	2.686867e-01	5.597530e-01	7.883675e-01	4.826872e-01
1.000000e+00	9.644443e-01	6.924166e-01	1.738974e-01	6.098912e-01	2.686867e-01	5.597530e-01	7.883675e-01	4.826872e-01
3.000000e+00	9.644443e-01	9.288267e-01	8.926064e-01	6.487414e-01	5.159799e-01	5.597530e-01	7.883675e-01	4.826872e-01
1.000000e+00	9.644443e-01	9.288267e-01	8.926064e-01	6.098912e-01	2.686867e-01	6.473203e-01	7.883675e-01	4.826872e-01
0.000000e+00	9.644443e-01	9.288267e-01	8.926064e-01	6.098912e-01	2.686867e-01	5.597530e-01	3.684477e-01	1.046393e-01
1.000000e+00	9.644443e-01	9.288267e-01	8.926064e-01	6.098912e-01	2.686867e-01	5.597530e-01	7.883675e-01	4.826872e-01
2.000000e+00	8.065257e-01	1.609407e-01	7.313504e-01	3.153940e-01	1.156277e-01	3.779035e-01	5.263986e-01	7.447394e-01
2.000000e+00	2.198218e-01	1.609407e-01	7.313504e-01	3.153940e-01	1.156277e-01	3.779035e-01	5.263986e-01	7.447394e-01
3.000000e+00	8.065257e-01	3.956016e-01	3.519773e-01	3.153940e-01	1.156277e-01	3.779035e-01	5.263986e-01	7.447394e-01
4.000000e+00	8.065257e-01	1.609407e-01	7.313504e-01	7.346511e-02	7.085788e-01	3.779035e-01	5.263986e-01	7.447394e-01
5.000000e+00	8.065257e-01	1.609407e-01	7.313504e-01	3.153940e-01	1.156277e-01	2.508482e-01	5.263986e-01	7.447394e-01
1.000000e+00	8.065257e-01	1.609407e-01	7.313504e-01	3.153940e-01	1.156277e-01	3.779035e-01	3.587684e-01	6.432449e-01
3.000000e+00	8.065257e-01	3.956016e-01	3.519773e-01	7.346511e-02	7.085788e-01	2.508482e-01	3.587684e-01	6.432449e-01
5.000000e+00	2.198218e-01	1.609407e-01	7.313504e-01	7.346511e-02	7.085788e-01	2.508482e-01	3.587684e-01	6.432449e-01
3.000000e+00	2.198218e-01	3.956016e-01	3.519773e-01	3.153940e-01	1.156277e-01	2.508482e-01	3.587684e-01	6.432449e-01
1.000000e+00	2.198218e-01	3.956016e-01	3.519773e-01	7.346511e-02	7.085788e-01	3.779035e-01	3.587684e-01	6.432449e-01
7.000000e+00	2.198218e-01	3.956016e-01	3.519773e-01	7.346511e-02	7.085788e-01	2.508482e-01	5.263986e-01	7.447394e-01
3.000000e+00	2.198218e-01	3.956016e-01	3.519773e-01	7.346511e-02	7.085788e-01	2.508482e-01	3.587684e-01	6.432449e-01
0.000000e+00	7.768036e-01	7.382595e-01	2.750973e-01	8.325943e-01	7.615529e-01	7.934686e-01	7.582914e-01	7.904754e-02
0.000000e+00	8.972684e-02	7.382595e-01	2.750973e-01	8.325943e-01	7.615529e-01	7.934686e-01	7.582914e-01	7.904754e-02
1.000000e+00	7.768036e-01	9.820533e-01	3.309746e-01	8.325943e-01	7.615529e-01	7.934686e-01	7.582914e-01	7.904754e-02
0.000000e+00	7.768036e-01	7.382595e-01	2.750973e-01	3.362250e-01	2.525410e-02	7.934686e-01	7.582914e-01	7.904754e-02
7.000000e+00	7.768036e-01	7.382595e-01	2.750973e-01	8.325943e-01	7.615529e-01	4.021696e-01	7.582914e-01	7.904754e-02
0.000000e+00	7.768036e-01	7.382595e-01	2.750973e-01	8.325943e-01	7.615529e-01	7.934686e-01	9.621575e-01	8.078630e-02
1.000000e+00	7.768036e-01	9.820533e-01	3.309746e-01	3.362250e-01	2.525410e-02	4.021696e-01	9.621575e-01	8.078630e-02
0.000000e+00	8.972684e-02	7.382595e-01	2.750973e-01	3.362250e-01	2.525410e-02	4.021696e-01	9.621575e-01	8.078630e-02
5.000000e+00	8.972684e-02	9.820533e-01	3.309746e-01	8.325943e-01	7.615529e-01	4.021696e-01	9.621575e-01	8.078630e-02
0.000000e+00	8.972684e-02	9.820533e-01	3.309746e-01	3.362250e-01	2.525410e-02	7.934686e-01	9.621575e-01	8.078630e-02
0.000000e+00	8.972684e-02	9.820533e-01	3.309746e-01	3.362250e-01	2.525410e-02	4.021696e-01	7.582914e-01	7.904754e-02
0.000000e+00	8.972684e-02	9.820533e-01	3.309746e-01	3.362250e-01	2.525410e-02	4.021696e-01	9.621575e-01	8.078630e-02
1.700000e+01	2.828425e-01	1.428192e-01	8.196036e-01	1.388344e-01	3.573555e-01	5.530181e-02	1.037594e-01	6.887653e-01
1.500000e+01	8.451496e-01	1.428192e-01	8.196036e-01	1.388344e-01	3.573555e-01	5.530181e-02	1.037594e-01	6.887653e-01
1.000000e+01	2.828425e-01	4.527343e-01	9.145540e-01	1.388344e-01	3.573555e-01	5.530181e-02	1.037594e-01	6.887653e-01
3.300000e+01	2.828425e-01	1.428192e-01	8.196036e-01	8.476191e-01	9.681817e-01	5.530181e-02	1.037594e-01	6.887653e-01
0.000000e+00	2.828425e-01	1.428192e-01	8.196036e-01	1.388344e-01	3.573555e-01	6.622464e-01	1.037594e-01	6.887653e-01
1.700000e+01	2.828425e-01	1.428192e-01	8.196036e-01	1.388344e-01	3.573555e-01	5.530181e-02	3.916889e-01	7.952380e-01
2.000000e+00	2.828425e-01	4.527343e-01	9.145540e-01	8.476191e-01	9.681817e-01	6.622464e-01	3.916889e-01	7.952380e-01
6.000000e+00	8.451496e-01	1.428192e-01	8.196036e-01	8.476191e-01	9.681817e-01	6.622464e-01	3.916889e-01	7.952380e-01
1.000000e+00	8.451496e-01	4.527343e-01	9.145540e-01	1.388344e-01	3.573555e-01	6.622464e-01	3.916889e-01	7.952380e-01
4.600000e+01	8.451496e-01	4.527343e-01	9.145540e-01	8.476191e-01	9.681817e-01	5.530181e-02	3.916889e-01	7.952380e-01
1.000000e+00	8.451496e-01	4.527343e-01	9.145540e-01	8.476191e-01	9.681817e-01	6.622464e-01	1.037594e-01	6.887653e-01
4.000000e+00	8.451496e-01	4.527343e-01	9.145540e-01	8.476191e-01	9.681817e-01	6.622464e-01	3.916889e-01	7.952380e-01
3.000000e+00	1.976226e-01	9.724387e-01	1.775737e-02	5.815528e-01	1.855805e-01	4.277549e-01	5.694987e-01	7.730014e-01
3.000000e+00	5.102345e-01	9.724387e-01	1.775737e-02	5.815528e-01	1.855805e-01	4.277549e-01	5.694987e-01	7.730014e-01
2.000000e+00	1.976226e-01	1.828575e-01	7.156345e-01	5.815528e-01	1.855805e-01	4.277549e-01	5.694987e-01	7.730014e-01
7.000000e+00	1.976226e-01	9.724387e-01	1.775737e-02	5.563428e-01	4.420751e-01	4.277549e-01	5.694987e-01	7.730014e-01
2.600000e+01	1.976226e-01	9.724387e-01	1.775737e-02	5.815528e-01	1.855805e-01	2.943534e-02	5.694987e-01	7.730014e-01
0.000000e+00	1.976226e-01	9.724387e-01	1.775737e-02	5.815528e-01	1.855805e-01	4.277549e-01	1.653308e-01	3.875450e-01
2.600000e+01	1.976226e-01	1.828575e-01	7.156345e-01	5.563428e-01	4.420751e-01	2.943534e-02	1.653308e-01	3.875450e-01
3.500000e+01	5.102345e-01	9.724387e-01	1.775737e-02	5.563428e-01	4.420751e-01	2.943534e-02	1.653308e-01	3.875450e-01
2.700000e+01	5.102345e-01	1.828575e-01	7.156345e-01	5.815528e-01	1.855805e-01	2.943534e-02	1.653308e-01	3.875450e-01
0.000000e+00	5.102345e-01	1.828575e-01	7.156345e-01	5.563428e-01	4.420751e-01	4.277549e-01	1.653308e-01	3.875450e-01
3.500000e+01	5.102345e-01	1.828575e-01	7.156345e-01	5.563428e-01	4.420751e-01	2.943534e-02	5.694987e-01	7.730014e-01
2.900000e+01	5.102345e-01	1.828575e-01	7.156345e-01	5.563428e-01	4.420751e-01	2.943534e-02	1.653308e-01	3.875450e-01
1.000000e+00	7.349186e-01	3.769667e-01	5.750572e-01	3.840164e-01	7.111315e-01	6.583534e-01	2.865326e-01	3.810723e-01
0.000000e+00	2.978108e-01	3.769667e-01	5.750572e-01	3.840164e-01	7.111315e-01	6.583534e-01	2.865326e-01	3.810723e-01
0.000000e+00	7.349186e-01	6.496346e-01	3.773736e-02	3.840164e-01	7.111315e-01	6.583534e-01	2.865326e-01	3.810723e-01
0.000000e+00	7.349186e-01	3.769667e-01	5.750572e-01	2.001984e-03	5.020461e-01	6.583534e-01	2.865326e-01	3.810723e-01
0.000000e+00	7.349186e-01	3.769667e-01	5.750572e-01	3.840164e-01	7.111315e-01	7.849960e-01	2.865326e-01	3.810723e-01
2.000000e+00	7.349186e-01	3.769667e-01	5.750572e-01	3.840164e-01	7.111315e-01	6.583534e-01	7.201129e-01	7.345729e-01
1.000000e+00	7.349186e-01	6.496346e-01	3.773736e-02	2.001984e-03	5.020461e-01	7.849960e-01	7.201129e-01	7.345729e-01
1.000000e+00	2.978108e-01	3.769667e-01	5.750572e-01	2.001984e-03	5.020461e-01	7.849960e-01	7.201129e-01	7.345729e-01
1.000000e+00	2.978108e-01	6.496346e-01	3.773736e-02	3.840164e-01	7.111315e-01	7.849960e-01	7.201129e-01	7.345729e-01
1.000000e+00	2.978108e-01	6.496346e-01	3.773736e-02	2.001984e-03	5.020461e-01	6.583534e-01	7.201129e-01	7.345729e-01
0.000000e+00	2.978108e-01	6.496346e-01	3.773736e-02	2.001984e-03	5.020461e-01	7.849960e-01	2.865326e-01	3.810723e-01
1.000000e+00	2.978108e-01	6.496346e-01	3.773736e-02	2.001984e-03	5.020461e-01	7.849960e-01	7.201129e-01	7.345729e-01
2.000000e+00	5.199605e-01	8.582607e-01	9.570911e-01	2.620110e-01	5.979997e-01	9.165829e-01	7.328041e-01	9.647077e-01
2.000000e+00	6.323903e-01	8.582607e-01	9.570911e-01	2.620110e-01	5.979997e-01	9.165829e-01	7.328041e-01	9.647077e-01
2.000000e+00	5.199605e-01	2.537247e-01	5.834716e-01	2.620110e-01	5.979997e-01	9.165829e-01	7.328041e-01	9.647077e-01
2.000000e+00	5.199605e-01	8.582607e-01	9.570911e-01	1.363292e-01	3.169166e-01	9.165829e-01	7.328041e-01	9.647077e-01
2.000000e+00	5.199605e-01	8.582607e-01	9.570911e-01	2.620110e-01	5.979997e-01	6.132074e-01	7.328041e-01	9.647077e-01
0.000000e+00	5.199605e-01	8.582607e-01	9.570911e-01	2.620110e-01	5.979997e-01	9.165829e-01	5.575142e-01	5.387038e-01
1.000000e+00	5.199605e-01	2.537247e-01	5.834716e-01	1.363292e-01	3.169166e-01	6.132074e-01	5.575142e-01	5.387038e-01
1.000000e+00	6.323903e-01	8.582607e-01	9.570911e-01	1.363292e-01	3.169166e-01	6.132074e-01	5.575142e-01	5.387038e-01
1.000000e+00	6.323903e-01	2.537247e-01	5.834716e-01	2.620110e-01	5.979997e-01	6.132074e-01	5.575142e-01	5.387038e-01
0.000000e+00	6.323903e-01	2.537247e-01	5.834716e-01	1.363292e-01	3.169166e-01	9.165829e-01	5.575142e-01	5.387038e-01
2.000000e+00	6.323903e-01	2.537247e-01	5.834716e-01	1.363292e-01	3.169166e-01	6.132074e-01	7.328041e-01	9.647077e-01
1.000000e+00	6.323903e-01	2.537247e-01	5.834716e-01	1.363292e-01	3.169166e-01	6.132074e-01	5.575142e-01	5.387038e-01
3.000000e+00	4.554589e-02	2.647652e-01	3.857212e-01	7.099212e-01	2.319634e-03	1.862439e-01	3.868649e-01	3.226554e-01
3.000000e+00	4.346883e-01	2.647652e-01	3.857212e-01	7.099212e-01	2.319634e-03	1.862439e-01	3.868649e-01	3.226554e-01
2.000000e+00	4.554589e-02	7.830454e-01	1.709681e-01	7.099212e-01	2.319634e-03	1.862439e-01	3.868649e-01	3.226554e-01
1.500000e+01	4.554589e-02	2.647652e-01	3.857212e-01	6.720153e-01	6.271477e-01	1.862439e-01	3.868649e-01	3.226554e-01
1.000000e+00	4.554589e-02	2.647652e-01	3.857212e-01	7.099212e-01	2.319634e-03	3.262828e-01	3.868649e-01	3.226554e-01
0.000000e+00	4.554589e-02	2.647652e-01	3.857212e-01	7.099212e-01	2.319634e-03	1.862439e-01	1.121132e-01	3.391523e-01
5.000000e+00	4.554589e-02	7.830454e-01	1.709681e-01	6.720153e-01	6.271477e-01	3.262828e-01	1.121132e-01	3.391523e-01
4.000000e+00	4.346883e-01	2.647652e-01	3.857212e-01	6.720153e-01	6.271477e-01	3.262828e-01	1.121132e-01	3.391523e-01
0.000000e+00	4.346883e-01	7.830454e-01	1.709681e-01	7.099212e-01	2.319634e-03	3.262828e-01	1.121132e-01	3.391523e-01
1.000000e+01	4.346883e-01	7.830454e-01	1.709681e-01	6.720153e-01	6.271477e-01	1.862439e-01	1.121132e-01	3.391523e-01
3.000000e+00	4.346883e-01	7.830454e-01	1.709681e-01	6.720153e-01	6.271477e-01	3.262828e-01	3.868649e-01	3.226554e-01
3.000000e+00	4.346883e-01	7.830454e-01	1.709681e-01	6.720153e-01	6.271477e-01	3.262828e-01	1.121132e-01	3.391523e-01
1.000000e+00	4.427469e-01	6.239294e-01	7.183317e-01	1.109923e-02	4.546137e-01	2.969470e-01	9.074214e-01	1.529547e-01
1.000000e+00	2.090259e-01	6.239294e-01	7.183317e-01	1.109923e-02	4.546137e-01	2.969470e-01	9.074214e-01	1.529547e-01
1.000000e+00	4.427469e-01	5.834359e-01	4.642253e-01	1.109923e-02	4.546137e-01	2.969470e-01	9.074214e-01	1.529547e-01
3.000000e+00	4.427469e-01	6.239294e-01	7.183317e-01	9.788948e-01	1.503550e-01	2.969470e-01	9.074214e-01	1.529547e-01
0.000000e+00	4.427469e-01	6.239294e-01	7.183317e-01	1.109923e-02	4.546137e-01	9.903363e-01	9.074214e-01	1.529547e-01
4.000000e+00	4.427469e-01	6.239294e-01	7.183317e-01	1.109923e-02	4.546137e-01	2.969470e-01	3.228429e-01	9.938994e-01
0.000000e+00	4.427469e-01	5.834359e-01	4.642253e-01	9.788948e-01	1.503550e-01	9.903363e-01	3.228429e-01	9.938994e-01
0.000000e+00	2.090259e-01	6.239294e-01	7.183317e-01	9.788948e-01	1.503550e-01	9.903363e-01	3.228429e-01	9.938994e-01
0.000000e+00	2.090259e-01	5.834359e-01	4.642253e-01	1.109923e-02	4.546137e-01	9.903363e-01	3.228429e-01	9.938994e-01
6.000000e+00	2.090259e-01	5.834359e-01	4.642253e-01	9.788948e-01	1.503550e-01	2.969470e-01	3.228429e-01	9.938994e-01
0.000000e+00	2.090259e-01	5.834359e-01	4.642253e-01	9.788948e-01	1.503550e-01	9.903363e-01	9.074214e-01	1.529547e-01
0.000000e+00	2.090259e-01	5.834359e-01	4.642253e-01	9.788948e-01	1.503550e-01	9.903363e-01	3.228429e-01	9.938994e-01
0.000000e+00	9.995590e-01	3.040364e-02	1.263710e-01	9.549735e-01	9.294293e-01	5.353427e-01	1.908625e-01	5.127957e-01
3.000000e+00	9.809774e-01	3.040364e-02	1.263710e-01	9.549735e-01	9.294293e-01	5.353427e-01	1.908625e-01	5.127957e-01
3.000000e+00	9.995590e-01	1.166648e-01	7.824327e-01	9.549735e-01	9.294293e-01	5.353427e-01	1.908625e-01	5.127957e-01
0.000000e+00	9.995590e-01	3.040364e-02	1.263710e-01	4.549496e-01	8.430237e-01	5.353427e-01	1.908625e-01	5.127957e-01
2.100000e+01	9.995590e-01	3.040364e-02	1.263710e-01	9.549735e-01	9.294293e-01	1.991387e-01	1.908625e-01	5.127957e-01
7.000000e+00	9.995590e-01	3.040364e-02	1.263710e-01	9.549735e-01	9.294293e-01	5.353427e-01	7.526794e-01	1.300488e-01
9.000000e+00	9.995590e-01	1.166648e-01	7.824327e-01	4.549496e-01	8.430237e-01	1.991387e-01	7.526794e-01	1.300488e-01
9.000000e+00	9.809774e-01	3.040364e-02	1.263710e-01	4.549496e-01	8.430237e-01	1.991387e-01	7.526794e-01	1.300488e-01
1.800000e+01	9.809774e-01	1.166648e-01	7.824327e-01	9.549735e-01	9.294293e-01	1.991387e-01	7.526794e-01	1.300488e-01
4.000000e+00	9.809774e-01	1.166648e-01	7.824327e-01	4.549496e-01	8.430237e-01	5.353427e-01	7.526794e-01	1.300488e-01
1.400000e+01	9.809774e-01	1.166648e-01	7.824327e-01	4.549496e-01	8.430237e-01	1.991387e-01	1.908625e-01	5.127957e-01
1.400000e+01	9.809774e-01	1.166648e-01	7.824327e-01	4.549496e-01	8.430237e-01	1.991387e-01	7.526794e-01	1.300488e-01
1.000000e+00	8.877247e-01	8.781633e-01	6.557867e-01	6.564848e-01	2.858735e-01	7.357293e-01	6.515307e-01	8.824801e-01
3.000000e+00	7.032072e-01	8.781633e-01	6.557867e-01	6.564848e-01	2.858735e-01	7.357293e-01	6.515307e-01	8.824801e-01
3.000000e+00	8.877247e-01	7.454283e-01	8.652457e-01	6.564848e-01	2.858735e-01	7.357293e-01	6.515307e-01	8.824801e-01
1.000000e+00	8.877247e-01	8.781633e-01	6.557867e-01	2.951336e-01	7.338829e-01	7.357293e-01	6.515307e-01	8.824801e-01
1.000000e+00	8.877247e-01	8.781633e-01	6.557867e-01	6.564848e-01	2.858735e-01	8.982956e-01	6.515307e-01	8.824801e-01
0.000000e+00	8.877247e-01	8.781633e-01	6.557867e-01	6.564848e-01	2.858735e-01	7.357293e-01	2.285258e-01	6.037548e-01
0.000000e+00	8.877247e-01	7.454283e-01	8.652457e-01	2.951336e-01	7.338829e-01	8.982956e-01	2.285258e-01	6.037548e-01
0.000000e+00	7.032072e-01	8.781633e-01	6.557867e-01	2.951336e-01	7.338829e-01	8.982956e-01	2.285258e-01	6.037548e-01
0.000000e+00	7.032072e-01	7.454283e-01	8.652457e-01	6.564848e-01	2.858735e-01	8.982956e-01	2.285258e-01	6.037548e-01
0.000000e+00	7.032072e-01	7.454283e-01	8.652457e-01	2.951336e-01	7.338829e-01	7.357293e-01	2.285258e-01	6.037548e-01
0.000000e+00	7.032072e-01	7.454283e-01	8.652457e-01	2.951336e-01	7.338829e-01	8.982956e-01	6.515307e-01	8.824801e-01
0.000000e+00	7.032072e-01	7.454283e-01	8.652457e-01	2.951336e-01	7.338829e-01	8.982956e-01	2.285258e-01	6.037548e-01
1.000000e+00	4.295221e-01	4.716502e-01	1.889180e-01	3.696462e-01	8.149645e-01	4.738808e-01	4.935636e-01	2.715555e-01
0.000000e+00	4.791038e-01	4.716502e-01	1.889180e-01	3.696462e-01	8.149645e-01	4.738808e-01	4.935636e-01	2.715555e-01
0.000000e+00	4.295221e-01	2.122473e-01	3.871200e-01	3.696462e-01	8.149645e-01	4.738808e-01	4.935636e-01	2.715555e-01
0.000000e+00	4.295221e-01	4.716502e-01	1.889180e-01	7.710367e-01	2.908028e-01	4.738808e-01	4.935636e-01	2.715555e-01
2.000000e+01	4.295221e-01	4.716502e-01	1.889180e-01	3.696462e-01	8.149645e-01	1.661815e-01	4.935636e-01	2.715555e-01
1.000000e+00	4.295221e-01	4.716502e-01	1.889180e-01	3.696462e-01	8.149645e-01	4.738808e-01	6.583695e-01	2.723004e-01
4.000000e+00	4.295221e-01	2.122473e-01	3.871200e-01	7.710367e-01	2.908028e-01	1.661815e-01	6.583695e-01	2.723004e-01
8.000000e+00	4.791038e-01	4.716502e-01	1.889180e-01	7.710367e-01	2.908028e-01	1.661815e-01	6.583695e-01	2.723004e-01
1.100000e+01	4.791038e-01	2.122473e-01	3.871200e-01	3.696462e-01	8.149645e-01	1.661815e-01	6.583695e-01	2.723004e-01
0.000000e+00	4.791038e-01	2.122473e-01	3.871200e-01	7.710367e-01	2.908028e-01	4.738808e-01	6.583695e-01	2.723004e-01
1.700000e+01	4.791038e-01	2.122473e-01	3.871200e-01	7.710367e-01	2.908028e-01	1.661815e-01	4.935636e-01	2.715555e-01
1.000000e+01	4.791038e-01	2.122473e-01	3.871200e-01	7.710367e-01	2.908028e-01	1.661815e-01	6.583695e-01	2.723004e-01
3.100000e+01	8.999734e-02	6.435605e-01	8.946359e-01	9.132559e-01	6.419688e-01	1.053674e-01	9.575119e-01	1.883112e-01
2.900000e+01	1.265191e-01	6.435605e-01	8.946359e-01	9.132559e-01	6.419688e-01	1.053674e-01	9.575119e-01	1.883112e-01
2.900000e+01	8.999734e-02	4.198677e-01	2.423351e-01	9.132559e-01	6.419688e-01	1.053674e-01	9.575119e-01	1.883112e-01
3.100000e+01	8.999734e-02	6.435605e-01	8.946359e-01	5.779306e-01	7.988754e-01	1.053674e-01	9.575119e-01	1.883112e-01
1.000000e+00	8.999734e-02	6.435605e-01	8.946359e-01	9.132559e-01	6.419688e-01	5.177492e-01	9.575119e-01	1.883112e-01
3.200000e+01	8.999734e-02	6.435605e-01	8.946359e-01	9.132559e-01	6.419688e-01	1.053674e-01	9.008217e-01	9.261458e-01
1.000000e+01	8.999734e-02	4.198677e-01	2.423351e-01	5.779306e-01	7.988754e-01	5.177492e-01	9.008217e-01	9.261458e-01
7.000000e+00	1.265191e-01	6.435605e-01	8.946359e-01	5.779306e-01	7.988754e-01	5.177492e-01	9.008217e-01	9.261458e-01
7.000000e+00	1.265191e-01	4.198677e-01	2.423351e-01	9.132559e-01	6.419688e-01	5.177492e-01	9.008217e-01	9.261458e-01
3.900000e+01	1.265191e-01	4.198677e-01	2.423351e-01	5.779306e-01	7.988754e-01	1.053674e-01	9.008217e-01	9.261458e-01
0.000000e+00	1.265191e-01	4.198677e-01	2.423351e-01	5.779306e-01	7.988754e-01	5.177492e-01	9.575119e-01	1.883112e-01
7.000000e+00	1.265191e-01	4.198677e-01	2.423351e-01	5.779306e-01	7.988754e-01	5.177492e-01	9.008217e-01	9.261458e-01
0.000000e+00	6.005681e-01	2.370795e-01	4.481749e-01	1.226407e-01	2.415555e-01	8.747842e-01	1.779770e-01	5.795245e-01
0.000000e+00	9.326230e-01	2.370795e-01	4.481749e-01	1.226407e-01	2.415555e-01	8.747842e-01	1.779770e-01	5.795245e-01
0.000000e+00	6.005681e-01	8.905907e-01	5.022484e-01	1.226407e-01	2.415555e-01	8.747842e-01	1.779770e-01	5.795245e-01
0.000000e+00	6.005681e-01	2.370795e-01	4.481749e-01	1.137092e-01	2.389959e-01	8.747842e-01	1.779770e-01	5.795245e-01
1.000000e+00	6.005681e-01	2.370795e-01	4.481749e-01	1.226407e-01	2.415555e-01	2.967431e-01	1.779770e-01	5.795245e-01
0.000000e+00	6.005681e-01	2.370795e-01	4.481749e-01	1.226407e-01	2.415555e-01	8.747842e-01	4.554146e-01	1.960023e-01
1.000000e+00	6.005681e-01	8.905907e-01	5.022484e-01	1.137092e-01	2.389959e-01	2.967431e-01	4.554146e-01	1.960023e-01
1.000000e+00	9.326230e-01	2.370795e-01	4.481749e-01	1.137092e-01	2.389959e-01	2.967431e-01	4.554146e-01	1.960023e-01
1.000000e+00	9.326230e-01	8.905907e-01	5.022484e-01	1.226407e-01	2.415555e-01	2.967431e-01	4.554146e-01	1.960023e-01
0.000000e+00	9.326230e-01	8.905907e-01	5.022484e-01	1.137092e-01	2.389959e-01	8.747842e-01	4.554146e-01	1.960023e-01
0.000000e+00	9.326230e-01	8.905907e-01	5.022484e-01	1.137092e-01	2.389959e-01	2.967431e-01	1.779770e-01	5.795245e-01
1.000000e+00	9.326230e-01	8.905907e-01	5.022484e-01	1.137092e-01	2.389959e-01	2.967431e-01	4.554146e-01	1.960023e-01
0.000000e+00	6.269735e-01	5.294059e-01	8.029991e-02	2.430516e-01	7.343502e-02	6.166562e-01	8.722663e-01	1.222744e-02
0.000000e+00	1.210603e-02	5.294059e-01	8.029991e-02	2.430516e-01	7.343502e-02	6.166562e-01	8.722663e-01	1.222744e-02
0.000000e+00	6.269735e-01	2.062473e-02	1.109025e-01	2.430516e-01	7.343502e-02	6.166562e-01	8.722663e-01	1.222744e-02
0.000000e+00	6.269735e-01	5.294059e-01	8.029991e-02	2.479439e-01	9.239769e-01	6.166562e-01	8.722663e-01	1.222744e-02
1.000000e+00	6.269735e-01	5.294059e-01	8.029991e-02	2.430516e-01	7.343502e-02	1.248940e-01	8.722663e-01	1.222744e-02
0.000000e+00	6.269735e-01	5.294059e-01	8.029991e-02	2.430516e-01	7.343502e-02	6.166562e-01	2.596188e-01	3.042199e-02
8.000000e+00	6.269735e-01	2.062473e-02	1.109025e-01	2.479439e-01	9.239769e-01	1.248940e-01	2.596188e-01	3.042199e-02
1.000000e+01	1.210603e-02	5.294059e-01	8.029991e-02	2.479439e-01	9.239769e-01	1.248940e-01	2.596188e-01	3.042199e-02
0.000000e+00	1.210603e-02	2.062473e-02	1.109025e-01	2.430516e-01	7.343502e-02	1.248940e-01	2.596188e-01	3.042199e-02
0.000000e+00	1.210603e-02	2.062473e-02	1.109025e-01	2.479439e-01	9.239769e-01	6.166562e-01	2.596188e-01	3.042199e-02
6.000000e+00	1.210603e-02	2.062473e-02	1.109025e-01	2.479439e-01	9.239769e-01	1.248940e-01	8.722663e-01	1.222744e-02
6.000000e+00	1.210603e-02	2.062473e-02	1.109025e-01	2.479439e-01	9.239769e-01	1.248940e-01	2.596188e-01	3.042199e-02
1.000000e+00	1.805049e-01	1.248547e-01	5.125087e-01	7.835523e-01	5.439782e-01	3.470105e-01	3.070461e-02	6.535611e-01
0.000000e+00	8.036279e-01	1.248547e-01	5.125087e-01	7.835523e-01	5.439782e-01	3.470105e-01	3.070461e-02	6.535611e-01
1.000000e+00	1.805049e-01	5.538041e-01	6.367025e-01	7.835523e-01	5.439782e-01	3.470105e-01	3.070461e-02	6.535611e-01
0.000000e+00	1.805049e-01	1.248547e-01	5.125087e-01	6.936957e-01	1.138374e-01	3.470105e-01	3.070461e-02	6.535611e-01
0.000000e+00	1.805049e-01	1.248547e-01	5.125087e-01	7.835523e-01	5.439782e-01	8.145352e-01	3.070461e-02	6.535611e-01
1.400000e+01	1.805049e-01	1.248547e-01	5.125087e-01	7.835523e-01	5.439782e-01	3.470105e-01	8.143948e-01	8.474644e-01
1.000000e+00	1.805049e-01	5.538041e-01	6.367025e-01	6.936957e-01	1.138374e-01	8.145352e-01	8.143948e-01	8.474644e-01
1.000000e+00	8.036279e-01	1.248547e-01	5.125087e-01	6.936957e-01	1.138374e-01	8.145352e-01	8.143948e-01	8.474644e-01
5.000000e+00	8.036279e-01	5.538041e-01	6.367025e-01	7.835523e-01	5.439782e-01	8.145352e-01	8.143948e-01	8.474644e-01
5.000000e+00	8.036279e-01	5.538041e-01	6.367025e-01	6.936957e-01	1.138374e-01	3.470105e-01	8.143948e-01	8.474644e-01
0.000000e+00	8.036279e-01	5.538041e-01	6.367025e-01	6.936957e-01	1.138374e-01	8.145352e-01	3.070461e-02	6.535611e-01
1.000000e+00	8.036279e-01	5.538041e-01	6.367025e-01	6.936957e-01	1.138374e-01	8.145352e-01	8.143948e-01	8.474644e-01
1.700000e+01	3.312173e-01	7.637946e-01	3.375541e-01	4.999524e-01	9.989578e-01	2.323716e-01	5.492106e-01	8.241926e-01
1.800000e+01	5.917900e-01	7.637946e-01	3.375541e-01	4.999524e-01	9.989578e-01	2.323716e-01	5.492106e-01	8.241926e-01
1.900000e+01	3.312173e-01	8.161582e-01	9.997107e-01	4.999524e-01	9.989578e-01	2.323716e-01	5.492106e-01	8.241926e-01
1.800000e+01	3.312173e-01	7.637946e-01	3.375541e-01	9.024640e-01	6.087250e-01	2.323716e-01	5.492106e-01	8.241926e-01
1.000000e+01	3.312173e-01	7.637946e-01	3.375541e-01	4.999524e-01	9.989578e-01	4.942098e-01	5.492106e-01	8.241926e-01
2.000000e+01	3.312173e-01	7.637946e-01	3.375541e-01	4.999524e-01	9.989578e-01	2.323716e-01	6.188132e-01	4.387505e-01
9.000000e+00	3.312173e-01	8.161582e-01	9.997107e-01	9.024640e-01	6.087250e-01	4.942098e-01	6.188132e-01	4.387505e-01
1.200000e+01	5.917900e-01	7.637946e-01	3.375541e-01	9.024640e-01	6.087250e-01	4.942098e-01	6.188132e-01	4.387505e-01
7.000000e+00	5.917900e-01	8.161582e-01	9.997107e-01	4.999524e-01	9.989578e-01	4.942098e-01	6.188132e-01	4.387505e-01
2.100000e+01	5.917900e-01	8.161582e-01	9.997107e-01	9.024640e-01	6.087250e-01	2.323716e-01	6.188132e-01	4.387505e-01
1.400000e+01	5.917900e-01	8.161582e-01	9.997107e-01	9.024640e-01	6.087250e-01	4.942098e-01	5.492106e-01	8.241926e-01
8.000000e+00	5.917900e-01	8.161582e-01	9.997107e-01	9.024640e-01	6.087250e-01	4.942098e-01	6.188132e-01	4.387505e-01
0.000000e+00	8.534916e-01	3.592732e-01	7.571524e-01	5.364171e-01	3.992495e-01	9.939606e-01	3.282704e-01	4.631476e-01
0.000000e+00	3.510191e-01	3.592732e-01	7.571524e-01	5.364171e-01	3.992495e-01	9.939606e-01	3.282704e-01	4.631476e-01
0.000000e+00	8.534916e-01	3.454293e-01	2.557371e-01	5.364171e-01	3.992495e-01	9.939606e-01	3.282704e-01	4.631476e-01
0.000000e+00	8.534916e-01	3.592732e-01	7.571524e-01	4.137065e-01	4.159037e-01	9.939606e-01	3.282704e-01	4.631476e-01
0.000000e+00	8.534916e-01	3.592732e-01	7.571524e-01	5.364171e-01	3.992495e-01	6.952041e-01	3.282704e-01	4.631476e-01
0.000000e+00	8.534916e-01	3.592732e-01	7.571524e-01	5.364171e-01	3.992495e-01	9.939606e-01	4.835165e-02	6.852285e-01
0.000000e+00	8.534916e-01	3.454293e-01	2.557371e-01	4.137065e-01	4.159037e-01	6.952041e-01	4.835165e-02	6.852285e-01
0.000000e+00	3.510191e-01	3.592732e-01	7.571524e-01	4.137065e-01	4.159037e-01	6.952041e-01	4.835165e-02	6.852285e-01
0.000000e+00	3.510191e-01	3.454293e-01	2.557371e-01	5.364171e-01	3.992495e-01	6.952041e-01	4.835165e-02	6.852285e-01
0.000000e+00	3.510191e-01	3.454293e-01	2.557371e-01	4.137065e-01	4.159037e-01	9.939606e-01	4.835165e-02	6.852285e-01
0.000000e+00	3.510191e-01	3.454293e-01	2.557371e-01	4.137065e-01	4.159037e-01	6.952041e-01	3.282704e-01	4.631476e-01
0.000000e+00	3.510191e-01	3.454293e-01	2.557371e-01	4.137065e-01	4.159037e-01	6.952041e-01	4.835165e-02	6.852285e-01
