8.507348817149177194e+02 1.431366004981100559e+03 2.132229156326502784e-01 1.464555139373987958e+00
1.408055215356871486e+02 1.431366004981100559e+03 2.132229156326502784e-01 1.464555139373987958e+00
8.507348817149177194e+02 1.060702543705701828e+03 2.132229156326502784e-01 1.464555139373987958e+00
8.507348817149177194e+02 1.431366004981100559e+03 2.401405762415379508e-01 1.464555139373987958e+00
8.507348817149177194e+02 1.431366004981100559e+03 2.132229156326502784e-01 1.562957735005766180e+00
8.507348817149177194e+02 1.060702543705701828e+03 2.401405762415379508e-01 1.562957735005766180e+00
1.408055215356871486e+02 1.431366004981100559e+03 2.401405762415379508e-01 1.562957735005766180e+00
1.408055215356871486e+02 1.060702543705701828e+03 2.132229156326502784e-01 1.562957735005766180e+00
1.408055215356871486e+02 1.060702543705701828e+03 2.401405762415379508e-01 1.464555139373987958e+00
1.408055215356871486e+02 1.060702543705701828e+03 2.401405762415379508e-01 1.562957735005766180e+00
3.139390086475759745e+02 8.553229551762342453e+02 3.809953765943646653e-01 3.028163555841893118e+00
9.426077400855720043e+02 8.553229551762342453e+02 3.809953765943646653e-01 3.028163555841893118e+00
3.139390086475759745e+02 7.492558471858501434e+02 3.809953765943646653e-01 3.028163555841893118e+00
3.139390086475759745e+02 8.553229551762342453e+02 4.647590697277337313e-01 3.028163555841893118e+00
3.139390086475759745e+02 8.553229551762342453e+02 3.809953765943646653e-01 2.621071426412090677e+00
3.139390086475759745e+02 7.492558471858501434e+02 4.647590697277337313e-01 2.621071426412090677e+00
9.426077400855720043e+02 8.553229551762342453e+02 4.647590697277337313e-01 2.621071426412090677e+00
9.426077400855720043e+02 7.492558471858501434e+02 3.809953765943646653e-01 2.621071426412090677e+00
9.426077400855720043e+02 7.492558471858501434e+02 4.647590697277337313e-01 3.028163555841893118e+00
9.426077400855720043e+02 7.492558471858501434e+02 4.647590697277337313e-01 2.621071426412090677e+00
1.143463582471013069e+02 1.157868357375264168e+03 1.200509347487241085e-01 1.319431543163955278e-01
6.272957006311044097e+02 1.157868357375264168e+03 1.200509347487241085e-01 1.319431543163955278e-01
1.143463582471013069e+02 8.825160358101129532e+02 1.200509347487241085e-01 1.319431543163955278e-01
1.143463582471013069e+02 1.157868357375264168e+03 1.000491539482027403e-01 1.319431543163955278e-01
1.143463582471013069e+02 1.157868357375264168e+03 1.200509347487241085e-01 3.414717442831024297e+00
1.143463582471013069e+02 8.825160358101129532e+02 1.000491539482027403e-01 3.414717442831024297e+00
6.272957006311044097e+02 1.157868357375264168e+03 1.000491539482027403e-01 3.414717442831024297e+00
6.272957006311044097e+02 8.825160358101129532e+02 1.200509347487241085e-01 3.414717442831024297e+00
6.272957006311044097e+02 8.825160358101129532e+02 1.000491539482027403e-01 1.319431543163955278e-01
6.272957006311044097e+02 8.825160358101129532e+02 1.000491539482027403e-01 3.414717442831024297e+00
5.805746897151693702e+02 6.130751864984631538e+02 4.003425617702305317e-01 2.428027967046946234e+00
4.493969430476427078e+02 6.130751864984631538e+02 4.003425617702305317e-01 2.428027967046946234e+00
5.805746897151693702e+02 1.318994203582406044e+03 4.003425617702305317e-01 2.428027967046946234e+00
5.805746897151693702e+02 6.130751864984631538e+02 3.235629813279956579e-01 2.428027967046946234e+00
5.805746897151693702e+02 6.130751864984631538e+02 4.003425617702305317e-01 4.828663691319525775e-01
5.805746897151693702e+02 1.318994203582406044e+03 3.235629813279956579e-01 4.828663691319525775e-01
4.493969430476427078e+02 6.130751864984631538e+02 3.235629813279956579e-01 4.828663691319525775e-01
4.493969430476427078e+02 1.318994203582406044e+03 4.003425617702305317e-01 4.828663691319525775e-01
4.493969430476427078e+02 1.318994203582406044e+03 3.235629813279956579e-01 2.428027967046946234e+00
4.493969430476427078e+02 1.318994203582406044e+03 3.235629813279956579e-01 4.828663691319525775e-01
6.862915196409448981e+02 1.072407293133437634e+03 3.233973624650389178e-01 2.839159449022263360e+00
3.396591379744932055e+02 1.072407293133437634e+03 3.233973624650389178e-01 2.839159449022263360e+00
6.862915196409448981e+02 1.141291997395455837e+03 3.233973624650389178e-01 2.839159449022263360e+00
6.862915196409448981e+02 1.072407293133437634e+03 1.120915310457348824e-01 2.839159449022263360e+00
6.862915196409448981e+02 1.072407293133437634e+03 3.233973624650389178e-01 3.756570318061858593e+00
6.862915196409448981e+02 1.141291997395455837e+03 1.120915310457348824e-01 3.756570318061858593e+00
3.396591379744932055e+02 1.072407293133437634e+03 1.120915310457348824e-01 3.756570318061858593e+00
3.396591379744932055e+02 1.141291997395455837e+03 3.233973624650389178e-01 3.756570318061858593e+00
3.396591379744932055e+02 1.141291997395455837e+03 1.120915310457348824e-01 2.839159449022263360e+00
3.396591379744932055e+02 1.141291997395455837e+03 1.120915310457348824e-01 3.756570318061858593e+00
1.495718046799302101e+02 6.487003304064273834e+02 2.664297311566770077e-01 6.560670943371952335e-01
5.173456751741468906e+02 6.487003304064273834e+02 2.664297311566770077e-01 6.560670943371952335e-01
1.495718046799302101e+02 5.798148429021239281e+02 2.664297311566770077e-01 6.560670943371952335e-01
1.495718046799302101e+02 6.487003304064273834e+02 3.392300152219832055e-01 6.560670943371952335e-01
1.495718046799302101e+02 6.487003304064273834e+02 2.664297311566770077e-01 8.247173046227544990e-01
1.495718046799302101e+02 5.798148429021239281e+02 3.392300152219832055e-01 8.247173046227544990e-01
5.173456751741468906e+02 6.487003304064273834e+02 3.392300152219832055e-01 8.247173046227544990e-01
5.173456751741468906e+02 5.798148429021239281e+02 2.664297311566770077e-01 8.247173046227544990e-01
5.173456751741468906e+02 5.798148429021239281e+02 3.392300152219832055e-01 6.560670943371952335e-01
5.173456751741468906e+02 5.798148429021239281e+02 3.392300152219832055e-01 8.247173046227544990e-01
4.191673906091600657e+02 1.330280773341655731e+03 4.447011930402368085e-01 3.735334742795676011e+00
8.337523850640282035e+02 1.330280773341655731e+03 4.447011930402368085e-01 3.735334742795676011e+00
4.191673906091600657e+02 7.902388432994484901e+02 4.447011930402368085e-01 3.735334742795676011e+00
4.191673906091600657e+02 1.330280773341655731e+03 1.959081429056823143e-01 3.735334742795676011e+00
4.191673906091600657e+02 1.330280773341655731e+03 4.447011930402368085e-01 1.158517757868394282e+00
4.191673906091600657e+02 7.902388432994484901e+02 1.959081429056823143e-01 1.158517757868394282e+00
8.337523850640282035e+02 1.330280773341655731e+03 1.959081429056823143e-01 1.158517757868394282e+00
8.337523850640282035e+02 7.902388432994484901e+02 4.447011930402368085e-01 1.158517757868394282e+00
8.337523850640282035e+02 7.902388432994484901e+02 1.959081429056823143e-01 3.735334742795676011e+00
8.337523850640282035e+02 7.902388432994484901e+02 1.959081429056823143e-01 1.158517757868394282e+00
8.854719992736354470e+02 8.753236969932913780e+02 5.020068958401679993e-02 1.817144226711243427e+00
3.216428861767053604e+01 8.753236969932913780e+02 5.020068958401679993e-02 1.817144226711243427e+00
8.854719992736354470e+02 1.476686433888971806e+03 5.020068958401679993e-02 1.817144226711243427e+00
8.854719992736354470e+02 8.753236969932913780e+02 4.241529561579227559e-01 1.817144226711243427e+00
8.854719992736354470e+02 8.753236969932913780e+02 5.020068958401679993e-02 2.216633389014750488e+00
8.854719992736354470e+02 1.476686433888971806e+03 4.241529561579227559e-01 2.216633389014750488e+00
3.216428861767053604e+01 8.753236969932913780e+02 4.241529561579227559e-01 2.216633389014750488e+00
3.216428861767053604e+01 1.476686433888971806e+03 5.020068958401679993e-02 2.216633389014750488e+00
3.216428861767053604e+01 1.476686433888971806e+03 4.241529561579227559e-01 1.817144226711243427e+00
3.216428861767053604e+01 1.476686433888971806e+03 4.241529561579227559e-01 2.216633389014750488e+00
9.465012469794601202e+02 1.207308856770396233e+03 4.749134658835828526e-01 1.003482534559443584e+00
9.230609874529764056e+02 1.207308856770396233e+03 4.749134658835828526e-01 1.003482534559443584e+00
9.465012469794601202e+02 1.283650141209363937e+03 4.749134658835828526e-01 1.003482534559443584e+00
9.465012469794601202e+02 1.207308856770396233e+03 1.429438975639641396e-01 1.003482534559443584e+00
9.465012469794601202e+02 1.207308856770396233e+03 4.749134658835828526e-01 3.649726375136524315e+00
9.465012469794601202e+02 1.283650141209363937e+03 1.429438975639641396e-01 3.649726375136524315e+00
9.230609874529764056e+02 1.207308856770396233e+03 1.429438975639641396e-01 3.649726375136524315e+00
9.230609874529764056e+02 1.283650141209363937e+03 4.749134658835828526e-01 3.649726375136524315e+00
9.230609874529764056e+02 1.283650141209363937e+03 1.429438975639641396e-01 1.003482534559443584e+00
9.230609874529764056e+02 1.283650141209363937e+03 1.429438975639641396e-01 3.649726375136524315e+00
4.839884981038048863e+02 5.060157859697937965e+02 8.019350492395460606e-02 2.554932511867955114e+00
2.461333502270281315e+02 5.060157859697937965e+02 8.019350492395460606e-02 2.554932511867955114e+00
4.839884981038048863e+02 9.720499031245708466e+02 8.019350492395460606e-02 2.554932511867955114e+00
4.839884981038048863e+02 5.060157859697937965e+02 3.646999141201376915e-01 2.554932511867955114e+00
4.839884981038048863e+02 5.060157859697937965e+02 8.019350492395460606e-02 7.212808829452842518e-01
4.839884981038048863e+02 9.720499031245708466e+02 3.646999141201376915e-01 7.212808829452842518e-01
2.461333502270281315e+02 5.060157859697937965e+02 3.646999141201376915e-01 7.212808829452842518e-01
2.461333502270281315e+02 9.720499031245708466e+02 8.019350492395460606e-02 7.212808829452842518e-01
2.461333502270281315e+02 9.720499031245708466e+02 3.646999141201376915e-01 2.554932511867955114e+00
2.461333502270281315e+02 9.720499031245708466e+02 3.646999141201376915e-01 7.212808829452842518e-01
2.156011926857754588e+02 1.449558158405125141e+03 2.938442684710025898e-01 1.588062627138570049e+00
4.376639287611469626e+02 1.449558158405125141e+03 2.938442684710025898e-01 1.588062627138570049e+00
2.156011926857754588e+02 6.522814128547906876e+02 2.938442684710025898e-01 1.588062627138570049e+00
2.156011926857754588e+02 1.449558158405125141e+03 1.704941194504499546e-01 1.588062627138570049e+00
2.156011926857754588e+02 1.449558158405125141e+03 2.938442684710025898e-01 1.262195747783407596e+00
2.156011926857754588e+02 6.522814128547906876e+02 1.704941194504499546e-01 1.262195747783407596e+00
4.376639287611469626e+02 1.449558158405125141e+03 1.704941194504499546e-01 1.262195747783407596e+00
4.376639287611469626e+02 6.522814128547906876e+02 2.938442684710025898e-01 1.262195747783407596e+00
4.376639287611469626e+02 6.522814128547906876e+02 1.704941194504499546e-01 1.588062627138570049e+00
4.376639287611469626e+02 6.522814128547906876e+02 1.704941194504499546e-01 1.262195747783407596e+00
7.480641201846301556e+02 7.795152086764574051e+02 2.366566432174295187e-01 3.903160875709727584e+00
7.404382203891873360e+02 7.795152086764574051e+02 2.366566432174295187e-01 3.903160875709727584e+00
7.480641201846301556e+02 1.088850179687142372e+03 2.366566432174295187e-01 3.903160875709727584e+00
7.480641201846301556e+02 7.795152086764574051e+02 3.933548054657876603e-01 3.903160875709727584e+00
7.480641201846301556e+02 7.795152086764574051e+02 2.366566432174295187e-01 2.323722705338150174e+00
7.480641201846301556e+02 1.088850179687142372e+03 3.933548054657876603e-01 2.323722705338150174e+00
7.404382203891873360e+02 7.795152086764574051e+02 3.933548054657876603e-01 2.323722705338150174e+00
7.404382203891873360e+02 1.088850179687142372e+03 2.366566432174295187e-01 2.323722705338150174e+00
7.404382203891873360e+02 1.088850179687142372e+03 3.933548054657876603e-01 3.903160875709727584e+00
7.404382203891873360e+02 1.088850179687142372e+03 3.933548054657876603e-01 2.323722705338150174e+00
5.177198189906775951e+02 1.288901869207620621e+03 1.465281175449490436e-01 3.367320846440270632e+00
5.993285005865618587e+02 1.288901869207620621e+03 1.465281175449490436e-01 3.367320846440270632e+00
5.177198189906775951e+02 1.387646577320992947e+03 1.465281175449490436e-01 3.367320846440270632e+00
5.177198189906775951e+02 1.288901869207620621e+03 2.673536058980971464e-01 3.367320846440270632e+00
5.177198189906775951e+02 1.288901869207620621e+03 1.465281175449490436e-01 1.915651196707040205e+00
5.177198189906775951e+02 1.387646577320992947e+03 2.673536058980971464e-01 1.915651196707040205e+00
5.993285005865618587e+02 1.288901869207620621e+03 2.673536058980971464e-01 1.915651196707040205e+00
5.993285005865618587e+02 1.387646577320992947e+03 1.465281175449490436e-01 1.915651196707040205e+00
5.993285005865618587e+02 1.387646577320992947e+03 2.673536058980971464e-01 3.367320846440270632e+00
5.993285005865618587e+02 1.387646577320992947e+03 2.673536058980971464e-01 1.915651196707040205e+00
5.525274116080254316e+01 9.899449525400996208e+02 4.270392037462443224e-01 1.188601572485640689e+00
2.967664256207644939e+02 9.899449525400996208e+02 4.270392037462443224e-01 1.188601572485640689e+00
5.525274116080254316e+01 8.260769164189696312e+02 4.270392037462443224e-01 1.188601572485640689e+00
5.525274116080254316e+01 9.899449525400996208e+02 4.938406116794794576e-01 1.188601572485640689e+00
5.525274116080254316e+01 9.899449525400996208e+02 4.270392037462443224e-01 2.977180019682273304e+00
5.525274116080254316e+01 8.260769164189696312e+02 4.938406116794794576e-01 2.977180019682273304e+00
2.967664256207644939e+02 9.899449525400996208e+02 4.938406116794794576e-01 2.977180019682273304e+00
2.967664256207644939e+02 8.260769164189696312e+02 4.270392037462443224e-01 2.977180019682273304e+00
2.967664256207644939e+02 8.260769164189696312e+02 4.938406116794794576e-01 1.188601572485640689e+00
2.967664256207644939e+02 8.260769164189696312e+02 4.938406116794794576e-01 2.977180019682273304e+00
2.541330021442845464e+02 1.062278165481984615e+03 1.869654585607349873e-01 2.221860092850401980e+00
1.063362338459119201e+02 1.062278165481984615e+03 1.869654585607349873e-01 2.221860092850401980e+00
2.541330021442845464e+02 5.521612027660012245e+02 1.869654585607349873e-01 2.221860092850401980e+00
2.541330021442845464e+02 1.062278165481984615e+03 7.102326280437409878e-02 2.221860092850401980e+00
2.541330021442845464e+02 1.062278165481984615e+03 1.869654585607349873e-01 3.058371086483821166e+00
2.541330021442845464e+02 5.521612027660012245e+02 7.102326280437409878e-02 3.058371086483821166e+00
1.063362338459119201e+02 1.062278165481984615e+03 7.102326280437409878e-02 3.058371086483821166e+00
1.063362338459119201e+02 5.521612027660012245e+02 1.869654585607349873e-01 3.058371086483821166e+00
1.063362338459119201e+02 5.521612027660012245e+02 7.102326280437409878e-02 2.221860092850401980e+00
1.063362338459119201e+02 5.521612027660012245e+02 7.102326280437409878e-02 3.058371086483821166e+00
7.866417197789996862e+02 7.320713624358177185e+02 3.549579151440411806e-01 2.768707824964076747e-01
7.830497452467679977e+02 7.320713624358177185e+02 3.549579151440411806e-01 2.768707824964076747e-01
7.866417197789996862e+02 1.238760427571833134e+03 3.549579151440411806e-01 2.768707824964076747e-01
7.866417197789996862e+02 7.320713624358177185e+02 2.964039361570030562e-01 2.768707824964076747e-01
7.866417197789996862e+02 7.320713624358177185e+02 3.549579151440411806e-01 1.299237288720905825e-01
7.866417197789996862e+02 1.238760427571833134e+03 2.964039361570030562e-01 1.299237288720905825e-01
7.830497452467679977e+02 7.320713624358177185e+02 2.964039361570030562e-01 1.299237288720905825e-01
7.830497452467679977e+02 1.238760427571833134e+03 3.549579151440411806e-01 1.299237288720905825e-01
7.830497452467679977e+02 1.238760427571833134e+03 2.964039361570030562e-01 2.768707824964076747e-01
7.830497452467679977e+02 1.238760427571833134e+03 2.964039361570030562e-01 1.299237288720905825e-01
7.778711596261709929e+02 1.026440298184752464e+03 9.983593006618321497e-02 3.524798176437616171e+00
4.741722581973299384e+02 1.026440298184752464e+03 9.983593006618321497e-02 3.524798176437616171e+00
7.778711596261709929e+02 8.594509242102503777e+02 9.983593006618321497e-02 3.524798176437616171e+00
7.778711596261709929e+02 1.026440298184752464e+03 4.551342061720788368e-01 3.524798176437616171e+00
7.778711596261709929e+02 1.026440298184752464e+03 9.983593006618321497e-02 3.144925835467875075e+00
7.778711596261709929e+02 8.594509242102503777e+02 4.551342061720788368e-01 3.144925835467875075e+00
4.741722581973299384e+02 1.026440298184752464e+03 4.551342061720788368e-01 3.144925835467875075e+00
4.741722581973299384e+02 8.594509242102503777e+02 9.983593006618321497e-02 3.144925835467875075e+00
4.741722581973299384e+02 8.594509242102503777e+02 4.551342061720788368e-01 3.524798176437616171e+00
4.741722581973299384e+02 8.594509242102503777e+02 4.551342061720788368e-01 3.144925835467875075e+00
3.077805005358532071e+02 6.967275002971291542e+02 4.943857987411320321e-01 1.965329655706882672e+00
6.716136960908770561e+02 6.967275002971291542e+02 4.943857987411320321e-01 1.965329655706882672e+00
3.077805005358532071e+02 1.422881203703582287e+03 4.943857987411320321e-01 1.965329655706882672e+00
3.077805005358532071e+02 6.967275002971291542e+02 2.216159235686063766e-01 1.965329655706882672e+00
3.077805005358532071e+02 6.967275002971291542e+02 4.943857987411320321e-01 2.130559514928609399e-01
3.077805005358532071e+02 1.422881203703582287e+03 2.216159235686063766e-01 2.130559514928609399e-01
6.716136960908770561e+02 6.967275002971291542e+02 2.216159235686063766e-01 2.130559514928609399e-01
6.716136960908770561e+02 1.422881203703582287e+03 4.943857987411320321e-01 2.130559514928609399e-01
6.716136960908770561e+02 1.422881203703582287e+03 2.216159235686063766e-01 1.965329655706882672e+00
6.716136960908770561e+02 1.422881203703582287e+03 2.216159235686063766e-01 2.130559514928609399e-01
1.526353521179407835e+01 1.252941471524536610e+03 2.316796786617487669e-01 2.924753792583942413e+00
9.802089377893134952e+02 1.252941471524536610e+03 2.316796786617487669e-01 2.924753792583942413e+00
1.526353521179407835e+01 1.196813126094639301e+03 2.316796786617487669e-01 2.924753792583942413e+00
1.526353521179407835e+01 1.252941471524536610e+03 3.139612367376685143e-01 2.924753792583942413e+00
1.526353521179407835e+01 1.252941471524536610e+03 2.316796786617487669e-01 1.770390312271192812e+00
1.526353521179407835e+01 1.196813126094639301e+03 3.139612367376685143e-01 1.770390312271192812e+00
9.802089377893134952e+02 1.252941471524536610e+03 3.139612367376685143e-01 1.770390312271192812e+00
9.802089377893134952e+02 1.196813126094639301e+03 2.316796786617487669e-01 1.770390312271192812e+00
9.802089377893134952e+02 1.196813126094639301e+03 3.139612367376685143e-01 2.924753792583942413e+00
9.802089377893134952e+02 1.196813126094639301e+03 3.139612367376685143e-01 1.770390312271192812e+00
5.401484929509460926e+02 9.544785562902688980e+02 2.887103812769055700e-01 6.328091134130955364e-01
1.588640352077782154e+02 9.544785562902688980e+02 2.887103812769055700e-01 6.328091134130955364e-01
5.401484929509460926e+02 5.084124105051159859e+02 2.887103812769055700e-01 6.328091134130955364e-01
5.401484929509460926e+02 9.544785562902688980e+02 8.154934020712972798e-02 6.328091134130955364e-01
5.401484929509460926e+02 9.544785562902688980e+02 2.887103812769055700e-01 2.828553730882704009e+00
5.401484929509460926e+02 5.084124105051159859e+02 8.154934020712972798e-02 2.828553730882704009e+00
1.588640352077782154e+02 9.544785562902688980e+02 8.154934020712972798e-02 2.828553730882704009e+00
1.588640352077782154e+02 5.084124105051159859e+02 2.887103812769055700e-01 2.828553730882704009e+00
1.588640352077782154e+02 5.084124105051159859e+02 8.154934020712972798e-02 6.328091134130955364e-01
1.588640352077782154e+02 5.084124105051159859e+02 8.154934020712972798e-02 2.828553730882704009e+00
6.924502659328281879e+02 1.477104362100362778e+03 4.350333852227777354e-01 1.554446506500244407e-01
4.921862170752137899e+01 1.477104362100362778e+03 4.350333852227777354e-01 1.554446506500244407e-01
6.924502659328281879e+02 9.673688486218452454e+02 4.350333852227777354e-01 1.554446506500244407e-01
6.924502659328281879e+02 1.477104362100362778e+03 3.470735198352485895e-01 1.554446506500244407e-01
6.924502659328281879e+02 1.477104362100362778e+03 4.350333852227777354e-01 1.426467452012002646e+00
6.924502659328281879e+02 9.673688486218452454e+02 3.470735198352485895e-01 1.426467452012002646e+00
4.921862170752137899e+01 1.477104362100362778e+03 3.470735198352485895e-01 1.426467452012002646e+00
4.921862170752137899e+01 9.673688486218452454e+02 4.350333852227777354e-01 1.426467452012002646e+00
4.921862170752137899e+01 9.673688486218452454e+02 3.470735198352485895e-01 1.554446506500244407e-01
4.921862170752137899e+01 9.673688486218452454e+02 3.470735198352485895e-01 1.426467452012002646e+00
2.224357649488374591e+02 8.075554175302386284e+02 1.547902651131153329e-01 2.342190078347921478e+00
8.702884243428707123e+02 8.075554175302386284e+02 1.547902651131153329e-01 2.342190078347921478e+00
2.224357649488374591e+02 1.280768670141696930e+03 1.547902651131153329e-01 2.342190078347921478e+00
2.224357649488374591e+02 8.075554175302386284e+02 1.323487264569848665e-01 2.342190078347921478e+00
2.224357649488374591e+02 8.075554175302386284e+02 1.547902651131153329e-01 2.484632765771821017e+00
2.224357649488374591e+02 1.280768670141696930e+03 1.323487264569848665e-01 2.484632765771821017e+00
8.702884243428707123e+02 8.075554175302386284e+02 1.323487264569848665e-01 2.484632765771821017e+00
8.702884243428707123e+02 1.280768670141696930e+03 1.547902651131153329e-01 2.484632765771821017e+00
8.702884243428707123e+02 1.280768670141696930e+03 1.323487264569848665e-01 2.342190078347921478e+00
8.702884243428707123e+02 1.280768670141696930e+03 1.323487264569848665e-01 2.484632765771821017e+00
4.595933491932228208e+02 1.234978548251092434e+03 3.313077869359403738e-01 1.316613225787878205e+00
5.627897734073922038e+02 1.234978548251092434e+03 3.313077869359403738e-01 1.316613225787878205e+00
4.595933491932228208e+02 1.100644929334521294e+03 3.313077869359403738e-01 1.316613225787878205e+00
4.595933491932228208e+02 1.234978548251092434e+03 4.320195830892771260e-01 1.316613225787878205e+00
4.595933491932228208e+02 1.234978548251092434e+03 3.313077869359403738e-01 3.550948737086728091e+00
4.595933491932228208e+02 1.100644929334521294e+03 4.320195830892771260e-01 3.550948737086728091e+00
5.627897734073922038e+02 1.234978548251092434e+03 4.320195830892771260e-01 3.550948737086728091e+00
5.627897734073922038e+02 1.100644929334521294e+03 3.313077869359403738e-01 3.550948737086728091e+00
5.627897734073922038e+02 1.100644929334521294e+03 4.320195830892771260e-01 1.316613225787878205e+00
5.627897734073922038e+02 1.100644929334521294e+03 4.320195830892771260e-01 3.550948737086728091e+00
9.845545841287821531e+02 5.341794788837432861e+02 1.635975389741361197e-01 3.238456577062606812e+00
3.656215262971818447e+02 5.341794788837432861e+02 1.635975389741361197e-01 3.238456577062606812e+00
9.845545841287821531e+02 6.622136365622282028e+02 1.635975389741361197e-01 3.238456577062606812e+00
9.845545841287821531e+02 5.341794788837432861e+02 2.161901738960296249e-01 3.238456577062606812e+00
9.845545841287821531e+02 5.341794788837432861e+02 1.635975389741361197e-01 6.190769579634071151e-01
9.845545841287821531e+02 6.622136365622282028e+02 2.161901738960296249e-01 6.190769579634071151e-01
3.656215262971818447e+02 5.341794788837432861e+02 2.161901738960296249e-01 6.190769579634071151e-01
3.656215262971818447e+02 6.622136365622282028e+02 1.635975389741361197e-01 6.190769579634071151e-01
3.656215262971818447e+02 6.622136365622282028e+02 2.161901738960296249e-01 3.238456577062606812e+00
3.656215262971818447e+02 6.622136365622282028e+02 2.161901738960296249e-01 6.190769579634071151e-01
9.254650607639923692e+02 1.366103843785822392e+03 3.615203179419040902e-01 2.058571966877206894e+00
7.145649858778342605e+02 1.366103843785822392e+03 3.615203179419040902e-01 2.058571966877206894e+00
9.254650607639923692e+02 6.057664034888148308e+02 3.615203179419040902e-01 2.058571966877206894e+00
9.254650607639923692e+02 1.366103843785822392e+03 3.849535153713077307e-01 2.058571966877206894e+00
9.254650607639923692e+02 1.366103843785822392e+03 3.615203179419040902e-01 1.054656447656452611e+00
9.254650607639923692e+02 6.057664034888148308e+02 3.849535153713077307e-01 1.054656447656452611e+00
7.145649858778342605e+02 1.366103843785822392e+03 3.849535153713077307e-01 1.054656447656452611e+00
7.145649858778342605e+02 6.057664034888148308e+02 3.615203179419040902e-01 1.054656447656452611e+00
7.145649858778342605e+02 6.057664034888148308e+02 3.849535153713077307e-01 2.058571966877206894e+00
7.145649858778342605e+02 6.057664034888148308e+02 3.849535153713077307e-01 1.054656447656452611e+00
3.967348908800631762e+02 9.106527622789144516e+02 1.935900760348886473e-01 5.024947954621166168e-01
3.922489629387855530e+02 9.106527622789144516e+02 1.935900760348886473e-01 5.024947954621166168e-01
3.967348908800631762e+02 1.169289189390838146e+03 1.935900760348886473e-01 5.024947954621166168e-01
3.967348908800631762e+02 9.106527622789144516e+02 1.507838080171495787e-01 5.024947954621166168e-01
3.967348908800631762e+02 9.106527622789144516e+02 1.935900760348886473e-01 2.116225477503612673e+00
3.967348908800631762e+02 1.169289189390838146e+03 1.507838080171495787e-01 2.116225477503612673e+00
3.922489629387855530e+02 9.106527622789144516e+02 1.507838080171495787e-01 2.116225477503612673e+00
3.922489629387855530e+02 1.169289189390838146e+03 1.935900760348886473e-01 2.116225477503612673e+00
3.922489629387855530e+02 1.169289189390838146e+03 1.507838080171495787e-01 5.024947954621166168e-01
3.922489629387855530e+02 1.169289189390838146e+03 1.507838080171495787e-01 2.116225477503612673e+00
1.583461310565471649e+02 1.108351970091462135e+03 4.054800330661237351e-01 3.406648005386814226e+00
2.096300160614773631e+02 1.108351970091462135e+03 4.054800330661237351e-01 3.406648005386814226e+00
1.583461310565471649e+02 1.458818455226719379e+03 4.054800330661237351e-01 3.406648005386814226e+00
1.583461310565471649e+02 1.108351970091462135e+03 4.136402160394936911e-01 3.406648005386814226e+00
1.583461310565471649e+02 1.108351970091462135e+03 4.054800330661237351e-01 3.919593907343223549e+00
1.583461310565471649e+02 1.458818455226719379e+03 4.136402160394936911e-01 3.919593907343223549e+00
2.096300160614773631e+02 1.108351970091462135e+03 4.136402160394936911e-01 3.919593907343223549e+00
2.096300160614773631e+02 1.458818455226719379e+03 4.054800330661237351e-01 3.919593907343223549e+00
2.096300160614773631e+02 1.458818455226719379e+03 4.136402160394936911e-01 3.406648005386814226e+00
2.096300160614773631e+02 1.458818455226719379e+03 4.136402160394936911e-01 3.919593907343223549e+00
6.326402252530679107e+02 6.841510059311985970e+02 1.250174554530531223e-01 1.086922800531610944e+00
9.060993808768689632e+02 6.841510059311985970e+02 1.250174554530531223e-01 1.086922800531610944e+00
6.326402252530679107e+02 7.702661054208874702e+02 1.250174554530531223e-01 1.086922800531610944e+00
6.326402252530679107e+02 6.841510059311985970e+02 1.783641259651631006e-01 1.086922800531610944e+00
6.326402252530679107e+02 6.841510059311985970e+02 1.250174554530531223e-01 9.911372597888112868e-01
6.326402252530679107e+02 7.702661054208874702e+02 1.783641259651631006e-01 9.911372597888112868e-01
9.060993808768689632e+02 6.841510059311985970e+02 1.783641259651631006e-01 9.911372597888112868e-01
9.060993808768689632e+02 7.702661054208874702e+02 1.250174554530531223e-01 9.911372597888112868e-01
9.060993808768689632e+02 7.702661054208874702e+02 1.783641259651631006e-01 1.086922800531610944e+00
9.060993808768689632e+02 7.702661054208874702e+02 1.783641259651631006e-01 9.911372597888112868e-01
6.049736643945798278e+02 1.130366514436900616e+03 2.581565965898335313e-01 1.689010793408379119e+00
7.648972546150907874e+02 1.130366514436900616e+03 2.581565965898335313e-01 1.689010793408379119e+00
6.049736643945798278e+02 6.902163103222846985e+02 2.581565965898335313e-01 1.689010793408379119e+00
6.049736643945798278e+02 1.130366514436900616e+03 4.753125794231891632e-01 1.689010793408379119e+00
6.049736643945798278e+02 1.130366514436900616e+03 2.581565965898335313e-01 3.263824943117797250e+00
6.049736643945798278e+02 6.902163103222846985e+02 4.753125794231891632e-01 3.263824943117797250e+00
7.648972546150907874e+02 1.130366514436900616e+03 4.753125794231891632e-01 3.263824943117797250e+00
7.648972546150907874e+02 6.902163103222846985e+02 2.581565965898335313e-01 3.263824943117797250e+00
7.648972546150907874e+02 6.902163103222846985e+02 4.753125794231891632e-01 1.689010793408379119e+00
7.648972546150907874e+02 6.902163103222846985e+02 4.753125794231891632e-01 3.263824943117797250e+00
7.628916555643081665e+01 5.850793384015560150e+02 3.154072948265820853e-01 3.864564292719587790e+00
6.870298602432012558e+01 5.850793384015560150e+02 3.154072948265820853e-01 3.864564292719587790e+00
7.628916555643081665e+01 1.003769673407077789e+03 3.154072948265820853e-01 3.864564292719587790e+00
7.628916555643081665e+01 5.850793384015560150e+02 2.577253627590835316e-01 3.864564292719587790e+00
7.628916555643081665e+01 5.850793384015560150e+02 3.154072948265820853e-01 3.353663855511695435e-01
7.628916555643081665e+01 1.003769673407077789e+03 2.577253627590835316e-01 3.353663855511695435e-01
6.870298602432012558e+01 5.850793384015560150e+02 2.577253627590835316e-01 3.353663855511695435e-01
6.870298602432012558e+01 1.003769673407077789e+03 3.154072948265820853e-01 3.353663855511695435e-01
6.870298602432012558e+01 1.003769673407077789e+03 2.577253627590835316e-01 3.864564292719587790e+00
6.870298602432012558e+01 1.003769673407077789e+03 2.577253627590835316e-01 3.353663855511695435e-01
3.695566588956862688e+02 1.403743505477905273e+03 7.357873786240816394e-02 7.771279159095139111e-01
2.524204291058704257e+02 1.403743505477905273e+03 7.357873786240816394e-02 7.771279159095139111e-01
3.695566588956862688e+02 1.370432240888476372e+03 7.357873786240816394e-02 7.771279159095139111e-01
3.695566588956862688e+02 1.403743505477905273e+03 2.779077165760099888e-01 7.771279159095139111e-01
3.695566588956862688e+02 1.403743505477905273e+03 7.357873786240816394e-02 1.647838191064074698e+00
3.695566588956862688e+02 1.370432240888476372e+03 2.779077165760099888e-01 1.647838191064074698e+00
2.524204291058704257e+02 1.403743505477905273e+03 2.779077165760099888e-01 1.647838191064074698e+00
2.524204291058704257e+02 1.370432240888476372e+03 7.357873786240816394e-02 1.647838191064074698e+00
2.524204291058704257e+02 1.370432240888476372e+03 2.779077165760099888e-01 7.771279159095139111e-01
2.524204291058704257e+02 1.370432240888476372e+03 2.779077165760099888e-01 1.647838191064074698e+00
8.438965432280674577e+02 8.272064542397856712e+02 4.683480657171458228e-01 2.718951213797554445e+00
5.744632575400173664e+02 8.272064542397856712e+02 4.683480657171458228e-01 2.718951213797554445e+00
8.438965432280674577e+02 9.319103490561246872e+02 4.683480657171458228e-01 2.718951213797554445e+00
8.438965432280674577e+02 8.272064542397856712e+02 6.142511237412691394e-02 2.718951213797554445e+00
8.438965432280674577e+02 8.272064542397856712e+02 4.683480657171458228e-01 2.709409130923449815e+00
8.438965432280674577e+02 9.319103490561246872e+02 6.142511237412691394e-02 2.709409130923449815e+00
5.744632575400173664e+02 8.272064542397856712e+02 6.142511237412691394e-02 2.709409130923449815e+00
5.744632575400173664e+02 9.319103490561246872e+02 4.683480657171458228e-01 2.709409130923449815e+00
5.744632575400173664e+02 9.319103490561246872e+02 6.142511237412691394e-02 2.718951213797554445e+00
5.744632575400173664e+02 9.319103490561246872e+02 6.142511237412691394e-02 2.709409130923449815e+00
8.260469107655808330e+02 1.181221570819616318e+03 2.966509420424700005e-01 3.174023797651752687e+00
4.686780470423400402e+00 1.181221570819616318e+03 2.966509420424700005e-01 3.174023797651752687e+00
8.260469107655808330e+02 7.627030350267887115e+02 2.966509420424700005e-01 3.174023797651752687e+00
8.260469107655808330e+02 1.181221570819616318e+03 3.036560426000505797e-01 3.174023797651752687e+00
8.260469107655808330e+02 1.181221570819616318e+03 2.966509420424700005e-01 2.022851565005257424e+00
8.260469107655808330e+02 7.627030350267887115e+02 3.036560426000505797e-01 2.022851565005257424e+00
4.686780470423400402e+00 1.181221570819616318e+03 3.036560426000505797e-01 2.022851565005257424e+00
4.686780470423400402e+00 7.627030350267887115e+02 2.966509420424700005e-01 2.022851565005257424e+00
4.686780470423400402e+00 7.627030350267887115e+02 3.036560426000505797e-01 3.174023797651752687e+00
4.686780470423400402e+00 7.627030350267887115e+02 3.036560426000505797e-01 2.022851565005257424e+00
3.556685281805694103e+02 6.054225070402026176e+02 2.412074097897857761e-01 1.381068843593820983e+00
8.220825945846736431e+02 6.054225070402026176e+02 2.412074097897857761e-01 1.381068843593820983e+00
3.556685281805694103e+02 1.449303213506937027e+03 2.412074097897857761e-01 1.381068843593820983e+00
3.556685281805694103e+02 6.054225070402026176e+02 9.145810469053686220e-02 1.381068843593820983e+00
3.556685281805694103e+02 6.054225070402026176e+02 2.412074097897857761e-01 1.085511513315141174e+00
3.556685281805694103e+02 1.449303213506937027e+03 9.145810469053686220e-02 1.085511513315141174e+00
8.220825945846736431e+02 6.054225070402026176e+02 9.145810469053686220e-02 1.085511513315141174e+00
8.220825945846736431e+02 1.449303213506937027e+03 2.412074097897857761e-01 1.085511513315141174e+00
8.220825945846736431e+02 1.449303213506937027e+03 9.145810469053686220e-02 1.381068843593820983e+00
8.220825945846736431e+02 1.449303213506937027e+03 9.145810469053686220e-02 1.085511513315141174e+00
9.404924227856099606e+01 1.407722852192819118e+03 4.847548293881118187e-01 2.277787740221246970e+00
5.136197233712300658e+02 1.407722852192819118e+03 4.847548293881118187e-01 2.277787740221246970e+00
9.404924227856099606e+01 1.176362993195652962e+03 4.847548293881118187e-01 2.277787740221246970e+00
9.404924227856099606e+01 1.407722852192819118e+03 4.439595203381031530e-01 2.277787740221246970e+00
9.404924227856099606e+01 1.407722852192819118e+03 4.847548293881118187e-01 8.977233931049705129e-01
9.404924227856099606e+01 1.176362993195652962e+03 4.439595203381031530e-01 8.977233931049705129e-01
5.136197233712300658e+02 1.407722852192819118e+03 4.439595203381031530e-01 8.977233931049705129e-01
5.136197233712300658e+02 1.176362993195652962e+03 4.847548293881118187e-01 8.977233931049705129e-01
5.136197233712300658e+02 1.176362993195652962e+03 4.439595203381031530e-01 2.277787740221246970e+00
5.136197233712300658e+02 1.176362993195652962e+03 4.439595203381031530e-01 8.977233931049705129e-01
6.188903767289593816e+02 8.631739020347595215e+02 9.177893460728228647e-02 2.198089446034282579e-01
3.200948586314916611e+02 8.631739020347595215e+02 9.177893460728228647e-02 2.198089446034282579e-01
6.188903767289593816e+02 6.147942859679460526e+02 9.177893460728228647e-02 2.198089446034282579e-01
6.188903767289593816e+02 8.631739020347595215e+02 2.324147791136056407e-01 2.198089446034282579e-01
6.188903767289593816e+02 8.631739020347595215e+02 9.177893460728228647e-02 3.950351941408589695e+00
6.188903767289593816e+02 6.147942859679460526e+02 2.324147791136056407e-01 3.950351941408589695e+00
3.200948586314916611e+02 8.631739020347595215e+02 2.324147791136056407e-01 3.950351941408589695e+00
3.200948586314916611e+02 6.147942859679460526e+02 9.177893460728228647e-02 3.950351941408589695e+00
3.200948586314916611e+02 6.147942859679460526e+02 2.324147791136056407e-01 2.198089446034282579e-01
3.200948586314916611e+02 6.147942859679460526e+02 2.324147791136056407e-01 3.950351941408589695e+00
6.461008821250870824e+02 1.322322910651564598e+03 1.818516694940626732e-01 5.686274745967239141e-01
4.611445663375779986e+02 1.322322910651564598e+03 1.818516694940626732e-01 5.686274745967239141e-01
6.461008821250870824e+02 9.096834948286414146e+02 1.818516694940626732e-01 5.686274745967239141e-01
6.461008821250870824e+02 1.322322910651564598e+03 4.423548447899520175e-01 5.686274745967239141e-01
6.461008821250870824e+02 1.322322910651564598e+03 1.818516694940626732e-01 3.046711366344243554e-01
6.461008821250870824e+02 9.096834948286414146e+02 4.423548447899520175e-01 3.046711366344243554e-01
4.611445663375779986e+02 1.322322910651564598e+03 4.423548447899520175e-01 3.046711366344243554e-01
4.611445663375779986e+02 9.096834948286414146e+02 1.818516694940626732e-01 3.046711366344243554e-01
4.611445663375779986e+02 9.096834948286414146e+02 4.423548447899520175e-01 5.686274745967239141e-01
4.611445663375779986e+02 9.096834948286414146e+02 4.423548447899520175e-01 3.046711366344243554e-01
1.756462223436683416e+02 8.988599935546517372e+02 3.516156848985702021e-01 2.988973490437492497e+00
6.544553052522242069e+02 8.988599935546517372e+02 3.516156848985702021e-01 2.988973490437492497e+00
1.756462223436683416e+02 1.346253215335309505e+03 3.516156848985702021e-01 2.988973490437492497e+00
1.756462223436683416e+02 8.988599935546517372e+02 2.063097067177295796e-01 2.988973490437492497e+00
1.756462223436683416e+02 8.988599935546517372e+02 3.516156848985702021e-01 3.357297789789736253e+00
1.756462223436683416e+02 1.346253215335309505e+03 2.063097067177295796e-01 3.357297789789736253e+00
6.544553052522242069e+02 8.988599935546517372e+02 2.063097067177295796e-01 3.357297789789736253e+00
6.544553052522242069e+02 1.346253215335309505e+03 3.516156848985702021e-01 3.357297789789736253e+00
6.544553052522242069e+02 1.346253215335309505e+03 2.063097067177295796e-01 2.988973490437492497e+00
6.544553052522242069e+02 1.346253215335309505e+03 2.063097067177295796e-01 3.357297789789736253e+00
3.833676006309688091e+02 1.080197227187454700e+03 1.343796653673052788e-01 1.901178458174690666e+00
9.620635804673656821e+02 1.080197227187454700e+03 1.343796653673052788e-01 1.901178458174690666e+00
3.833676006309688091e+02 1.025507324375212193e+03 1.343796653673052788e-01 1.901178458174690666e+00
3.833676006309688091e+02 1.080197227187454700e+03 3.583245681598782317e-01 1.901178458174690666e+00
3.833676006309688091e+02 1.080197227187454700e+03 1.343796653673052788e-01 2.678491280116140683e+00
3.833676006309688091e+02 1.025507324375212193e+03 3.583245681598782317e-01 2.678491280116140683e+00
9.620635804673656821e+02 1.080197227187454700e+03 3.583245681598782317e-01 2.678491280116140683e+00
9.620635804673656821e+02 1.025507324375212193e+03 1.343796653673052788e-01 2.678491280116140683e+00
9.620635804673656821e+02 1.025507324375212193e+03 3.583245681598782317e-01 1.901178458174690666e+00
9.620635804673656821e+02 1.025507324375212193e+03 3.583245681598782317e-01 2.678491280116140683e+00
9.081325769750401378e+02 6.254844311624765396e+02 4.166622835677117331e-01 3.588926550438627405e+00
1.448799830153584480e+02 6.254844311624765396e+02 4.166622835677117331e-01 3.588926550438627405e+00
9.081325769750401378e+02 7.139080399647355080e+02 4.166622835677117331e-01 3.588926550438627405e+00
9.081325769750401378e+02 6.254844311624765396e+02 1.216280036605894566e-01 3.588926550438627405e+00
9.081325769750401378e+02 6.254844311624765396e+02 4.166622835677117331e-01 1.741153123574331607e+00
9.081325769750401378e+02 7.139080399647355080e+02 1.216280036605894566e-01 1.741153123574331607e+00
1.448799830153584480e+02 6.254844311624765396e+02 1.216280036605894566e-01 1.741153123574331607e+00
1.448799830153584480e+02 7.139080399647355080e+02 4.166622835677117331e-01 1.741153123574331607e+00
1.448799830153584480e+02 7.139080399647355080e+02 1.216280036605894566e-01 3.588926550438627405e+00
1.448799830153584480e+02 7.139080399647355080e+02 1.216280036605894566e-01 1.741153123574331607e+00
9.711284782662987709e+02 1.457408468239009380e+03 1.083419289905577926e-01 2.658414911329746388e+00
8.104010867578908801e+02 1.457408468239009380e+03 1.083419289905577926e-01 2.658414911329746388e+00
9.711284782662987709e+02 5.169673897325992584e+02 1.083419289905577926e-01 2.658414911329746388e+00
9.711284782662987709e+02 1.457408468239009380e+03 4.028363179415464512e-01 2.658414911329746388e+00
9.711284782662987709e+02 1.457408468239009380e+03 1.083419289905577926e-01 1.814987742621451683e-01
9.711284782662987709e+02 5.169673897325992584e+02 4.028363179415464512e-01 1.814987742621451683e-01
8.104010867578908801e+02 1.457408468239009380e+03 4.028363179415464512e-01 1.814987742621451683e-01
8.104010867578908801e+02 5.169673897325992584e+02 1.083419289905577926e-01 1.814987742621451683e-01
8.104010867578908801e+02 5.169673897325992584e+02 4.028363179415464512e-01 2.658414911329746388e+00
8.104010867578908801e+02 5.169673897325992584e+02 4.028363179415464512e-01 1.814987742621451683e-01
4.423201871505007148e+02 7.558714114129543304e+02 3.904050880111754052e-01 8.376870419085026276e-01
1.178806875981390476e+02 7.558714114129543304e+02 3.904050880111754052e-01 8.376870419085026276e-01
4.423201871505007148e+02 1.203414026647806168e+03 3.904050880111754052e-01 8.376870419085026276e-01
4.423201871505007148e+02 7.558714114129543304e+02 1.895337692461908086e-01 8.376870419085026276e-01
4.423201871505007148e+02 7.558714114129543304e+02 3.904050880111754052e-01 3.238514680080115671e+00
4.423201871505007148e+02 1.203414026647806168e+03 1.895337692461908086e-01 3.238514680080115671e+00
1.178806875981390476e+02 7.558714114129543304e+02 1.895337692461908086e-01 3.238514680080115671e+00
1.178806875981390476e+02 1.203414026647806168e+03 3.904050880111754052e-01 3.238514680080115671e+00
1.178806875981390476e+02 1.203414026647806168e+03 1.895337692461908086e-01 8.376870419085026276e-01
1.178806875981390476e+02 1.203414026647806168e+03 1.895337692461908086e-01 3.238514680080115671e+00
2.358371000746265054e+02 1.199656933546066284e+03 2.085485863965004794e-01 3.804058431535959350e+00
3.006186668714508414e+02 1.199656933546066284e+03 2.085485863965004794e-01 3.804058431535959350e+00
2.358371000746265054e+02 1.414815427735447884e+03 2.085485863965004794e-01 3.804058431535959350e+00
2.358371000746265054e+02 1.199656933546066284e+03 3.750465747900307290e-01 3.804058431535959350e+00
2.358371000746265054e+02 1.199656933546066284e+03 2.085485863965004794e-01 2.797036507837474151e+00
2.358371000746265054e+02 1.414815427735447884e+03 3.750465747900307290e-01 2.797036507837474151e+00
3.006186668714508414e+02 1.199656933546066284e+03 3.750465747900307290e-01 2.797036507837474151e+00
3.006186668714508414e+02 1.414815427735447884e+03 2.085485863965004794e-01 2.797036507837474151e+00
3.006186668714508414e+02 1.414815427735447884e+03 3.750465747900307290e-01 3.804058431535959350e+00
3.006186668714508414e+02 1.414815427735447884e+03 3.750465747900307290e-01 2.797036507837474151e+00
7.098091728333383799e+02 5.293697630986571312e+02 3.780926061794162019e-01 1.749478595554828653e+00
6.190179938450455666e+02 5.293697630986571312e+02 3.780926061794162019e-01 1.749478595554828653e+00
7.098091728333383799e+02 8.533373195677995682e+02 3.780926061794162019e-01 1.749478595554828653e+00
7.098091728333383799e+02 5.293697630986571312e+02 1.610908260568976458e-01 1.749478595554828653e+00
7.098091728333383799e+02 5.293697630986571312e+02 3.780926061794162019e-01 1.864076188476756268e+00
7.098091728333383799e+02 8.533373195677995682e+02 1.610908260568976458e-01 1.864076188476756268e+00
6.190179938450455666e+02 5.293697630986571312e+02 1.610908260568976458e-01 1.864076188476756268e+00
6.190179938450455666e+02 8.533373195677995682e+02 3.780926061794162019e-01 1.864076188476756268e+00
6.190179938450455666e+02 8.533373195677995682e+02 1.610908260568976458e-01 1.749478595554828653e+00
6.190179938450455666e+02 8.533373195677995682e+02 1.610908260568976458e-01 1.864076188476756268e+00
5.579716725293546915e+02 1.039061591960489750e+03 4.549820163752883451e-01 1.026637638658285168e+00
7.285719331381842494e+02 1.039061591960489750e+03 4.549820163752883451e-01 1.026637638658285168e+00
5.579716725293546915e+02 6.873548319563269615e+02 4.549820163752883451e-01 1.026637638658285168e+00
5.579716725293546915e+02 1.039061591960489750e+03 2.886231822427362537e-01 1.026637638658285168e+00
5.579716725293546915e+02 1.039061591960489750e+03 4.549820163752883451e-01 2.390884104417636991e+00
5.579716725293546915e+02 6.873548319563269615e+02 2.886231822427362537e-01 2.390884104417636991e+00
7.285719331381842494e+02 1.039061591960489750e+03 2.886231822427362537e-01 2.390884104417636991e+00
7.285719331381842494e+02 6.873548319563269615e+02 4.549820163752883451e-01 2.390884104417636991e+00
7.285719331381842494e+02 6.873548319563269615e+02 2.886231822427362537e-01 1.026637638658285168e+00
7.285719331381842494e+02 6.873548319563269615e+02 2.886231822427362537e-01 2.390884104417636991e+00
2.911759127769619226e+01 7.398606296628713608e+02 6.222557909786701619e-02 3.466971211433410804e+00
4.103867282681167126e+02 7.398606296628713608e+02 6.222557909786701619e-02 3.466971211433410804e+00
2.911759127769619226e+01 1.123832046054303646e+03 6.222557909786701619e-02 3.466971211433410804e+00
2.911759127769619226e+01 7.398606296628713608e+02 5.016880691982805729e-02 3.466971211433410804e+00
2.911759127769619226e+01 7.398606296628713608e+02 6.222557909786701619e-02 1.457925695069134386e+00
2.911759127769619226e+01 1.123832046054303646e+03 5.016880691982805729e-02 1.457925695069134386e+00
4.103867282681167126e+02 7.398606296628713608e+02 5.016880691982805729e-02 1.457925695069134386e+00
4.103867282681167126e+02 1.123832046054303646e+03 6.222557909786701619e-02 1.457925695069134386e+00
4.103867282681167126e+02 1.123832046054303646e+03 5.016880691982805729e-02 3.466971211433410804e+00
4.103867282681167126e+02 1.123832046054303646e+03 5.016880691982805729e-02 1.457925695069134386e+00
2.899935243418440223e+02 1.312438959255814552e+03 3.266434824559837358e-01 4.422400748729706232e-01
2.267960584377869964e+02 1.312438959255814552e+03 3.266434824559837358e-01 4.422400748729706232e-01
2.899935243418440223e+02 1.256116741336882114e+03 3.266434824559837358e-01 4.422400748729706232e-01
2.899935243418440223e+02 1.312438959255814552e+03 4.851946559268981440e-01 4.422400748729706232e-01
2.899935243418440223e+02 1.312438959255814552e+03 3.266434824559837358e-01 5.255508984997868671e-01
2.899935243418440223e+02 1.256116741336882114e+03 4.851946559268981440e-01 5.255508984997868671e-01
2.267960584377869964e+02 1.312438959255814552e+03 4.851946559268981440e-01 5.255508984997868671e-01
2.267960584377869964e+02 1.256116741336882114e+03 3.266434824559837358e-01 5.255508984997868671e-01
2.267960584377869964e+02 1.256116741336882114e+03 4.851946559268981440e-01 4.422400748729706232e-01
2.267960584377869964e+02 1.256116741336882114e+03 4.851946559268981440e-01 5.255508984997868671e-01
7.639199260547757149e+02 9.819878758862614632e+02 2.714199441485107278e-01 2.118803849071264178e+00
9.191042372137308121e+02 9.819878758862614632e+02 2.714199441485107278e-01 2.118803849071264178e+00
7.639199260547757149e+02 9.446690911427140236e+02 2.714199441485107278e-01 2.118803849071264178e+00
7.639199260547757149e+02 9.819878758862614632e+02 2.473917103838175757e-01 2.118803849071264178e+00
7.639199260547757149e+02 9.819878758862614632e+02 2.714199441485107278e-01 3.582564894305542147e+00
7.639199260547757149e+02 9.446690911427140236e+02 2.473917103838175757e-01 3.582564894305542147e+00
9.191042372137308121e+02 9.819878758862614632e+02 2.473917103838175757e-01 3.582564894305542147e+00
9.191042372137308121e+02 9.446690911427140236e+02 2.714199441485107278e-01 3.582564894305542147e+00
9.191042372137308121e+02 9.446690911427140236e+02 2.473917103838175757e-01 2.118803849071264178e+00
9.191042372137308121e+02 9.446690911427140236e+02 2.473917103838175757e-01 3.582564894305542147e+00
8.039129428863525391e+02 1.276584821753203869e+03 4.100479590706527233e-01 1.877429388584569203e+00
3.537118977000936866e+02 1.276584821753203869e+03 4.100479590706527233e-01 1.877429388584569203e+00
8.039129428863525391e+02 1.065647835843265057e+03 4.100479590706527233e-01 1.877429388584569203e+00
8.039129428863525391e+02 1.276584821753203869e+03 9.592020120471717037e-02 1.877429388584569203e+00
8.039129428863525391e+02 1.276584821753203869e+03 4.100479590706527233e-01 6.902412670012564311e-01
8.039129428863525391e+02 1.065647835843265057e+03 9.592020120471717037e-02 6.902412670012564311e-01
3.537118977000936866e+02 1.276584821753203869e+03 9.592020120471717037e-02 6.902412670012564311e-01
3.537118977000936866e+02 1.065647835843265057e+03 4.100479590706527233e-01 6.902412670012564311e-01
3.537118977000936866e+02 1.065647835843265057e+03 9.592020120471717037e-02 1.877429388584569203e+00
3.537118977000936866e+02 1.065647835843265057e+03 9.592020120471717037e-02 6.902412670012564311e-01
2.675610394990071654e+02 9.466277398169040680e+02 1.278138226363808028e-01 3.675011536749079877e+00
5.355597400292754173e+02 9.466277398169040680e+02 1.278138226363808028e-01 3.675011536749079877e+00
2.675610394990071654e+02 6.271249903365969658e+02 1.278138226363808028e-01 3.675011536749079877e+00
2.675610394990071654e+02 9.466277398169040680e+02 3.273433533497154824e-01 3.675011536749079877e+00
2.675610394990071654e+02 9.466277398169040680e+02 1.278138226363808028e-01 3.742919542510062314e+00
2.675610394990071654e+02 6.271249903365969658e+02 3.273433533497154824e-01 3.742919542510062314e+00
5.355597400292754173e+02 9.466277398169040680e+02 3.273433533497154824e-01 3.742919542510062314e+00
5.355597400292754173e+02 6.271249903365969658e+02 1.278138226363808028e-01 3.742919542510062314e+00
5.355597400292754173e+02 6.271249903365969658e+02 3.273433533497154824e-01 3.675011536749079877e+00
5.355597400292754173e+02 6.271249903365969658e+02 3.273433533497154824e-01 3.742919542510062314e+00
3.789196231309324503e+01 1.003086827695369720e+03 3.731160540133714454e-01 7.163218149263411716e-01
8.509640166116878390e+02 1.003086827695369720e+03 3.731160540133714454e-01 7.163218149263411716e-01
3.789196231309324503e+01 9.947649510577321053e+02 3.731160540133714454e-01 7.163218149263411716e-01
3.789196231309324503e+01 1.003086827695369720e+03 2.368519327603280655e-01 7.163218149263411716e-01
3.789196231309324503e+01 1.003086827695369720e+03 3.731160540133714454e-01 2.292662161011248756e+00
3.789196231309324503e+01 9.947649510577321053e+02 2.368519327603280655e-01 2.292662161011248756e+00
8.509640166116878390e+02 1.003086827695369720e+03 2.368519327603280655e-01 2.292662161011248756e+00
8.509640166116878390e+02 9.947649510577321053e+02 3.731160540133714454e-01 2.292662161011248756e+00
8.509640166116878390e+02 9.947649510577321053e+02 2.368519327603280655e-01 7.163218149263411716e-01
8.509640166116878390e+02 9.947649510577321053e+02 2.368519327603280655e-01 2.292662161011248756e+00
5.043203632552176714e+02 7.043798705562949181e+02 2.034142801072448825e-01 2.778927566828206075e+00
4.524522118642926216e+01 7.043798705562949181e+02 2.034142801072448825e-01 2.778927566828206075e+00
5.043203632552176714e+02 1.308317360468208790e+03 2.034142801072448825e-01 2.778927566828206075e+00
5.043203632552176714e+02 7.043798705562949181e+02 4.676236014813184849e-01 2.778927566828206075e+00
5.043203632552176714e+02 7.043798705562949181e+02 2.034142801072448825e-01 1.355303299045190313e+00
5.043203632552176714e+02 1.308317360468208790e+03 4.676236014813184849e-01 1.355303299045190313e+00
4.524522118642926216e+01 7.043798705562949181e+02 4.676236014813184849e-01 1.355303299045190313e+00
4.524522118642926216e+01 1.308317360468208790e+03 2.034142801072448825e-01 1.355303299045190313e+00
4.524522118642926216e+01 1.308317360468208790e+03 4.676236014813184849e-01 2.778927566828206075e+00
4.524522118642926216e+01 1.308317360468208790e+03 4.676236014813184849e-01 1.355303299045190313e+00
7.342081326264888048e+02 1.227188774384558201e+03 7.021934818476438522e-02 2.488564269514754290e+00
1.862634667819365859e+02 1.227188774384558201e+03 7.021934818476438522e-02 2.488564269514754290e+00
7.342081326264888048e+02 1.232174754142761230e+03 7.021934818476438522e-02 2.488564269514754290e+00
7.342081326264888048e+02 1.227188774384558201e+03 2.001151747535914183e-01 2.488564269514754290e+00
7.342081326264888048e+02 1.227188774384558201e+03 7.021934818476438522e-02 2.884131448408588927e+00
7.342081326264888048e+02 1.232174754142761230e+03 2.001151747535914183e-01 2.884131448408588927e+00
1.862634667819365859e+02 1.227188774384558201e+03 2.001151747535914183e-01 2.884131448408588927e+00
1.862634667819365859e+02 1.232174754142761230e+03 7.021934818476438522e-02 2.884131448408588927e+00
1.862634667819365859e+02 1.232174754142761230e+03 2.001151747535914183e-01 2.488564269514754290e+00
1.862634667819365859e+02 1.232174754142761230e+03 2.001151747535914183e-01 2.884131448408588927e+00
1.977799520427361131e+02 5.573956053704023361e+02 4.632445830386132113e-01 7.138402831740676968e-02
9.917090677022933960e+02 5.573956053704023361e+02 4.632445830386132113e-01 7.138402831740676968e-02
1.977799520427361131e+02 5.436214506626129150e+02 4.632445830386132113e-01 7.138402831740676968e-02
1.977799520427361131e+02 5.573956053704023361e+02 4.204490002710372099e-01 7.138402831740676968e-02
1.977799520427361131e+02 5.573956053704023361e+02 4.632445830386132113e-01 1.946774526182562193e+00
1.977799520427361131e+02 5.436214506626129150e+02 4.204490002710372099e-01 1.946774526182562193e+00
9.917090677022933960e+02 5.573956053704023361e+02 4.204490002710372099e-01 1.946774526182562193e+00
9.917090677022933960e+02 5.436214506626129150e+02 4.632445830386132113e-01 1.946774526182562193e+00
9.917090677022933960e+02 5.436214506626129150e+02 4.204490002710372099e-01 7.138402831740676968e-02
9.917090677022933960e+02 5.436214506626129150e+02 4.204490002710372099e-01 1.946774526182562193e+00
4.979378522848710418e+02 1.485061885789036751e+03 2.477693700231611840e-01 3.088669417025521557e+00
6.754483045665547252e+02 1.485061885789036751e+03 2.477693700231611840e-01 3.088669417025521557e+00
4.979378522848710418e+02 8.321752306073904037e+02 2.477693700231611840e-01 3.088669417025521557e+00
4.979378522848710418e+02 1.485061885789036751e+03 1.154085254762321766e-01 3.088669417025521557e+00
4.979378522848710418e+02 1.485061885789036751e+03 2.477693700231611840e-01 3.667158151045441655e-02
4.979378522848710418e+02 8.321752306073904037e+02 1.154085254762321766e-01 3.667158151045441655e-02
6.754483045665547252e+02 1.485061885789036751e+03 1.154085254762321766e-01 3.667158151045441655e-02
6.754483045665547252e+02 8.321752306073904037e+02 2.477693700231611840e-01 3.667158151045441655e-02
6.754483045665547252e+02 8.321752306073904037e+02 1.154085254762321766e-01 3.088669417025521557e+00
6.754483045665547252e+02 8.321752306073904037e+02 1.154085254762321766e-01 3.667158151045441655e-02
9.642900951206684113e+02 7.840188341215252876e+02 3.032760020811110513e-01 1.404087337227538201e+00
4.938755584619939327e+02 7.840188341215252876e+02 3.032760020811110513e-01 1.404087337227538201e+00
9.642900951206684113e+02 1.395697062835097313e+03 3.032760020811110513e-01 1.404087337227538201e+00
9.642900951206684113e+02 7.840188341215252876e+02 3.363954973872750887e-01 1.404087337227538201e+00
9.642900951206684113e+02 7.840188341215252876e+02 3.032760020811110513e-01 3.089347917279228639e+00
9.642900951206684113e+02 1.395697062835097313e+03 3.363954973872750887e-01 3.089347917279228639e+00
4.938755584619939327e+02 7.840188341215252876e+02 3.363954973872750887e-01 3.089347917279228639e+00
4.938755584619939327e+02 1.395697062835097313e+03 3.032760020811110513e-01 3.089347917279228639e+00
4.938755584619939327e+02 1.395697062835097313e+03 3.363954973872750887e-01 1.404087337227538201e+00
4.938755584619939327e+02 1.395697062835097313e+03 3.363954973872750887e-01 3.089347917279228639e+00
8.993620614809915423e+02 1.116004142910242081e+03 2.217319119255989901e-01 3.410524213127792414e-01
5.862551600104197860e+02 1.116004142910242081e+03 2.217319119255989901e-01 3.410524213127792414e-01
8.993620614809915423e+02 1.343158002011477947e+03 2.217319119255989901e-01 3.410524213127792414e-01
8.993620614809915423e+02 1.116004142910242081e+03 1.676311970222741365e-01 3.410524213127792414e-01
8.993620614809915423e+02 1.116004142910242081e+03 2.217319119255989901e-01 2.527180071538314365e+00
8.993620614809915423e+02 1.343158002011477947e+03 1.676311970222741365e-01 2.527180071538314365e+00
5.862551600104197860e+02 1.116004142910242081e+03 1.676311970222741365e-01 2.527180071538314365e+00
5.862551600104197860e+02 1.343158002011477947e+03 2.217319119255989901e-01 2.527180071538314365e+00
5.862551600104197860e+02 1.343158002011477947e+03 1.676311970222741365e-01 3.410524213127792414e-01
5.862551600104197860e+02 1.343158002011477947e+03 1.676311970222741365e-01 2.527180071538314365e+00
4.370150841362774372e+02 6.607973454520106316e+02 2.770185483619571065e-01 2.157640394996851452e+00
2.795318990051746368e+02 6.607973454520106316e+02 2.770185483619571065e-01 2.157640394996851452e+00
4.370150841362774372e+02 9.047276629135012627e+02 2.770185483619571065e-01 2.157640394996851452e+00
4.370150841362774372e+02 6.607973454520106316e+02 3.966450582724064811e-01 2.157640394996851452e+00
4.370150841362774372e+02 6.607973454520106316e+02 2.770185483619571065e-01 1.594208596814423951e+00
4.370150841362774372e+02 9.047276629135012627e+02 3.966450582724064811e-01 1.594208596814423951e+00
2.795318990051746368e+02 6.607973454520106316e+02 3.966450582724064811e-01 1.594208596814423951e+00
2.795318990051746368e+02 9.047276629135012627e+02 2.770185483619571065e-01 1.594208596814423951e+00
2.795318990051746368e+02 9.047276629135012627e+02 3.966450582724064811e-01 2.157640394996851452e+00
2.795318990051746368e+02 9.047276629135012627e+02 3.966450582724064811e-01 1.594208596814423951e+00
1.356569717358797789e+02 1.358253343962132931e+03 9.691598680801689902e-02 1.252752770017832695e+00
8.814500451367348433e+01 1.358253343962132931e+03 9.691598680801689902e-02 1.252752770017832695e+00
1.356569717358797789e+02 7.255794079974293709e+02 9.691598680801689902e-02 1.252752770017832695e+00
1.356569717358797789e+02 1.358253343962132931e+03 1.391582684125751146e-01 1.252752770017832695e+00
1.356569717358797789e+02 1.358253343962132931e+03 9.691598680801689902e-02 3.889959426410496413e-01
1.356569717358797789e+02 7.255794079974293709e+02 1.391582684125751146e-01 3.889959426410496413e-01
8.814500451367348433e+01 1.358253343962132931e+03 1.391582684125751146e-01 3.889959426410496413e-01
8.814500451367348433e+01 7.255794079974293709e+02 9.691598680801689902e-02 3.889959426410496413e-01
8.814500451367348433e+01 7.255794079974293709e+02 1.391582684125751146e-01 1.252752770017832695e+00
8.814500451367348433e+01 7.255794079974293709e+02 1.391582684125751146e-01 3.889959426410496413e-01
6.685295709716156125e+02 9.342964217066764832e+02 4.897217624820768833e-01 3.303192472439259397e+00
7.689893339835107327e+02 9.342964217066764832e+02 4.897217624820768833e-01 3.303192472439259397e+00
6.685295709716156125e+02 1.038980183191597462e+03 4.897217624820768833e-01 3.303192472439259397e+00
6.685295709716156125e+02 9.342964217066764832e+02 3.688236097339540609e-01 3.303192472439259397e+00
6.685295709716156125e+02 9.342964217066764832e+02 4.897217624820768833e-01 3.446053920751437349e+00
6.685295709716156125e+02 1.038980183191597462e+03 3.688236097339540609e-01 3.446053920751437349e+00
7.689893339835107327e+02 9.342964217066764832e+02 3.688236097339540609e-01 3.446053920751437349e+00
7.689893339835107327e+02 1.038980183191597462e+03 4.897217624820768833e-01 3.446053920751437349e+00
7.689893339835107327e+02 1.038980183191597462e+03 3.688236097339540609e-01 3.303192472439259397e+00
7.689893339835107327e+02 1.038980183191597462e+03 3.688236097339540609e-01 3.446053920751437349e+00
5.632765373634174466e+02 1.380206761881709099e+03 3.433429694268852472e-01 3.967593655120581264e+00
8.785747205009683967e+02 1.380206761881709099e+03 3.433429694268852472e-01 3.967593655120581264e+00
5.632765373634174466e+02 1.486216902732849121e+03 3.433429694268852472e-01 3.967593655120581264e+00
5.632765373634174466e+02 1.380206761881709099e+03 7.385960454121232033e-02 3.967593655120581264e+00
5.632765373634174466e+02 1.380206761881709099e+03 3.433429694268852472e-01 7.933218467142433283e-01
5.632765373634174466e+02 1.486216902732849121e+03 7.385960454121232033e-02 7.933218467142433283e-01
8.785747205009683967e+02 1.380206761881709099e+03 7.385960454121232033e-02 7.933218467142433283e-01
8.785747205009683967e+02 1.486216902732849121e+03 3.433429694268852472e-01 7.933218467142433283e-01
8.785747205009683967e+02 1.486216902732849121e+03 7.385960454121232033e-02 3.967593655120581264e+00
8.785747205009683967e+02 1.486216902732849121e+03 7.385960454121232033e-02 7.933218467142433283e-01
1.008837698828428984e+02 8.351638102903962135e+02 1.738611894659697898e-01 1.523607009332627049e+00
1.980035818144679070e+02 8.351638102903962135e+02 1.738611894659697898e-01 1.523607009332627049e+00
1.008837698828428984e+02 7.978171408176422119e+02 1.738611894659697898e-01 1.523607009332627049e+00
1.008837698828428984e+02 8.351638102903962135e+02 2.930887656286358944e-01 1.523607009332627049e+00
1.008837698828428984e+02 8.351638102903962135e+02 1.738611894659697898e-01 3.850377959404140515e+00
1.008837698828428984e+02 7.978171408176422119e+02 2.930887656286358944e-01 3.850377959404140515e+00
1.980035818144679070e+02 8.351638102903962135e+02 2.930887656286358944e-01 3.850377959404140515e+00
1.980035818144679070e+02 7.978171408176422119e+02 1.738611894659697898e-01 3.850377959404140515e+00
1.980035818144679070e+02 7.978171408176422119e+02 2.930887656286358944e-01 1.523607009332627049e+00
1.980035818144679070e+02 7.978171408176422119e+02 2.930887656286358944e-01 3.850377959404140515e+00
3.312733643837273121e+02 1.153582920320332050e+03 4.400407710578292386e-01 2.619334849994629622e+00
3.885397060764953494e+02 1.153582920320332050e+03 4.400407710578292386e-01 2.619334849994629622e+00
3.312733643837273121e+02 5.707716699689626694e+02 4.400407710578292386e-01 2.619334849994629622e+00
3.312733643837273121e+02 1.153582920320332050e+03 2.710525192320347165e-01 2.619334849994629622e+00
3.312733643837273121e+02 1.153582920320332050e+03 4.400407710578292386e-01 2.185441507194191058e+00
3.312733643837273121e+02 5.707716699689626694e+02 2.710525192320347165e-01 2.185441507194191058e+00
3.885397060764953494e+02 1.153582920320332050e+03 2.710525192320347165e-01 2.185441507194191058e+00
3.885397060764953494e+02 5.707716699689626694e+02 4.400407710578292386e-01 2.185441507194191058e+00
3.885397060764953494e+02 5.707716699689626694e+02 2.710525192320347165e-01 2.619334849994629622e+00
3.885397060764953494e+02 5.707716699689626694e+02 2.710525192320347165e-01 2.185441507194191058e+00
8.641002925736829638e+02 5.772898513823747635e+02 1.580260921269655283e-01 9.391182406060397669e-01
6.949878671355545521e+02 5.772898513823747635e+02 1.580260921269655283e-01 9.391182406060397669e-01
8.641002925736829638e+02 1.134202903136610985e+03 1.580260921269655283e-01 9.391182406060397669e-01
8.641002925736829638e+02 5.772898513823747635e+02 4.896285372786223777e-01 9.391182406060397669e-01
8.641002925736829638e+02 5.772898513823747635e+02 1.580260921269655283e-01 1.252471897890791386e+00
8.641002925736829638e+02 1.134202903136610985e+03 4.896285372786223777e-01 1.252471897890791386e+00
6.949878671355545521e+02 5.772898513823747635e+02 4.896285372786223777e-01 1.252471897890791386e+00
6.949878671355545521e+02 1.134202903136610985e+03 1.580260921269655283e-01 1.252471897890791386e+00
6.949878671355545521e+02 1.134202903136610985e+03 4.896285372786223777e-01 9.391182406060397669e-01
6.949878671355545521e+02 1.134202903136610985e+03 4.896285372786223777e-01 1.252471897890791386e+00
8.750489833131432533e+02 1.089795342646539211e+03 4.259761558845639451e-01 2.186601939946413165e+00
8.139575622119009495e+02 1.089795342646539211e+03 4.259761558845639451e-01 2.186601939946413165e+00
8.750489833131432533e+02 1.378767079673707485e+03 4.259761558845639451e-01 2.186601939946413165e+00
8.750489833131432533e+02 1.089795342646539211e+03 4.339286466129124165e-01 2.186601939946413165e+00
8.750489833131432533e+02 1.089795342646539211e+03 4.259761558845639451e-01 1.331676485100761198e+00
8.750489833131432533e+02 1.378767079673707485e+03 4.339286466129124165e-01 1.331676485100761198e+00
8.139575622119009495e+02 1.089795342646539211e+03 4.339286466129124165e-01 1.331676485100761198e+00
8.139575622119009495e+02 1.378767079673707485e+03 4.259761558845639451e-01 1.331676485100761198e+00
8.139575622119009495e+02 1.378767079673707485e+03 4.339286466129124165e-01 2.186601939946413165e+00
8.139575622119009495e+02 1.378767079673707485e+03 4.339286466129124165e-01 1.331676485100761198e+00
3.383959904303774238e+02 6.343480646610260010e+02 1.439657844137400278e-01 3.733767768740654525e-01
1.189721591304987669e+01 6.343480646610260010e+02 1.439657844137400278e-01 3.733767768740654525e-01
3.383959904303774238e+02 8.152452474460005760e+02 1.439657844137400278e-01 3.733767768740654525e-01
3.383959904303774238e+02 6.343480646610260010e+02 2.146934790536761395e-01 3.733767768740654525e-01
3.383959904303774238e+02 6.343480646610260010e+02 1.439657844137400278e-01 2.268557041361928039e+00
3.383959904303774238e+02 8.152452474460005760e+02 2.146934790536761395e-01 2.268557041361928039e+00
1.189721591304987669e+01 6.343480646610260010e+02 2.146934790536761395e-01 2.268557041361928039e+00
1.189721591304987669e+01 8.152452474460005760e+02 1.439657844137400278e-01 2.268557041361928039e+00
1.189721591304987669e+01 8.152452474460005760e+02 2.146934790536761395e-01 3.733767768740654525e-01
1.189721591304987669e+01 8.152452474460005760e+02 2.146934790536761395e-01 2.268557041361928039e+00
1.075718436697497964e+02 1.316297348588705063e+03 3.574084152467548736e-01 3.269840708673000140e+00
3.287686729803681374e+02 1.316297348588705063e+03 3.574084152467548736e-01 3.269840708673000140e+00
1.075718436697497964e+02 5.568886110559105873e+02 3.574084152467548736e-01 3.269840708673000140e+00
1.075718436697497964e+02 1.316297348588705063e+03 3.492297220975160710e-01 3.269840708673000140e+00
1.075718436697497964e+02 1.316297348588705063e+03 3.574084152467548736e-01 3.705648329630494064e+00
1.075718436697497964e+02 5.568886110559105873e+02 3.492297220975160710e-01 3.705648329630494064e+00
3.287686729803681374e+02 1.316297348588705063e+03 3.492297220975160710e-01 3.705648329630494064e+00
3.287686729803681374e+02 5.568886110559105873e+02 3.574084152467548736e-01 3.705648329630494064e+00
3.287686729803681374e+02 5.568886110559105873e+02 3.492297220975160710e-01 3.269840708673000140e+00
3.287686729803681374e+02 5.568886110559105873e+02 3.492297220975160710e-01 3.705648329630494064e+00
5.736992146614938974e+02 8.921001954004168510e+02 1.879206128884107208e-01 1.222885582000017290e+00
5.059824839672073722e+02 8.921001954004168510e+02 1.879206128884107208e-01 1.222885582000017290e+00
5.736992146614938974e+02 1.245441914536058903e+03 1.879206128884107208e-01 1.222885582000017290e+00
5.736992146614938974e+02 8.921001954004168510e+02 1.306597172282636388e-01 1.222885582000017290e+00
5.736992146614938974e+02 8.921001954004168510e+02 1.879206128884107208e-01 6.525051556620746762e-01
5.736992146614938974e+02 1.245441914536058903e+03 1.306597172282636388e-01 6.525051556620746762e-01
5.059824839672073722e+02 8.921001954004168510e+02 1.306597172282636388e-01 6.525051556620746762e-01
5.059824839672073722e+02 1.245441914536058903e+03 1.879206128884107208e-01 6.525051556620746762e-01
5.059824839672073722e+02 1.245441914536058903e+03 1.306597172282636388e-01 1.222885582000017290e+00
5.059824839672073722e+02 1.245441914536058903e+03 1.306597172282636388e-01 6.525051556620746762e-01
6.638003578130155802e+02 1.414483767934143543e+03 8.284955611452460289e-02 1.559881121516227820e+00
6.459949003271758556e+02 1.414483767934143543e+03 8.284955611452460289e-02 1.559881121516227820e+00
6.638003578130155802e+02 1.294302280992269516e+03 8.284955611452460289e-02 1.559881121516227820e+00
6.638003578130155802e+02 1.414483767934143543e+03 3.120251868385821581e-01 1.559881121516227820e+00
6.638003578130155802e+02 1.414483767934143543e+03 8.284955611452460289e-02 3.112474159384146066e+00
6.638003578130155802e+02 1.294302280992269516e+03 3.120251868385821581e-01 3.112474159384146066e+00
6.459949003271758556e+02 1.414483767934143543e+03 3.120251868385821581e-01 3.112474159384146066e+00
6.459949003271758556e+02 1.294302280992269516e+03 8.284955611452460289e-02 3.112474159384146066e+00
6.459949003271758556e+02 1.294302280992269516e+03 3.120251868385821581e-01 1.559881121516227820e+00
6.459949003271758556e+02 1.294302280992269516e+03 3.120251868385821581e-01 3.112474159384146066e+00
1.271930359760299325e+02 8.692004028707742691e+02 4.756630691234022268e-01 3.992590222805738609e+00
4.685683963177725673e+02 8.692004028707742691e+02 4.756630691234022268e-01 3.992590222805738609e+00
1.271930359760299325e+02 9.807498715817928314e+02 4.756630691234022268e-01 3.992590222805738609e+00
1.271930359760299325e+02 8.692004028707742691e+02 8.301905537955463210e-02 3.992590222805738609e+00
1.271930359760299325e+02 8.692004028707742691e+02 4.756630691234022268e-01 5.932903081178665661e-02
1.271930359760299325e+02 9.807498715817928314e+02 8.301905537955463210e-02 5.932903081178665661e-02
4.685683963177725673e+02 8.692004028707742691e+02 8.301905537955463210e-02 5.932903081178665661e-02
4.685683963177725673e+02 9.807498715817928314e+02 4.756630691234022268e-01 5.932903081178665661e-02
4.685683963177725673e+02 9.807498715817928314e+02 8.301905537955463210e-02 3.992590222805738609e+00
4.685683963177725673e+02 9.807498715817928314e+02 8.301905537955463210e-02 5.932903081178665661e-02
4.280098765185102820e+02 1.172356879338622093e+03 2.357991732656956052e-01 9.130790440738201230e-01
1.527916059643030167e+02 1.172356879338622093e+03 2.357991732656956052e-01 9.130790440738201230e-01
4.280098765185102820e+02 6.452906969934701920e+02 2.357991732656956052e-01 9.130790440738201230e-01
4.280098765185102820e+02 1.172356879338622093e+03 4.530058418866246828e-01 9.130790440738201230e-01
4.280098765185102820e+02 1.172356879338622093e+03 2.357991732656956052e-01 1.987437757253647019e+00
4.280098765185102820e+02 6.452906969934701920e+02 4.530058418866246828e-01 1.987437757253647019e+00
1.527916059643030167e+02 1.172356879338622093e+03 4.530058418866246828e-01 1.987437757253647019e+00
1.527916059643030167e+02 6.452906969934701920e+02 2.357991732656956052e-01 1.987437757253647019e+00
1.527916059643030167e+02 6.452906969934701920e+02 4.530058418866246828e-01 9.130790440738201230e-01
1.527916059643030167e+02 6.452906969934701920e+02 4.530058418866246828e-01 1.987437757253647019e+00
8.941830376461148262e+02 5.958236316218972206e+02 2.910763574298471101e-01 2.582139874100684906e+00
9.550665544485673308e+02 5.958236316218972206e+02 2.910763574298471101e-01 2.582139874100684906e+00
8.941830376461148262e+02 1.083813542500138283e+03 2.910763574298471101e-01 2.582139874100684906e+00
8.941830376461148262e+02 5.958236316218972206e+02 2.233327774796635135e-01 2.582139874100684906e+00
8.941830376461148262e+02 5.958236316218972206e+02 2.910763574298471101e-01 2.924320268118754118e+00
8.941830376461148262e+02 1.083813542500138283e+03 2.233327774796635135e-01 2.924320268118754118e+00
9.550665544485673308e+02 5.958236316218972206e+02 2.233327774796635135e-01 2.924320268118754118e+00
9.550665544485673308e+02 1.083813542500138283e+03 2.910763574298471101e-01 2.924320268118754118e+00
9.550665544485673308e+02 1.083813542500138283e+03 2.233327774796635135e-01 2.582139874100684906e+00
9.550665544485673308e+02 1.083813542500138283e+03 2.233327774796635135e-01 2.924320268118754118e+00
9.533946971921250224e+02 1.302747845649719238e+03 2.618366422597319110e-01 3.646148911109194035e+00
1.250296576730906963e+02 1.302747845649719238e+03 2.618366422597319110e-01 3.646148911109194035e+00
9.533946971921250224e+02 1.155786103568971157e+03 2.618366422597319110e-01 3.646148911109194035e+00
9.533946971921250224e+02 1.302747845649719238e+03 2.795970040839165782e-01 3.646148911109194035e+00
9.533946971921250224e+02 1.302747845649719238e+03 2.618366422597319110e-01 3.484280942389741398e+00
9.533946971921250224e+02 1.155786103568971157e+03 2.795970040839165782e-01 3.484280942389741398e+00
1.250296576730906963e+02 1.302747845649719238e+03 2.795970040839165782e-01 3.484280942389741398e+00
1.250296576730906963e+02 1.155786103568971157e+03 2.618366422597319110e-01 3.484280942389741398e+00
1.250296576730906963e+02 1.155786103568971157e+03 2.795970040839165782e-01 3.646148911109194035e+00
1.250296576730906963e+02 1.155786103568971157e+03 2.795970040839165782e-01 3.484280942389741398e+00
4.907466898970305920e+02 9.730312442407011986e+02 3.173338203690946324e-01 1.845082187196239953e+00
8.022155417380854487e+02 9.730312442407011986e+02 3.173338203690946324e-01 1.845082187196239953e+00
4.907466898970305920e+02 5.923548704013228416e+02 3.173338203690946324e-01 1.845082187196239953e+00
4.907466898970305920e+02 9.730312442407011986e+02 5.926918168552219868e-02 1.845082187196239953e+00
4.907466898970305920e+02 9.730312442407011986e+02 3.173338203690946324e-01 4.277244874089956572e-01
4.907466898970305920e+02 5.923548704013228416e+02 5.926918168552219868e-02 4.277244874089956572e-01
8.022155417380854487e+02 9.730312442407011986e+02 5.926918168552219868e-02 4.277244874089956572e-01
8.022155417380854487e+02 5.923548704013228416e+02 3.173338203690946324e-01 4.277244874089956572e-01
8.022155417380854487e+02 5.923548704013228416e+02 5.926918168552219868e-02 1.845082187196239953e+00
8.022155417380854487e+02 5.923548704013228416e+02 5.926918168552219868e-02 4.277244874089956572e-01
1.911605336870998144e+02 1.044997046701610088e+03 5.615290827117860872e-02 2.812195602199062616e+00
6.113202417939901352e+02 1.044997046701610088e+03 5.615290827117860872e-02 2.812195602199062616e+00
1.911605336870998144e+02 7.872195551171898842e+02 5.615290827117860872e-02 2.812195602199062616e+00
1.911605336870998144e+02 1.044997046701610088e+03 4.768096598330885394e-01 2.812195602199062616e+00
1.911605336870998144e+02 1.044997046701610088e+03 5.615290827117860872e-02 1.618796927258372431e+00
1.911605336870998144e+02 7.872195551171898842e+02 4.768096598330885394e-01 1.618796927258372431e+00
6.113202417939901352e+02 1.044997046701610088e+03 4.768096598330885394e-01 1.618796927258372431e+00
6.113202417939901352e+02 7.872195551171898842e+02 5.615290827117860872e-02 1.618796927258372431e+00
6.113202417939901352e+02 7.872195551171898842e+02 4.768096598330885394e-01 2.812195602199062616e+00
6.113202417939901352e+02 7.872195551171898842e+02 4.768096598330885394e-01 1.618796927258372431e+00
7.237320434274151921e+02 7.465303204953670502e+02 4.491858787834644429e-01 7.462270396854728816e-01
3.092310158526524901e+02 7.465303204953670502e+02 4.491858787834644429e-01 7.462270396854728816e-01
7.237320434274151921e+02 1.475619317032396793e+03 4.491858787834644429e-01 7.462270396854728816e-01
7.237320434274151921e+02 7.465303204953670502e+02 2.558166780974716059e-01 7.462270396854728816e-01
7.237320434274151921e+02 7.465303204953670502e+02 4.491858787834644429e-01 2.552271916875615609e+00
7.237320434274151921e+02 1.475619317032396793e+03 2.558166780974716059e-01 2.552271916875615609e+00
3.092310158526524901e+02 7.465303204953670502e+02 2.558166780974716059e-01 2.552271916875615609e+00
3.092310158526524901e+02 1.475619317032396793e+03 4.491858787834644429e-01 2.552271916875615609e+00
3.092310158526524901e+02 1.475619317032396793e+03 2.558166780974716059e-01 7.462270396854728816e-01
3.092310158526524901e+02 1.475619317032396793e+03 2.558166780974716059e-01 2.552271916875615609e+00
5.089962836029008031e+02 1.192988062277436256e+03 3.871814973186701314e-01 3.519361480139195780e-02
4.178710708953440189e+02 1.192988062277436256e+03 3.871814973186701314e-01 3.519361480139195780e-02
5.089962836029008031e+02 1.047853287309408188e+03 3.871814973186701314e-01 3.519361480139195780e-02
5.089962836029008031e+02 1.192988062277436256e+03 4.119238415732979774e-01 3.519361480139195780e-02
5.089962836029008031e+02 1.192988062277436256e+03 3.871814973186701314e-01 1.212766378158703473e+00
5.089962836029008031e+02 1.047853287309408188e+03 4.119238415732979774e-01 1.212766378158703473e+00
4.178710708953440189e+02 1.192988062277436256e+03 4.119238415732979774e-01 1.212766378158703473e+00
4.178710708953440189e+02 1.047853287309408188e+03 3.871814973186701314e-01 1.212766378158703473e+00
4.178710708953440189e+02 1.047853287309408188e+03 4.119238415732979774e-01 3.519361480139195780e-02
4.178710708953440189e+02 1.047853287309408188e+03 4.119238415732979774e-01 1.212766378158703473e+00
4.642443441413342953e+01 5.234353067353367805e+02 2.174736993387341721e-01 2.463529635360464543e+00
7.201729935808107257e+02 5.234353067353367805e+02 2.174736993387341721e-01 2.463529635360464543e+00
4.642443441413342953e+01 7.344525121152400970e+02 2.174736993387341721e-01 2.463529635360464543e+00
4.642443441413342953e+01 5.234353067353367805e+02 1.804929629899561516e-01 2.463529635360464543e+00
4.642443441413342953e+01 5.234353067353367805e+02 2.174736993387341721e-01 2.146243218332529068e+00
4.642443441413342953e+01 7.344525121152400970e+02 1.804929629899561516e-01 2.146243218332529068e+00
7.201729935808107257e+02 5.234353067353367805e+02 1.804929629899561516e-01 2.146243218332529068e+00
7.201729935808107257e+02 7.344525121152400970e+02 2.174736993387341721e-01 2.146243218332529068e+00
7.201729935808107257e+02 7.344525121152400970e+02 1.804929629899561516e-01 2.463529635360464543e+00
7.201729935808107257e+02 7.344525121152400970e+02 1.804929629899561516e-01 2.146243218332529068e+00
2.764975916855037212e+02 1.466364220716059208e+03 3.959833480883389600e-01 1.430027584722265654e+00
9.121686765626072884e+02 1.466364220716059208e+03 3.959833480883389600e-01 1.430027584722265654e+00
2.764975916855037212e+02 8.834036234766244888e+02 3.959833480883389600e-01 1.430027584722265654e+00
2.764975916855037212e+02 1.466364220716059208e+03 3.834843869321048482e-01 1.430027584722265654e+00
2.764975916855037212e+02 1.466364220716059208e+03 3.959833480883389600e-01 3.828211331218481117e+00
2.764975916855037212e+02 8.834036234766244888e+02 3.834843869321048482e-01 3.828211331218481117e+00
9.121686765626072884e+02 1.466364220716059208e+03 3.834843869321048482e-01 3.828211331218481117e+00
9.121686765626072884e+02 8.834036234766244888e+02 3.959833480883389600e-01 3.828211331218481117e+00
9.121686765626072884e+02 8.834036234766244888e+02 3.834843869321048482e-01 1.430027584722265654e+00
9.121686765626072884e+02 8.834036234766244888e+02 3.834843869321048482e-01 3.828211331218481117e+00
8.091453786222264171e+02 7.655613478273153305e+02 1.137535174377262703e-01 3.125887209018692214e+00
2.347681940337643027e+02 7.655613478273153305e+02 1.137535174377262703e-01 3.125887209018692214e+00
8.091453786222264171e+02 1.321833962574601173e+03 1.137535174377262703e-01 3.125887209018692214e+00
8.091453786222264171e+02 7.655613478273153305e+02 1.527204379439354165e-01 3.125887209018692214e+00
8.091453786222264171e+02 7.655613478273153305e+02 1.137535174377262703e-01 7.716530256811530153e-01
8.091453786222264171e+02 1.321833962574601173e+03 1.527204379439354165e-01 7.716530256811530153e-01
2.347681940337643027e+02 7.655613478273153305e+02 1.527204379439354165e-01 7.716530256811530153e-01
2.347681940337643027e+02 1.321833962574601173e+03 1.137535174377262703e-01 7.716530256811530153e-01
2.347681940337643027e+02 1.321833962574601173e+03 1.527204379439354165e-01 3.125887209018692214e+00
2.347681940337643027e+02 1.321833962574601173e+03 1.527204379439354165e-01 7.716530256811530153e-01
7.554788555903360248e+02 1.493501298129558563e+03 3.125840355642139912e-01 8.744862811081112186e-01
5.424652899801731110e+02 1.493501298129558563e+03 3.125840355642139912e-01 8.744862811081112186e-01
7.554788555903360248e+02 7.010523900389671326e+02 3.125840355642139912e-01 8.744862811081112186e-01
7.554788555903360248e+02 1.493501298129558563e+03 1.910327741410583480e-01 8.744862811081112186e-01
7.554788555903360248e+02 1.493501298129558563e+03 3.125840355642139912e-01 3.973495529694482720e+00
7.554788555903360248e+02 7.010523900389671326e+02 1.910327741410583480e-01 3.973495529694482720e+00
5.424652899801731110e+02 1.493501298129558563e+03 1.910327741410583480e-01 3.973495529694482720e+00
5.424652899801731110e+02 7.010523900389671326e+02 3.125840355642139912e-01 3.973495529694482720e+00
5.424652899801731110e+02 7.010523900389671326e+02 1.910327741410583480e-01 8.744862811081112186e-01
5.424652899801731110e+02 7.010523900389671326e+02 1.910327741410583480e-01 3.973495529694482720e+00
2.852871764786541462e+02 7.922120532020926476e+02 2.573544748593121767e-01 2.683084250073879851e+00
3.457697728043422103e+02 7.922120532020926476e+02 2.573544748593121767e-01 2.683084250073879851e+00
2.852871764786541462e+02 1.012651674449443817e+03 2.573544748593121767e-01 2.683084250073879851e+00
2.852871764786541462e+02 7.922120532020926476e+02 4.294948759023100027e-01 2.683084250073879851e+00
2.852871764786541462e+02 7.922120532020926476e+02 2.573544748593121767e-01 9.203634962253273155e-01
2.852871764786541462e+02 1.012651674449443817e+03 4.294948759023100027e-01 9.203634962253273155e-01
3.457697728043422103e+02 7.922120532020926476e+02 4.294948759023100027e-01 9.203634962253273155e-01
3.457697728043422103e+02 1.012651674449443817e+03 2.573544748593121767e-01 9.203634962253273155e-01
3.457697728043422103e+02 1.012651674449443817e+03 4.294948759023100027e-01 2.683084250073879851e+00
3.457697728043422103e+02 1.012651674449443817e+03 4.294948759023100027e-01 9.203634962253273155e-01
2.397667626850306988e+01 1.220002579502761364e+03 4.690422939136624225e-01 1.723903643470257707e+00
3.779088925942778587e+01 1.220002579502761364e+03 4.690422939136624225e-01 1.723903643470257707e+00
2.397667626850306988e+01 1.363747296854853630e+03 4.690422939136624225e-01 1.723903643470257707e+00
2.397667626850306988e+01 1.220002579502761364e+03 1.069690235424786834e-01 1.723903643470257707e+00
2.397667626850306988e+01 1.220002579502761364e+03 4.690422939136624225e-01 1.126188315134495577e+00
2.397667626850306988e+01 1.363747296854853630e+03 1.069690235424786834e-01 1.126188315134495577e+00
3.779088925942778587e+01 1.220002579502761364e+03 1.069690235424786834e-01 1.126188315134495577e+00
3.779088925942778587e+01 1.363747296854853630e+03 4.690422939136624225e-01 1.126188315134495577e+00
3.779088925942778587e+01 1.363747296854853630e+03 1.069690235424786834e-01 1.723903643470257707e+00
3.779088925942778587e+01 1.363747296854853630e+03 1.069690235424786834e-01 1.126188315134495577e+00
5.490045737372711301e+02 5.499634481966495514e+02 7.629016409628093520e-02 3.766231813859194588e+00
8.593329454688355327e+02 5.499634481966495514e+02 7.629016409628093520e-02 3.766231813859194588e+00
5.490045737372711301e+02 9.271775763481855392e+02 7.629016409628093520e-02 3.766231813859194588e+00
5.490045737372711301e+02 5.499634481966495514e+02 3.447642493527382501e-01 3.766231813859194588e+00
5.490045737372711301e+02 5.499634481966495514e+02 7.629016409628093520e-02 2.063026813967153483e+00
5.490045737372711301e+02 9.271775763481855392e+02 3.447642493527382501e-01 2.063026813967153483e+00
8.593329454688355327e+02 5.499634481966495514e+02 3.447642493527382501e-01 2.063026813967153483e+00
8.593329454688355327e+02 9.271775763481855392e+02 7.629016409628093520e-02 2.063026813967153483e+00
8.593329454688355327e+02 9.271775763481855392e+02 3.447642493527382501e-01 3.766231813859194588e+00
8.593329454688355327e+02 9.271775763481855392e+02 3.447642493527382501e-01 2.063026813967153483e+00
7.169089335845783353e+02 1.010518165305256844e+03 1.944907404482364988e-01 3.495468541663139916e+00
9.994377831742167473e+02 1.010518165305256844e+03 1.944907404482364988e-01 3.495468541663139916e+00
7.169089335845783353e+02 5.970715610310435295e+02 1.944907404482364988e-01 3.495468541663139916e+00
7.169089335845783353e+02 1.010518165305256844e+03 1.049515023827552740e-01 3.495468541663139916e+00
7.169089335845783353e+02 1.010518165305256844e+03 1.944907404482364988e-01 1.717536045489832963e+00
7.169089335845783353e+02 5.970715610310435295e+02 1.049515023827552740e-01 1.717536045489832963e+00
9.994377831742167473e+02 1.010518165305256844e+03 1.049515023827552740e-01 1.717536045489832963e+00
9.994377831742167473e+02 5.970715610310435295e+02 1.944907404482364988e-01 1.717536045489832963e+00
9.994377831742167473e+02 5.970715610310435295e+02 1.049515023827552740e-01 3.495468541663139916e+00
9.994377831742167473e+02 5.970715610310435295e+02 1.049515023827552740e-01 1.717536045489832963e+00
2.467629255186766386e+02 7.115650670602917671e+02 3.640253079589456098e-01 1.059593665730208301e+00
1.776201543798670173e+02 7.115650670602917671e+02 3.640253079589456098e-01 1.059593665730208301e+00
2.467629255186766386e+02 1.158640268258750439e+03 3.640253079589456098e-01 1.059593665730208301e+00
2.467629255186766386e+02 7.115650670602917671e+02 3.182480479590594769e-01 1.059593665730208301e+00
2.467629255186766386e+02 7.115650670602917671e+02 3.640253079589456098e-01 2.654376424606889273e+00
2.467629255186766386e+02 1.158640268258750439e+03 3.182480479590594769e-01 2.654376424606889273e+00
1.776201543798670173e+02 7.115650670602917671e+02 3.182480479590594769e-01 2.654376424606889273e+00
1.776201543798670173e+02 1.158640268258750439e+03 3.640253079589456098e-01 2.654376424606889273e+00
1.776201543798670173e+02 1.158640268258750439e+03 3.182480479590594769e-01 1.059593665730208301e+00
1.776201543798670173e+02 1.158640268258750439e+03 3.182480479590594769e-01 2.654376424606889273e+00
4.527047556228935719e+02 1.268392481841146946e+03 1.224006055854260921e-01 2.084926988016813976e+00
4.866956249661743641e+02 1.268392481841146946e+03 1.224006055854260921e-01 2.084926988016813976e+00
4.527047556228935719e+02 1.463852827437222004e+03 1.224006055854260921e-01 2.084926988016813976e+00
4.527047556228935719e+02 1.268392481841146946e+03 2.452352390624583101e-01 2.084926988016813976e+00
4.527047556228935719e+02 1.268392481841146946e+03 1.224006055854260921e-01 3.320047757979482483e+00
4.527047556228935719e+02 1.463852827437222004e+03 2.452352390624583101e-01 3.320047757979482483e+00
4.866956249661743641e+02 1.268392481841146946e+03 2.452352390624583101e-01 3.320047757979482483e+00
4.866956249661743641e+02 1.463852827437222004e+03 1.224006055854260921e-01 3.320047757979482483e+00
4.866956249661743641e+02 1.463852827437222004e+03 2.452352390624583101e-01 2.084926988016813976e+00
4.866956249661743641e+02 1.463852827437222004e+03 2.452352390624583101e-01 3.320047757979482483e+00
9.777784432275220752e+02 9.381895046681165695e+02 4.044715019408613443e-01 4.127001455239951988e-01
6.836648130072280765e+02 9.381895046681165695e+02 4.044715019408613443e-01 4.127001455239951988e-01
9.777784432275220752e+02 7.772526489570736885e+02 4.044715019408613443e-01 4.127001455239951988e-01
9.777784432275220752e+02 9.381895046681165695e+02 4.591969976201653592e-01 4.127001455239951988e-01
9.777784432275220752e+02 9.381895046681165695e+02 4.044715019408613443e-01 2.669138442259282318e-01
9.777784432275220752e+02 7.772526489570736885e+02 4.591969976201653592e-01 2.669138442259282318e-01
6.836648130072280765e+02 9.381895046681165695e+02 4.591969976201653592e-01 2.669138442259282318e-01
6.836648130072280765e+02 7.772526489570736885e+02 4.044715019408613443e-01 2.669138442259282318e-01
6.836648130072280765e+02 7.772526489570736885e+02 4.591969976201653592e-01 4.127001455239951988e-01
6.836648130072280765e+02 7.772526489570736885e+02 4.591969976201653592e-01 2.669138442259282318e-01
9.166269402503967285e+02 1.145174517296254635e+03 1.484383327420800980e-01 1.344185905726626551e+00
2.716512394770979881e+02 1.145174517296254635e+03 1.484383327420800980e-01 1.344185905726626551e+00
9.166269402503967285e+02 9.548236951231956482e+02 1.484383327420800980e-01 1.344185905726626551e+00
9.166269402503967285e+02 1.145174517296254635e+03 6.548877051100135405e-02 1.344185905726626551e+00
9.166269402503967285e+02 1.145174517296254635e+03 1.484383327420800980e-01 1.824391820086166405e+00
9.166269402503967285e+02 9.548236951231956482e+02 6.548877051100135405e-02 1.824391820086166405e+00
2.716512394770979881e+02 1.145174517296254635e+03 6.548877051100135405e-02 1.824391820086166405e+00
2.716512394770979881e+02 9.548236951231956482e+02 1.484383327420800980e-01 1.824391820086166405e+00
2.716512394770979881e+02 9.548236951231956482e+02 6.548877051100135405e-02 1.344185905726626551e+00
2.716512394770979881e+02 9.548236951231956482e+02 6.548877051100135405e-02 1.824391820086166405e+00
3.880054121529683471e+02 5.691276416182518005e+02 4.307286866009235604e-01 3.149392525376752072e+00
5.932212226083502173e+02 5.691276416182518005e+02 4.307286866009235604e-01 3.149392525376752072e+00
3.880054121529683471e+02 1.266271345317363739e+03 4.307286866009235604e-01 3.149392525376752072e+00
3.880054121529683471e+02 5.691276416182518005e+02 3.015261787921190151e-01 3.149392525376752072e+00
3.880054121529683471e+02 5.691276416182518005e+02 4.307286866009235604e-01 2.757817067634314334e+00
3.880054121529683471e+02 1.266271345317363739e+03 3.015261787921190151e-01 2.757817067634314334e+00
5.932212226083502173e+02 5.691276416182518005e+02 3.015261787921190151e-01 2.757817067634314334e+00
5.932212226083502173e+02 1.266271345317363739e+03 4.307286866009235604e-01 2.757817067634314334e+00
5.932212226083502173e+02 1.266271345317363739e+03 3.015261787921190151e-01 3.149392525376752072e+00
5.932212226083502173e+02 1.266271345317363739e+03 3.015261787921190151e-01 2.757817067634314334e+00
1.808557927841320634e+02 1.387422982603311539e+03 1.677938344422728045e-01 2.454828457254916718e-01
7.774187754876911640e+02 1.387422982603311539e+03 1.677938344422728045e-01 2.454828457254916718e-01
1.808557927841320634e+02 1.101714311167597771e+03 1.677938344422728045e-01 2.454828457254916718e-01
1.808557927841320634e+02 1.387422982603311539e+03 2.620113207027316427e-01 2.454828457254916718e-01
1.808557927841320634e+02 1.387422982603311539e+03 1.677938344422728045e-01 3.216357817482203174e+00
1.808557927841320634e+02 1.101714311167597771e+03 2.620113207027316427e-01 3.216357817482203174e+00
7.774187754876911640e+02 1.387422982603311539e+03 2.620113207027316427e-01 3.216357817482203174e+00
7.774187754876911640e+02 1.101714311167597771e+03 1.677938344422728045e-01 3.216357817482203174e+00
7.774187754876911640e+02 1.101714311167597771e+03 2.620113207027316427e-01 2.454828457254916718e-01
7.774187754876911640e+02 1.101714311167597771e+03 2.620113207027316427e-01 3.216357817482203174e+00
6.550145690161734819e+02 8.426259933039546013e+02 3.375483958981931321e-01 2.315591541798785347e+00
8.075213795434683561e+01 8.426259933039546013e+02 3.375483958981931321e-01 2.315591541798785347e+00
6.550145690161734819e+02 6.652370970696210861e+02 3.375483958981931321e-01 2.315591541798785347e+00
6.550145690161734819e+02 8.426259933039546013e+02 4.987156082876026408e-01 2.315591541798785347e+00
6.550145690161734819e+02 8.426259933039546013e+02 3.375483958981931321e-01 1.598201876413077316e-01
6.550145690161734819e+02 6.652370970696210861e+02 4.987156082876026408e-01 1.598201876413077316e-01
8.075213795434683561e+01 8.426259933039546013e+02 4.987156082876026408e-01 1.598201876413077316e-01
8.075213795434683561e+01 6.652370970696210861e+02 3.375483958981931321e-01 1.598201876413077316e-01
8.075213795434683561e+01 6.652370970696210861e+02 4.987156082876026408e-01 2.315591541798785347e+00
8.075213795434683561e+01 6.652370970696210861e+02 4.987156082876026408e-01 1.598201876413077316e-01
6.117373231668025255e+02 1.350790043361485004e+03 4.988151111174374819e-01 2.960377240898087514e+00
1.892997567653656006e+02 1.350790043361485004e+03 4.988151111174374819e-01 2.960377240898087514e+00
6.117373231668025255e+02 8.742498485371470451e+02 4.988151111174374819e-01 2.960377240898087514e+00
6.117373231668025255e+02 1.350790043361485004e+03 1.760557054076343775e-01 2.960377240898087514e+00
6.117373231668025255e+02 1.350790043361485004e+03 4.988151111174374819e-01 3.620805456964299118e+00
6.117373231668025255e+02 8.742498485371470451e+02 1.760557054076343775e-01 3.620805456964299118e+00
1.892997567653656006e+02 1.350790043361485004e+03 1.760557054076343775e-01 3.620805456964299118e+00
1.892997567653656006e+02 8.742498485371470451e+02 4.988151111174374819e-01 3.620805456964299118e+00
1.892997567653656006e+02 8.742498485371470451e+02 1.760557054076343775e-01 2.960377240898087514e+00
1.892997567653656006e+02 8.742498485371470451e+02 1.760557054076343775e-01 3.620805456964299118e+00
8.319195317570120096e+01 9.270792622119188309e+02 1.058435221202671528e-01 5.356942933518440420e-01
8.862419706052169204e+02 9.270792622119188309e+02 1.058435221202671528e-01 5.356942933518440420e-01
8.319195317570120096e+01 1.435727956704795361e+03 1.058435221202671528e-01 5.356942933518440420e-01
8.319195317570120096e+01 9.270792622119188309e+02 3.882596497889608256e-01 5.356942933518440420e-01
8.319195317570120096e+01 9.270792622119188309e+02 1.058435221202671528e-01 5.642659022472799046e-01
8.319195317570120096e+01 1.435727956704795361e+03 3.882596497889608256e-01 5.642659022472799046e-01
8.862419706052169204e+02 9.270792622119188309e+02 3.882596497889608256e-01 5.642659022472799046e-01
8.862419706052169204e+02 1.435727956704795361e+03 1.058435221202671528e-01 5.642659022472799046e-01
8.862419706052169204e+02 1.435727956704795361e+03 3.882596497889608256e-01 5.356942933518440420e-01
8.862419706052169204e+02 1.435727956704795361e+03 3.882596497889608256e-01 5.642659022472799046e-01
3.452153042769059539e+02 1.124167410656809807e+03 2.825914926361292601e-01 3.622887139888480323e+00
7.031429102085530758e+02 1.124167410656809807e+03 2.825914926361292601e-01 3.622887139888480323e+00
3.452153042769059539e+02 1.193976824171841145e+03 2.825914926361292601e-01 3.622887139888480323e+00
3.452153042769059539e+02 1.124167410656809807e+03 1.482582374941557868e-01 3.622887139888480323e+00
3.452153042769059539e+02 1.124167410656809807e+03 2.825914926361292601e-01 1.482531401421874895e+00
3.452153042769059539e+02 1.193976824171841145e+03 1.482582374941557868e-01 1.482531401421874895e+00
7.031429102085530758e+02 1.124167410656809807e+03 1.482582374941557868e-01 1.482531401421874895e+00
7.031429102085530758e+02 1.193976824171841145e+03 2.825914926361292601e-01 1.482531401421874895e+00
7.031429102085530758e+02 1.193976824171841145e+03 1.482582374941557868e-01 3.622887139888480323e+00
7.031429102085530758e+02 1.193976824171841145e+03 1.482582374941557868e-01 1.482531401421874895e+00
8.194503577053546906e+02 6.692065084353089333e+02 2.271419363096356392e-01 1.930680350782349786e+00
3.812992599336430430e+02 6.692065084353089333e+02 2.271419363096356392e-01 1.930680350782349786e+00
8.194503577053546906e+02 5.075301872566342354e+02 2.271419363096356392e-01 1.930680350782349786e+00
8.194503577053546906e+02 6.692065084353089333e+02 3.597969655413180701e-01 1.930680350782349786e+00
8.194503577053546906e+02 6.692065084353089333e+02 2.271419363096356392e-01 2.415958573846146429e+00
8.194503577053546906e+02 5.075301872566342354e+02 3.597969655413180701e-01 2.415958573846146429e+00
3.812992599336430430e+02 6.692065084353089333e+02 3.597969655413180701e-01 2.415958573846146429e+00
3.812992599336430430e+02 5.075301872566342354e+02 2.271419363096356392e-01 2.415958573846146429e+00
3.812992599336430430e+02 5.075301872566342354e+02 3.597969655413180701e-01 1.930680350782349786e+00
3.812992599336430430e+02 5.075301872566342354e+02 3.597969655413180701e-01 2.415958573846146429e+00
8.328183327224105597e+02 1.339696528390049934e+03 5.951234488748013973e-02 4.768894020933658329e-01
9.510071708895266056e+02 1.339696528390049934e+03 5.951234488748013973e-02 4.768894020933658329e-01
8.328183327224105597e+02 6.727954884991049767e+02 5.951234488748013973e-02 4.768894020933658329e-01
8.328183327224105597e+02 1.339696528390049934e+03 1.169051725417375592e-01 4.768894020933658329e-01
8.328183327224105597e+02 1.339696528390049934e+03 5.951234488748013973e-02 2.851192882712930476e+00
8.328183327224105597e+02 6.727954884991049767e+02 1.169051725417375592e-01 2.851192882712930476e+00
9.510071708895266056e+02 1.339696528390049934e+03 1.169051725417375592e-01 2.851192882712930476e+00
9.510071708895266056e+02 6.727954884991049767e+02 5.951234488748013973e-02 2.851192882712930476e+00
9.510071708895266056e+02 6.727954884991049767e+02 1.169051725417375592e-01 4.768894020933658329e-01
9.510071708895266056e+02 6.727954884991049767e+02 1.169051725417375592e-01 2.851192882712930476e+00
3.625485323788598180e+02 8.844935493543744087e+02 4.542893815785646328e-01 2.020714907916262515e+00
1.333207174343988299e+02 8.844935493543744087e+02 4.542893815785646328e-01 2.020714907916262515e+00
3.625485323788598180e+02 1.111226781271398067e+03 4.542893815785646328e-01 2.020714907916262515e+00
3.625485323788598180e+02 8.844935493543744087e+02 3.344863860867917649e-01 2.020714907916262515e+00
3.625485323788598180e+02 8.844935493543744087e+02 4.542893815785646328e-01 1.793534851847216505e+00
3.625485323788598180e+02 1.111226781271398067e+03 3.344863860867917649e-01 1.793534851847216505e+00
1.333207174343988299e+02 8.844935493543744087e+02 3.344863860867917649e-01 1.793534851847216505e+00
1.333207174343988299e+02 1.111226781271398067e+03 4.542893815785646328e-01 1.793534851847216505e+00
1.333207174343988299e+02 1.111226781271398067e+03 3.344863860867917649e-01 2.020714907916262515e+00
1.333207174343988299e+02 1.111226781271398067e+03 3.344863860867917649e-01 1.793534851847216505e+00
6.973061153572052717e+01 1.066197701729834080e+03 2.722238755319267844e-01 1.123752481015399152e+00
4.414243459776043892e+02 1.066197701729834080e+03 2.722238755319267844e-01 1.123752481015399152e+00
6.973061153572052717e+01 1.259200253523886204e+03 2.722238755319267844e-01 1.123752481015399152e+00
6.973061153572052717e+01 1.066197701729834080e+03 2.018040289171040280e-01 1.123752481015399152e+00
6.973061153572052717e+01 1.066197701729834080e+03 2.722238755319267844e-01 2.532321517448872239e-01
6.973061153572052717e+01 1.259200253523886204e+03 2.018040289171040280e-01 2.532321517448872239e-01
4.414243459776043892e+02 1.066197701729834080e+03 2.018040289171040280e-01 2.532321517448872239e-01
4.414243459776043892e+02 1.259200253523886204e+03 2.722238755319267844e-01 2.532321517448872239e-01
4.414243459776043892e+02 1.259200253523886204e+03 2.018040289171040280e-01 1.123752481015399152e+00
4.414243459776043892e+02 1.259200253523886204e+03 2.018040289171040280e-01 2.532321517448872239e-01
5.944364875666797161e+02 6.422446053475141525e+02 3.294651466421782970e-01 3.431347785415127749e+00
6.342317525288090110e+02 6.422446053475141525e+02 3.294651466421782970e-01 3.431347785415127749e+00
5.944364875666797161e+02 9.458004320040345192e+02 3.294651466421782970e-01 3.431347785415127749e+00
5.944364875666797161e+02 6.422446053475141525e+02 4.182926429435610549e-01 3.431347785415127749e+00
5.944364875666797161e+02 6.422446053475141525e+02 3.294651466421782970e-01 3.185601685997098809e+00
5.944364875666797161e+02 9.458004320040345192e+02 4.182926429435610549e-01 3.185601685997098809e+00
6.342317525288090110e+02 6.422446053475141525e+02 4.182926429435610549e-01 3.185601685997098809e+00
6.342317525288090110e+02 9.458004320040345192e+02 3.294651466421782970e-01 3.185601685997098809e+00
6.342317525288090110e+02 9.458004320040345192e+02 4.182926429435610549e-01 3.431347785415127749e+00
6.342317525288090110e+02 9.458004320040345192e+02 4.182926429435610549e-01 3.185601685997098809e+00
6.372552961520850658e+02 1.164322994649410248e+03 3.914154556114226580e-01 3.830656990380957527e+00
5.255316816680133343e+02 1.164322994649410248e+03 3.914154556114226580e-01 3.830656990380957527e+00
6.372552961520850658e+02 5.297521837055683136e+02 3.914154556114226580e-01 3.830656990380957527e+00
6.372552961520850658e+02 1.164322994649410248e+03 2.353823726531118488e-01 3.830656990380957527e+00
6.372552961520850658e+02 1.164322994649410248e+03 3.914154556114226580e-01 5.949630537442863742e-01
6.372552961520850658e+02 5.297521837055683136e+02 2.353823726531118488e-01 5.949630537442863742e-01
5.255316816680133343e+02 1.164322994649410248e+03 2.353823726531118488e-01 5.949630537442863742e-01
5.255316816680133343e+02 5.297521837055683136e+02 3.914154556114226580e-01 5.949630537442863742e-01
5.255316816680133343e+02 5.297521837055683136e+02 2.353823726531118488e-01 3.830656990380957527e+00
5.255316816680133343e+02 5.297521837055683136e+02 2.353823726531118488e-01 5.949630537442863742e-01
1.669397056726738811e+02 6.192838689312338829e+02 1.109571569599211160e-01 1.659440422775223967e+00
3.325096766529604793e+02 6.192838689312338829e+02 1.109571569599211160e-01 1.659440422775223967e+00
1.669397056726738811e+02 1.218152899295091629e+03 1.109571569599211160e-01 1.659440422775223967e+00
1.669397056726738811e+02 6.192838689312338829e+02 4.695598064456135146e-01 1.659440422775223967e+00
1.669397056726738811e+02 6.192838689312338829e+02 1.109571569599211160e-01 3.527330707712098778e+00
1.669397056726738811e+02 1.218152899295091629e+03 4.695598064456135146e-01 3.527330707712098778e+00
3.325096766529604793e+02 6.192838689312338829e+02 4.695598064456135146e-01 3.527330707712098778e+00
3.325096766529604793e+02 1.218152899295091629e+03 1.109571569599211160e-01 3.527330707712098778e+00
3.325096766529604793e+02 1.218152899295091629e+03 4.695598064456135146e-01 1.659440422775223967e+00
3.325096766529604793e+02 1.218152899295091629e+03 4.695598064456135146e-01 3.527330707712098778e+00
4.058542407574132085e+02 1.422197180800139904e+03 3.755857813637703546e-01 2.747478985311463617e+00
2.355144838988780975e+01 1.422197180800139904e+03 3.755857813637703546e-01 2.747478985311463617e+00
4.058542407574132085e+02 1.413993315771222115e+03 3.755857813637703546e-01 2.747478985311463617e+00
4.058542407574132085e+02 1.422197180800139904e+03 9.420339507050812244e-02 2.747478985311463617e+00
4.058542407574132085e+02 1.422197180800139904e+03 3.755857813637703546e-01 2.446874522073194225e+00
4.058542407574132085e+02 1.413993315771222115e+03 9.420339507050812244e-02 2.446874522073194225e+00
2.355144838988780975e+01 1.422197180800139904e+03 9.420339507050812244e-02 2.446874522073194225e+00
2.355144838988780975e+01 1.413993315771222115e+03 3.755857813637703546e-01 2.446874522073194225e+00
2.355144838988780975e+01 1.413993315771222115e+03 9.420339507050812244e-02 2.747478985311463617e+00
2.355144838988780975e+01 1.413993315771222115e+03 9.420339507050812244e-02 2.446874522073194225e+00
9.305144457425922155e+02 8.459079302847385406e+02 2.076495422050356754e-01 8.101143842656165495e-01
8.414505985891446471e+02 8.459079302847385406e+02 2.076495422050356754e-01 8.101143842656165495e-01
9.305144457425922155e+02 8.505630362778902054e+02 2.076495422050356754e-01 8.101143842656165495e-01
9.305144457425922155e+02 8.459079302847385406e+02 3.294717654120177253e-01 8.101143842656165495e-01
9.305144457425922155e+02 8.459079302847385406e+02 2.076495422050356754e-01 1.389218371491879322e+00
9.305144457425922155e+02 8.505630362778902054e+02 3.294717654120177253e-01 1.389218371491879322e+00
8.414505985891446471e+02 8.459079302847385406e+02 3.294717654120177253e-01 1.389218371491879322e+00
8.414505985891446471e+02 8.505630362778902054e+02 2.076495422050356754e-01 1.389218371491879322e+00
8.414505985891446471e+02 8.505630362778902054e+02 3.294717654120177253e-01 8.101143842656165495e-01
8.414505985891446471e+02 8.505630362778902054e+02 3.294717654120177253e-01 1.389218371491879322e+00
9.955641392031684518e+02 1.052893389947712421e+03 3.453732394613325818e-01 1.990973115544766303e+00
2.387099817208945751e+02 1.052893389947712421e+03 3.453732394613325818e-01 1.990973115544766303e+00
9.955641392031684518e+02 9.186274548992514610e+02 3.453732394613325818e-01 1.990973115544766303e+00
9.955641392031684518e+02 1.052893389947712421e+03 2.732082965318113899e-01 1.990973115544766303e+00
9.955641392031684518e+02 1.052893389947712421e+03 3.453732394613325818e-01 9.519187708757818056e-01
9.955641392031684518e+02 9.186274548992514610e+02 2.732082965318113899e-01 9.519187708757818056e-01
2.387099817208945751e+02 1.052893389947712421e+03 2.732082965318113899e-01 9.519187708757818056e-01
2.387099817208945751e+02 9.186274548992514610e+02 3.453732394613325818e-01 9.519187708757818056e-01
2.387099817208945751e+02 9.186274548992514610e+02 2.732082965318113899e-01 1.990973115544766303e+00
2.387099817208945751e+02 9.186274548992514610e+02 2.732082965318113899e-01 9.519187708757818056e-01
4.666548876110464334e+02 7.229324895888566971e+02 1.776569959241897090e-01 3.562571536730974930e+00
9.315209011314436793e+02 7.229324895888566971e+02 1.776569959241897090e-01 3.562571536730974930e+00
4.666548876110464334e+02 1.357149346731603146e+03 1.776569959241897090e-01 3.562571536730974930e+00
4.666548876110464334e+02 7.229324895888566971e+02 4.879390963818878157e-01 3.562571536730974930e+00
4.666548876110464334e+02 7.229324895888566971e+02 1.776569959241897090e-01 3.879908587662503017e+00
4.666548876110464334e+02 1.357149346731603146e+03 4.879390963818878157e-01 3.879908587662503017e+00
9.315209011314436793e+02 7.229324895888566971e+02 4.879390963818878157e-01 3.879908587662503017e+00
9.315209011314436793e+02 1.357149346731603146e+03 1.776569959241897090e-01 3.879908587662503017e+00
9.315209011314436793e+02 1.357149346731603146e+03 4.879390963818878157e-01 3.562571536730974930e+00
9.315209011314436793e+02 1.357149346731603146e+03 4.879390963818878157e-01 3.879908587662503017e+00
2.289410261586308479e+02 1.295141516253352165e+03 4.209688169881701247e-01 5.959566168300808320e-01
7.474347551614046097e+02 1.295141516253352165e+03 4.209688169881701247e-01 5.959566168300808320e-01
2.289410261586308479e+02 1.020714440383017063e+03 4.209688169881701247e-01 5.959566168300808320e-01
2.289410261586308479e+02 1.295141516253352165e+03 7.576824310235680260e-02 5.959566168300808320e-01
2.289410261586308479e+02 1.295141516253352165e+03 4.209688169881701247e-01 2.094545939592644679e+00
2.289410261586308479e+02 1.020714440383017063e+03 7.576824310235680260e-02 2.094545939592644679e+00
7.474347551614046097e+02 1.295141516253352165e+03 7.576824310235680260e-02 2.094545939592644679e+00
7.474347551614046097e+02 1.020714440383017063e+03 4.209688169881701247e-01 2.094545939592644679e+00
7.474347551614046097e+02 1.020714440383017063e+03 7.576824310235680260e-02 5.959566168300808320e-01
7.474347551614046097e+02 1.020714440383017063e+03 7.576824310235680260e-02 2.094545939592644679e+00
7.030559791019186378e+02 9.964307332411408424e+02 1.407299775164574385e-01 2.900152961593121415e+00
4.297527672862634063e+02 9.964307332411408424e+02 1.407299775164574385e-01 2.900152961593121415e+00
7.030559791019186378e+02 7.071610772982239723e+02 1.407299775164574385e-01 2.900152961593121415e+00
7.030559791019186378e+02 9.964307332411408424e+02 2.915916391182690748e-01 2.900152961593121415e+00
7.030559791019186378e+02 9.964307332411408424e+02 1.407299775164574385e-01 1.032500536348670783e+00
7.030559791019186378e+02 7.071610772982239723e+02 2.915916391182690748e-01 1.032500536348670783e+00
4.297527672862634063e+02 9.964307332411408424e+02 2.915916391182690748e-01 1.032500536348670783e+00
4.297527672862634063e+02 7.071610772982239723e+02 1.407299775164574385e-01 1.032500536348670783e+00
4.297527672862634063e+02 7.071610772982239723e+02 2.915916391182690748e-01 2.900152961593121415e+00
4.297527672862634063e+02 7.071610772982239723e+02 2.915916391182690748e-01 1.032500536348670783e+00
5.356020774831995368e+02 1.443071587942540646e+03 2.457469601184129604e-01 2.376120226513594336e+00
2.895564814247190952e+02 1.443071587942540646e+03 2.457469601184129604e-01 2.376120226513594336e+00
5.356020774831995368e+02 7.521161325275897980e+02 2.457469601184129604e-01 2.376120226513594336e+00
5.356020774831995368e+02 1.443071587942540646e+03 1.370294774882495625e-01 2.376120226513594336e+00
5.356020774831995368e+02 1.443071587942540646e+03 2.457469601184129604e-01 2.748123183380812407e+00
5.356020774831995368e+02 7.521161325275897980e+02 1.370294774882495625e-01 2.748123183380812407e+00
2.895564814247190952e+02 1.443071587942540646e+03 1.370294774882495625e-01 2.748123183380812407e+00
2.895564814247190952e+02 7.521161325275897980e+02 2.457469601184129604e-01 2.748123183380812407e+00
2.895564814247190952e+02 7.521161325275897980e+02 1.370294774882495625e-01 2.376120226513594336e+00
2.895564814247190952e+02 7.521161325275897980e+02 1.370294774882495625e-01 2.748123183380812407e+00
6.616548694670200348e+00 7.732745930552482605e+02 3.027682372834533675e-01 1.849161019735038325e-01
6.074530714852735400e+02 7.732745930552482605e+02 3.027682372834533675e-01 1.849161019735038325e-01
6.616548694670200348e+00 1.440668482333421707e+03 3.027682372834533675e-01 1.849161019735038325e-01
6.616548694670200348e+00 7.732745930552482605e+02 3.705400303006172180e-01 1.849161019735038325e-01
6.616548694670200348e+00 7.732745930552482605e+02 3.027682372834533675e-01 1.686079705012962338e+00
6.616548694670200348e+00 1.440668482333421707e+03 3.705400303006172180e-01 1.686079705012962338e+00
6.074530714852735400e+02 7.732745930552482605e+02 3.705400303006172180e-01 1.686079705012962338e+00
6.074530714852735400e+02 1.440668482333421707e+03 3.027682372834533675e-01 1.686079705012962338e+00
6.074530714852735400e+02 1.440668482333421707e+03 3.705400303006172180e-01 1.849161019735038325e-01
6.074530714852735400e+02 1.440668482333421707e+03 3.705400303006172180e-01 1.686079705012962338e+00
2.987144434694200754e+02 1.216448578983545303e+03 8.576953290030360499e-02 3.209890768807381445e+00
7.906865231767296791e+02 1.216448578983545303e+03 8.576953290030360499e-02 3.209890768807381445e+00
2.987144434694200754e+02 1.183289485052227974e+03 8.576953290030360499e-02 3.209890768807381445e+00
2.987144434694200754e+02 1.216448578983545303e+03 1.656947204843163546e-01 3.209890768807381445e+00
2.987144434694200754e+02 1.216448578983545303e+03 8.576953290030360499e-02 3.604418062698096503e-01
2.987144434694200754e+02 1.183289485052227974e+03 1.656947204843163546e-01 3.604418062698096503e-01
7.906865231767296791e+02 1.216448578983545303e+03 1.656947204843163546e-01 3.604418062698096503e-01
7.906865231767296791e+02 1.183289485052227974e+03 8.576953290030360499e-02 3.604418062698096503e-01
7.906865231767296791e+02 1.183289485052227974e+03 1.656947204843163546e-01 3.209890768807381445e+00
7.906865231767296791e+02 1.183289485052227974e+03 1.656947204843163546e-01 3.604418062698096503e-01
7.727532383063808084e+02 5.154017088934779167e+02 4.803271120879799017e-01 1.283710485827177950e+00
9.766291074361652136e+01 5.154017088934779167e+02 4.803271120879799017e-01 1.283710485827177950e+00
7.727532383063808084e+02 6.197666991502046585e+02 4.803271120879799017e-01 1.283710485827177950e+00
7.727532383063808084e+02 5.154017088934779167e+02 3.981143401004373916e-01 1.283710485827177950e+00
7.727532383063808084e+02 5.154017088934779167e+02 4.803271120879799017e-01 3.288429698180407090e+00
7.727532383063808084e+02 6.197666991502046585e+02 3.981143401004373916e-01 3.288429698180407090e+00
9.766291074361652136e+01 5.154017088934779167e+02 3.981143401004373916e-01 3.288429698180407090e+00
9.766291074361652136e+01 6.197666991502046585e+02 4.803271120879799017e-01 3.288429698180407090e+00
9.766291074361652136e+01 6.197666991502046585e+02 3.981143401004373916e-01 1.283710485827177950e+00
9.766291074361652136e+01 6.197666991502046585e+02 3.981143401004373916e-01 3.288429698180407090e+00
7.951971855694428086e+02 1.243599903769791126e+03 1.729076302144676447e-01 2.521611189385875917e+00
6.639459547400474548e+02 1.243599903769791126e+03 1.729076302144676447e-01 2.521611189385875917e+00
7.951971855694428086e+02 1.498818948864936829e+03 1.729076302144676447e-01 2.521611189385875917e+00
7.951971855694428086e+02 1.243599903769791126e+03 3.529827096033841261e-01 2.521611189385875917e+00
7.951971855694428086e+02 1.243599903769791126e+03 1.729076302144676447e-01 4.587622007727623075e-01
7.951971855694428086e+02 1.498818948864936829e+03 3.529827096033841261e-01 4.587622007727623075e-01
6.639459547400474548e+02 1.243599903769791126e+03 3.529827096033841261e-01 4.587622007727623075e-01
6.639459547400474548e+02 1.498818948864936829e+03 1.729076302144676447e-01 4.587622007727623075e-01
6.639459547400474548e+02 1.498818948864936829e+03 3.529827096033841261e-01 2.521611189385875917e+00
6.639459547400474548e+02 1.498818948864936829e+03 3.529827096033841261e-01 4.587622007727623075e-01
2.587099642176181078e+02 5.420666579157114029e+02 3.408906596712767967e-01 9.736457878258080179e-01
4.828765447204932570e+02 5.420666579157114029e+02 3.408906596712767967e-01 9.736457878258080179e-01
2.587099642176181078e+02 8.123713582754135132e+02 3.408906596712767967e-01 9.736457878258080179e-01
2.587099642176181078e+02 5.420666579157114029e+02 1.265034336131066195e-01 9.736457878258080179e-01
2.587099642176181078e+02 5.420666579157114029e+02 3.408906596712767967e-01 3.391089677596464735e+00
2.587099642176181078e+02 8.123713582754135132e+02 1.265034336131066195e-01 3.391089677596464735e+00
4.828765447204932570e+02 5.420666579157114029e+02 1.265034336131066195e-01 3.391089677596464735e+00
4.828765447204932570e+02 8.123713582754135132e+02 3.408906596712767967e-01 3.391089677596464735e+00
4.828765447204932570e+02 8.123713582754135132e+02 1.265034336131066195e-01 9.736457878258080179e-01
4.828765447204932570e+02 8.123713582754135132e+02 1.265034336131066195e-01 3.391089677596464735e+00
6.027926084399223328e+01 1.470102256163954735e+03 1.605868318583816290e-01 3.932091979375109236e+00
1.661049428246915340e+02 1.470102256163954735e+03 1.605868318583816290e-01 3.932091979375109236e+00
6.027926084399223328e+01 5.696445014327764511e+02 1.605868318583816290e-01 3.932091979375109236e+00
6.027926084399223328e+01 1.470102256163954735e+03 4.368207791354506986e-01 3.932091979375109236e+00
6.027926084399223328e+01 1.470102256163954735e+03 1.605868318583816290e-01 2.583334363782778365e+00
6.027926084399223328e+01 5.696445014327764511e+02 4.368207791354506986e-01 2.583334363782778365e+00
1.661049428246915340e+02 1.470102256163954735e+03 4.368207791354506986e-01 2.583334363782778365e+00
1.661049428246915340e+02 5.696445014327764511e+02 1.605868318583816290e-01 2.583334363782778365e+00
1.661049428246915340e+02 5.696445014327764511e+02 4.368207791354506986e-01 3.932091979375109236e+00
1.661049428246915340e+02 5.696445014327764511e+02 4.368207791354506986e-01 2.583334363782778365e+00
5.268163035726174712e+02 7.998188892379403114e+02 4.411056268960237281e-01 1.620356541415676643e+00
9.720534034697338939e+02 7.998188892379403114e+02 4.411056268960237281e-01 1.620356541415676643e+00
5.268163035726174712e+02 1.131121655926108360e+03 4.411056268960237281e-01 1.620356541415676643e+00
5.268163035726174712e+02 7.998188892379403114e+02 2.114323826972395182e-01 1.620356541415676643e+00
5.268163035726174712e+02 7.998188892379403114e+02 4.411056268960237281e-01 1.525687473416328599e+00
5.268163035726174712e+02 1.131121655926108360e+03 2.114323826972395182e-01 1.525687473416328599e+00
9.720534034697338939e+02 7.998188892379403114e+02 2.114323826972395182e-01 1.525687473416328599e+00
9.720534034697338939e+02 1.131121655926108360e+03 4.411056268960237281e-01 1.525687473416328599e+00
9.720534034697338939e+02 1.131121655926108360e+03 2.114323826972395182e-01 1.620356541415676643e+00
9.720534034697338939e+02 1.131121655926108360e+03 2.114323826972395182e-01 1.525687473416328599e+00
7.410941024934872985e+02 1.260678789578378201e+03 2.797848391812294833e-01 1.162592817237600773e+00
8.633219002708792686e+02 1.260678789578378201e+03 2.797848391812294833e-01 1.162592817237600773e+00
7.410941024934872985e+02 1.328416625969111919e+03 2.797848391812294833e-01 1.162592817237600773e+00
7.410941024934872985e+02 1.260678789578378201e+03 4.492742852307856083e-01 1.162592817237600773e+00
7.410941024934872985e+02 1.260678789578378201e+03 2.797848391812294833e-01 2.239289887025952108e+00
7.410941024934872985e+02 1.328416625969111919e+03 4.492742852307856083e-01 2.239289887025952108e+00
8.633219002708792686e+02 1.260678789578378201e+03 4.492742852307856083e-01 2.239289887025952108e+00
8.633219002708792686e+02 1.328416625969111919e+03 2.797848391812294833e-01 2.239289887025952108e+00
8.633219002708792686e+02 1.328416625969111919e+03 4.492742852307856083e-01 1.162592817237600773e+00
8.633219002708792686e+02 1.328416625969111919e+03 4.492742852307856083e-01 2.239289887025952108e+00
2.045610910058021545e+02 9.614816308021545410e+02 2.225912166759371758e-01 3.330156311830505533e+00
5.709977248217910528e+01 9.614816308021545410e+02 2.225912166759371758e-01 3.330156311830505533e+00
2.045610910058021545e+02 8.919384581968188286e+02 2.225912166759371758e-01 3.330156311830505533e+00
2.045610910058021545e+02 9.614816308021545410e+02 2.275122622027993535e-01 3.330156311830505533e+00
2.045610910058021545e+02 9.614816308021545410e+02 2.225912166759371758e-01 1.181644951263442600e+00
2.045610910058021545e+02 8.919384581968188286e+02 2.275122622027993535e-01 1.181644951263442600e+00
5.709977248217910528e+01 9.614816308021545410e+02 2.275122622027993535e-01 1.181644951263442600e+00
5.709977248217910528e+01 8.919384581968188286e+02 2.225912166759371758e-01 1.181644951263442600e+00
5.709977248217910528e+01 8.919384581968188286e+02 2.275122622027993535e-01 3.330156311830505533e+00
5.709977248217910528e+01 8.919384581968188286e+02 2.275122622027993535e-01 1.181644951263442600e+00
4.734741865713149309e+02 1.018552269786596298e+03 4.889737811405211465e-01 3.131144533958286069e-01
3.730148841030895710e+02 1.018552269786596298e+03 4.889737811405211465e-01 3.131144533958286069e-01
4.734741865713149309e+02 7.283590557053685188e+02 4.889737811405211465e-01 3.131144533958286069e-01
4.734741865713149309e+02 1.018552269786596298e+03 3.092180535197258107e-01 3.131144533958286069e-01
4.734741865713149309e+02 1.018552269786596298e+03 4.889737811405211465e-01 8.649070756230503587e-01
4.734741865713149309e+02 7.283590557053685188e+02 3.092180535197258107e-01 8.649070756230503587e-01
3.730148841030895710e+02 1.018552269786596298e+03 3.092180535197258107e-01 8.649070756230503587e-01
3.730148841030895710e+02 7.283590557053685188e+02 4.889737811405211465e-01 8.649070756230503587e-01
3.730148841030895710e+02 7.283590557053685188e+02 3.092180535197258107e-01 3.131144533958286069e-01
3.730148841030895710e+02 7.283590557053685188e+02 3.092180535197258107e-01 8.649070756230503587e-01
9.399655582541599870e+02 6.881049973890185356e+02 9.425809914246202625e-02 2.246826219251379264e+00
5.543598704291507602e+02 6.881049973890185356e+02 9.425809914246202625e-02 2.246826219251379264e+00
9.399655582541599870e+02 1.039805752225220203e+03 9.425809914246202625e-02 2.246826219251379264e+00
9.399655582541599870e+02 6.881049973890185356e+02 8.636338068172336180e-02 2.246826219251379264e+00
9.399655582541599870e+02 6.881049973890185356e+02 9.425809914246202625e-02 3.797232597842812307e+00
9.399655582541599870e+02 1.039805752225220203e+03 8.636338068172336180e-02 3.797232597842812307e+00
5.543598704291507602e+02 6.881049973890185356e+02 8.636338068172336180e-02 3.797232597842812307e+00
5.543598704291507602e+02 1.039805752225220203e+03 9.425809914246202625e-02 3.797232597842812307e+00
5.543598704291507602e+02 1.039805752225220203e+03 8.636338068172336180e-02 2.246826219251379264e+00
5.543598704291507602e+02 1.039805752225220203e+03 8.636338068172336180e-02 3.797232597842812307e+00
8.768478780519217253e+02 1.395029181614518166e+03 4.587615175172686799e-01 3.061462032496929275e+00
4.008918138667941093e+02 1.395029181614518166e+03 4.587615175172686799e-01 3.061462032496929275e+00
8.768478780519217253e+02 1.221281126141548157e+03 4.587615175172686799e-01 3.061462032496929275e+00
8.768478780519217253e+02 1.395029181614518166e+03 4.800725800916552655e-01 3.061462032496929275e+00
8.768478780519217253e+02 1.395029181614518166e+03 4.587615175172686799e-01 2.362450298815965688e+00
8.768478780519217253e+02 1.221281126141548157e+03 4.800725800916552655e-01 2.362450298815965688e+00
4.008918138667941093e+02 1.395029181614518166e+03 4.800725800916552655e-01 2.362450298815965688e+00
4.008918138667941093e+02 1.221281126141548157e+03 4.587615175172686799e-01 2.362450298815965688e+00
4.008918138667941093e+02 1.221281126141548157e+03 4.800725800916552655e-01 3.061462032496929275e+00
4.008918138667941093e+02 1.221281126141548157e+03 4.800725800916552655e-01 2.362450298815965688e+00
4.146438404368236661e+02 8.192263068631291389e+02 6.426529469899833202e-02 1.494490805417299395e+00
7.068367616524919868e+02 8.192263068631291389e+02 6.426529469899833202e-02 1.494490805417299395e+00
4.146438404368236661e+02 5.346819013357162476e+02 6.426529469899833202e-02 1.494490805417299395e+00
4.146438404368236661e+02 8.192263068631291389e+02 2.529263694770634285e-01 1.494490805417299395e+00
4.146438404368236661e+02 8.192263068631291389e+02 6.426529469899833202e-02 1.300423720711842313e+00
4.146438404368236661e+02 5.346819013357162476e+02 2.529263694770634285e-01 1.300423720711842313e+00
7.068367616524919868e+02 8.192263068631291389e+02 2.529263694770634285e-01 1.300423720711842313e+00
7.068367616524919868e+02 5.346819013357162476e+02 6.426529469899833202e-02 1.300423720711842313e+00
7.068367616524919868e+02 5.346819013357162476e+02 2.529263694770634285e-01 1.494490805417299395e+00
7.068367616524919868e+02 5.346819013357162476e+02 2.529263694770634285e-01 1.300423720711842313e+00
1.444919921858236194e+02 1.137278483249247074e+03 3.093379222787916438e-01 2.399134900122880776e+00
8.978833636827766895e+02 1.137278483249247074e+03 3.093379222787916438e-01 2.399134900122880776e+00
1.444919921858236194e+02 8.389168288558721542e+02 3.093379222787916438e-01 2.399134900122880776e+00
1.444919921858236194e+02 1.137278483249247074e+03 2.837482451461255661e-01 2.399134900122880776e+00
1.444919921858236194e+02 1.137278483249247074e+03 3.093379222787916438e-01 7.463736795727163864e-01
1.444919921858236194e+02 8.389168288558721542e+02 2.837482451461255661e-01 7.463736795727163864e-01
8.978833636827766895e+02 1.137278483249247074e+03 2.837482451461255661e-01 7.463736795727163864e-01
8.978833636827766895e+02 8.389168288558721542e+02 3.093379222787916438e-01 7.463736795727163864e-01
8.978833636827766895e+02 8.389168288558721542e+02 2.837482451461255661e-01 2.399134900122880776e+00
8.978833636827766895e+02 8.389168288558721542e+02 2.837482451461255661e-01 7.463736795727163864e-01
6.772635714001953602e+02 5.927257295697927475e+02 2.523642953950911982e-01 9.956551164388656450e-02
2.168094880832359195e+02 5.927257295697927475e+02 2.523642953950911982e-01 9.956551164388656450e-02
6.772635714001953602e+02 1.400486489757895470e+03 2.523642953950911982e-01 9.956551164388656450e-02
6.772635714001953602e+02 5.927257295697927475e+02 5.551115162670612613e-02 9.956551164388656450e-02
6.772635714001953602e+02 5.927257295697927475e+02 2.523642953950911982e-01 3.674313754290342349e+00
6.772635714001953602e+02 1.400486489757895470e+03 5.551115162670612613e-02 3.674313754290342349e+00
2.168094880832359195e+02 5.927257295697927475e+02 5.551115162670612613e-02 3.674313754290342349e+00
2.168094880832359195e+02 1.400486489757895470e+03 2.523642953950911982e-01 3.674313754290342349e+00
2.168094880832359195e+02 1.400486489757895470e+03 5.551115162670612613e-02 9.956551164388656450e-02
2.168094880832359195e+02 1.400486489757895470e+03 5.551115162670612613e-02 3.674313754290342349e+00
5.876133628375828266e+02 1.100706666707992554e+03 1.341096448712050804e-01 6.820377831161023030e-01
7.664461967349052429e+01 1.100706666707992554e+03 1.341096448712050804e-01 6.820377831161023030e-01
5.876133628375828266e+02 1.074285785667598248e+03 1.341096448712050804e-01 6.820377831161023030e-01
5.876133628375828266e+02 1.100706666707992554e+03 3.801416709553450124e-01 6.820377831161023030e-01
5.876133628375828266e+02 1.100706666707992554e+03 1.341096448712050804e-01 9.072639130055903944e-02
5.876133628375828266e+02 1.074285785667598248e+03 3.801416709553450124e-01 9.072639130055903944e-02
7.664461967349052429e+01 1.100706666707992554e+03 3.801416709553450124e-01 9.072639130055903944e-02
7.664461967349052429e+01 1.074285785667598248e+03 1.341096448712050804e-01 9.072639130055903944e-02
7.664461967349052429e+01 1.074285785667598248e+03 3.801416709553450124e-01 6.820377831161023030e-01
7.664461967349052429e+01 1.074285785667598248e+03 3.801416709553450124e-01 9.072639130055903944e-02
1.253330480260774493e+02 6.772399460896849632e+02 4.144089824054389970e-01 2.876407682299614077e+00
7.579921661382541060e+02 6.772399460896849632e+02 4.144089824054389970e-01 2.876407682299614077e+00
1.253330480260774493e+02 6.377170188352465630e+02 4.144089824054389970e-01 2.876407682299614077e+00
1.253330480260774493e+02 6.772399460896849632e+02 1.555291805882006995e-01 2.876407682299614077e+00
1.253330480260774493e+02 6.772399460896849632e+02 4.144089824054389970e-01 3.018664615461602807e+00
1.253330480260774493e+02 6.377170188352465630e+02 1.555291805882006995e-01 3.018664615461602807e+00
7.579921661382541060e+02 6.772399460896849632e+02 1.555291805882006995e-01 3.018664615461602807e+00
7.579921661382541060e+02 6.377170188352465630e+02 4.144089824054389970e-01 3.018664615461602807e+00
7.579921661382541060e+02 6.377170188352465630e+02 1.555291805882006995e-01 2.876407682299614077e+00
7.579921661382541060e+02 6.377170188352465630e+02 1.555291805882006995e-01 3.018664615461602807e+00
3.245066129909828305e+02 1.374082962982356548e+03 1.991650898009538762e-01 1.780923371911049102e+00
5.660947901569306850e+02 1.374082962982356548e+03 1.991650898009538762e-01 1.780923371911049102e+00
3.245066129909828305e+02 9.897883655503392220e+02 1.991650898009538762e-01 1.780923371911049102e+00
3.245066129909828305e+02 1.374082962982356548e+03 4.077390997204929368e-01 1.780923371911049102e+00
3.245066129909828305e+02 1.374082962982356548e+03 1.991650898009538762e-01 2.955510247359052212e+00
3.245066129909828305e+02 9.897883655503392220e+02 4.077390997204929368e-01 2.955510247359052212e+00
5.660947901569306850e+02 1.374082962982356548e+03 4.077390997204929368e-01 2.955510247359052212e+00
5.660947901569306850e+02 9.897883655503392220e+02 1.991650898009538762e-01 2.955510247359052212e+00
5.660947901569306850e+02 9.897883655503392220e+02 4.077390997204929368e-01 1.780923371911049102e+00
5.660947901569306850e+02 9.897883655503392220e+02 4.077390997204929368e-01 2.955510247359052212e+00
8.572020340990275145e+02 9.193663559854030609e+02 3.669281253125518671e-01 3.710269667357206202e+00
2.598742697862908244e+02 9.193663559854030609e+02 3.669281253125518671e-01 3.710269667357206202e+00
8.572020340990275145e+02 1.301388603635132313e+03 3.669281253125518671e-01 3.710269667357206202e+00
8.572020340990275145e+02 9.193663559854030609e+02 1.842192625161260255e-01 3.710269667357206202e+00
8.572020340990275145e+02 9.193663559854030609e+02 3.669281253125518671e-01 1.893485519811511253e+00
8.572020340990275145e+02 1.301388603635132313e+03 1.842192625161260255e-01 1.893485519811511253e+00
2.598742697862908244e+02 9.193663559854030609e+02 1.842192625161260255e-01 1.893485519811511253e+00
2.598742697862908244e+02 1.301388603635132313e+03 3.669281253125518671e-01 1.893485519811511253e+00
2.598742697862908244e+02 1.301388603635132313e+03 1.842192625161260255e-01 3.710269667357206202e+00
2.598742697862908244e+02 1.301388603635132313e+03 1.842192625161260255e-01 1.893485519811511253e+00