growth_rate	epi_size	cell_definitions/cell_definition/phenotype/secretion/substrate/secretion_rate_epi_inter___div_inhib	microenvironment_setup/variable/physical_parameter_set/diffusion_coefficient___div_inhib	microenvironment_setup/variable/physical_parameter_set/decay_rate___div_inhib	[_'_c_e_l_l___r_u_l_e_'_,_ _1_,_ _5_]
1.176741e+00	2.845905e+02	8.507349e+02	1.431366e+03	2.132229e-01	1.464555e+00
1.176741e+00	2.845905e+02	1.408055e+02	1.431366e+03	2.132229e-01	1.464555e+00
1.176741e+00	2.845905e+02	8.507349e+02	1.060703e+03	2.132229e-01	1.464555e+00
1.176741e+00	2.845905e+02	8.507349e+02	1.431366e+03	2.401406e-01	1.464555e+00
1.170704e+00	2.839928e+02	8.507349e+02	1.431366e+03	2.132229e-01	1.562958e+00
1.170704e+00	2.839928e+02	8.507349e+02	1.060703e+03	2.401406e-01	1.562958e+00
1.170704e+00	2.839928e+02	1.408055e+02	1.431366e+03	2.401406e-01	1.562958e+00
1.170704e+00	2.839928e+02	1.408055e+02	1.060703e+03	2.132229e-01	1.562958e+00
1.176741e+00	2.845905e+02	1.408055e+02	1.060703e+03	2.401406e-01	1.464555e+00
1.170704e+00	2.839928e+02	1.408055e+02	1.060703e+03	2.401406e-01	1.562958e+00
1.314716e+00	2.982500e+02	3.139390e+02	8.553230e+02	3.809954e-01	3.028164e+00
1.314716e+00	2.982500e+02	9.426077e+02	8.553230e+02	3.809954e-01	3.028164e+00
1.314716e+00	2.982500e+02	3.139390e+02	7.492558e+02	3.809954e-01	3.028164e+00
1.314716e+00	2.982500e+02	3.139390e+02	8.553230e+02	4.647591e-01	3.028164e+00
1.314716e+00	2.982500e+02	3.139390e+02	8.553230e+02	3.809954e-01	2.621071e+00
1.314716e+00	2.982500e+02	3.139390e+02	7.492558e+02	4.647591e-01	2.621071e+00
1.314716e+00	2.982500e+02	9.426077e+02	8.553230e+02	4.647591e-01	2.621071e+00
1.314716e+00	2.982500e+02	9.426077e+02	7.492558e+02	3.809954e-01	2.621071e+00
1.314716e+00	2.982500e+02	9.426077e+02	7.492558e+02	4.647591e-01	3.028164e+00
1.314716e+00	2.982500e+02	9.426077e+02	7.492558e+02	4.647591e-01	2.621071e+00
7.208141e-02	1.751271e+02	1.143464e+02	1.157868e+03	1.200509e-01	1.319432e-01
7.208141e-02	1.751271e+02	6.272957e+02	1.157868e+03	1.200509e-01	1.319432e-01
7.208141e-02	1.751271e+02	1.143464e+02	8.825160e+02	1.200509e-01	1.319432e-01
7.208141e-02	1.751271e+02	1.143464e+02	1.157868e+03	1.000492e-01	1.319432e-01
1.314716e+00	2.982500e+02	1.143464e+02	1.157868e+03	1.200509e-01	3.414717e+00
1.314716e+00	2.982500e+02	1.143464e+02	8.825160e+02	1.000492e-01	3.414717e+00
1.314716e+00	2.982500e+02	6.272957e+02	1.157868e+03	1.000492e-01	3.414717e+00
1.314716e+00	2.982500e+02	6.272957e+02	8.825160e+02	1.200509e-01	3.414717e+00
7.208141e-02	1.751271e+02	6.272957e+02	8.825160e+02	1.000492e-01	1.319432e-01
1.314716e+00	2.982500e+02	6.272957e+02	8.825160e+02	1.000492e-01	3.414717e+00
1.314716e+00	2.982500e+02	5.805747e+02	6.130752e+02	4.003426e-01	2.428028e+00
1.314716e+00	2.982500e+02	4.493969e+02	6.130752e+02	4.003426e-01	2.428028e+00
1.314716e+00	2.982500e+02	5.805747e+02	1.318994e+03	4.003426e-01	2.428028e+00
1.314716e+00	2.982500e+02	5.805747e+02	6.130752e+02	3.235630e-01	2.428028e+00
5.120673e-01	2.186671e+02	5.805747e+02	6.130752e+02	4.003426e-01	4.828664e-01
5.120673e-01	2.186671e+02	5.805747e+02	1.318994e+03	3.235630e-01	4.828664e-01
5.120673e-01	2.186671e+02	4.493969e+02	6.130752e+02	3.235630e-01	4.828664e-01
5.120673e-01	2.186671e+02	4.493969e+02	1.318994e+03	4.003426e-01	4.828664e-01
1.314716e+00	2.982500e+02	4.493969e+02	1.318994e+03	3.235630e-01	2.428028e+00
5.120673e-01	2.186671e+02	4.493969e+02	1.318994e+03	3.235630e-01	4.828664e-01
1.314716e+00	2.982500e+02	6.862915e+02	1.072407e+03	3.233974e-01	2.839159e+00
1.314716e+00	2.982500e+02	3.396591e+02	1.072407e+03	3.233974e-01	2.839159e+00
1.314716e+00	2.982500e+02	6.862915e+02	1.141292e+03	3.233974e-01	2.839159e+00
1.314716e+00	2.982500e+02	6.862915e+02	1.072407e+03	1.120915e-01	2.839159e+00
1.314716e+00	2.982500e+02	6.862915e+02	1.072407e+03	3.233974e-01	3.756570e+00
1.314716e+00	2.982500e+02	6.862915e+02	1.141292e+03	1.120915e-01	3.756570e+00
1.314716e+00	2.982500e+02	3.396591e+02	1.072407e+03	1.120915e-01	3.756570e+00
1.314716e+00	2.982500e+02	3.396591e+02	1.141292e+03	3.233974e-01	3.756570e+00
1.314716e+00	2.982500e+02	3.396591e+02	1.141292e+03	1.120915e-01	2.839159e+00
1.314716e+00	2.982500e+02	3.396591e+02	1.141292e+03	1.120915e-01	3.756570e+00
8.335578e-01	2.506154e+02	1.495718e+02	6.487003e+02	2.664297e-01	6.560671e-01
8.335578e-01	2.506154e+02	5.173457e+02	6.487003e+02	2.664297e-01	6.560671e-01
8.335578e-01	2.506154e+02	1.495718e+02	5.798148e+02	2.664297e-01	6.560671e-01
8.335578e-01	2.506154e+02	1.495718e+02	6.487003e+02	3.392300e-01	6.560671e-01
1.030188e+00	2.700818e+02	1.495718e+02	6.487003e+02	2.664297e-01	8.247173e-01
1.030188e+00	2.700818e+02	1.495718e+02	5.798148e+02	3.392300e-01	8.247173e-01
1.030188e+00	2.700818e+02	5.173457e+02	6.487003e+02	3.392300e-01	8.247173e-01
1.030188e+00	2.700818e+02	5.173457e+02	5.798148e+02	2.664297e-01	8.247173e-01
8.335578e-01	2.506154e+02	5.173457e+02	5.798148e+02	3.392300e-01	6.560671e-01
1.030188e+00	2.700818e+02	5.173457e+02	5.798148e+02	3.392300e-01	8.247173e-01
1.314716e+00	2.982500e+02	4.191674e+02	1.330281e+03	4.447012e-01	3.735335e+00
1.314716e+00	2.982500e+02	8.337524e+02	1.330281e+03	4.447012e-01	3.735335e+00
1.314716e+00	2.982500e+02	4.191674e+02	7.902388e+02	4.447012e-01	3.735335e+00
1.314716e+00	2.982500e+02	4.191674e+02	1.330281e+03	1.959081e-01	3.735335e+00
1.114552e+00	2.784338e+02	4.191674e+02	1.330281e+03	4.447012e-01	1.158518e+00
1.114552e+00	2.784338e+02	4.191674e+02	7.902388e+02	1.959081e-01	1.158518e+00
1.114552e+00	2.784338e+02	8.337524e+02	1.330281e+03	1.959081e-01	1.158518e+00
1.114552e+00	2.784338e+02	8.337524e+02	7.902388e+02	4.447012e-01	1.158518e+00
1.314716e+00	2.982500e+02	8.337524e+02	7.902388e+02	1.959081e-01	3.735335e+00
1.114552e+00	2.784338e+02	8.337524e+02	7.902388e+02	1.959081e-01	1.158518e+00
1.314716e+00	2.982500e+02	8.854720e+02	8.753237e+02	5.020069e-02	1.817144e+00
1.314716e+00	2.982500e+02	3.216429e+01	8.753237e+02	5.020069e-02	1.817144e+00
1.314716e+00	2.982500e+02	8.854720e+02	1.476686e+03	5.020069e-02	1.817144e+00
1.314716e+00	2.982500e+02	8.854720e+02	8.753237e+02	4.241530e-01	1.817144e+00
1.314716e+00	2.982500e+02	8.854720e+02	8.753237e+02	5.020069e-02	2.216633e+00
1.314716e+00	2.982500e+02	8.854720e+02	1.476686e+03	4.241530e-01	2.216633e+00
1.314716e+00	2.982500e+02	3.216429e+01	8.753237e+02	4.241530e-01	2.216633e+00
1.314716e+00	2.982500e+02	3.216429e+01	1.476686e+03	5.020069e-02	2.216633e+00
1.314716e+00	2.982500e+02	3.216429e+01	1.476686e+03	4.241530e-01	1.817144e+00
1.314716e+00	2.982500e+02	3.216429e+01	1.476686e+03	4.241530e-01	2.216633e+00
1.311122e+00	2.978942e+02	9.465012e+02	1.207309e+03	4.749135e-01	1.003483e+00
1.311122e+00	2.978942e+02	9.230610e+02	1.207309e+03	4.749135e-01	1.003483e+00
1.311122e+00	2.978942e+02	9.465012e+02	1.283650e+03	4.749135e-01	1.003483e+00
1.311122e+00	2.978942e+02	9.465012e+02	1.207309e+03	1.429439e-01	1.003483e+00
1.314716e+00	2.982500e+02	9.465012e+02	1.207309e+03	4.749135e-01	3.649726e+00
1.314716e+00	2.982500e+02	9.465012e+02	1.283650e+03	1.429439e-01	3.649726e+00
1.314716e+00	2.982500e+02	9.230610e+02	1.207309e+03	1.429439e-01	3.649726e+00
1.314716e+00	2.982500e+02	9.230610e+02	1.283650e+03	4.749135e-01	3.649726e+00
1.311122e+00	2.978942e+02	9.230610e+02	1.283650e+03	1.429439e-01	1.003483e+00
1.314716e+00	2.982500e+02	9.230610e+02	1.283650e+03	1.429439e-01	3.649726e+00
1.314716e+00	2.982500e+02	4.839885e+02	5.060158e+02	8.019350e-02	2.554933e+00
1.314716e+00	2.982500e+02	2.461334e+02	5.060158e+02	8.019350e-02	2.554933e+00
1.314716e+00	2.982500e+02	4.839885e+02	9.720499e+02	8.019350e-02	2.554933e+00
1.314716e+00	2.982500e+02	4.839885e+02	5.060158e+02	3.646999e-01	2.554933e+00
1.113004e+00	2.782805e+02	4.839885e+02	5.060158e+02	8.019350e-02	7.212809e-01
1.113004e+00	2.782805e+02	4.839885e+02	9.720499e+02	3.646999e-01	7.212809e-01
1.113004e+00	2.782805e+02	2.461334e+02	5.060158e+02	3.646999e-01	7.212809e-01
1.113004e+00	2.782805e+02	2.461334e+02	9.720499e+02	8.019350e-02	7.212809e-01
1.314716e+00	2.982500e+02	2.461334e+02	9.720499e+02	3.646999e-01	2.554933e+00
1.113004e+00	2.782805e+02	2.461334e+02	9.720499e+02	3.646999e-01	7.212809e-01
1.170704e+00	2.839928e+02	2.156012e+02	1.449558e+03	2.938443e-01	1.588063e+00
1.170704e+00	2.839928e+02	4.376639e+02	1.449558e+03	2.938443e-01	1.588063e+00
1.170704e+00	2.839928e+02	2.156012e+02	6.522814e+02	2.938443e-01	1.588063e+00
1.170704e+00	2.839928e+02	2.156012e+02	1.449558e+03	1.704941e-01	1.588063e+00
1.225438e+00	2.894115e+02	2.156012e+02	1.449558e+03	2.938443e-01	1.262196e+00
1.225438e+00	2.894115e+02	2.156012e+02	6.522814e+02	1.704941e-01	1.262196e+00
1.225438e+00	2.894115e+02	4.376639e+02	1.449558e+03	1.704941e-01	1.262196e+00
1.225438e+00	2.894115e+02	4.376639e+02	6.522814e+02	2.938443e-01	1.262196e+00
1.170704e+00	2.839928e+02	4.376639e+02	6.522814e+02	1.704941e-01	1.588063e+00
1.225438e+00	2.894115e+02	4.376639e+02	6.522814e+02	1.704941e-01	1.262196e+00
1.314716e+00	2.982500e+02	7.480641e+02	7.795152e+02	2.366566e-01	3.903161e+00
1.314716e+00	2.982500e+02	7.404382e+02	7.795152e+02	2.366566e-01	3.903161e+00
1.314716e+00	2.982500e+02	7.480641e+02	1.088850e+03	2.366566e-01	3.903161e+00
1.314716e+00	2.982500e+02	7.480641e+02	7.795152e+02	3.933548e-01	3.903161e+00
1.314716e+00	2.982500e+02	7.480641e+02	7.795152e+02	2.366566e-01	2.323723e+00
1.314716e+00	2.982500e+02	7.480641e+02	1.088850e+03	3.933548e-01	2.323723e+00
1.314716e+00	2.982500e+02	7.404382e+02	7.795152e+02	3.933548e-01	2.323723e+00
1.314716e+00	2.982500e+02	7.404382e+02	1.088850e+03	2.366566e-01	2.323723e+00
1.314716e+00	2.982500e+02	7.404382e+02	1.088850e+03	3.933548e-01	3.903161e+00
1.314716e+00	2.982500e+02	7.404382e+02	1.088850e+03	3.933548e-01	2.323723e+00
1.314716e+00	2.982500e+02	5.177198e+02	1.288902e+03	1.465281e-01	3.367321e+00
1.314716e+00	2.982500e+02	5.993285e+02	1.288902e+03	1.465281e-01	3.367321e+00
1.314716e+00	2.982500e+02	5.177198e+02	1.387647e+03	1.465281e-01	3.367321e+00
1.314716e+00	2.982500e+02	5.177198e+02	1.288902e+03	2.673536e-01	3.367321e+00
1.314716e+00	2.982500e+02	5.177198e+02	1.288902e+03	1.465281e-01	1.915651e+00
1.314716e+00	2.982500e+02	5.177198e+02	1.387647e+03	2.673536e-01	1.915651e+00
1.314716e+00	2.982500e+02	5.993285e+02	1.288902e+03	2.673536e-01	1.915651e+00
1.314716e+00	2.982500e+02	5.993285e+02	1.387647e+03	1.465281e-01	1.915651e+00
1.314716e+00	2.982500e+02	5.993285e+02	1.387647e+03	2.673536e-01	3.367321e+00
1.314716e+00	2.982500e+02	5.993285e+02	1.387647e+03	2.673536e-01	1.915651e+00
1.225438e+00	2.894115e+02	5.525274e+01	9.899450e+02	4.270392e-01	1.188602e+00
1.114552e+00	2.784338e+02	2.967664e+02	9.899450e+02	4.270392e-01	1.188602e+00
1.225438e+00	2.894115e+02	5.525274e+01	8.260769e+02	4.270392e-01	1.188602e+00
1.225438e+00	2.894115e+02	5.525274e+01	9.899450e+02	4.938406e-01	1.188602e+00
1.314716e+00	2.982500e+02	5.525274e+01	9.899450e+02	4.270392e-01	2.977180e+00
1.314716e+00	2.982500e+02	5.525274e+01	8.260769e+02	4.938406e-01	2.977180e+00
1.314716e+00	2.982500e+02	2.967664e+02	9.899450e+02	4.938406e-01	2.977180e+00
1.314716e+00	2.982500e+02	2.967664e+02	8.260769e+02	4.270392e-01	2.977180e+00
1.114552e+00	2.784338e+02	2.967664e+02	8.260769e+02	4.938406e-01	1.188602e+00
1.314716e+00	2.982500e+02	2.967664e+02	8.260769e+02	4.938406e-01	2.977180e+00
1.314716e+00	2.982500e+02	2.541330e+02	1.062278e+03	1.869655e-01	2.221860e+00
1.314716e+00	2.982500e+02	1.063362e+02	1.062278e+03	1.869655e-01	2.221860e+00
1.314716e+00	2.982500e+02	2.541330e+02	5.521612e+02	1.869655e-01	2.221860e+00
1.314716e+00	2.982500e+02	2.541330e+02	1.062278e+03	7.102326e-02	2.221860e+00
1.314716e+00	2.982500e+02	2.541330e+02	1.062278e+03	1.869655e-01	3.058371e+00
1.314716e+00	2.982500e+02	2.541330e+02	5.521612e+02	7.102326e-02	3.058371e+00
1.314716e+00	2.982500e+02	1.063362e+02	1.062278e+03	7.102326e-02	3.058371e+00
1.314716e+00	2.982500e+02	1.063362e+02	5.521612e+02	1.869655e-01	3.058371e+00
1.314716e+00	2.982500e+02	1.063362e+02	5.521612e+02	7.102326e-02	2.221860e+00
1.314716e+00	2.982500e+02	1.063362e+02	5.521612e+02	7.102326e-02	3.058371e+00
2.308984e-01	1.908500e+02	7.866417e+02	7.320714e+02	3.549579e-01	2.768708e-01
2.308984e-01	1.908500e+02	7.830497e+02	7.320714e+02	3.549579e-01	2.768708e-01
2.308984e-01	1.908500e+02	7.866417e+02	1.238760e+03	3.549579e-01	2.768708e-01
2.308984e-01	1.908500e+02	7.866417e+02	7.320714e+02	2.964039e-01	2.768708e-01
7.208141e-02	1.751271e+02	7.866417e+02	7.320714e+02	3.549579e-01	1.299237e-01
7.208141e-02	1.751271e+02	7.866417e+02	1.238760e+03	2.964039e-01	1.299237e-01
7.208141e-02	1.751271e+02	7.830497e+02	7.320714e+02	2.964039e-01	1.299237e-01
7.208141e-02	1.751271e+02	7.830497e+02	1.238760e+03	3.549579e-01	1.299237e-01
2.308984e-01	1.908500e+02	7.830497e+02	1.238760e+03	2.964039e-01	2.768708e-01
7.208141e-02	1.751271e+02	7.830497e+02	1.238760e+03	2.964039e-01	1.299237e-01
1.314716e+00	2.982500e+02	7.778712e+02	1.026440e+03	9.983593e-02	3.524798e+00
1.314716e+00	2.982500e+02	4.741723e+02	1.026440e+03	9.983593e-02	3.524798e+00
1.314716e+00	2.982500e+02	7.778712e+02	8.594509e+02	9.983593e-02	3.524798e+00
1.314716e+00	2.982500e+02	7.778712e+02	1.026440e+03	4.551342e-01	3.524798e+00
1.314716e+00	2.982500e+02	7.778712e+02	1.026440e+03	9.983593e-02	3.144926e+00
1.314716e+00	2.982500e+02	7.778712e+02	8.594509e+02	4.551342e-01	3.144926e+00
1.314716e+00	2.982500e+02	4.741723e+02	1.026440e+03	4.551342e-01	3.144926e+00
1.314716e+00	2.982500e+02	4.741723e+02	8.594509e+02	9.983593e-02	3.144926e+00
1.314716e+00	2.982500e+02	4.741723e+02	8.594509e+02	4.551342e-01	3.524798e+00
1.314716e+00	2.982500e+02	4.741723e+02	8.594509e+02	4.551342e-01	3.144926e+00
1.314716e+00	2.982500e+02	3.077805e+02	6.967275e+02	4.943858e-01	1.965330e+00
1.314716e+00	2.982500e+02	6.716137e+02	6.967275e+02	4.943858e-01	1.965330e+00
1.314716e+00	2.982500e+02	3.077805e+02	1.422881e+03	4.943858e-01	1.965330e+00
1.314716e+00	2.982500e+02	3.077805e+02	6.967275e+02	2.216159e-01	1.965330e+00
1.147810e-01	1.793544e+02	3.077805e+02	6.967275e+02	4.943858e-01	2.130560e-01
1.147810e-01	1.793544e+02	3.077805e+02	1.422881e+03	2.216159e-01	2.130560e-01
1.147810e-01	1.793544e+02	6.716137e+02	6.967275e+02	2.216159e-01	2.130560e-01
1.147810e-01	1.793544e+02	6.716137e+02	1.422881e+03	4.943858e-01	2.130560e-01
1.314716e+00	2.982500e+02	6.716137e+02	1.422881e+03	2.216159e-01	1.965330e+00
1.147810e-01	1.793544e+02	6.716137e+02	1.422881e+03	2.216159e-01	2.130560e-01
1.314716e+00	2.982500e+02	1.526354e+01	1.252941e+03	2.316797e-01	2.924754e+00
1.314716e+00	2.982500e+02	9.802089e+02	1.252941e+03	2.316797e-01	2.924754e+00
1.314716e+00	2.982500e+02	1.526354e+01	1.196813e+03	2.316797e-01	2.924754e+00
1.314716e+00	2.982500e+02	1.526354e+01	1.252941e+03	3.139612e-01	2.924754e+00
1.314716e+00	2.982500e+02	1.526354e+01	1.252941e+03	2.316797e-01	1.770390e+00
1.314716e+00	2.982500e+02	1.526354e+01	1.196813e+03	3.139612e-01	1.770390e+00
1.371869e+00	3.039081e+02	9.802089e+02	1.252941e+03	3.139612e-01	1.770390e+00
1.371869e+00	3.039081e+02	9.802089e+02	1.196813e+03	2.316797e-01	1.770390e+00
1.314716e+00	2.982500e+02	9.802089e+02	1.196813e+03	3.139612e-01	2.924754e+00
1.371869e+00	3.039081e+02	9.802089e+02	1.196813e+03	3.139612e-01	1.770390e+00
7.081647e-01	2.382014e+02	5.401485e+02	9.544786e+02	2.887104e-01	6.328091e-01
7.081647e-01	2.382014e+02	1.588640e+02	9.544786e+02	2.887104e-01	6.328091e-01
7.081647e-01	2.382014e+02	5.401485e+02	5.084124e+02	2.887104e-01	6.328091e-01
7.081647e-01	2.382014e+02	5.401485e+02	9.544786e+02	8.154934e-02	6.328091e-01
1.314716e+00	2.982500e+02	5.401485e+02	9.544786e+02	2.887104e-01	2.828554e+00
1.314716e+00	2.982500e+02	5.401485e+02	5.084124e+02	8.154934e-02	2.828554e+00
1.314716e+00	2.982500e+02	1.588640e+02	9.544786e+02	8.154934e-02	2.828554e+00
1.314716e+00	2.982500e+02	1.588640e+02	5.084124e+02	2.887104e-01	2.828554e+00
7.081647e-01	2.382014e+02	1.588640e+02	5.084124e+02	8.154934e-02	6.328091e-01
1.314716e+00	2.982500e+02	1.588640e+02	5.084124e+02	8.154934e-02	2.828554e+00
7.208141e-02	1.751271e+02	6.924503e+02	1.477104e+03	4.350334e-01	1.554447e-01
7.208141e-02	1.751271e+02	4.921862e+01	1.477104e+03	4.350334e-01	1.554447e-01
7.208141e-02	1.751271e+02	6.924503e+02	9.673688e+02	4.350334e-01	1.554447e-01
7.208141e-02	1.751271e+02	6.924503e+02	1.477104e+03	3.470735e-01	1.554447e-01
1.176741e+00	2.845905e+02	6.924503e+02	1.477104e+03	4.350334e-01	1.426467e+00
1.176741e+00	2.845905e+02	6.924503e+02	9.673688e+02	3.470735e-01	1.426467e+00
1.176741e+00	2.845905e+02	4.921862e+01	1.477104e+03	3.470735e-01	1.426467e+00
1.176741e+00	2.845905e+02	4.921862e+01	9.673688e+02	4.350334e-01	1.426467e+00
7.208141e-02	1.751271e+02	4.921862e+01	9.673688e+02	3.470735e-01	1.554447e-01
1.176741e+00	2.845905e+02	4.921862e+01	9.673688e+02	3.470735e-01	1.426467e+00
1.314716e+00	2.982500e+02	2.224358e+02	8.075554e+02	1.547903e-01	2.342190e+00
1.314716e+00	2.982500e+02	8.702884e+02	8.075554e+02	1.547903e-01	2.342190e+00
1.314716e+00	2.982500e+02	2.224358e+02	1.280769e+03	1.547903e-01	2.342190e+00
1.314716e+00	2.982500e+02	2.224358e+02	8.075554e+02	1.323487e-01	2.342190e+00
1.314716e+00	2.982500e+02	2.224358e+02	8.075554e+02	1.547903e-01	2.484633e+00
1.314716e+00	2.982500e+02	2.224358e+02	1.280769e+03	1.323487e-01	2.484633e+00
1.314716e+00	2.982500e+02	8.702884e+02	8.075554e+02	1.323487e-01	2.484633e+00
1.314716e+00	2.982500e+02	8.702884e+02	1.280769e+03	1.547903e-01	2.484633e+00
1.314716e+00	2.982500e+02	8.702884e+02	1.280769e+03	1.323487e-01	2.342190e+00
1.314716e+00	2.982500e+02	8.702884e+02	1.280769e+03	1.323487e-01	2.484633e+00
1.225438e+00	2.894115e+02	4.595933e+02	1.234979e+03	3.313078e-01	1.316613e+00
1.225438e+00	2.894115e+02	5.627898e+02	1.234979e+03	3.313078e-01	1.316613e+00
1.225438e+00	2.894115e+02	4.595933e+02	1.100645e+03	3.313078e-01	1.316613e+00
1.225438e+00	2.894115e+02	4.595933e+02	1.234979e+03	4.320196e-01	1.316613e+00
1.314716e+00	2.982500e+02	4.595933e+02	1.234979e+03	3.313078e-01	3.550949e+00
1.314716e+00	2.982500e+02	4.595933e+02	1.100645e+03	4.320196e-01	3.550949e+00
1.314716e+00	2.982500e+02	5.627898e+02	1.234979e+03	4.320196e-01	3.550949e+00
1.314716e+00	2.982500e+02	5.627898e+02	1.100645e+03	3.313078e-01	3.550949e+00
1.225438e+00	2.894115e+02	5.627898e+02	1.100645e+03	4.320196e-01	1.316613e+00
1.314716e+00	2.982500e+02	5.627898e+02	1.100645e+03	4.320196e-01	3.550949e+00
1.314716e+00	2.982500e+02	9.845546e+02	5.341795e+02	1.635975e-01	3.238457e+00
1.314716e+00	2.982500e+02	3.656215e+02	5.341795e+02	1.635975e-01	3.238457e+00
1.314716e+00	2.982500e+02	9.845546e+02	6.622136e+02	1.635975e-01	3.238457e+00
1.314716e+00	2.982500e+02	9.845546e+02	5.341795e+02	2.161902e-01	3.238457e+00
8.486933e-01	2.521138e+02	9.845546e+02	5.341795e+02	1.635975e-01	6.190770e-01
8.486933e-01	2.521138e+02	9.845546e+02	6.622136e+02	2.161902e-01	6.190770e-01
8.486933e-01	2.521138e+02	3.656215e+02	5.341795e+02	2.161902e-01	6.190770e-01
8.486933e-01	2.521138e+02	3.656215e+02	6.622136e+02	1.635975e-01	6.190770e-01
1.314716e+00	2.982500e+02	3.656215e+02	6.622136e+02	2.161902e-01	3.238457e+00
8.486933e-01	2.521138e+02	3.656215e+02	6.622136e+02	2.161902e-01	6.190770e-01
1.314716e+00	2.982500e+02	9.254651e+02	1.366104e+03	3.615203e-01	2.058572e+00
1.314716e+00	2.982500e+02	7.145650e+02	1.366104e+03	3.615203e-01	2.058572e+00
1.314716e+00	2.982500e+02	9.254651e+02	6.057664e+02	3.615203e-01	2.058572e+00
1.314716e+00	2.982500e+02	9.254651e+02	1.366104e+03	3.849535e-01	2.058572e+00
1.136549e+00	2.806115e+02	9.254651e+02	1.366104e+03	3.615203e-01	1.054656e+00
1.136549e+00	2.806115e+02	9.254651e+02	6.057664e+02	3.849535e-01	1.054656e+00
1.136549e+00	2.806115e+02	7.145650e+02	1.366104e+03	3.849535e-01	1.054656e+00
1.136549e+00	2.806115e+02	7.145650e+02	6.057664e+02	3.615203e-01	1.054656e+00
1.314716e+00	2.982500e+02	7.145650e+02	6.057664e+02	3.849535e-01	2.058572e+00
1.136549e+00	2.806115e+02	7.145650e+02	6.057664e+02	3.849535e-01	1.054656e+00
5.109698e-01	2.186792e+02	3.967349e+02	9.106528e+02	1.935901e-01	5.024948e-01
5.109698e-01	2.186792e+02	3.922490e+02	9.106528e+02	1.935901e-01	5.024948e-01
5.109698e-01	2.186792e+02	3.967349e+02	1.169289e+03	1.935901e-01	5.024948e-01
5.109698e-01	2.186792e+02	3.967349e+02	9.106528e+02	1.507838e-01	5.024948e-01
1.314716e+00	2.982500e+02	3.967349e+02	9.106528e+02	1.935901e-01	2.116225e+00
1.314716e+00	2.982500e+02	3.967349e+02	1.169289e+03	1.507838e-01	2.116225e+00
1.314716e+00	2.982500e+02	3.922490e+02	9.106528e+02	1.507838e-01	2.116225e+00
1.314716e+00	2.982500e+02	3.922490e+02	1.169289e+03	1.935901e-01	2.116225e+00
5.109698e-01	2.186792e+02	3.922490e+02	1.169289e+03	1.507838e-01	5.024948e-01
1.314716e+00	2.982500e+02	3.922490e+02	1.169289e+03	1.507838e-01	2.116225e+00
1.314716e+00	2.982500e+02	1.583461e+02	1.108352e+03	4.054800e-01	3.406648e+00
1.314716e+00	2.982500e+02	2.096300e+02	1.108352e+03	4.054800e-01	3.406648e+00
1.314716e+00	2.982500e+02	1.583461e+02	1.458818e+03	4.054800e-01	3.406648e+00
1.314716e+00	2.982500e+02	1.583461e+02	1.108352e+03	4.136402e-01	3.406648e+00
1.314716e+00	2.982500e+02	1.583461e+02	1.108352e+03	4.054800e-01	3.919594e+00
1.314716e+00	2.982500e+02	1.583461e+02	1.458818e+03	4.136402e-01	3.919594e+00
1.314716e+00	2.982500e+02	2.096300e+02	1.108352e+03	4.136402e-01	3.919594e+00
1.314716e+00	2.982500e+02	2.096300e+02	1.458818e+03	4.054800e-01	3.919594e+00
1.314716e+00	2.982500e+02	2.096300e+02	1.458818e+03	4.136402e-01	3.406648e+00
1.314716e+00	2.982500e+02	2.096300e+02	1.458818e+03	4.136402e-01	3.919594e+00
1.106278e+00	2.776147e+02	6.326402e+02	6.841510e+02	1.250175e-01	1.086923e+00
1.106278e+00	2.776147e+02	9.060994e+02	6.841510e+02	1.250175e-01	1.086923e+00
1.106278e+00	2.776147e+02	6.326402e+02	7.702661e+02	1.250175e-01	1.086923e+00
1.106278e+00	2.776147e+02	6.326402e+02	6.841510e+02	1.783641e-01	1.086923e+00
1.235664e+00	2.904238e+02	6.326402e+02	6.841510e+02	1.250175e-01	9.911373e-01
1.235664e+00	2.904238e+02	6.326402e+02	7.702661e+02	1.783641e-01	9.911373e-01
1.235664e+00	2.904238e+02	9.060994e+02	6.841510e+02	1.783641e-01	9.911373e-01
1.235664e+00	2.904238e+02	9.060994e+02	7.702661e+02	1.250175e-01	9.911373e-01
1.106278e+00	2.776147e+02	9.060994e+02	7.702661e+02	1.783641e-01	1.086923e+00
1.235664e+00	2.904238e+02	9.060994e+02	7.702661e+02	1.783641e-01	9.911373e-01
1.170704e+00	2.839928e+02	6.049737e+02	1.130367e+03	2.581566e-01	1.689011e+00
1.170704e+00	2.839928e+02	7.648973e+02	1.130367e+03	2.581566e-01	1.689011e+00
1.170704e+00	2.839928e+02	6.049737e+02	6.902163e+02	2.581566e-01	1.689011e+00
1.170704e+00	2.839928e+02	6.049737e+02	1.130367e+03	4.753126e-01	1.689011e+00
1.314716e+00	2.982500e+02	6.049737e+02	1.130367e+03	2.581566e-01	3.263825e+00
1.314716e+00	2.982500e+02	6.049737e+02	6.902163e+02	4.753126e-01	3.263825e+00
1.314716e+00	2.982500e+02	7.648973e+02	1.130367e+03	4.753126e-01	3.263825e+00
1.314716e+00	2.982500e+02	7.648973e+02	6.902163e+02	2.581566e-01	3.263825e+00
1.170704e+00	2.839928e+02	7.648973e+02	6.902163e+02	4.753126e-01	1.689011e+00
1.314716e+00	2.982500e+02	7.648973e+02	6.902163e+02	4.753126e-01	3.263825e+00
1.314716e+00	2.982500e+02	7.628917e+01	5.850793e+02	3.154073e-01	3.864564e+00
1.314716e+00	2.982500e+02	6.870299e+01	5.850793e+02	3.154073e-01	3.864564e+00
1.314716e+00	2.982500e+02	7.628917e+01	1.003770e+03	3.154073e-01	3.864564e+00
1.314716e+00	2.982500e+02	7.628917e+01	5.850793e+02	2.577254e-01	3.864564e+00
3.002672e-01	1.976989e+02	7.628917e+01	5.850793e+02	3.154073e-01	3.353664e-01
3.002672e-01	1.976989e+02	7.628917e+01	1.003770e+03	2.577254e-01	3.353664e-01
3.002672e-01	1.976989e+02	6.870299e+01	5.850793e+02	2.577254e-01	3.353664e-01
3.002672e-01	1.976989e+02	6.870299e+01	1.003770e+03	3.154073e-01	3.353664e-01
1.314716e+00	2.982500e+02	6.870299e+01	1.003770e+03	2.577254e-01	3.864564e+00
3.002672e-01	1.976989e+02	6.870299e+01	1.003770e+03	2.577254e-01	3.353664e-01
1.044170e+00	2.714660e+02	3.695567e+02	1.403744e+03	7.357874e-02	7.771279e-01
1.044170e+00	2.714660e+02	2.524204e+02	1.403744e+03	7.357874e-02	7.771279e-01
1.044170e+00	2.714660e+02	3.695567e+02	1.370432e+03	7.357874e-02	7.771279e-01
1.044170e+00	2.714660e+02	3.695567e+02	1.403744e+03	2.779077e-01	7.771279e-01
1.170704e+00	2.839928e+02	3.695567e+02	1.403744e+03	7.357874e-02	1.647838e+00
1.170704e+00	2.839928e+02	3.695567e+02	1.370432e+03	2.779077e-01	1.647838e+00
1.170704e+00	2.839928e+02	2.524204e+02	1.403744e+03	2.779077e-01	1.647838e+00
1.170704e+00	2.839928e+02	2.524204e+02	1.370432e+03	7.357874e-02	1.647838e+00
1.044170e+00	2.714660e+02	2.524204e+02	1.370432e+03	2.779077e-01	7.771279e-01
1.170704e+00	2.839928e+02	2.524204e+02	1.370432e+03	2.779077e-01	1.647838e+00
1.314716e+00	2.982500e+02	8.438965e+02	8.272065e+02	4.683481e-01	2.718951e+00
1.314716e+00	2.982500e+02	5.744633e+02	8.272065e+02	4.683481e-01	2.718951e+00
1.314716e+00	2.982500e+02	8.438965e+02	9.319103e+02	4.683481e-01	2.718951e+00
1.314716e+00	2.982500e+02	8.438965e+02	8.272065e+02	6.142511e-02	2.718951e+00
1.314716e+00	2.982500e+02	8.438965e+02	8.272065e+02	4.683481e-01	2.709409e+00
1.314716e+00	2.982500e+02	8.438965e+02	9.319103e+02	6.142511e-02	2.709409e+00
1.314716e+00	2.982500e+02	5.744633e+02	8.272065e+02	6.142511e-02	2.709409e+00
1.314716e+00	2.982500e+02	5.744633e+02	9.319103e+02	4.683481e-01	2.709409e+00
1.314716e+00	2.982500e+02	5.744633e+02	9.319103e+02	6.142511e-02	2.718951e+00
1.314716e+00	2.982500e+02	5.744633e+02	9.319103e+02	6.142511e-02	2.709409e+00
1.314716e+00	2.982500e+02	8.260469e+02	1.181222e+03	2.966509e-01	3.174024e+00
1.314716e+00	2.982500e+02	4.686780e+00	1.181222e+03	2.966509e-01	3.174024e+00
1.314716e+00	2.982500e+02	8.260469e+02	7.627030e+02	2.966509e-01	3.174024e+00
1.314716e+00	2.982500e+02	8.260469e+02	1.181222e+03	3.036560e-01	3.174024e+00
1.314716e+00	2.982500e+02	8.260469e+02	1.181222e+03	2.966509e-01	2.022852e+00
1.314716e+00	2.982500e+02	8.260469e+02	7.627030e+02	3.036560e-01	2.022852e+00
1.314716e+00	2.982500e+02	4.686780e+00	1.181222e+03	3.036560e-01	2.022852e+00
1.314716e+00	2.982500e+02	4.686780e+00	7.627030e+02	2.966509e-01	2.022852e+00
1.314716e+00	2.982500e+02	4.686780e+00	7.627030e+02	3.036560e-01	3.174024e+00
1.314716e+00	2.982500e+02	4.686780e+00	7.627030e+02	3.036560e-01	2.022852e+00
1.197135e+00	2.866095e+02	3.556685e+02	6.054225e+02	2.412074e-01	1.381069e+00
1.197135e+00	2.866095e+02	8.220826e+02	6.054225e+02	2.412074e-01	1.381069e+00
1.197135e+00	2.866095e+02	3.556685e+02	1.449303e+03	2.412074e-01	1.381069e+00
1.197135e+00	2.866095e+02	3.556685e+02	6.054225e+02	9.145810e-02	1.381069e+00
1.106278e+00	2.776147e+02	3.556685e+02	6.054225e+02	2.412074e-01	1.085512e+00
1.106278e+00	2.776147e+02	3.556685e+02	1.449303e+03	9.145810e-02	1.085512e+00
1.106278e+00	2.776147e+02	8.220826e+02	6.054225e+02	9.145810e-02	1.085512e+00
1.106278e+00	2.776147e+02	8.220826e+02	1.449303e+03	2.412074e-01	1.085512e+00
1.197135e+00	2.866095e+02	8.220826e+02	1.449303e+03	9.145810e-02	1.381069e+00
1.106278e+00	2.776147e+02	8.220826e+02	1.449303e+03	9.145810e-02	1.085512e+00
1.314716e+00	2.982500e+02	9.404924e+01	1.407723e+03	4.847548e-01	2.277788e+00
1.314716e+00	2.982500e+02	5.136197e+02	1.407723e+03	4.847548e-01	2.277788e+00
1.314716e+00	2.982500e+02	9.404924e+01	1.176363e+03	4.847548e-01	2.277788e+00
1.314716e+00	2.982500e+02	9.404924e+01	1.407723e+03	4.439595e-01	2.277788e+00
1.045290e+00	2.715769e+02	9.404924e+01	1.407723e+03	4.847548e-01	8.977234e-01
1.045290e+00	2.715769e+02	9.404924e+01	1.176363e+03	4.439595e-01	8.977234e-01
1.045290e+00	2.715769e+02	5.136197e+02	1.407723e+03	4.439595e-01	8.977234e-01
1.045290e+00	2.715769e+02	5.136197e+02	1.176363e+03	4.847548e-01	8.977234e-01
1.314716e+00	2.982500e+02	5.136197e+02	1.176363e+03	4.439595e-01	2.277788e+00
1.045290e+00	2.715769e+02	5.136197e+02	1.176363e+03	4.439595e-01	8.977234e-01
1.147810e-01	1.793544e+02	6.188904e+02	8.631739e+02	9.177893e-02	2.198089e-01
1.147810e-01	1.793544e+02	3.200949e+02	8.631739e+02	9.177893e-02	2.198089e-01
1.147810e-01	1.793544e+02	6.188904e+02	6.147943e+02	9.177893e-02	2.198089e-01
1.147810e-01	1.793544e+02	6.188904e+02	8.631739e+02	2.324148e-01	2.198089e-01
1.314716e+00	2.982500e+02	6.188904e+02	8.631739e+02	9.177893e-02	3.950352e+00
1.314716e+00	2.982500e+02	6.188904e+02	6.147943e+02	2.324148e-01	3.950352e+00
1.314716e+00	2.982500e+02	3.200949e+02	8.631739e+02	2.324148e-01	3.950352e+00
1.314716e+00	2.982500e+02	3.200949e+02	6.147943e+02	9.177893e-02	3.950352e+00
1.147810e-01	1.793544e+02	3.200949e+02	6.147943e+02	2.324148e-01	2.198089e-01
1.314716e+00	2.982500e+02	3.200949e+02	6.147943e+02	2.324148e-01	3.950352e+00
6.763024e-01	2.350471e+02	6.461009e+02	1.322323e+03	1.818517e-01	5.686275e-01
6.763024e-01	2.350471e+02	4.611446e+02	1.322323e+03	1.818517e-01	5.686275e-01
6.763024e-01	2.350471e+02	6.461009e+02	9.096835e+02	1.818517e-01	5.686275e-01
6.763024e-01	2.350471e+02	6.461009e+02	1.322323e+03	4.423548e-01	5.686275e-01
2.251582e-01	1.902817e+02	6.461009e+02	1.322323e+03	1.818517e-01	3.046711e-01
2.251582e-01	1.902817e+02	6.461009e+02	9.096835e+02	4.423548e-01	3.046711e-01
2.251582e-01	1.902817e+02	4.611446e+02	1.322323e+03	4.423548e-01	3.046711e-01
2.251582e-01	1.902817e+02	4.611446e+02	9.096835e+02	1.818517e-01	3.046711e-01
6.763024e-01	2.350471e+02	4.611446e+02	9.096835e+02	4.423548e-01	5.686275e-01
2.251582e-01	1.902817e+02	4.611446e+02	9.096835e+02	4.423548e-01	3.046711e-01
1.314716e+00	2.982500e+02	1.756462e+02	8.988600e+02	3.516157e-01	2.988973e+00
1.314716e+00	2.982500e+02	6.544553e+02	8.988600e+02	3.516157e-01	2.988973e+00
1.314716e+00	2.982500e+02	1.756462e+02	1.346253e+03	3.516157e-01	2.988973e+00
1.314716e+00	2.982500e+02	1.756462e+02	8.988600e+02	2.063097e-01	2.988973e+00
1.314716e+00	2.982500e+02	1.756462e+02	8.988600e+02	3.516157e-01	3.357298e+00
1.314716e+00	2.982500e+02	1.756462e+02	1.346253e+03	2.063097e-01	3.357298e+00
1.314716e+00	2.982500e+02	6.544553e+02	8.988600e+02	2.063097e-01	3.357298e+00
1.314716e+00	2.982500e+02	6.544553e+02	1.346253e+03	3.516157e-01	3.357298e+00
1.314716e+00	2.982500e+02	6.544553e+02	1.346253e+03	2.063097e-01	2.988973e+00
1.314716e+00	2.982500e+02	6.544553e+02	1.346253e+03	2.063097e-01	3.357298e+00
1.314716e+00	2.982500e+02	3.833676e+02	1.080197e+03	1.343797e-01	1.901178e+00
1.314716e+00	2.982500e+02	9.620636e+02	1.080197e+03	1.343797e-01	1.901178e+00
1.314716e+00	2.982500e+02	3.833676e+02	1.025507e+03	1.343797e-01	1.901178e+00
1.314716e+00	2.982500e+02	3.833676e+02	1.080197e+03	3.583246e-01	1.901178e+00
1.314716e+00	2.982500e+02	3.833676e+02	1.080197e+03	1.343797e-01	2.678491e+00
1.314716e+00	2.982500e+02	3.833676e+02	1.025507e+03	3.583246e-01	2.678491e+00
1.314716e+00	2.982500e+02	9.620636e+02	1.080197e+03	3.583246e-01	2.678491e+00
1.314716e+00	2.982500e+02	9.620636e+02	1.025507e+03	1.343797e-01	2.678491e+00
1.314716e+00	2.982500e+02	9.620636e+02	1.025507e+03	3.583246e-01	1.901178e+00
1.314716e+00	2.982500e+02	9.620636e+02	1.025507e+03	3.583246e-01	2.678491e+00
1.314716e+00	2.982500e+02	9.081326e+02	6.254844e+02	4.166623e-01	3.588927e+00
1.314716e+00	2.982500e+02	1.448800e+02	6.254844e+02	4.166623e-01	3.588927e+00
1.314716e+00	2.982500e+02	9.081326e+02	7.139080e+02	4.166623e-01	3.588927e+00
1.314716e+00	2.982500e+02	9.081326e+02	6.254844e+02	1.216280e-01	3.588927e+00
1.371869e+00	3.039081e+02	9.081326e+02	6.254844e+02	4.166623e-01	1.741153e+00
1.371869e+00	3.039081e+02	9.081326e+02	7.139080e+02	1.216280e-01	1.741153e+00
1.371869e+00	3.039081e+02	1.448800e+02	6.254844e+02	1.216280e-01	1.741153e+00
1.371869e+00	3.039081e+02	1.448800e+02	7.139080e+02	4.166623e-01	1.741153e+00
1.314716e+00	2.982500e+02	1.448800e+02	7.139080e+02	1.216280e-01	3.588927e+00
1.371869e+00	3.039081e+02	1.448800e+02	7.139080e+02	1.216280e-01	1.741153e+00
1.314716e+00	2.982500e+02	9.711285e+02	1.457408e+03	1.083419e-01	2.658415e+00
1.314716e+00	2.982500e+02	8.104011e+02	1.457408e+03	1.083419e-01	2.658415e+00
1.314716e+00	2.982500e+02	9.711285e+02	5.169674e+02	1.083419e-01	2.658415e+00
1.314716e+00	2.982500e+02	9.711285e+02	1.457408e+03	4.028363e-01	2.658415e+00
4.552861e-02	1.724984e+02	9.711285e+02	1.457408e+03	1.083419e-01	1.814988e-01
4.552861e-02	1.724984e+02	9.711285e+02	5.169674e+02	4.028363e-01	1.814988e-01
4.552861e-02	1.724984e+02	8.104011e+02	1.457408e+03	4.028363e-01	1.814988e-01
4.552861e-02	1.724984e+02	8.104011e+02	5.169674e+02	1.083419e-01	1.814988e-01
1.314716e+00	2.982500e+02	8.104011e+02	5.169674e+02	4.028363e-01	2.658415e+00
4.552861e-02	1.724984e+02	8.104011e+02	5.169674e+02	4.028363e-01	1.814988e-01
1.030188e+00	2.700818e+02	4.423202e+02	7.558714e+02	3.904051e-01	8.376870e-01
1.030188e+00	2.700818e+02	1.178807e+02	7.558714e+02	3.904051e-01	8.376870e-01
1.030188e+00	2.700818e+02	4.423202e+02	1.203414e+03	3.904051e-01	8.376870e-01
1.030188e+00	2.700818e+02	4.423202e+02	7.558714e+02	1.895338e-01	8.376870e-01
1.314716e+00	2.982500e+02	4.423202e+02	7.558714e+02	3.904051e-01	3.238515e+00
1.314716e+00	2.982500e+02	4.423202e+02	1.203414e+03	1.895338e-01	3.238515e+00
1.314716e+00	2.982500e+02	1.178807e+02	7.558714e+02	1.895338e-01	3.238515e+00
1.314716e+00	2.982500e+02	1.178807e+02	1.203414e+03	3.904051e-01	3.238515e+00
1.030188e+00	2.700818e+02	1.178807e+02	1.203414e+03	1.895338e-01	8.376870e-01
1.314716e+00	2.982500e+02	1.178807e+02	1.203414e+03	1.895338e-01	3.238515e+00
1.314716e+00	2.982500e+02	2.358371e+02	1.199657e+03	2.085486e-01	3.804058e+00
1.314716e+00	2.982500e+02	3.006187e+02	1.199657e+03	2.085486e-01	3.804058e+00
1.314716e+00	2.982500e+02	2.358371e+02	1.414815e+03	2.085486e-01	3.804058e+00
1.314716e+00	2.982500e+02	2.358371e+02	1.199657e+03	3.750466e-01	3.804058e+00
1.314716e+00	2.982500e+02	2.358371e+02	1.199657e+03	2.085486e-01	2.797037e+00
1.314716e+00	2.982500e+02	2.358371e+02	1.414815e+03	3.750466e-01	2.797037e+00
1.314716e+00	2.982500e+02	3.006187e+02	1.199657e+03	3.750466e-01	2.797037e+00
1.314716e+00	2.982500e+02	3.006187e+02	1.414815e+03	2.085486e-01	2.797037e+00
1.314716e+00	2.982500e+02	3.006187e+02	1.414815e+03	3.750466e-01	3.804058e+00
1.314716e+00	2.982500e+02	3.006187e+02	1.414815e+03	3.750466e-01	2.797037e+00
1.371869e+00	3.039081e+02	7.098092e+02	5.293698e+02	3.780926e-01	1.749479e+00
1.371869e+00	3.039081e+02	6.190180e+02	5.293698e+02	3.780926e-01	1.749479e+00
1.371869e+00	3.039081e+02	7.098092e+02	8.533373e+02	3.780926e-01	1.749479e+00
1.371869e+00	3.039081e+02	7.098092e+02	5.293698e+02	1.610908e-01	1.749479e+00
1.314716e+00	2.982500e+02	7.098092e+02	5.293698e+02	3.780926e-01	1.864076e+00
1.314716e+00	2.982500e+02	7.098092e+02	8.533373e+02	1.610908e-01	1.864076e+00
1.314716e+00	2.982500e+02	6.190180e+02	5.293698e+02	1.610908e-01	1.864076e+00
1.314716e+00	2.982500e+02	6.190180e+02	8.533373e+02	3.780926e-01	1.864076e+00
1.371869e+00	3.039081e+02	6.190180e+02	8.533373e+02	1.610908e-01	1.749479e+00
1.314716e+00	2.982500e+02	6.190180e+02	8.533373e+02	1.610908e-01	1.864076e+00
1.230772e+00	2.899395e+02	5.579717e+02	1.039062e+03	4.549820e-01	1.026638e+00
1.230772e+00	2.899395e+02	7.285719e+02	1.039062e+03	4.549820e-01	1.026638e+00
1.230772e+00	2.899395e+02	5.579717e+02	6.873548e+02	4.549820e-01	1.026638e+00
1.230772e+00	2.899395e+02	5.579717e+02	1.039062e+03	2.886232e-01	1.026638e+00
1.314716e+00	2.982500e+02	5.579717e+02	1.039062e+03	4.549820e-01	2.390884e+00
1.314716e+00	2.982500e+02	5.579717e+02	6.873548e+02	2.886232e-01	2.390884e+00
1.314716e+00	2.982500e+02	7.285719e+02	1.039062e+03	2.886232e-01	2.390884e+00
1.314716e+00	2.982500e+02	7.285719e+02	6.873548e+02	4.549820e-01	2.390884e+00
1.230772e+00	2.899395e+02	7.285719e+02	6.873548e+02	2.886232e-01	1.026638e+00
1.314716e+00	2.982500e+02	7.285719e+02	6.873548e+02	2.886232e-01	2.390884e+00
1.314716e+00	2.982500e+02	2.911759e+01	7.398606e+02	6.222558e-02	3.466971e+00
1.314716e+00	2.982500e+02	4.103867e+02	7.398606e+02	6.222558e-02	3.466971e+00
1.314716e+00	2.982500e+02	2.911759e+01	1.123832e+03	6.222558e-02	3.466971e+00
1.314716e+00	2.982500e+02	2.911759e+01	7.398606e+02	5.016881e-02	3.466971e+00
1.176741e+00	2.845905e+02	2.911759e+01	7.398606e+02	6.222558e-02	1.457926e+00
1.176741e+00	2.845905e+02	2.911759e+01	1.123832e+03	5.016881e-02	1.457926e+00
1.176741e+00	2.845905e+02	4.103867e+02	7.398606e+02	5.016881e-02	1.457926e+00
1.176741e+00	2.845905e+02	4.103867e+02	1.123832e+03	6.222558e-02	1.457926e+00
1.314716e+00	2.982500e+02	4.103867e+02	1.123832e+03	5.016881e-02	3.466971e+00
1.176741e+00	2.845905e+02	4.103867e+02	1.123832e+03	5.016881e-02	1.457926e+00
4.427552e-01	2.118052e+02	2.899935e+02	1.312439e+03	3.266435e-01	4.422401e-01
4.427552e-01	2.118052e+02	2.267961e+02	1.312439e+03	3.266435e-01	4.422401e-01
4.427552e-01	2.118052e+02	2.899935e+02	1.256117e+03	3.266435e-01	4.422401e-01
4.427552e-01	2.118052e+02	2.899935e+02	1.312439e+03	4.851947e-01	4.422401e-01
4.981272e-01	2.174077e+02	2.899935e+02	1.312439e+03	3.266435e-01	5.255509e-01
4.981272e-01	2.174077e+02	2.899935e+02	1.256117e+03	4.851947e-01	5.255509e-01
4.981272e-01	2.174077e+02	2.267961e+02	1.312439e+03	4.851947e-01	5.255509e-01
4.981272e-01	2.174077e+02	2.267961e+02	1.256117e+03	3.266435e-01	5.255509e-01
4.427552e-01	2.118052e+02	2.267961e+02	1.256117e+03	4.851947e-01	4.422401e-01
4.981272e-01	2.174077e+02	2.267961e+02	1.256117e+03	4.851947e-01	5.255509e-01
1.314716e+00	2.982500e+02	7.639199e+02	9.819879e+02	2.714199e-01	2.118804e+00
1.314716e+00	2.982500e+02	9.191042e+02	9.819879e+02	2.714199e-01	2.118804e+00
1.314716e+00	2.982500e+02	7.639199e+02	9.446691e+02	2.714199e-01	2.118804e+00
1.314716e+00	2.982500e+02	7.639199e+02	9.819879e+02	2.473917e-01	2.118804e+00
1.314716e+00	2.982500e+02	7.639199e+02	9.819879e+02	2.714199e-01	3.582565e+00
1.314716e+00	2.982500e+02	7.639199e+02	9.446691e+02	2.473917e-01	3.582565e+00
1.314716e+00	2.982500e+02	9.191042e+02	9.819879e+02	2.473917e-01	3.582565e+00
1.314716e+00	2.982500e+02	9.191042e+02	9.446691e+02	2.714199e-01	3.582565e+00
1.314716e+00	2.982500e+02	9.191042e+02	9.446691e+02	2.473917e-01	2.118804e+00
1.314716e+00	2.982500e+02	9.191042e+02	9.446691e+02	2.473917e-01	3.582565e+00
1.314716e+00	2.982500e+02	8.039129e+02	1.276585e+03	4.100480e-01	1.877429e+00
1.314716e+00	2.982500e+02	3.537119e+02	1.276585e+03	4.100480e-01	1.877429e+00
1.314716e+00	2.982500e+02	8.039129e+02	1.065648e+03	4.100480e-01	1.877429e+00
1.314716e+00	2.982500e+02	8.039129e+02	1.276585e+03	9.592020e-02	1.877429e+00
8.921787e-01	2.564188e+02	8.039129e+02	1.276585e+03	4.100480e-01	6.902413e-01
8.921787e-01	2.564188e+02	8.039129e+02	1.065648e+03	9.592020e-02	6.902413e-01
8.921787e-01	2.564188e+02	3.537119e+02	1.276585e+03	9.592020e-02	6.902413e-01
8.921787e-01	2.564188e+02	3.537119e+02	1.065648e+03	4.100480e-01	6.902413e-01
1.314716e+00	2.982500e+02	3.537119e+02	1.065648e+03	9.592020e-02	1.877429e+00
8.921787e-01	2.564188e+02	3.537119e+02	1.065648e+03	9.592020e-02	6.902413e-01
1.314716e+00	2.982500e+02	2.675610e+02	9.466277e+02	1.278138e-01	3.675012e+00
1.314716e+00	2.982500e+02	5.355597e+02	9.466277e+02	1.278138e-01	3.675012e+00
1.314716e+00	2.982500e+02	2.675610e+02	6.271250e+02	1.278138e-01	3.675012e+00
1.314716e+00	2.982500e+02	2.675610e+02	9.466277e+02	3.273434e-01	3.675012e+00
1.314716e+00	2.982500e+02	2.675610e+02	9.466277e+02	1.278138e-01	3.742920e+00
1.314716e+00	2.982500e+02	2.675610e+02	6.271250e+02	3.273434e-01	3.742920e+00
1.314716e+00	2.982500e+02	5.355597e+02	9.466277e+02	3.273434e-01	3.742920e+00
1.314716e+00	2.982500e+02	5.355597e+02	6.271250e+02	1.278138e-01	3.742920e+00
1.314716e+00	2.982500e+02	5.355597e+02	6.271250e+02	3.273434e-01	3.675012e+00
1.314716e+00	2.982500e+02	5.355597e+02	6.271250e+02	3.273434e-01	3.742920e+00
1.106792e+00	2.776656e+02	3.789196e+01	1.003087e+03	3.731161e-01	7.163218e-01
1.070692e+00	2.740917e+02	8.509640e+02	1.003087e+03	3.731161e-01	7.163218e-01
1.106792e+00	2.776656e+02	3.789196e+01	9.947650e+02	3.731161e-01	7.163218e-01
1.106792e+00	2.776656e+02	3.789196e+01	1.003087e+03	2.368519e-01	7.163218e-01
1.314716e+00	2.982500e+02	3.789196e+01	1.003087e+03	3.731161e-01	2.292662e+00
1.314716e+00	2.982500e+02	3.789196e+01	9.947650e+02	2.368519e-01	2.292662e+00
1.314716e+00	2.982500e+02	8.509640e+02	1.003087e+03	2.368519e-01	2.292662e+00
1.314716e+00	2.982500e+02	8.509640e+02	9.947650e+02	3.731161e-01	2.292662e+00
1.070692e+00	2.740917e+02	8.509640e+02	9.947650e+02	2.368519e-01	7.163218e-01
1.314716e+00	2.982500e+02	8.509640e+02	9.947650e+02	2.368519e-01	2.292662e+00
1.314716e+00	2.982500e+02	5.043204e+02	7.043799e+02	2.034143e-01	2.778928e+00
1.314716e+00	2.982500e+02	4.524522e+01	7.043799e+02	2.034143e-01	2.778928e+00
1.314716e+00	2.982500e+02	5.043204e+02	1.308317e+03	2.034143e-01	2.778928e+00
1.314716e+00	2.982500e+02	5.043204e+02	7.043799e+02	4.676236e-01	2.778928e+00
1.197135e+00	2.866095e+02	5.043204e+02	7.043799e+02	2.034143e-01	1.355303e+00
1.197135e+00	2.866095e+02	5.043204e+02	1.308317e+03	4.676236e-01	1.355303e+00
1.197135e+00	2.866095e+02	4.524522e+01	7.043799e+02	4.676236e-01	1.355303e+00
1.197135e+00	2.866095e+02	4.524522e+01	1.308317e+03	2.034143e-01	1.355303e+00
1.314716e+00	2.982500e+02	4.524522e+01	1.308317e+03	4.676236e-01	2.778928e+00
1.197135e+00	2.866095e+02	4.524522e+01	1.308317e+03	4.676236e-01	1.355303e+00
1.314716e+00	2.982500e+02	7.342081e+02	1.227189e+03	7.021935e-02	2.488564e+00
1.314716e+00	2.982500e+02	1.862635e+02	1.227189e+03	7.021935e-02	2.488564e+00
1.314716e+00	2.982500e+02	7.342081e+02	1.232175e+03	7.021935e-02	2.488564e+00
1.314716e+00	2.982500e+02	7.342081e+02	1.227189e+03	2.001152e-01	2.488564e+00
1.314716e+00	2.982500e+02	7.342081e+02	1.227189e+03	7.021935e-02	2.884131e+00
1.314716e+00	2.982500e+02	7.342081e+02	1.232175e+03	2.001152e-01	2.884131e+00
1.314716e+00	2.982500e+02	1.862635e+02	1.227189e+03	2.001152e-01	2.884131e+00
1.314716e+00	2.982500e+02	1.862635e+02	1.232175e+03	7.021935e-02	2.884131e+00
1.314716e+00	2.982500e+02	1.862635e+02	1.232175e+03	2.001152e-01	2.488564e+00
1.314716e+00	2.982500e+02	1.862635e+02	1.232175e+03	2.001152e-01	2.884131e+00
4.581325e-02	1.725266e+02	1.977800e+02	5.573956e+02	4.632446e-01	7.138403e-02
4.581325e-02	1.725266e+02	9.917091e+02	5.573956e+02	4.632446e-01	7.138403e-02
4.581325e-02	1.725266e+02	1.977800e+02	5.436215e+02	4.632446e-01	7.138403e-02
4.581325e-02	1.725266e+02	1.977800e+02	5.573956e+02	4.204490e-01	7.138403e-02
1.314716e+00	2.982500e+02	1.977800e+02	5.573956e+02	4.632446e-01	1.946775e+00
1.314716e+00	2.982500e+02	1.977800e+02	5.436215e+02	4.204490e-01	1.946775e+00
1.314716e+00	2.982500e+02	9.917091e+02	5.573956e+02	4.204490e-01	1.946775e+00
1.314716e+00	2.982500e+02	9.917091e+02	5.436215e+02	4.632446e-01	1.946775e+00
4.581325e-02	1.725266e+02	9.917091e+02	5.436215e+02	4.204490e-01	7.138403e-02
1.314716e+00	2.982500e+02	9.917091e+02	5.436215e+02	4.204490e-01	1.946775e+00
1.314716e+00	2.982500e+02	4.979379e+02	1.485062e+03	2.477694e-01	3.088669e+00
1.314716e+00	2.982500e+02	6.754483e+02	1.485062e+03	2.477694e-01	3.088669e+00
1.314716e+00	2.982500e+02	4.979379e+02	8.321752e+02	2.477694e-01	3.088669e+00
1.314716e+00	2.982500e+02	4.979379e+02	1.485062e+03	1.154085e-01	3.088669e+00
4.581325e-02	1.725266e+02	4.979379e+02	1.485062e+03	2.477694e-01	3.667158e-02
4.581325e-02	1.725266e+02	4.979379e+02	8.321752e+02	1.154085e-01	3.667158e-02
4.581325e-02	1.725266e+02	6.754483e+02	1.485062e+03	1.154085e-01	3.667158e-02
4.581325e-02	1.725266e+02	6.754483e+02	8.321752e+02	2.477694e-01	3.667158e-02
1.314716e+00	2.982500e+02	6.754483e+02	8.321752e+02	1.154085e-01	3.088669e+00
4.581325e-02	1.725266e+02	6.754483e+02	8.321752e+02	1.154085e-01	3.667158e-02
1.197135e+00	2.866095e+02	9.642901e+02	7.840188e+02	3.032760e-01	1.404087e+00
1.197135e+00	2.866095e+02	4.938756e+02	7.840188e+02	3.032760e-01	1.404087e+00
1.197135e+00	2.866095e+02	9.642901e+02	1.395697e+03	3.032760e-01	1.404087e+00
1.197135e+00	2.866095e+02	9.642901e+02	7.840188e+02	3.363955e-01	1.404087e+00
1.314716e+00	2.982500e+02	9.642901e+02	7.840188e+02	3.032760e-01	3.089348e+00
1.314716e+00	2.982500e+02	9.642901e+02	1.395697e+03	3.363955e-01	3.089348e+00
1.314716e+00	2.982500e+02	4.938756e+02	7.840188e+02	3.363955e-01	3.089348e+00
1.314716e+00	2.982500e+02	4.938756e+02	1.395697e+03	3.032760e-01	3.089348e+00
1.197135e+00	2.866095e+02	4.938756e+02	1.395697e+03	3.363955e-01	1.404087e+00
1.314716e+00	2.982500e+02	4.938756e+02	1.395697e+03	3.363955e-01	3.089348e+00
3.091639e-01	1.985796e+02	8.993621e+02	1.116004e+03	2.217319e-01	3.410524e-01
3.091639e-01	1.985796e+02	5.862552e+02	1.116004e+03	2.217319e-01	3.410524e-01
3.091639e-01	1.985796e+02	8.993621e+02	1.343158e+03	2.217319e-01	3.410524e-01
3.091639e-01	1.985796e+02	8.993621e+02	1.116004e+03	1.676312e-01	3.410524e-01
1.314716e+00	2.982500e+02	8.993621e+02	1.116004e+03	2.217319e-01	2.527180e+00
1.314716e+00	2.982500e+02	8.993621e+02	1.343158e+03	1.676312e-01	2.527180e+00
1.314716e+00	2.982500e+02	5.862552e+02	1.116004e+03	1.676312e-01	2.527180e+00
1.314716e+00	2.982500e+02	5.862552e+02	1.343158e+03	2.217319e-01	2.527180e+00
3.091639e-01	1.985796e+02	5.862552e+02	1.343158e+03	1.676312e-01	3.410524e-01
1.314716e+00	2.982500e+02	5.862552e+02	1.343158e+03	1.676312e-01	2.527180e+00
1.314716e+00	2.982500e+02	4.370151e+02	6.607973e+02	2.770185e-01	2.157640e+00
1.314716e+00	2.982500e+02	2.795319e+02	6.607973e+02	2.770185e-01	2.157640e+00
1.314716e+00	2.982500e+02	4.370151e+02	9.047277e+02	2.770185e-01	2.157640e+00
1.314716e+00	2.982500e+02	4.370151e+02	6.607973e+02	3.966451e-01	2.157640e+00
1.170704e+00	2.839928e+02	4.370151e+02	6.607973e+02	2.770185e-01	1.594209e+00
1.170704e+00	2.839928e+02	4.370151e+02	9.047277e+02	3.966451e-01	1.594209e+00
1.170704e+00	2.839928e+02	2.795319e+02	6.607973e+02	3.966451e-01	1.594209e+00
1.170704e+00	2.839928e+02	2.795319e+02	9.047277e+02	2.770185e-01	1.594209e+00
1.314716e+00	2.982500e+02	2.795319e+02	9.047277e+02	3.966451e-01	2.157640e+00
1.170704e+00	2.839928e+02	2.795319e+02	9.047277e+02	3.966451e-01	1.594209e+00
1.225438e+00	2.894115e+02	1.356570e+02	1.358253e+03	9.691599e-02	1.252753e+00
1.225438e+00	2.894115e+02	8.814500e+01	1.358253e+03	9.691599e-02	1.252753e+00
1.225438e+00	2.894115e+02	1.356570e+02	7.255794e+02	9.691599e-02	1.252753e+00
1.225438e+00	2.894115e+02	1.356570e+02	1.358253e+03	1.391583e-01	1.252753e+00
3.300531e-01	2.006477e+02	1.356570e+02	1.358253e+03	9.691599e-02	3.889959e-01
3.300531e-01	2.006477e+02	1.356570e+02	7.255794e+02	1.391583e-01	3.889959e-01
2.937794e-01	1.970566e+02	8.814500e+01	1.358253e+03	1.391583e-01	3.889959e-01
2.937794e-01	1.970566e+02	8.814500e+01	7.255794e+02	9.691599e-02	3.889959e-01
1.225438e+00	2.894115e+02	8.814500e+01	7.255794e+02	1.391583e-01	1.252753e+00
2.937794e-01	1.970566e+02	8.814500e+01	7.255794e+02	1.391583e-01	3.889959e-01
1.314716e+00	2.982500e+02	6.685296e+02	9.342964e+02	4.897218e-01	3.303192e+00
1.314716e+00	2.982500e+02	7.689893e+02	9.342964e+02	4.897218e-01	3.303192e+00
1.314716e+00	2.982500e+02	6.685296e+02	1.038980e+03	4.897218e-01	3.303192e+00
1.314716e+00	2.982500e+02	6.685296e+02	9.342964e+02	3.688236e-01	3.303192e+00
1.314716e+00	2.982500e+02	6.685296e+02	9.342964e+02	4.897218e-01	3.446054e+00
1.314716e+00	2.982500e+02	6.685296e+02	1.038980e+03	3.688236e-01	3.446054e+00
1.314716e+00	2.982500e+02	7.689893e+02	9.342964e+02	3.688236e-01	3.446054e+00
1.314716e+00	2.982500e+02	7.689893e+02	1.038980e+03	4.897218e-01	3.446054e+00
1.314716e+00	2.982500e+02	7.689893e+02	1.038980e+03	3.688236e-01	3.303192e+00
1.314716e+00	2.982500e+02	7.689893e+02	1.038980e+03	3.688236e-01	3.446054e+00
1.314716e+00	2.982500e+02	5.632765e+02	1.380207e+03	3.433430e-01	3.967594e+00
1.314716e+00	2.982500e+02	8.785747e+02	1.380207e+03	3.433430e-01	3.967594e+00
1.314716e+00	2.982500e+02	5.632765e+02	1.486217e+03	3.433430e-01	3.967594e+00
1.314716e+00	2.982500e+02	5.632765e+02	1.380207e+03	7.385960e-02	3.967594e+00
1.014400e+00	2.685187e+02	5.632765e+02	1.380207e+03	3.433430e-01	7.933218e-01
1.014400e+00	2.685187e+02	5.632765e+02	1.486217e+03	7.385960e-02	7.933218e-01
1.014400e+00	2.685187e+02	8.785747e+02	1.380207e+03	7.385960e-02	7.933218e-01
1.014400e+00	2.685187e+02	8.785747e+02	1.486217e+03	3.433430e-01	7.933218e-01
1.314716e+00	2.982500e+02	8.785747e+02	1.486217e+03	7.385960e-02	3.967594e+00
1.014400e+00	2.685187e+02	8.785747e+02	1.486217e+03	7.385960e-02	7.933218e-01
1.170704e+00	2.839928e+02	1.008838e+02	8.351638e+02	1.738612e-01	1.523607e+00
1.170704e+00	2.839928e+02	1.980036e+02	8.351638e+02	1.738612e-01	1.523607e+00
1.170704e+00	2.839928e+02	1.008838e+02	7.978171e+02	1.738612e-01	1.523607e+00
1.170704e+00	2.839928e+02	1.008838e+02	8.351638e+02	2.930888e-01	1.523607e+00
1.314716e+00	2.982500e+02	1.008838e+02	8.351638e+02	1.738612e-01	3.850378e+00
1.314716e+00	2.982500e+02	1.008838e+02	7.978171e+02	2.930888e-01	3.850378e+00
1.314716e+00	2.982500e+02	1.980036e+02	8.351638e+02	2.930888e-01	3.850378e+00
1.314716e+00	2.982500e+02	1.980036e+02	7.978171e+02	1.738612e-01	3.850378e+00
1.170704e+00	2.839928e+02	1.980036e+02	7.978171e+02	2.930888e-01	1.523607e+00
1.314716e+00	2.982500e+02	1.980036e+02	7.978171e+02	2.930888e-01	3.850378e+00
1.314716e+00	2.982500e+02	3.312734e+02	1.153583e+03	4.400408e-01	2.619335e+00
1.314716e+00	2.982500e+02	3.885397e+02	1.153583e+03	4.400408e-01	2.619335e+00
1.314716e+00	2.982500e+02	3.312734e+02	5.707717e+02	4.400408e-01	2.619335e+00
1.314716e+00	2.982500e+02	3.312734e+02	1.153583e+03	2.710525e-01	2.619335e+00
1.314716e+00	2.982500e+02	3.312734e+02	1.153583e+03	4.400408e-01	2.185442e+00
1.314716e+00	2.982500e+02	3.312734e+02	5.707717e+02	2.710525e-01	2.185442e+00
1.314716e+00	2.982500e+02	3.885397e+02	1.153583e+03	2.710525e-01	2.185442e+00
1.314716e+00	2.982500e+02	3.885397e+02	5.707717e+02	4.400408e-01	2.185442e+00
1.314716e+00	2.982500e+02	3.885397e+02	5.707717e+02	2.710525e-01	2.619335e+00
1.314716e+00	2.982500e+02	3.885397e+02	5.707717e+02	2.710525e-01	2.185442e+00
1.266602e+00	2.934868e+02	8.641003e+02	5.772899e+02	1.580261e-01	9.391182e-01
1.266602e+00	2.934868e+02	6.949879e+02	5.772899e+02	1.580261e-01	9.391182e-01
1.266602e+00	2.934868e+02	8.641003e+02	1.134203e+03	1.580261e-01	9.391182e-01
1.266602e+00	2.934868e+02	8.641003e+02	5.772899e+02	4.896285e-01	9.391182e-01
1.225438e+00	2.894115e+02	8.641003e+02	5.772899e+02	1.580261e-01	1.252472e+00
1.225438e+00	2.894115e+02	8.641003e+02	1.134203e+03	4.896285e-01	1.252472e+00
1.225438e+00	2.894115e+02	6.949879e+02	5.772899e+02	4.896285e-01	1.252472e+00
1.225438e+00	2.894115e+02	6.949879e+02	1.134203e+03	1.580261e-01	1.252472e+00
1.266602e+00	2.934868e+02	6.949879e+02	1.134203e+03	4.896285e-01	9.391182e-01
1.225438e+00	2.894115e+02	6.949879e+02	1.134203e+03	4.896285e-01	1.252472e+00
1.314716e+00	2.982500e+02	8.750490e+02	1.089795e+03	4.259762e-01	2.186602e+00
1.314716e+00	2.982500e+02	8.139576e+02	1.089795e+03	4.259762e-01	2.186602e+00
1.314716e+00	2.982500e+02	8.750490e+02	1.378767e+03	4.259762e-01	2.186602e+00
1.314716e+00	2.982500e+02	8.750490e+02	1.089795e+03	4.339286e-01	2.186602e+00
1.197135e+00	2.866095e+02	8.750490e+02	1.089795e+03	4.259762e-01	1.331676e+00
1.197135e+00	2.866095e+02	8.750490e+02	1.378767e+03	4.339286e-01	1.331676e+00
1.197135e+00	2.866095e+02	8.139576e+02	1.089795e+03	4.339286e-01	1.331676e+00
1.197135e+00	2.866095e+02	8.139576e+02	1.378767e+03	4.259762e-01	1.331676e+00
1.314716e+00	2.982500e+02	8.139576e+02	1.378767e+03	4.339286e-01	2.186602e+00
1.197135e+00	2.866095e+02	8.139576e+02	1.378767e+03	4.339286e-01	1.331676e+00
2.500164e-01	1.927240e+02	3.383960e+02	6.343481e+02	1.439658e-01	3.733768e-01
2.500164e-01	1.927240e+02	1.189722e+01	6.343481e+02	1.439658e-01	3.733768e-01
2.500164e-01	1.927240e+02	3.383960e+02	8.152452e+02	1.439658e-01	3.733768e-01
2.500164e-01	1.927240e+02	3.383960e+02	6.343481e+02	2.146935e-01	3.733768e-01
1.314716e+00	2.982500e+02	3.383960e+02	6.343481e+02	1.439658e-01	2.268557e+00
1.314716e+00	2.982500e+02	3.383960e+02	8.152452e+02	2.146935e-01	2.268557e+00
1.314716e+00	2.982500e+02	1.189722e+01	6.343481e+02	2.146935e-01	2.268557e+00
1.314716e+00	2.982500e+02	1.189722e+01	8.152452e+02	1.439658e-01	2.268557e+00
2.500164e-01	1.927240e+02	1.189722e+01	8.152452e+02	2.146935e-01	3.733768e-01
1.314716e+00	2.982500e+02	1.189722e+01	8.152452e+02	2.146935e-01	2.268557e+00
1.314716e+00	2.982500e+02	1.075718e+02	1.316297e+03	3.574084e-01	3.269841e+00
1.314716e+00	2.982500e+02	3.287687e+02	1.316297e+03	3.574084e-01	3.269841e+00
1.314716e+00	2.982500e+02	1.075718e+02	5.568886e+02	3.574084e-01	3.269841e+00
1.314716e+00	2.982500e+02	1.075718e+02	1.316297e+03	3.492297e-01	3.269841e+00
1.314716e+00	2.982500e+02	1.075718e+02	1.316297e+03	3.574084e-01	3.705648e+00
1.314716e+00	2.982500e+02	1.075718e+02	5.568886e+02	3.492297e-01	3.705648e+00
1.314716e+00	2.982500e+02	3.287687e+02	1.316297e+03	3.492297e-01	3.705648e+00
1.314716e+00	2.982500e+02	3.287687e+02	5.568886e+02	3.574084e-01	3.705648e+00
1.314716e+00	2.982500e+02	3.287687e+02	5.568886e+02	3.492297e-01	3.269841e+00
1.314716e+00	2.982500e+02	3.287687e+02	5.568886e+02	3.492297e-01	3.705648e+00
1.225438e+00	2.894115e+02	5.736992e+02	8.921002e+02	1.879206e-01	1.222886e+00
1.225438e+00	2.894115e+02	5.059825e+02	8.921002e+02	1.879206e-01	1.222886e+00
1.225438e+00	2.894115e+02	5.736992e+02	1.245442e+03	1.879206e-01	1.222886e+00
1.225438e+00	2.894115e+02	5.736992e+02	8.921002e+02	1.306597e-01	1.222886e+00
7.470578e-01	2.420519e+02	5.736992e+02	8.921002e+02	1.879206e-01	6.525052e-01
7.470578e-01	2.420519e+02	5.736992e+02	1.245442e+03	1.306597e-01	6.525052e-01
7.470578e-01	2.420519e+02	5.059825e+02	8.921002e+02	1.306597e-01	6.525052e-01
7.470578e-01	2.420519e+02	5.059825e+02	1.245442e+03	1.879206e-01	6.525052e-01
1.225438e+00	2.894115e+02	5.059825e+02	1.245442e+03	1.306597e-01	1.222886e+00
7.470578e-01	2.420519e+02	5.059825e+02	1.245442e+03	1.306597e-01	6.525052e-01
1.170704e+00	2.839928e+02	6.638004e+02	1.414484e+03	8.284956e-02	1.559881e+00
1.170704e+00	2.839928e+02	6.459949e+02	1.414484e+03	8.284956e-02	1.559881e+00
1.170704e+00	2.839928e+02	6.638004e+02	1.294302e+03	8.284956e-02	1.559881e+00
1.170704e+00	2.839928e+02	6.638004e+02	1.414484e+03	3.120252e-01	1.559881e+00
1.314716e+00	2.982500e+02	6.638004e+02	1.414484e+03	8.284956e-02	3.112474e+00
1.314716e+00	2.982500e+02	6.638004e+02	1.294302e+03	3.120252e-01	3.112474e+00
1.314716e+00	2.982500e+02	6.459949e+02	1.414484e+03	3.120252e-01	3.112474e+00
1.314716e+00	2.982500e+02	6.459949e+02	1.294302e+03	8.284956e-02	3.112474e+00
1.170704e+00	2.839928e+02	6.459949e+02	1.294302e+03	3.120252e-01	1.559881e+00
1.314716e+00	2.982500e+02	6.459949e+02	1.294302e+03	3.120252e-01	3.112474e+00
1.314716e+00	2.982500e+02	1.271930e+02	8.692004e+02	4.756631e-01	3.992590e+00
1.314716e+00	2.982500e+02	4.685684e+02	8.692004e+02	4.756631e-01	3.992590e+00
1.314716e+00	2.982500e+02	1.271930e+02	9.807499e+02	4.756631e-01	3.992590e+00
1.314716e+00	2.982500e+02	1.271930e+02	8.692004e+02	8.301906e-02	3.992590e+00
4.581325e-02	1.725266e+02	1.271930e+02	8.692004e+02	4.756631e-01	5.932903e-02
4.581325e-02	1.725266e+02	1.271930e+02	9.807499e+02	8.301906e-02	5.932903e-02
4.581325e-02	1.725266e+02	4.685684e+02	8.692004e+02	8.301906e-02	5.932903e-02
4.581325e-02	1.725266e+02	4.685684e+02	9.807499e+02	4.756631e-01	5.932903e-02
1.314716e+00	2.982500e+02	4.685684e+02	9.807499e+02	8.301906e-02	3.992590e+00
4.581325e-02	1.725266e+02	4.685684e+02	9.807499e+02	8.301906e-02	5.932903e-02
1.045290e+00	2.715769e+02	4.280099e+02	1.172357e+03	2.357992e-01	9.130790e-01
1.045290e+00	2.715769e+02	1.527916e+02	1.172357e+03	2.357992e-01	9.130790e-01
1.045290e+00	2.715769e+02	4.280099e+02	6.452907e+02	2.357992e-01	9.130790e-01
1.045290e+00	2.715769e+02	4.280099e+02	1.172357e+03	4.530058e-01	9.130790e-01
1.314716e+00	2.982500e+02	4.280099e+02	1.172357e+03	2.357992e-01	1.987438e+00
1.314716e+00	2.982500e+02	4.280099e+02	6.452907e+02	4.530058e-01	1.987438e+00
1.314716e+00	2.982500e+02	1.527916e+02	1.172357e+03	4.530058e-01	1.987438e+00
1.314716e+00	2.982500e+02	1.527916e+02	6.452907e+02	2.357992e-01	1.987438e+00
1.045290e+00	2.715769e+02	1.527916e+02	6.452907e+02	4.530058e-01	9.130790e-01
1.314716e+00	2.982500e+02	1.527916e+02	6.452907e+02	4.530058e-01	1.987438e+00
1.314716e+00	2.982500e+02	8.941830e+02	5.958236e+02	2.910764e-01	2.582140e+00
1.314716e+00	2.982500e+02	9.550666e+02	5.958236e+02	2.910764e-01	2.582140e+00
1.314716e+00	2.982500e+02	8.941830e+02	1.083814e+03	2.910764e-01	2.582140e+00
1.314716e+00	2.982500e+02	8.941830e+02	5.958236e+02	2.233328e-01	2.582140e+00
1.314716e+00	2.982500e+02	8.941830e+02	5.958236e+02	2.910764e-01	2.924320e+00
1.314716e+00	2.982500e+02	8.941830e+02	1.083814e+03	2.233328e-01	2.924320e+00
1.314716e+00	2.982500e+02	9.550666e+02	5.958236e+02	2.233328e-01	2.924320e+00
1.314716e+00	2.982500e+02	9.550666e+02	1.083814e+03	2.910764e-01	2.924320e+00
1.314716e+00	2.982500e+02	9.550666e+02	1.083814e+03	2.233328e-01	2.582140e+00
1.314716e+00	2.982500e+02	9.550666e+02	1.083814e+03	2.233328e-01	2.924320e+00
1.314716e+00	2.982500e+02	9.533947e+02	1.302748e+03	2.618366e-01	3.646149e+00
1.314716e+00	2.982500e+02	1.250297e+02	1.302748e+03	2.618366e-01	3.646149e+00
1.314716e+00	2.982500e+02	9.533947e+02	1.155786e+03	2.618366e-01	3.646149e+00
1.314716e+00	2.982500e+02	9.533947e+02	1.302748e+03	2.795970e-01	3.646149e+00
1.314716e+00	2.982500e+02	9.533947e+02	1.302748e+03	2.618366e-01	3.484281e+00
1.314716e+00	2.982500e+02	9.533947e+02	1.155786e+03	2.795970e-01	3.484281e+00
1.314716e+00	2.982500e+02	1.250297e+02	1.302748e+03	2.795970e-01	3.484281e+00
1.314716e+00	2.982500e+02	1.250297e+02	1.155786e+03	2.618366e-01	3.484281e+00
1.314716e+00	2.982500e+02	1.250297e+02	1.155786e+03	2.795970e-01	3.646149e+00
1.314716e+00	2.982500e+02	1.250297e+02	1.155786e+03	2.795970e-01	3.484281e+00
1.314716e+00	2.982500e+02	4.907467e+02	9.730312e+02	3.173338e-01	1.845082e+00
1.314716e+00	2.982500e+02	8.022155e+02	9.730312e+02	3.173338e-01	1.845082e+00
1.314716e+00	2.982500e+02	4.907467e+02	5.923549e+02	3.173338e-01	1.845082e+00
1.314716e+00	2.982500e+02	4.907467e+02	9.730312e+02	5.926918e-02	1.845082e+00
4.293893e-01	2.104819e+02	4.907467e+02	9.730312e+02	3.173338e-01	4.277245e-01
4.293893e-01	2.104819e+02	4.907467e+02	5.923549e+02	5.926918e-02	4.277245e-01
4.293893e-01	2.104819e+02	8.022155e+02	9.730312e+02	5.926918e-02	4.277245e-01
4.293893e-01	2.104819e+02	8.022155e+02	5.923549e+02	3.173338e-01	4.277245e-01
1.314716e+00	2.982500e+02	8.022155e+02	5.923549e+02	5.926918e-02	1.845082e+00
4.293893e-01	2.104819e+02	8.022155e+02	5.923549e+02	5.926918e-02	4.277245e-01
1.314716e+00	2.982500e+02	1.911605e+02	1.044997e+03	5.615291e-02	2.812196e+00
1.314716e+00	2.982500e+02	6.113202e+02	1.044997e+03	5.615291e-02	2.812196e+00
1.314716e+00	2.982500e+02	1.911605e+02	7.872196e+02	5.615291e-02	2.812196e+00
1.314716e+00	2.982500e+02	1.911605e+02	1.044997e+03	4.768097e-01	2.812196e+00
1.170704e+00	2.839928e+02	1.911605e+02	1.044997e+03	5.615291e-02	1.618797e+00
1.170704e+00	2.839928e+02	1.911605e+02	7.872196e+02	4.768097e-01	1.618797e+00
1.170704e+00	2.839928e+02	6.113202e+02	1.044997e+03	4.768097e-01	1.618797e+00
1.170704e+00	2.839928e+02	6.113202e+02	7.872196e+02	5.615291e-02	1.618797e+00
1.314716e+00	2.982500e+02	6.113202e+02	7.872196e+02	4.768097e-01	2.812196e+00
1.170704e+00	2.839928e+02	6.113202e+02	7.872196e+02	4.768097e-01	1.618797e+00
8.570373e-01	2.529398e+02	7.237320e+02	7.465303e+02	4.491859e-01	7.462270e-01
8.570373e-01	2.529398e+02	3.092310e+02	7.465303e+02	4.491859e-01	7.462270e-01
8.570373e-01	2.529398e+02	7.237320e+02	1.475619e+03	4.491859e-01	7.462270e-01
8.570373e-01	2.529398e+02	7.237320e+02	7.465303e+02	2.558167e-01	7.462270e-01
1.314716e+00	2.982500e+02	7.237320e+02	7.465303e+02	4.491859e-01	2.552272e+00
1.314716e+00	2.982500e+02	7.237320e+02	1.475619e+03	2.558167e-01	2.552272e+00
1.314716e+00	2.982500e+02	3.092310e+02	7.465303e+02	2.558167e-01	2.552272e+00
1.314716e+00	2.982500e+02	3.092310e+02	1.475619e+03	4.491859e-01	2.552272e+00
8.570373e-01	2.529398e+02	3.092310e+02	1.475619e+03	2.558167e-01	7.462270e-01
1.314716e+00	2.982500e+02	3.092310e+02	1.475619e+03	2.558167e-01	2.552272e+00
4.581325e-02	1.725266e+02	5.089963e+02	1.192988e+03	3.871815e-01	3.519361e-02
4.581325e-02	1.725266e+02	4.178711e+02	1.192988e+03	3.871815e-01	3.519361e-02
4.581325e-02	1.725266e+02	5.089963e+02	1.047853e+03	3.871815e-01	3.519361e-02
4.581325e-02	1.725266e+02	5.089963e+02	1.192988e+03	4.119238e-01	3.519361e-02
1.225438e+00	2.894115e+02	5.089963e+02	1.192988e+03	3.871815e-01	1.212766e+00
1.225438e+00	2.894115e+02	5.089963e+02	1.047853e+03	4.119238e-01	1.212766e+00
1.225438e+00	2.894115e+02	4.178711e+02	1.192988e+03	4.119238e-01	1.212766e+00
1.225438e+00	2.894115e+02	4.178711e+02	1.047853e+03	3.871815e-01	1.212766e+00
4.581325e-02	1.725266e+02	4.178711e+02	1.047853e+03	4.119238e-01	3.519361e-02
1.225438e+00	2.894115e+02	4.178711e+02	1.047853e+03	4.119238e-01	1.212766e+00
1.314716e+00	2.982500e+02	4.642443e+01	5.234353e+02	2.174737e-01	2.463530e+00
1.314716e+00	2.982500e+02	7.201730e+02	5.234353e+02	2.174737e-01	2.463530e+00
1.314716e+00	2.982500e+02	4.642443e+01	7.344525e+02	2.174737e-01	2.463530e+00
1.314716e+00	2.982500e+02	4.642443e+01	5.234353e+02	1.804930e-01	2.463530e+00
1.314716e+00	2.982500e+02	4.642443e+01	5.234353e+02	2.174737e-01	2.146243e+00
1.314716e+00	2.982500e+02	4.642443e+01	7.344525e+02	1.804930e-01	2.146243e+00
1.314716e+00	2.982500e+02	7.201730e+02	5.234353e+02	1.804930e-01	2.146243e+00
1.314716e+00	2.982500e+02	7.201730e+02	7.344525e+02	2.174737e-01	2.146243e+00
1.314716e+00	2.982500e+02	7.201730e+02	7.344525e+02	1.804930e-01	2.463530e+00
1.314716e+00	2.982500e+02	7.201730e+02	7.344525e+02	1.804930e-01	2.146243e+00
1.176741e+00	2.845905e+02	2.764976e+02	1.466364e+03	3.959833e-01	1.430028e+00
1.176741e+00	2.845905e+02	9.121687e+02	1.466364e+03	3.959833e-01	1.430028e+00
1.176741e+00	2.845905e+02	2.764976e+02	8.834036e+02	3.959833e-01	1.430028e+00
1.176741e+00	2.845905e+02	2.764976e+02	1.466364e+03	3.834844e-01	1.430028e+00
1.314716e+00	2.982500e+02	2.764976e+02	1.466364e+03	3.959833e-01	3.828211e+00
1.314716e+00	2.982500e+02	2.764976e+02	8.834036e+02	3.834844e-01	3.828211e+00
1.314716e+00	2.982500e+02	9.121687e+02	1.466364e+03	3.834844e-01	3.828211e+00
1.314716e+00	2.982500e+02	9.121687e+02	8.834036e+02	3.959833e-01	3.828211e+00
1.176741e+00	2.845905e+02	9.121687e+02	8.834036e+02	3.834844e-01	1.430028e+00
1.314716e+00	2.982500e+02	9.121687e+02	8.834036e+02	3.834844e-01	3.828211e+00
1.314716e+00	2.982500e+02	8.091454e+02	7.655613e+02	1.137535e-01	3.125887e+00
1.314716e+00	2.982500e+02	2.347682e+02	7.655613e+02	1.137535e-01	3.125887e+00
1.314716e+00	2.982500e+02	8.091454e+02	1.321834e+03	1.137535e-01	3.125887e+00
1.314716e+00	2.982500e+02	8.091454e+02	7.655613e+02	1.527204e-01	3.125887e+00
1.044170e+00	2.714660e+02	8.091454e+02	7.655613e+02	1.137535e-01	7.716530e-01
1.044170e+00	2.714660e+02	8.091454e+02	1.321834e+03	1.527204e-01	7.716530e-01
1.044170e+00	2.714660e+02	2.347682e+02	7.655613e+02	1.527204e-01	7.716530e-01
1.044170e+00	2.714660e+02	2.347682e+02	1.321834e+03	1.137535e-01	7.716530e-01
1.314716e+00	2.982500e+02	2.347682e+02	1.321834e+03	1.527204e-01	3.125887e+00
1.044170e+00	2.714660e+02	2.347682e+02	1.321834e+03	1.527204e-01	7.716530e-01
9.759209e-01	2.647093e+02	7.554789e+02	1.493501e+03	3.125840e-01	8.744863e-01
9.759209e-01	2.647093e+02	5.424653e+02	1.493501e+03	3.125840e-01	8.744863e-01
9.759209e-01	2.647093e+02	7.554789e+02	7.010524e+02	3.125840e-01	8.744863e-01
9.759209e-01	2.647093e+02	7.554789e+02	1.493501e+03	1.910328e-01	8.744863e-01
1.314716e+00	2.982500e+02	7.554789e+02	1.493501e+03	3.125840e-01	3.973496e+00
1.314716e+00	2.982500e+02	7.554789e+02	7.010524e+02	1.910328e-01	3.973496e+00
1.314716e+00	2.982500e+02	5.424653e+02	1.493501e+03	1.910328e-01	3.973496e+00
1.314716e+00	2.982500e+02	5.424653e+02	7.010524e+02	3.125840e-01	3.973496e+00
9.759209e-01	2.647093e+02	5.424653e+02	7.010524e+02	1.910328e-01	8.744863e-01
1.314716e+00	2.982500e+02	5.424653e+02	7.010524e+02	1.910328e-01	3.973496e+00
1.314716e+00	2.982500e+02	2.852872e+02	7.922121e+02	2.573545e-01	2.683084e+00
1.314716e+00	2.982500e+02	3.457698e+02	7.922121e+02	2.573545e-01	2.683084e+00
1.314716e+00	2.982500e+02	2.852872e+02	1.012652e+03	2.573545e-01	2.683084e+00
1.314716e+00	2.982500e+02	2.852872e+02	7.922121e+02	4.294949e-01	2.683084e+00
1.045290e+00	2.715769e+02	2.852872e+02	7.922121e+02	2.573545e-01	9.203635e-01
1.045290e+00	2.715769e+02	2.852872e+02	1.012652e+03	4.294949e-01	9.203635e-01
1.045290e+00	2.715769e+02	3.457698e+02	7.922121e+02	4.294949e-01	9.203635e-01
1.045290e+00	2.715769e+02	3.457698e+02	1.012652e+03	2.573545e-01	9.203635e-01
1.314716e+00	2.982500e+02	3.457698e+02	1.012652e+03	4.294949e-01	2.683084e+00
1.045290e+00	2.715769e+02	3.457698e+02	1.012652e+03	4.294949e-01	9.203635e-01
1.371869e+00	3.039081e+02	2.397668e+01	1.220003e+03	4.690423e-01	1.723904e+00
1.371869e+00	3.039081e+02	3.779089e+01	1.220003e+03	4.690423e-01	1.723904e+00
1.371869e+00	3.039081e+02	2.397668e+01	1.363747e+03	4.690423e-01	1.723904e+00
1.371869e+00	3.039081e+02	2.397668e+01	1.220003e+03	1.069690e-01	1.723904e+00
1.114552e+00	2.784338e+02	2.397668e+01	1.220003e+03	4.690423e-01	1.126188e+00
1.114552e+00	2.784338e+02	2.397668e+01	1.363747e+03	1.069690e-01	1.126188e+00
1.114552e+00	2.784338e+02	3.779089e+01	1.220003e+03	1.069690e-01	1.126188e+00
1.114552e+00	2.784338e+02	3.779089e+01	1.363747e+03	4.690423e-01	1.126188e+00
1.371869e+00	3.039081e+02	3.779089e+01	1.363747e+03	1.069690e-01	1.723904e+00
1.114552e+00	2.784338e+02	3.779089e+01	1.363747e+03	1.069690e-01	1.126188e+00
1.314716e+00	2.982500e+02	5.490046e+02	5.499634e+02	7.629016e-02	3.766232e+00
1.314716e+00	2.982500e+02	8.593329e+02	5.499634e+02	7.629016e-02	3.766232e+00
1.314716e+00	2.982500e+02	5.490046e+02	9.271776e+02	7.629016e-02	3.766232e+00
1.314716e+00	2.982500e+02	5.490046e+02	5.499634e+02	3.447642e-01	3.766232e+00
1.314716e+00	2.982500e+02	5.490046e+02	5.499634e+02	7.629016e-02	2.063027e+00
1.314716e+00	2.982500e+02	5.490046e+02	9.271776e+02	3.447642e-01	2.063027e+00
1.314716e+00	2.982500e+02	8.593329e+02	5.499634e+02	3.447642e-01	2.063027e+00
1.314716e+00	2.982500e+02	8.593329e+02	9.271776e+02	7.629016e-02	2.063027e+00
1.314716e+00	2.982500e+02	8.593329e+02	9.271776e+02	3.447642e-01	3.766232e+00
1.314716e+00	2.982500e+02	8.593329e+02	9.271776e+02	3.447642e-01	2.063027e+00
1.314716e+00	2.982500e+02	7.169089e+02	1.010518e+03	1.944907e-01	3.495469e+00
1.314716e+00	2.982500e+02	9.994378e+02	1.010518e+03	1.944907e-01	3.495469e+00
1.314716e+00	2.982500e+02	7.169089e+02	5.970716e+02	1.944907e-01	3.495469e+00
1.314716e+00	2.982500e+02	7.169089e+02	1.010518e+03	1.049515e-01	3.495469e+00
1.371869e+00	3.039081e+02	7.169089e+02	1.010518e+03	1.944907e-01	1.717536e+00
1.371869e+00	3.039081e+02	7.169089e+02	5.970716e+02	1.049515e-01	1.717536e+00
1.371869e+00	3.039081e+02	9.994378e+02	1.010518e+03	1.049515e-01	1.717536e+00
1.371869e+00	3.039081e+02	9.994378e+02	5.970716e+02	1.944907e-01	1.717536e+00
1.314716e+00	2.982500e+02	9.994378e+02	5.970716e+02	1.049515e-01	3.495469e+00
1.371869e+00	3.039081e+02	9.994378e+02	5.970716e+02	1.049515e-01	1.717536e+00
1.136549e+00	2.806115e+02	2.467629e+02	7.115651e+02	3.640253e-01	1.059594e+00
1.136549e+00	2.806115e+02	1.776202e+02	7.115651e+02	3.640253e-01	1.059594e+00
1.136549e+00	2.806115e+02	2.467629e+02	1.158640e+03	3.640253e-01	1.059594e+00
1.136549e+00	2.806115e+02	2.467629e+02	7.115651e+02	3.182480e-01	1.059594e+00
1.314716e+00	2.982500e+02	2.467629e+02	7.115651e+02	3.640253e-01	2.654376e+00
1.314716e+00	2.982500e+02	2.467629e+02	1.158640e+03	3.182480e-01	2.654376e+00
1.314716e+00	2.982500e+02	1.776202e+02	7.115651e+02	3.182480e-01	2.654376e+00
1.314716e+00	2.982500e+02	1.776202e+02	1.158640e+03	3.640253e-01	2.654376e+00
1.136549e+00	2.806115e+02	1.776202e+02	1.158640e+03	3.182480e-01	1.059594e+00
1.314716e+00	2.982500e+02	1.776202e+02	1.158640e+03	3.182480e-01	2.654376e+00
1.314716e+00	2.982500e+02	4.527048e+02	1.268392e+03	1.224006e-01	2.084927e+00
1.311122e+00	2.978942e+02	4.866956e+02	1.268392e+03	1.224006e-01	2.084927e+00
1.311122e+00	2.978942e+02	4.527048e+02	1.463853e+03	1.224006e-01	2.084927e+00
1.311122e+00	2.978942e+02	4.527048e+02	1.268392e+03	2.452352e-01	2.084927e+00
1.311122e+00	2.978942e+02	4.527048e+02	1.268392e+03	1.224006e-01	3.320048e+00
1.311122e+00	2.978942e+02	4.527048e+02	1.463853e+03	2.452352e-01	3.320048e+00
1.311122e+00	2.978942e+02	4.866956e+02	1.268392e+03	2.452352e-01	3.320048e+00
1.311122e+00	2.978942e+02	4.866956e+02	1.463853e+03	1.224006e-01	3.320048e+00
1.311122e+00	2.978942e+02	4.866956e+02	1.463853e+03	2.452352e-01	2.084927e+00
1.311122e+00	2.978942e+02	4.866956e+02	1.463853e+03	2.452352e-01	3.320048e+00
1.311122e+00	2.978942e+02	9.777784e+02	9.381895e+02	4.044715e-01	4.127001e-01
1.311122e+00	2.978942e+02	6.836648e+02	9.381895e+02	4.044715e-01	4.127001e-01
1.311122e+00	2.978942e+02	9.777784e+02	7.772526e+02	4.044715e-01	4.127001e-01
1.311122e+00	2.978942e+02	9.777784e+02	9.381895e+02	4.591970e-01	4.127001e-01
1.311122e+00	2.978942e+02	9.777784e+02	9.381895e+02	4.044715e-01	2.669138e-01
1.311122e+00	2.978942e+02	9.777784e+02	7.772526e+02	4.591970e-01	2.669138e-01
1.311122e+00	2.978942e+02	6.836648e+02	9.381895e+02	4.591970e-01	2.669138e-01
1.311122e+00	2.978942e+02	6.836648e+02	7.772526e+02	4.044715e-01	2.669138e-01
1.311122e+00	2.978942e+02	6.836648e+02	7.772526e+02	4.591970e-01	4.127001e-01
1.311122e+00	2.978942e+02	6.836648e+02	7.772526e+02	4.591970e-01	2.669138e-01
1.311122e+00	2.978942e+02	9.166269e+02	1.145175e+03	1.484383e-01	1.344186e+00
1.311122e+00	2.978942e+02	2.716512e+02	1.145175e+03	1.484383e-01	1.344186e+00
1.311122e+00	2.978942e+02	9.166269e+02	9.548237e+02	1.484383e-01	1.344186e+00
1.311122e+00	2.978942e+02	9.166269e+02	1.145175e+03	6.548877e-02	1.344186e+00
1.311122e+00	2.978942e+02	9.166269e+02	1.145175e+03	1.484383e-01	1.824392e+00
1.311122e+00	2.978942e+02	9.166269e+02	9.548237e+02	6.548877e-02	1.824392e+00
1.311122e+00	2.978942e+02	2.716512e+02	1.145175e+03	6.548877e-02	1.824392e+00
1.311122e+00	2.978942e+02	2.716512e+02	9.548237e+02	1.484383e-01	1.824392e+00
1.311122e+00	2.978942e+02	2.716512e+02	9.548237e+02	6.548877e-02	1.344186e+00
1.311122e+00	2.978942e+02	2.716512e+02	9.548237e+02	6.548877e-02	1.824392e+00
1.311122e+00	2.978942e+02	3.880054e+02	5.691276e+02	4.307287e-01	3.149393e+00
1.311122e+00	2.978942e+02	5.932212e+02	5.691276e+02	4.307287e-01	3.149393e+00
1.311122e+00	2.978942e+02	3.880054e+02	1.266271e+03	4.307287e-01	3.149393e+00
1.311122e+00	2.978942e+02	3.880054e+02	5.691276e+02	3.015262e-01	3.149393e+00
1.311122e+00	2.978942e+02	3.880054e+02	5.691276e+02	4.307287e-01	2.757817e+00
1.311122e+00	2.978942e+02	3.880054e+02	1.266271e+03	3.015262e-01	2.757817e+00
1.311122e+00	2.978942e+02	5.932212e+02	5.691276e+02	3.015262e-01	2.757817e+00
1.311122e+00	2.978942e+02	5.932212e+02	1.266271e+03	4.307287e-01	2.757817e+00
1.311122e+00	2.978942e+02	5.932212e+02	1.266271e+03	3.015262e-01	3.149393e+00
1.311122e+00	2.978942e+02	5.932212e+02	1.266271e+03	3.015262e-01	2.757817e+00
1.311122e+00	2.978942e+02	1.808558e+02	1.387423e+03	1.677938e-01	2.454828e-01
1.311122e+00	2.978942e+02	7.774188e+02	1.387423e+03	1.677938e-01	2.454828e-01
1.311122e+00	2.978942e+02	1.808558e+02	1.101714e+03	1.677938e-01	2.454828e-01
1.311122e+00	2.978942e+02	1.808558e+02	1.387423e+03	2.620113e-01	2.454828e-01
1.311122e+00	2.978942e+02	1.808558e+02	1.387423e+03	1.677938e-01	3.216358e+00
1.311122e+00	2.978942e+02	1.808558e+02	1.101714e+03	2.620113e-01	3.216358e+00
1.311122e+00	2.978942e+02	7.774188e+02	1.387423e+03	2.620113e-01	3.216358e+00
1.311122e+00	2.978942e+02	7.774188e+02	1.101714e+03	1.677938e-01	3.216358e+00
1.311122e+00	2.978942e+02	7.774188e+02	1.101714e+03	2.620113e-01	2.454828e-01
1.311122e+00	2.978942e+02	7.774188e+02	1.101714e+03	2.620113e-01	3.216358e+00
1.311122e+00	2.978942e+02	6.550146e+02	8.426260e+02	3.375484e-01	2.315592e+00
1.311122e+00	2.978942e+02	8.075214e+01	8.426260e+02	3.375484e-01	2.315592e+00
1.311122e+00	2.978942e+02	6.550146e+02	6.652371e+02	3.375484e-01	2.315592e+00
1.311122e+00	2.978942e+02	6.550146e+02	8.426260e+02	4.987156e-01	2.315592e+00
1.311122e+00	2.978942e+02	6.550146e+02	8.426260e+02	3.375484e-01	1.598202e-01
1.311122e+00	2.978942e+02	6.550146e+02	6.652371e+02	4.987156e-01	1.598202e-01
1.311122e+00	2.978942e+02	8.075214e+01	8.426260e+02	4.987156e-01	1.598202e-01
1.311122e+00	2.978942e+02	8.075214e+01	6.652371e+02	3.375484e-01	1.598202e-01
1.311122e+00	2.978942e+02	8.075214e+01	6.652371e+02	4.987156e-01	2.315592e+00
1.311122e+00	2.978942e+02	8.075214e+01	6.652371e+02	4.987156e-01	1.598202e-01
1.311122e+00	2.978942e+02	6.117373e+02	1.350790e+03	4.988151e-01	2.960377e+00
1.311122e+00	2.978942e+02	1.892998e+02	1.350790e+03	4.988151e-01	2.960377e+00
1.311122e+00	2.978942e+02	6.117373e+02	8.742498e+02	4.988151e-01	2.960377e+00
1.311122e+00	2.978942e+02	6.117373e+02	1.350790e+03	1.760557e-01	2.960377e+00
1.311122e+00	2.978942e+02	6.117373e+02	1.350790e+03	4.988151e-01	3.620805e+00
1.311122e+00	2.978942e+02	6.117373e+02	8.742498e+02	1.760557e-01	3.620805e+00
1.311122e+00	2.978942e+02	1.892998e+02	1.350790e+03	1.760557e-01	3.620805e+00
1.311122e+00	2.978942e+02	1.892998e+02	8.742498e+02	4.988151e-01	3.620805e+00
1.311122e+00	2.978942e+02	1.892998e+02	8.742498e+02	1.760557e-01	2.960377e+00
1.311122e+00	2.978942e+02	1.892998e+02	8.742498e+02	1.760557e-01	3.620805e+00
1.311122e+00	2.978942e+02	8.319195e+01	9.270793e+02	1.058435e-01	5.356943e-01
1.311122e+00	2.978942e+02	8.862420e+02	9.270793e+02	1.058435e-01	5.356943e-01
1.311122e+00	2.978942e+02	8.319195e+01	1.435728e+03	1.058435e-01	5.356943e-01
1.311122e+00	2.978942e+02	8.319195e+01	9.270793e+02	3.882596e-01	5.356943e-01
1.311122e+00	2.978942e+02	8.319195e+01	9.270793e+02	1.058435e-01	5.642659e-01
1.311122e+00	2.978942e+02	8.319195e+01	1.435728e+03	3.882596e-01	5.642659e-01
1.311122e+00	2.978942e+02	8.862420e+02	9.270793e+02	3.882596e-01	5.642659e-01
1.311122e+00	2.978942e+02	8.862420e+02	1.435728e+03	1.058435e-01	5.642659e-01
1.311122e+00	2.978942e+02	8.862420e+02	1.435728e+03	3.882596e-01	5.356943e-01
1.311122e+00	2.978942e+02	8.862420e+02	1.435728e+03	3.882596e-01	5.642659e-01
1.311122e+00	2.978942e+02	3.452153e+02	1.124167e+03	2.825915e-01	3.622887e+00
1.311122e+00	2.978942e+02	7.031429e+02	1.124167e+03	2.825915e-01	3.622887e+00
1.311122e+00	2.978942e+02	3.452153e+02	1.193977e+03	2.825915e-01	3.622887e+00
1.311122e+00	2.978942e+02	3.452153e+02	1.124167e+03	1.482582e-01	3.622887e+00
1.311122e+00	2.978942e+02	3.452153e+02	1.124167e+03	2.825915e-01	1.482531e+00
1.311122e+00	2.978942e+02	3.452153e+02	1.193977e+03	1.482582e-01	1.482531e+00
1.311122e+00	2.978942e+02	7.031429e+02	1.124167e+03	1.482582e-01	1.482531e+00
1.311122e+00	2.978942e+02	7.031429e+02	1.193977e+03	2.825915e-01	1.482531e+00
1.311122e+00	2.978942e+02	7.031429e+02	1.193977e+03	1.482582e-01	3.622887e+00
1.311122e+00	2.978942e+02	7.031429e+02	1.193977e+03	1.482582e-01	1.482531e+00
1.311122e+00	2.978942e+02	8.194504e+02	6.692065e+02	2.271419e-01	1.930680e+00
1.311122e+00	2.978942e+02	3.812993e+02	6.692065e+02	2.271419e-01	1.930680e+00
1.311122e+00	2.978942e+02	8.194504e+02	5.075302e+02	2.271419e-01	1.930680e+00
1.311122e+00	2.978942e+02	8.194504e+02	6.692065e+02	3.597970e-01	1.930680e+00
1.311122e+00	2.978942e+02	8.194504e+02	6.692065e+02	2.271419e-01	2.415959e+00
1.311122e+00	2.978942e+02	8.194504e+02	5.075302e+02	3.597970e-01	2.415959e+00
1.311122e+00	2.978942e+02	3.812993e+02	6.692065e+02	3.597970e-01	2.415959e+00
1.311122e+00	2.978942e+02	3.812993e+02	5.075302e+02	2.271419e-01	2.415959e+00
1.311122e+00	2.978942e+02	3.812993e+02	5.075302e+02	3.597970e-01	1.930680e+00
1.311122e+00	2.978942e+02	3.812993e+02	5.075302e+02	3.597970e-01	2.415959e+00
1.311122e+00	2.978942e+02	8.328183e+02	1.339697e+03	5.951234e-02	4.768894e-01
1.311122e+00	2.978942e+02	9.510072e+02	1.339697e+03	5.951234e-02	4.768894e-01
1.311122e+00	2.978942e+02	8.328183e+02	6.727955e+02	5.951234e-02	4.768894e-01
1.311122e+00	2.978942e+02	8.328183e+02	1.339697e+03	1.169052e-01	4.768894e-01
1.311122e+00	2.978942e+02	8.328183e+02	1.339697e+03	5.951234e-02	2.851193e+00
1.311122e+00	2.978942e+02	8.328183e+02	6.727955e+02	1.169052e-01	2.851193e+00
1.311122e+00	2.978942e+02	9.510072e+02	1.339697e+03	1.169052e-01	2.851193e+00
1.311122e+00	2.978942e+02	9.510072e+02	6.727955e+02	5.951234e-02	2.851193e+00
1.311122e+00	2.978942e+02	9.510072e+02	6.727955e+02	1.169052e-01	4.768894e-01
1.311122e+00	2.978942e+02	9.510072e+02	6.727955e+02	1.169052e-01	2.851193e+00
1.311122e+00	2.978942e+02	3.625485e+02	8.844935e+02	4.542894e-01	2.020715e+00
1.311122e+00	2.978942e+02	1.333207e+02	8.844935e+02	4.542894e-01	2.020715e+00
1.311122e+00	2.978942e+02	3.625485e+02	1.111227e+03	4.542894e-01	2.020715e+00
1.311122e+00	2.978942e+02	3.625485e+02	8.844935e+02	3.344864e-01	2.020715e+00
1.311122e+00	2.978942e+02	3.625485e+02	8.844935e+02	4.542894e-01	1.793535e+00
1.311122e+00	2.978942e+02	3.625485e+02	1.111227e+03	3.344864e-01	1.793535e+00
1.311122e+00	2.978942e+02	1.333207e+02	8.844935e+02	3.344864e-01	1.793535e+00
1.311122e+00	2.978942e+02	1.333207e+02	1.111227e+03	4.542894e-01	1.793535e+00
1.311122e+00	2.978942e+02	1.333207e+02	1.111227e+03	3.344864e-01	2.020715e+00
1.311122e+00	2.978942e+02	1.333207e+02	1.111227e+03	3.344864e-01	1.793535e+00
1.311122e+00	2.978942e+02	6.973061e+01	1.066198e+03	2.722239e-01	1.123752e+00
1.311122e+00	2.978942e+02	4.414243e+02	1.066198e+03	2.722239e-01	1.123752e+00
1.311122e+00	2.978942e+02	6.973061e+01	1.259200e+03	2.722239e-01	1.123752e+00
1.311122e+00	2.978942e+02	6.973061e+01	1.066198e+03	2.018040e-01	1.123752e+00
1.311122e+00	2.978942e+02	6.973061e+01	1.066198e+03	2.722239e-01	2.532322e-01
1.311122e+00	2.978942e+02	6.973061e+01	1.259200e+03	2.018040e-01	2.532322e-01
1.311122e+00	2.978942e+02	4.414243e+02	1.066198e+03	2.018040e-01	2.532322e-01
1.311122e+00	2.978942e+02	4.414243e+02	1.259200e+03	2.722239e-01	2.532322e-01
1.311122e+00	2.978942e+02	4.414243e+02	1.259200e+03	2.018040e-01	1.123752e+00
1.311122e+00	2.978942e+02	4.414243e+02	1.259200e+03	2.018040e-01	2.532322e-01
1.311122e+00	2.978942e+02	5.944365e+02	6.422446e+02	3.294651e-01	3.431348e+00
1.311122e+00	2.978942e+02	6.342318e+02	6.422446e+02	3.294651e-01	3.431348e+00
1.311122e+00	2.978942e+02	5.944365e+02	9.458004e+02	3.294651e-01	3.431348e+00
1.311122e+00	2.978942e+02	5.944365e+02	6.422446e+02	4.182926e-01	3.431348e+00
1.311122e+00	2.978942e+02	5.944365e+02	6.422446e+02	3.294651e-01	3.185602e+00
1.311122e+00	2.978942e+02	5.944365e+02	9.458004e+02	4.182926e-01	3.185602e+00
1.311122e+00	2.978942e+02	6.342318e+02	6.422446e+02	4.182926e-01	3.185602e+00
1.311122e+00	2.978942e+02	6.342318e+02	9.458004e+02	3.294651e-01	3.185602e+00
1.311122e+00	2.978942e+02	6.342318e+02	9.458004e+02	4.182926e-01	3.431348e+00
1.311122e+00	2.978942e+02	6.342318e+02	9.458004e+02	4.182926e-01	3.185602e+00
1.311122e+00	2.978942e+02	6.372553e+02	1.164323e+03	3.914155e-01	3.830657e+00
1.311122e+00	2.978942e+02	5.255317e+02	1.164323e+03	3.914155e-01	3.830657e+00
1.311122e+00	2.978942e+02	6.372553e+02	5.297522e+02	3.914155e-01	3.830657e+00
1.311122e+00	2.978942e+02	6.372553e+02	1.164323e+03	2.353824e-01	3.830657e+00
1.311122e+00	2.978942e+02	6.372553e+02	1.164323e+03	3.914155e-01	5.949631e-01
1.311122e+00	2.978942e+02	6.372553e+02	5.297522e+02	2.353824e-01	5.949631e-01
1.311122e+00	2.978942e+02	5.255317e+02	1.164323e+03	2.353824e-01	5.949631e-01
1.311122e+00	2.978942e+02	5.255317e+02	5.297522e+02	3.914155e-01	5.949631e-01
1.311122e+00	2.978942e+02	5.255317e+02	5.297522e+02	2.353824e-01	3.830657e+00
1.311122e+00	2.978942e+02	5.255317e+02	5.297522e+02	2.353824e-01	5.949631e-01
1.311122e+00	2.978942e+02	1.669397e+02	6.192839e+02	1.109572e-01	1.659440e+00
1.311122e+00	2.978942e+02	3.325097e+02	6.192839e+02	1.109572e-01	1.659440e+00
1.311122e+00	2.978942e+02	1.669397e+02	1.218153e+03	1.109572e-01	1.659440e+00
1.311122e+00	2.978942e+02	1.669397e+02	6.192839e+02	4.695598e-01	1.659440e+00
1.311122e+00	2.978942e+02	1.669397e+02	6.192839e+02	1.109572e-01	3.527331e+00
1.311122e+00	2.978942e+02	1.669397e+02	1.218153e+03	4.695598e-01	3.527331e+00
1.311122e+00	2.978942e+02	3.325097e+02	6.192839e+02	4.695598e-01	3.527331e+00
1.311122e+00	2.978942e+02	3.325097e+02	1.218153e+03	1.109572e-01	3.527331e+00
1.311122e+00	2.978942e+02	3.325097e+02	1.218153e+03	4.695598e-01	1.659440e+00
1.311122e+00	2.978942e+02	3.325097e+02	1.218153e+03	4.695598e-01	3.527331e+00
1.311122e+00	2.978942e+02	4.058542e+02	1.422197e+03	3.755858e-01	2.747479e+00
1.401800e+00	3.068714e+02	2.355145e+01	1.422197e+03	3.755858e-01	2.747479e+00
1.311122e+00	2.978942e+02	4.058542e+02	1.413993e+03	3.755858e-01	2.747479e+00
1.311122e+00	2.978942e+02	4.058542e+02	1.422197e+03	9.420340e-02	2.747479e+00
1.311122e+00	2.978942e+02	4.058542e+02	1.422197e+03	3.755858e-01	2.446875e+00
1.311122e+00	2.978942e+02	4.058542e+02	1.413993e+03	9.420340e-02	2.446875e+00
1.401800e+00	3.068714e+02	2.355145e+01	1.422197e+03	9.420340e-02	2.446875e+00
1.401800e+00	3.068714e+02	2.355145e+01	1.413993e+03	3.755858e-01	2.446875e+00
1.401800e+00	3.068714e+02	2.355145e+01	1.413993e+03	9.420340e-02	2.747479e+00
1.401800e+00	3.068714e+02	2.355145e+01	1.413993e+03	9.420340e-02	2.446875e+00
1.311122e+00	2.978942e+02	9.305144e+02	8.459079e+02	2.076495e-01	8.101144e-01
1.311122e+00	2.978942e+02	8.414506e+02	8.459079e+02	2.076495e-01	8.101144e-01
1.311122e+00	2.978942e+02	9.305144e+02	8.505630e+02	2.076495e-01	8.101144e-01
1.311122e+00	2.978942e+02	9.305144e+02	8.459079e+02	3.294718e-01	8.101144e-01
1.311122e+00	2.978942e+02	9.305144e+02	8.459079e+02	2.076495e-01	1.389218e+00
1.311122e+00	2.978942e+02	9.305144e+02	8.505630e+02	3.294718e-01	1.389218e+00
1.311122e+00	2.978942e+02	8.414506e+02	8.459079e+02	3.294718e-01	1.389218e+00
1.311122e+00	2.978942e+02	8.414506e+02	8.505630e+02	2.076495e-01	1.389218e+00
1.311122e+00	2.978942e+02	8.414506e+02	8.505630e+02	3.294718e-01	8.101144e-01
1.311122e+00	2.978942e+02	8.414506e+02	8.505630e+02	3.294718e-01	1.389218e+00
1.311122e+00	2.978942e+02	9.955641e+02	1.052893e+03	3.453732e-01	1.990973e+00
1.311122e+00	2.978942e+02	2.387100e+02	1.052893e+03	3.453732e-01	1.990973e+00
1.311122e+00	2.978942e+02	9.955641e+02	9.186275e+02	3.453732e-01	1.990973e+00
1.311122e+00	2.978942e+02	9.955641e+02	1.052893e+03	2.732083e-01	1.990973e+00
1.311122e+00	2.978942e+02	9.955641e+02	1.052893e+03	3.453732e-01	9.519188e-01
1.311122e+00	2.978942e+02	9.955641e+02	9.186275e+02	2.732083e-01	9.519188e-01
1.311122e+00	2.978942e+02	2.387100e+02	1.052893e+03	2.732083e-01	9.519188e-01
1.311122e+00	2.978942e+02	2.387100e+02	9.186275e+02	3.453732e-01	9.519188e-01
1.311122e+00	2.978942e+02	2.387100e+02	9.186275e+02	2.732083e-01	1.990973e+00
1.311122e+00	2.978942e+02	2.387100e+02	9.186275e+02	2.732083e-01	9.519188e-01
1.311122e+00	2.978942e+02	4.666549e+02	7.229325e+02	1.776570e-01	3.562572e+00
1.311122e+00	2.978942e+02	9.315209e+02	7.229325e+02	1.776570e-01	3.562572e+00
1.311122e+00	2.978942e+02	4.666549e+02	1.357149e+03	1.776570e-01	3.562572e+00
1.311122e+00	2.978942e+02	4.666549e+02	7.229325e+02	4.879391e-01	3.562572e+00
1.311122e+00	2.978942e+02	4.666549e+02	7.229325e+02	1.776570e-01	3.879909e+00
1.311122e+00	2.978942e+02	4.666549e+02	1.357149e+03	4.879391e-01	3.879909e+00
1.311122e+00	2.978942e+02	9.315209e+02	7.229325e+02	4.879391e-01	3.879909e+00
1.311122e+00	2.978942e+02	9.315209e+02	1.357149e+03	1.776570e-01	3.879909e+00
1.311122e+00	2.978942e+02	9.315209e+02	1.357149e+03	4.879391e-01	3.562572e+00
1.311122e+00	2.978942e+02	9.315209e+02	1.357149e+03	4.879391e-01	3.879909e+00
1.311122e+00	2.978942e+02	2.289410e+02	1.295142e+03	4.209688e-01	5.959566e-01
1.311122e+00	2.978942e+02	7.474348e+02	1.295142e+03	4.209688e-01	5.959566e-01
1.311122e+00	2.978942e+02	2.289410e+02	1.020714e+03	4.209688e-01	5.959566e-01
1.311122e+00	2.978942e+02	2.289410e+02	1.295142e+03	7.576824e-02	5.959566e-01
1.311122e+00	2.978942e+02	2.289410e+02	1.295142e+03	4.209688e-01	2.094546e+00
1.311122e+00	2.978942e+02	2.289410e+02	1.020714e+03	7.576824e-02	2.094546e+00
1.311122e+00	2.978942e+02	7.474348e+02	1.295142e+03	7.576824e-02	2.094546e+00
1.311122e+00	2.978942e+02	7.474348e+02	1.020714e+03	4.209688e-01	2.094546e+00
1.311122e+00	2.978942e+02	7.474348e+02	1.020714e+03	7.576824e-02	5.959566e-01
1.311122e+00	2.978942e+02	7.474348e+02	1.020714e+03	7.576824e-02	2.094546e+00
1.311122e+00	2.978942e+02	7.030560e+02	9.964307e+02	1.407300e-01	2.900153e+00
1.311122e+00	2.978942e+02	4.297528e+02	9.964307e+02	1.407300e-01	2.900153e+00
1.311122e+00	2.978942e+02	7.030560e+02	7.071611e+02	1.407300e-01	2.900153e+00
1.311122e+00	2.978942e+02	7.030560e+02	9.964307e+02	2.915916e-01	2.900153e+00
1.311122e+00	2.978942e+02	7.030560e+02	9.964307e+02	1.407300e-01	1.032501e+00
1.311122e+00	2.978942e+02	7.030560e+02	7.071611e+02	2.915916e-01	1.032501e+00
1.311122e+00	2.978942e+02	4.297528e+02	9.964307e+02	2.915916e-01	1.032501e+00
1.311122e+00	2.978942e+02	4.297528e+02	7.071611e+02	1.407300e-01	1.032501e+00
1.311122e+00	2.978942e+02	4.297528e+02	7.071611e+02	2.915916e-01	2.900153e+00
1.311122e+00	2.978942e+02	4.297528e+02	7.071611e+02	2.915916e-01	1.032501e+00
1.311122e+00	2.978942e+02	5.356021e+02	1.443072e+03	2.457470e-01	2.376120e+00
1.311122e+00	2.978942e+02	2.895565e+02	1.443072e+03	2.457470e-01	2.376120e+00
1.311122e+00	2.978942e+02	5.356021e+02	7.521161e+02	2.457470e-01	2.376120e+00
1.311122e+00	2.978942e+02	5.356021e+02	1.443072e+03	1.370295e-01	2.376120e+00
1.311122e+00	2.978942e+02	5.356021e+02	1.443072e+03	2.457470e-01	2.748123e+00
1.311122e+00	2.978942e+02	5.356021e+02	7.521161e+02	1.370295e-01	2.748123e+00
1.311122e+00	2.978942e+02	2.895565e+02	1.443072e+03	1.370295e-01	2.748123e+00
1.311122e+00	2.978942e+02	2.895565e+02	7.521161e+02	2.457470e-01	2.748123e+00
1.311122e+00	2.978942e+02	2.895565e+02	7.521161e+02	1.370295e-01	2.376120e+00
1.311122e+00	2.978942e+02	2.895565e+02	7.521161e+02	1.370295e-01	2.748123e+00
9.791681e-01	2.650308e+02	6.616549e+00	7.732746e+02	3.027682e-01	1.849161e-01
1.311122e+00	2.978942e+02	6.074531e+02	7.732746e+02	3.027682e-01	1.849161e-01
9.791681e-01	2.650308e+02	6.616549e+00	1.440668e+03	3.027682e-01	1.849161e-01
9.791681e-01	2.650308e+02	6.616549e+00	7.732746e+02	3.705400e-01	1.849161e-01
9.791681e-01	2.650308e+02	6.616549e+00	7.732746e+02	3.027682e-01	1.686080e+00
9.791681e-01	2.650308e+02	6.616549e+00	1.440668e+03	3.705400e-01	1.686080e+00
1.311122e+00	2.978942e+02	6.074531e+02	7.732746e+02	3.705400e-01	1.686080e+00
1.311122e+00	2.978942e+02	6.074531e+02	1.440668e+03	3.027682e-01	1.686080e+00
1.311122e+00	2.978942e+02	6.074531e+02	1.440668e+03	3.705400e-01	1.849161e-01
1.311122e+00	2.978942e+02	6.074531e+02	1.440668e+03	3.705400e-01	1.686080e+00
1.311122e+00	2.978942e+02	2.987144e+02	1.216449e+03	8.576953e-02	3.209891e+00
1.311122e+00	2.978942e+02	7.906865e+02	1.216449e+03	8.576953e-02	3.209891e+00
1.311122e+00	2.978942e+02	2.987144e+02	1.183289e+03	8.576953e-02	3.209891e+00
1.311122e+00	2.978942e+02	2.987144e+02	1.216449e+03	1.656947e-01	3.209891e+00
1.311122e+00	2.978942e+02	2.987144e+02	1.216449e+03	8.576953e-02	3.604418e-01
1.311122e+00	2.978942e+02	2.987144e+02	1.183289e+03	1.656947e-01	3.604418e-01
1.311122e+00	2.978942e+02	7.906865e+02	1.216449e+03	1.656947e-01	3.604418e-01
1.311122e+00	2.978942e+02	7.906865e+02	1.183289e+03	8.576953e-02	3.604418e-01
1.311122e+00	2.978942e+02	7.906865e+02	1.183289e+03	1.656947e-01	3.209891e+00
1.311122e+00	2.978942e+02	7.906865e+02	1.183289e+03	1.656947e-01	3.604418e-01
1.311122e+00	2.978942e+02	7.727532e+02	5.154017e+02	4.803271e-01	1.283710e+00
1.311122e+00	2.978942e+02	9.766291e+01	5.154017e+02	4.803271e-01	1.283710e+00
1.311122e+00	2.978942e+02	7.727532e+02	6.197667e+02	4.803271e-01	1.283710e+00
1.311122e+00	2.978942e+02	7.727532e+02	5.154017e+02	3.981143e-01	1.283710e+00
1.311122e+00	2.978942e+02	7.727532e+02	5.154017e+02	4.803271e-01	3.288430e+00
1.311122e+00	2.978942e+02	7.727532e+02	6.197667e+02	3.981143e-01	3.288430e+00
1.311122e+00	2.978942e+02	9.766291e+01	5.154017e+02	3.981143e-01	3.288430e+00
1.311122e+00	2.978942e+02	9.766291e+01	6.197667e+02	4.803271e-01	3.288430e+00
1.311122e+00	2.978942e+02	9.766291e+01	6.197667e+02	3.981143e-01	1.283710e+00
1.311122e+00	2.978942e+02	9.766291e+01	6.197667e+02	3.981143e-01	3.288430e+00
1.311122e+00	2.978942e+02	7.951972e+02	1.243600e+03	1.729076e-01	2.521611e+00
1.311122e+00	2.978942e+02	6.639460e+02	1.243600e+03	1.729076e-01	2.521611e+00
1.311122e+00	2.978942e+02	7.951972e+02	1.498819e+03	1.729076e-01	2.521611e+00
1.311122e+00	2.978942e+02	7.951972e+02	1.243600e+03	3.529827e-01	2.521611e+00
1.311122e+00	2.978942e+02	7.951972e+02	1.243600e+03	1.729076e-01	4.587622e-01
1.311122e+00	2.978942e+02	7.951972e+02	1.498819e+03	3.529827e-01	4.587622e-01
1.311122e+00	2.978942e+02	6.639460e+02	1.243600e+03	3.529827e-01	4.587622e-01
1.311122e+00	2.978942e+02	6.639460e+02	1.498819e+03	1.729076e-01	4.587622e-01
1.311122e+00	2.978942e+02	6.639460e+02	1.498819e+03	3.529827e-01	2.521611e+00
1.311122e+00	2.978942e+02	6.639460e+02	1.498819e+03	3.529827e-01	4.587622e-01
1.311122e+00	2.978942e+02	2.587100e+02	5.420667e+02	3.408907e-01	9.736458e-01
1.311122e+00	2.978942e+02	4.828765e+02	5.420667e+02	3.408907e-01	9.736458e-01
1.311122e+00	2.978942e+02	2.587100e+02	8.123714e+02	3.408907e-01	9.736458e-01
1.311122e+00	2.978942e+02	2.587100e+02	5.420667e+02	1.265034e-01	9.736458e-01
1.311122e+00	2.978942e+02	2.587100e+02	5.420667e+02	3.408907e-01	3.391090e+00
1.311122e+00	2.978942e+02	2.587100e+02	8.123714e+02	1.265034e-01	3.391090e+00
1.311122e+00	2.978942e+02	4.828765e+02	5.420667e+02	1.265034e-01	3.391090e+00
1.311122e+00	2.978942e+02	4.828765e+02	8.123714e+02	3.408907e-01	3.391090e+00
1.311122e+00	2.978942e+02	4.828765e+02	8.123714e+02	1.265034e-01	9.736458e-01
1.311122e+00	2.978942e+02	4.828765e+02	8.123714e+02	1.265034e-01	3.391090e+00
1.311122e+00	2.978942e+02	6.027926e+01	1.470102e+03	1.605868e-01	3.932092e+00
1.311122e+00	2.978942e+02	1.661049e+02	1.470102e+03	1.605868e-01	3.932092e+00
1.311122e+00	2.978942e+02	6.027926e+01	5.696445e+02	1.605868e-01	3.932092e+00
1.311122e+00	2.978942e+02	6.027926e+01	1.470102e+03	4.368208e-01	3.932092e+00
1.311122e+00	2.978942e+02	6.027926e+01	1.470102e+03	1.605868e-01	2.583334e+00
1.311122e+00	2.978942e+02	6.027926e+01	5.696445e+02	4.368208e-01	2.583334e+00
1.311122e+00	2.978942e+02	1.661049e+02	1.470102e+03	4.368208e-01	2.583334e+00
1.311122e+00	2.978942e+02	1.661049e+02	5.696445e+02	1.605868e-01	2.583334e+00
1.311122e+00	2.978942e+02	1.661049e+02	5.696445e+02	4.368208e-01	3.932092e+00
1.311122e+00	2.978942e+02	1.661049e+02	5.696445e+02	4.368208e-01	2.583334e+00
1.311122e+00	2.978942e+02	5.268163e+02	7.998189e+02	4.411056e-01	1.620357e+00
1.311122e+00	2.978942e+02	9.720534e+02	7.998189e+02	4.411056e-01	1.620357e+00
1.311122e+00	2.978942e+02	5.268163e+02	1.131122e+03	4.411056e-01	1.620357e+00
1.311122e+00	2.978942e+02	5.268163e+02	7.998189e+02	2.114324e-01	1.620357e+00
1.311122e+00	2.978942e+02	5.268163e+02	7.998189e+02	4.411056e-01	1.525687e+00
1.311122e+00	2.978942e+02	5.268163e+02	1.131122e+03	2.114324e-01	1.525687e+00
1.311122e+00	2.978942e+02	9.720534e+02	7.998189e+02	2.114324e-01	1.525687e+00
1.311122e+00	2.978942e+02	9.720534e+02	1.131122e+03	4.411056e-01	1.525687e+00
1.311122e+00	2.978942e+02	9.720534e+02	1.131122e+03	2.114324e-01	1.620357e+00
1.311122e+00	2.978942e+02	9.720534e+02	1.131122e+03	2.114324e-01	1.525687e+00
1.311122e+00	2.978942e+02	7.410941e+02	1.260679e+03	2.797848e-01	1.162593e+00
1.311122e+00	2.978942e+02	8.633219e+02	1.260679e+03	2.797848e-01	1.162593e+00
1.311122e+00	2.978942e+02	7.410941e+02	1.328417e+03	2.797848e-01	1.162593e+00
1.311122e+00	2.978942e+02	7.410941e+02	1.260679e+03	4.492743e-01	1.162593e+00
1.311122e+00	2.978942e+02	7.410941e+02	1.260679e+03	2.797848e-01	2.239290e+00
1.311122e+00	2.978942e+02	7.410941e+02	1.328417e+03	4.492743e-01	2.239290e+00
1.311122e+00	2.978942e+02	8.633219e+02	1.260679e+03	4.492743e-01	2.239290e+00
1.311122e+00	2.978942e+02	8.633219e+02	1.328417e+03	2.797848e-01	2.239290e+00
1.311122e+00	2.978942e+02	8.633219e+02	1.328417e+03	4.492743e-01	1.162593e+00
1.311122e+00	2.978942e+02	8.633219e+02	1.328417e+03	4.492743e-01	2.239290e+00
1.311122e+00	2.978942e+02	2.045611e+02	9.614816e+02	2.225912e-01	3.330156e+00
1.311122e+00	2.978942e+02	5.709977e+01	9.614816e+02	2.225912e-01	3.330156e+00
1.311122e+00	2.978942e+02	2.045611e+02	8.919385e+02	2.225912e-01	3.330156e+00
1.311122e+00	2.978942e+02	2.045611e+02	9.614816e+02	2.275123e-01	3.330156e+00
1.311122e+00	2.978942e+02	2.045611e+02	9.614816e+02	2.225912e-01	1.181645e+00
1.311122e+00	2.978942e+02	2.045611e+02	8.919385e+02	2.275123e-01	1.181645e+00
1.311122e+00	2.978942e+02	5.709977e+01	9.614816e+02	2.275123e-01	1.181645e+00
1.311122e+00	2.978942e+02	5.709977e+01	8.919385e+02	2.225912e-01	1.181645e+00
1.311122e+00	2.978942e+02	5.709977e+01	8.919385e+02	2.275123e-01	3.330156e+00
1.311122e+00	2.978942e+02	5.709977e+01	8.919385e+02	2.275123e-01	1.181645e+00
1.311122e+00	2.978942e+02	4.734742e+02	1.018552e+03	4.889738e-01	3.131145e-01
1.311122e+00	2.978942e+02	3.730149e+02	1.018552e+03	4.889738e-01	3.131145e-01
1.311122e+00	2.978942e+02	4.734742e+02	7.283591e+02	4.889738e-01	3.131145e-01
1.311122e+00	2.978942e+02	4.734742e+02	1.018552e+03	3.092181e-01	3.131145e-01
1.311122e+00	2.978942e+02	4.734742e+02	1.018552e+03	4.889738e-01	8.649071e-01
1.311122e+00	2.978942e+02	4.734742e+02	7.283591e+02	3.092181e-01	8.649071e-01
1.311122e+00	2.978942e+02	3.730149e+02	1.018552e+03	3.092181e-01	8.649071e-01
1.311122e+00	2.978942e+02	3.730149e+02	7.283591e+02	4.889738e-01	8.649071e-01
1.311122e+00	2.978942e+02	3.730149e+02	7.283591e+02	3.092181e-01	3.131145e-01
1.311122e+00	2.978942e+02	3.730149e+02	7.283591e+02	3.092181e-01	8.649071e-01
1.311122e+00	2.978942e+02	9.399656e+02	6.881050e+02	9.425810e-02	2.246826e+00
1.311122e+00	2.978942e+02	5.543599e+02	6.881050e+02	9.425810e-02	2.246826e+00
1.311122e+00	2.978942e+02	9.399656e+02	1.039806e+03	9.425810e-02	2.246826e+00
1.311122e+00	2.978942e+02	9.399656e+02	6.881050e+02	8.636338e-02	2.246826e+00
1.311122e+00	2.978942e+02	9.399656e+02	6.881050e+02	9.425810e-02	3.797233e+00
1.311122e+00	2.978942e+02	9.399656e+02	1.039806e+03	8.636338e-02	3.797233e+00
1.311122e+00	2.978942e+02	5.543599e+02	6.881050e+02	8.636338e-02	3.797233e+00
1.311122e+00	2.978942e+02	5.543599e+02	1.039806e+03	9.425810e-02	3.797233e+00
1.311122e+00	2.978942e+02	5.543599e+02	1.039806e+03	8.636338e-02	2.246826e+00
1.311122e+00	2.978942e+02	5.543599e+02	1.039806e+03	8.636338e-02	3.797233e+00
1.311122e+00	2.978942e+02	8.768479e+02	1.395029e+03	4.587615e-01	3.061462e+00
1.311122e+00	2.978942e+02	4.008918e+02	1.395029e+03	4.587615e-01	3.061462e+00
1.311122e+00	2.978942e+02	8.768479e+02	1.221281e+03	4.587615e-01	3.061462e+00
1.311122e+00	2.978942e+02	8.768479e+02	1.395029e+03	4.800726e-01	3.061462e+00
1.311122e+00	2.978942e+02	8.768479e+02	1.395029e+03	4.587615e-01	2.362450e+00
1.311122e+00	2.978942e+02	8.768479e+02	1.221281e+03	4.800726e-01	2.362450e+00
1.311122e+00	2.978942e+02	4.008918e+02	1.395029e+03	4.800726e-01	2.362450e+00
1.311122e+00	2.978942e+02	4.008918e+02	1.221281e+03	4.587615e-01	2.362450e+00
1.311122e+00	2.978942e+02	4.008918e+02	1.221281e+03	4.800726e-01	3.061462e+00
1.311122e+00	2.978942e+02	4.008918e+02	1.221281e+03	4.800726e-01	2.362450e+00
1.311122e+00	2.978942e+02	4.146438e+02	8.192263e+02	6.426529e-02	1.494491e+00
1.311122e+00	2.978942e+02	7.068368e+02	8.192263e+02	6.426529e-02	1.494491e+00
1.311122e+00	2.978942e+02	4.146438e+02	5.346819e+02	6.426529e-02	1.494491e+00
1.311122e+00	2.978942e+02	4.146438e+02	8.192263e+02	2.529264e-01	1.494491e+00
1.311122e+00	2.978942e+02	4.146438e+02	8.192263e+02	6.426529e-02	1.300424e+00
1.311122e+00	2.978942e+02	4.146438e+02	5.346819e+02	2.529264e-01	1.300424e+00
1.311122e+00	2.978942e+02	7.068368e+02	8.192263e+02	2.529264e-01	1.300424e+00
1.311122e+00	2.978942e+02	7.068368e+02	5.346819e+02	6.426529e-02	1.300424e+00
1.311122e+00	2.978942e+02	7.068368e+02	5.346819e+02	2.529264e-01	1.494491e+00
1.311122e+00	2.978942e+02	7.068368e+02	5.346819e+02	2.529264e-01	1.300424e+00
1.311122e+00	2.978942e+02	1.444920e+02	1.137278e+03	3.093379e-01	2.399135e+00
1.311122e+00	2.978942e+02	8.978834e+02	1.137278e+03	3.093379e-01	2.399135e+00
1.311122e+00	2.978942e+02	1.444920e+02	8.389168e+02	3.093379e-01	2.399135e+00
1.311122e+00	2.978942e+02	1.444920e+02	1.137278e+03	2.837482e-01	2.399135e+00
1.311122e+00	2.978942e+02	1.444920e+02	1.137278e+03	3.093379e-01	7.463737e-01
1.311122e+00	2.978942e+02	1.444920e+02	8.389168e+02	2.837482e-01	7.463737e-01
1.311122e+00	2.978942e+02	8.978834e+02	1.137278e+03	2.837482e-01	7.463737e-01
1.311122e+00	2.978942e+02	8.978834e+02	8.389168e+02	3.093379e-01	7.463737e-01
1.311122e+00	2.978942e+02	8.978834e+02	8.389168e+02	2.837482e-01	2.399135e+00
1.311122e+00	2.978942e+02	8.978834e+02	8.389168e+02	2.837482e-01	7.463737e-01
1.311122e+00	2.978942e+02	6.772636e+02	5.927257e+02	2.523643e-01	9.956551e-02
1.311122e+00	2.978942e+02	2.168095e+02	5.927257e+02	2.523643e-01	9.956551e-02
1.311122e+00	2.978942e+02	6.772636e+02	1.400486e+03	2.523643e-01	9.956551e-02
1.311122e+00	2.978942e+02	6.772636e+02	5.927257e+02	5.551115e-02	9.956551e-02
1.311122e+00	2.978942e+02	6.772636e+02	5.927257e+02	2.523643e-01	3.674314e+00
1.311122e+00	2.978942e+02	6.772636e+02	1.400486e+03	5.551115e-02	3.674314e+00
1.311122e+00	2.978942e+02	2.168095e+02	5.927257e+02	5.551115e-02	3.674314e+00
1.311122e+00	2.978942e+02	2.168095e+02	1.400486e+03	2.523643e-01	3.674314e+00
1.311122e+00	2.978942e+02	2.168095e+02	1.400486e+03	5.551115e-02	9.956551e-02
1.311122e+00	2.978942e+02	2.168095e+02	1.400486e+03	5.551115e-02	3.674314e+00
1.311122e+00	2.978942e+02	5.876134e+02	1.100707e+03	1.341096e-01	6.820378e-01
1.311122e+00	2.978942e+02	7.664462e+01	1.100707e+03	1.341096e-01	6.820378e-01
1.311122e+00	2.978942e+02	5.876134e+02	1.074286e+03	1.341096e-01	6.820378e-01
1.311122e+00	2.978942e+02	5.876134e+02	1.100707e+03	3.801417e-01	6.820378e-01
1.311122e+00	2.978942e+02	5.876134e+02	1.100707e+03	1.341096e-01	9.072639e-02
1.311122e+00	2.978942e+02	5.876134e+02	1.074286e+03	3.801417e-01	9.072639e-02
1.311122e+00	2.978942e+02	7.664462e+01	1.100707e+03	3.801417e-01	9.072639e-02
1.311122e+00	2.978942e+02	7.664462e+01	1.074286e+03	1.341096e-01	9.072639e-02
1.311122e+00	2.978942e+02	7.664462e+01	1.074286e+03	3.801417e-01	6.820378e-01
1.311122e+00	2.978942e+02	7.664462e+01	1.074286e+03	3.801417e-01	9.072639e-02
1.311122e+00	2.978942e+02	1.253330e+02	6.772399e+02	4.144090e-01	2.876408e+00
1.311122e+00	2.978942e+02	7.579922e+02	6.772399e+02	4.144090e-01	2.876408e+00
1.311122e+00	2.978942e+02	1.253330e+02	6.377170e+02	4.144090e-01	2.876408e+00
1.311122e+00	2.978942e+02	1.253330e+02	6.772399e+02	1.555292e-01	2.876408e+00
1.311122e+00	2.978942e+02	1.253330e+02	6.772399e+02	4.144090e-01	3.018665e+00
1.311122e+00	2.978942e+02	1.253330e+02	6.377170e+02	1.555292e-01	3.018665e+00
1.311122e+00	2.978942e+02	7.579922e+02	6.772399e+02	1.555292e-01	3.018665e+00
1.311122e+00	2.978942e+02	7.579922e+02	6.377170e+02	4.144090e-01	3.018665e+00
1.311122e+00	2.978942e+02	7.579922e+02	6.377170e+02	1.555292e-01	2.876408e+00
1.311122e+00	2.978942e+02	7.579922e+02	6.377170e+02	1.555292e-01	3.018665e+00
1.311122e+00	2.978942e+02	3.245066e+02	1.374083e+03	1.991651e-01	1.780923e+00
1.311122e+00	2.978942e+02	5.660948e+02	1.374083e+03	1.991651e-01	1.780923e+00
1.311122e+00	2.978942e+02	3.245066e+02	9.897884e+02	1.991651e-01	1.780923e+00
1.311122e+00	2.978942e+02	3.245066e+02	1.374083e+03	4.077391e-01	1.780923e+00
1.311122e+00	2.978942e+02	3.245066e+02	1.374083e+03	1.991651e-01	2.955510e+00
1.311122e+00	2.978942e+02	3.245066e+02	9.897884e+02	4.077391e-01	2.955510e+00
1.311122e+00	2.978942e+02	5.660948e+02	1.374083e+03	4.077391e-01	2.955510e+00
1.311122e+00	2.978942e+02	5.660948e+02	9.897884e+02	1.991651e-01	2.955510e+00
1.311122e+00	2.978942e+02	5.660948e+02	9.897884e+02	4.077391e-01	1.780923e+00
1.311122e+00	2.978942e+02	5.660948e+02	9.897884e+02	4.077391e-01	2.955510e+00
1.311122e+00	2.978942e+02	8.572020e+02	9.193664e+02	3.669281e-01	3.710270e+00
1.311122e+00	2.978942e+02	2.598743e+02	9.193664e+02	3.669281e-01	3.710270e+00
1.311122e+00	2.978942e+02	8.572020e+02	1.301389e+03	3.669281e-01	3.710270e+00
1.311122e+00	2.978942e+02	8.572020e+02	9.193664e+02	1.842193e-01	3.710270e+00
1.311122e+00	2.978942e+02	8.572020e+02	9.193664e+02	3.669281e-01	1.893486e+00
1.311122e+00	2.978942e+02	8.572020e+02	1.301389e+03	1.842193e-01	1.893486e+00
1.311122e+00	2.978942e+02	2.598743e+02	9.193664e+02	1.842193e-01	1.893486e+00
1.311122e+00	2.978942e+02	2.598743e+02	1.301389e+03	3.669281e-01	1.893486e+00
1.311122e+00	2.978942e+02	2.598743e+02	1.301389e+03	1.842193e-01	3.710270e+00
1.311122e+00	2.978942e+02	2.598743e+02	1.301389e+03	1.842193e-01	1.893486e+00
