8.505854671820998192e-01 9.313660049811005592e-01 3.627175902947783470e-01 3.645501602441072464e-01 3.349863667506724596e+03
5.607025437057018280e-01 9.313660049811005592e-01 3.627175902947783470e-01 3.645501602441072464e-01 3.349863667506724596e+03
8.505854671820998192e-01 4.225346138700842857e-01 3.892124649137258530e-01 3.645501602441072464e-01 3.349863667506724596e+03
8.505854671820998192e-01 9.313660049811005592e-01 3.627175902947783470e-01 1.867756107822060585e-01 3.349863667506724596e+03
8.505854671820998192e-01 9.313660049811005592e-01 3.627175902947783470e-01 3.645501602441072464e-01 5.163950186222791672e+03
8.505854671820998192e-01 4.225346138700842857e-01 3.892124649137258530e-01 1.867756107822060585e-01 5.163950186222791672e+03
5.607025437057018280e-01 9.313660049811005592e-01 3.627175902947783470e-01 1.867756107822060585e-01 5.163950186222791672e+03
5.607025437057018280e-01 4.225346138700842857e-01 3.892124649137258530e-01 3.645501602441072464e-01 5.163950186222791672e+03
5.607025437057018280e-01 4.225346138700842857e-01 3.892124649137258530e-01 1.867756107822060585e-01 3.349863667506724596e+03
5.607025437057018280e-01 4.225346138700842857e-01 3.892124649137258530e-01 1.867756107822060585e-01 5.163950186222791672e+03
4.981257347390055656e-01 2.346156742423772812e-01 8.692318452522158623e-01 6.817866424098610878e-01 5.282306740526109934e+03
3.070994429290294647e-01 2.346156742423772812e-01 8.692318452522158623e-01 6.817866424098610878e-01 5.282306740526109934e+03
4.981257347390055656e-01 9.503397997468709946e-01 9.499945566058158875e-01 6.817866424098610878e-01 5.282306740526109934e+03
4.981257347390055656e-01 2.346156742423772812e-01 8.692318452522158623e-01 7.926336210221052170e-01 5.282306740526109934e+03
4.981257347390055656e-01 2.346156742423772812e-01 8.692318452522158623e-01 6.817866424098610878e-01 3.172906096559017897e+03
4.981257347390055656e-01 9.503397997468709946e-01 9.499945566058158875e-01 7.926336210221052170e-01 3.172906096559017897e+03
3.070994429290294647e-01 2.346156742423772812e-01 8.692318452522158623e-01 7.926336210221052170e-01 3.172906096559017897e+03
3.070994429290294647e-01 9.503397997468709946e-01 9.499945566058158875e-01 6.817866424098610878e-01 3.172906096559017897e+03
3.070994429290294647e-01 9.503397997468709946e-01 9.499945566058158875e-01 7.926336210221052170e-01 5.282306740526109934e+03
3.070994429290294647e-01 9.503397997468709946e-01 9.499945566058158875e-01 7.926336210221052170e-01 3.172906096559017897e+03
4.466008581221103668e-02 7.128636902198195457e-01 1.906825732439756393e-01 2.161289323121309280e-01 4.693369606509804726e+03
2.111924793571233749e-01 7.128636902198195457e-01 1.906825732439756393e-01 2.161289323121309280e-01 4.693369606509804726e+03
4.466008581221103668e-02 1.773136463016271591e-01 5.191050693392753601e-01 2.161289323121309280e-01 4.693369606509804726e+03
4.466008581221103668e-02 7.128636902198195457e-01 1.906825732439756393e-01 6.972826384007930756e-01 4.693369606509804726e+03
4.466008581221103668e-02 7.128636902198195457e-01 1.906825732439756393e-01 2.161289323121309280e-01 4.013184746261686087e+03
4.466008581221103668e-02 1.773136463016271591e-01 5.191050693392753601e-01 6.972826384007930756e-01 4.013184746261686087e+03
2.111924793571233749e-01 7.128636902198195457e-01 1.906825732439756393e-01 6.972826384007930756e-01 4.013184746261686087e+03
2.111924793571233749e-01 1.773136463016271591e-01 5.191050693392753601e-01 2.161289323121309280e-01 4.013184746261686087e+03
2.111924793571233749e-01 1.773136463016271591e-01 5.191050693392753601e-01 6.972826384007930756e-01 4.693369606509804726e+03
2.111924793571233749e-01 1.773136463016271591e-01 5.191050693392753601e-01 6.972826384007930756e-01 4.013184746261686087e+03
6.770632844418287277e-01 3.911128863692283630e-01 6.974854189902544022e-01 7.677994230762124062e-01 4.005880981683731079e+03
9.649138357490301132e-01 3.911128863692283630e-01 6.974854189902544022e-01 7.677994230762124062e-01 4.005880981683731079e+03
6.770632844418287277e-01 6.954068681225180626e-01 7.992050610482692719e-02 7.677994230762124062e-01 4.005880981683731079e+03
6.770632844418287277e-01 3.911128863692283630e-01 6.974854189902544022e-01 3.427058933302760124e-01 4.005880981683731079e+03
6.770632844418287277e-01 3.911128863692283630e-01 6.974854189902544022e-01 7.677994230762124062e-01 4.678543305024504662e+03
6.770632844418287277e-01 6.954068681225180626e-01 7.992050610482692719e-02 3.427058933302760124e-01 4.678543305024504662e+03
9.649138357490301132e-01 3.911128863692283630e-01 6.974854189902544022e-01 3.427058933302760124e-01 4.678543305024504662e+03
9.649138357490301132e-01 6.954068681225180626e-01 7.992050610482692719e-02 7.677994230762124062e-01 4.678543305024504662e+03
9.649138357490301132e-01 6.954068681225180626e-01 7.992050610482692719e-02 3.427058933302760124e-01 4.005880981683731079e+03
9.649138357490301132e-01 6.954068681225180626e-01 7.992050610482692719e-02 3.427058933302760124e-01 4.678543305024504662e+03
5.046536317095160484e-01 6.169911054894328117e-01 8.812057944014668465e-01 9.923701146617531776e-01 3.856818235479295254e+03
6.290915040299296379e-01 6.169911054894328117e-01 8.812057944014668465e-01 9.923701146617531776e-01 3.856818235479295254e+03
5.046536317095160484e-01 6.953643355518579483e-02 6.744422977790236473e-01 9.923701146617531776e-01 3.856818235479295254e+03
5.046536317095160484e-01 6.169911054894328117e-01 8.812057944014668465e-01 5.802759407088160515e-01 3.856818235479295254e+03
5.046536317095160484e-01 6.169911054894328117e-01 8.812057944014668465e-01 9.923701146617531776e-01 3.458713893312960863e+03
5.046536317095160484e-01 6.953643355518579483e-02 6.744422977790236473e-01 5.802759407088160515e-01 3.458713893312960863e+03
6.290915040299296379e-01 6.169911054894328117e-01 8.812057944014668465e-01 5.802759407088160515e-01 3.458713893312960863e+03
6.290915040299296379e-01 6.953643355518579483e-02 6.744422977790236473e-01 9.923701146617531776e-01 3.458713893312960863e+03
6.290915040299296379e-01 6.953643355518579483e-02 6.744422977790236473e-01 5.802759407088160515e-01 3.856818235479295254e+03
6.290915040299296379e-01 6.953643355518579483e-02 6.744422977790236473e-01 5.802759407088160515e-01 3.458713893312960863e+03
1.524988366290926933e-01 3.108351491391658783e-01 3.897747257724404335e-01 5.397503264248371124e-02 4.541548338718712330e+03
3.753665713593363762e-01 3.108351491391658783e-01 3.897747257724404335e-01 5.397503264248371124e-02 4.541548338718712330e+03
1.524988366290926933e-01 5.573636069893836975e-01 2.352596754208207130e-01 5.397503264248371124e-02 4.541548338718712330e+03
1.524988366290926933e-01 3.108351491391658783e-01 3.897747257724404335e-01 4.441905878484249115e-01 4.541548338718712330e+03
1.524988366290926933e-01 3.108351491391658783e-01 3.897747257724404335e-01 5.397503264248371124e-02 5.215382768772542477e+03
1.524988366290926933e-01 5.573636069893836975e-01 2.352596754208207130e-01 4.441905878484249115e-01 5.215382768772542477e+03
3.753665713593363762e-01 3.108351491391658783e-01 3.897747257724404335e-01 4.441905878484249115e-01 5.215382768772542477e+03
3.753665713593363762e-01 5.573636069893836975e-01 2.352596754208207130e-01 5.397503264248371124e-02 5.215382768772542477e+03
3.753665713593363762e-01 5.573636069893836975e-01 2.352596754208207130e-01 4.441905878484249115e-01 4.541548338718712330e+03
3.753665713593363762e-01 5.573636069893836975e-01 2.352596754208207130e-01 4.441905878484249115e-01 5.215382768772542477e+03
3.276646751910448074e-01 7.729967655614018440e-01 5.531796254217624664e-01 5.783218601718544960e-01 5.119489551987498999e+03
9.604849759489297867e-02 7.729967655614018440e-01 5.531796254217624664e-01 5.783218601718544960e-01 5.119489551987498999e+03
3.276646751910448074e-01 3.144906088709831238e-01 2.966192001476883888e-01 5.783218601718544960e-01 5.119489551987498999e+03
3.276646751910448074e-01 7.729967655614018440e-01 5.531796254217624664e-01 3.853496722877025604e-02 5.119489551987498999e+03
3.276646751910448074e-01 7.729967655614018440e-01 5.531796254217624664e-01 5.783218601718544960e-01 4.451960881240665913e+03
3.276646751910448074e-01 3.144906088709831238e-01 2.966192001476883888e-01 3.853496722877025604e-02 4.451960881240665913e+03
9.604849759489297867e-02 7.729967655614018440e-01 5.531796254217624664e-01 3.853496722877025604e-02 4.451960881240665913e+03
9.604849759489297867e-02 3.144906088709831238e-01 2.966192001476883888e-01 5.783218601718544960e-01 4.451960881240665913e+03
9.604849759489297867e-02 3.144906088709831238e-01 2.966192001476883888e-01 3.853496722877025604e-02 5.119489551987498999e+03
9.604849759489297867e-02 3.144906088709831238e-01 2.966192001476883888e-01 3.853496722877025604e-02 4.451960881240665913e+03
9.603732880204916000e-01 9.184031374752521515e-02 6.158227473497390747e-02 4.056148398667573929e-01 3.189785889815539122e+03
8.496475452557206154e-01 9.184031374752521515e-02 6.158227473497390747e-02 4.056148398667573929e-01 3.189785889815539122e+03
9.603732880204916000e-01 8.120149681344628334e-01 8.573993509635329247e-01 4.056148398667573929e-01 3.189785889815539122e+03
9.603732880204916000e-01 9.184031374752521515e-02 6.158227473497390747e-02 9.254132965579628944e-01 3.189785889815539122e+03
9.603732880204916000e-01 9.184031374752521515e-02 6.158227473497390747e-02 4.056148398667573929e-01 3.864727238658815622e+03
9.603732880204916000e-01 8.120149681344628334e-01 8.573993509635329247e-01 9.254132965579628944e-01 3.864727238658815622e+03
8.496475452557206154e-01 9.184031374752521515e-02 6.158227473497390747e-02 9.254132965579628944e-01 3.864727238658815622e+03
8.496475452557206154e-01 8.120149681344628334e-01 8.573993509635329247e-01 4.056148398667573929e-01 3.864727238658815622e+03
8.496475452557206154e-01 8.120149681344628334e-01 8.573993509635329247e-01 9.254132965579628944e-01 3.189785889815539122e+03
8.496475452557206154e-01 8.120149681344628334e-01 8.573993509635329247e-01 9.254132965579628944e-01 3.864727238658815622e+03
9.000481246039271355e-01 6.391415493562817574e-01 5.990788219496607780e-01 8.947031665593385696e-02 5.477879503276199102e+03
8.900120100006461143e-01 6.391415493562817574e-01 5.990788219496607780e-01 8.947031665593385696e-02 5.477879503276199102e+03
9.000481246039271355e-01 6.238443590700626373e-02 7.312653400003910065e-01 8.947031665593385696e-02 5.477879503276199102e+03
9.000481246039271355e-01 6.391415493562817574e-01 5.990788219496607780e-01 5.101844109594821930e-01 5.477879503276199102e+03
9.000481246039271355e-01 6.391415493562817574e-01 5.990788219496607780e-01 8.947031665593385696e-02 4.862808640580624342e+03
9.000481246039271355e-01 6.238443590700626373e-02 7.312653400003910065e-01 5.101844109594821930e-01 4.862808640580624342e+03
8.900120100006461143e-01 6.391415493562817574e-01 5.990788219496607780e-01 5.101844109594821930e-01 4.862808640580624342e+03
8.900120100006461143e-01 6.238443590700626373e-02 7.312653400003910065e-01 8.947031665593385696e-02 4.862808640580624342e+03
8.900120100006461143e-01 6.238443590700626373e-02 7.312653400003910065e-01 5.101844109594821930e-01 5.477879503276199102e+03
8.900120100006461143e-01 6.238443590700626373e-02 7.312653400003910065e-01 5.101844109594821930e-01 4.862808640580624342e+03
2.512721335515379906e-01 4.452973995357751846e-01 1.055269232019782066e-01 8.954658415168523788e-01 3.545431047212332487e+03
1.358023723587393761e-01 4.452973995357751846e-01 1.055269232019782066e-01 8.954658415168523788e-01 3.545431047212332487e+03
2.512721335515379906e-01 5.648526726290583611e-01 1.704949680715799332e-01 8.954658415168523788e-01 3.545431047212332487e+03
2.512721335515379906e-01 4.452973995357751846e-01 1.055269232019782066e-01 4.048155350610613823e-01 3.545431047212332487e+03
2.512721335515379906e-01 4.452973995357751846e-01 1.055269232019782066e-01 8.954658415168523788e-01 4.121919136494398117e+03
2.512721335515379906e-01 5.648526726290583611e-01 1.704949680715799332e-01 4.048155350610613823e-01 4.121919136494398117e+03
1.358023723587393761e-01 4.452973995357751846e-01 1.055269232019782066e-01 4.048155350610613823e-01 4.121919136494398117e+03
1.358023723587393761e-01 5.648526726290583611e-01 1.704949680715799332e-01 8.954658415168523788e-01 4.121919136494398117e+03
1.358023723587393761e-01 5.648526726290583611e-01 1.704949680715799332e-01 4.048155350610613823e-01 3.545431047212332487e+03
1.358023723587393761e-01 5.648526726290583611e-01 1.704949680715799332e-01 4.048155350610613823e-01 4.121919136494398117e+03
2.059422861784696579e-01 9.826504839584231377e-01 9.583534691482782364e-01 4.878020184114575386e-01 4.123419343493878841e+03
3.527425425127148628e-01 9.826504839584231377e-01 9.583534691482782364e-01 4.878020184114575386e-01 4.123419343493878841e+03
2.059422861784696579e-01 3.074833182618021965e-01 3.611341062933206558e-01 4.878020184114575386e-01 4.123419343493878841e+03
2.059422861784696579e-01 9.826504839584231377e-01 9.583534691482782364e-01 1.241899514570832253e-01 4.123419343493878841e+03
2.059422861784696579e-01 9.826504839584231377e-01 9.583534691482782364e-01 4.878020184114575386e-01 3.044814562425017357e+03
2.059422861784696579e-01 3.074833182618021965e-01 3.611341062933206558e-01 1.241899514570832253e-01 3.044814562425017357e+03
3.527425425127148628e-01 9.826504839584231377e-01 9.583534691482782364e-01 1.241899514570832253e-01 3.044814562425017357e+03
3.527425425127148628e-01 3.074833182618021965e-01 3.611341062933206558e-01 4.878020184114575386e-01 3.044814562425017357e+03
3.527425425127148628e-01 3.074833182618021965e-01 3.611341062933206558e-01 1.241899514570832253e-01 4.123419343493878841e+03
3.527425425127148628e-01 3.074833182618021965e-01 3.611341062933206558e-01 1.241899514570832253e-01 3.044814562425017357e+03
5.723028872162103653e-01 1.638067997992038727e-01 4.649707134813070297e-01 5.594815518707036972e-01 4.810912122018635273e+03
6.068339245393872261e-01 1.638067997992038727e-01 4.649707134813070297e-01 5.594815518707036972e-01 4.810912122018635273e+03
5.723028872162103653e-01 8.196635488420724869e-01 8.003379441797733307e-01 5.594815518707036972e-01 4.810912122018635273e+03
5.723028872162103653e-01 1.638067997992038727e-01 4.649707134813070297e-01 9.802306946367025375e-01 4.810912122018635273e+03
5.723028872162103653e-01 1.638067997992038727e-01 4.649707134813070297e-01 5.594815518707036972e-01 4.960022409912198782e+03
5.723028872162103653e-01 8.196635488420724869e-01 8.003379441797733307e-01 9.802306946367025375e-01 4.960022409912198782e+03
6.068339245393872261e-01 1.638067997992038727e-01 4.649707134813070297e-01 9.802306946367025375e-01 4.960022409912198782e+03
6.068339245393872261e-01 8.196635488420724869e-01 8.003379441797733307e-01 5.594815518707036972e-01 4.960022409912198782e+03
6.068339245393872261e-01 8.196635488420724869e-01 8.003379441797733307e-01 9.802306946367025375e-01 4.810912122018635273e+03
6.068339245393872261e-01 8.196635488420724869e-01 8.003379441797733307e-01 9.802306946367025375e-01 4.960022409912198782e+03
7.457055551931262016e-01 8.125595143064856529e-01 1.408771509304642677e-01 7.099510338157415390e-01 4.345961289480328560e+03
8.020288944244384766e-01 8.125595143064856529e-01 1.408771509304642677e-01 7.099510338157415390e-01 4.345961289480328560e+03
7.457055551931262016e-01 4.457772113382816315e-01 4.540877984836697578e-01 7.099510338157415390e-01 4.345961289480328560e+03
7.457055551931262016e-01 8.125595143064856529e-01 1.408771509304642677e-01 2.256928738206624985e-01 4.345961289480328560e+03
7.457055551931262016e-01 8.125595143064856529e-01 1.408771509304642677e-01 7.099510338157415390e-01 3.758596374653279781e+03
7.457055551931262016e-01 4.457772113382816315e-01 4.540877984836697578e-01 2.256928738206624985e-01 3.758596374653279781e+03
8.020288944244384766e-01 8.125595143064856529e-01 1.408771509304642677e-01 2.256928738206624985e-01 3.758596374653279781e+03
8.020288944244384766e-01 4.457772113382816315e-01 4.540877984836697578e-01 7.099510338157415390e-01 3.758596374653279781e+03
8.020288944244384766e-01 4.457772113382816315e-01 4.540877984836697578e-01 2.256928738206624985e-01 4.345961289480328560e+03
8.020288944244384766e-01 4.457772113382816315e-01 4.540877984836697578e-01 2.256928738206624985e-01 3.758596374653279781e+03
9.711243119090795517e-02 9.309947490692138672e-03 6.496345596387982368e-01 2.749920384958386421e-01 3.661226995289325714e+03
4.794156551361083984e-02 9.309947490692138672e-03 6.496345596387982368e-01 2.749920384958386421e-01 3.661226995289325714e+03
9.711243119090795517e-02 9.276766153052449226e-01 8.932897699996829033e-01 2.749920384958386421e-01 3.661226995289325714e+03
9.711243119090795517e-02 9.309947490692138672e-03 6.496345596387982368e-01 8.632439160719513893e-01 3.661226995289325714e+03
9.711243119090795517e-02 9.309947490692138672e-03 6.496345596387982368e-01 2.749920384958386421e-01 4.265111092943698168e+03
9.711243119090795517e-02 9.276766153052449226e-01 8.932897699996829033e-01 8.632439160719513893e-01 4.265111092943698168e+03
4.794156551361083984e-02 9.309947490692138672e-03 6.496345596387982368e-01 8.632439160719513893e-01 4.265111092943698168e+03
4.794156551361083984e-02 9.276766153052449226e-01 8.932897699996829033e-01 2.749920384958386421e-01 4.265111092943698168e+03
4.794156551361083984e-02 9.276766153052449226e-01 8.932897699996829033e-01 8.632439160719513893e-01 3.661226995289325714e+03
4.794156551361083984e-02 9.276766153052449226e-01 8.932897699996829033e-01 8.632439160719513893e-01 4.265111092943698168e+03
4.227238204330205917e-01 5.315529564395546913e-01 2.816636264324188232e-01 8.739057090133428574e-01 3.072261851746588945e+03
4.562264923006296158e-01 5.315529564395546913e-01 2.816636264324188232e-01 8.739057090133428574e-01 3.072261851746588945e+03
4.227238204330205917e-01 2.004568399861454964e-01 5.760558499023318291e-01 8.739057090133428574e-01 3.072261851746588945e+03
4.227238204330205917e-01 5.315529564395546913e-01 2.816636264324188232e-01 6.429229779168963432e-01 3.072261851746588945e+03
4.227238204330205917e-01 5.315529564395546913e-01 2.816636264324188232e-01 8.739057090133428574e-01 5.421589831355959177e+03
4.227238204330205917e-01 2.004568399861454964e-01 5.760558499023318291e-01 6.429229779168963432e-01 5.421589831355959177e+03
4.562264923006296158e-01 5.315529564395546913e-01 2.816636264324188232e-01 6.429229779168963432e-01 5.421589831355959177e+03
4.562264923006296158e-01 2.004568399861454964e-01 5.760558499023318291e-01 8.739057090133428574e-01 5.421589831355959177e+03
4.562264923006296158e-01 2.004568399861454964e-01 5.760558499023318291e-01 6.429229779168963432e-01 3.072261851746588945e+03
4.562264923006296158e-01 2.004568399861454964e-01 5.760558499023318291e-01 6.429229779168963432e-01 5.421589831355959177e+03
7.892677653580904007e-01 3.533038925379514694e-01 7.901295833289623260e-01 1.733847754076123238e-01 5.001970859710127115e+03
7.104397062212228775e-01 3.533038925379514694e-01 7.901295833289623260e-01 1.733847754076123238e-01 5.001970859710127115e+03
7.892677653580904007e-01 6.726590283215045929e-01 1.528734434396028519e-02 1.733847754076123238e-01 5.001970859710127115e+03
7.892677653580904007e-01 3.533038925379514694e-01 7.901295833289623260e-01 2.565320767462253571e-01 5.001970859710127115e+03
7.892677653580904007e-01 3.533038925379514694e-01 7.901295833289623260e-01 1.733847754076123238e-01 3.584507067687809467e+03
7.892677653580904007e-01 6.726590283215045929e-01 1.528734434396028519e-02 2.565320767462253571e-01 3.584507067687809467e+03
7.104397062212228775e-01 3.533038925379514694e-01 7.901295833289623260e-01 2.565320767462253571e-01 3.584507067687809467e+03
7.104397062212228775e-01 6.726590283215045929e-01 1.528734434396028519e-02 1.733847754076123238e-01 3.584507067687809467e+03
7.104397062212228775e-01 6.726590283215045929e-01 1.528734434396028519e-02 2.565320767462253571e-01 5.001970859710127115e+03
7.104397062212228775e-01 6.726590283215045929e-01 1.528734434396028519e-02 2.565320767462253571e-01 3.584507067687809467e+03
7.619610009714961052e-01 5.186333842575550079e-01 8.912245556712150574e-02 6.175015503540635109e-01 4.031408992130309343e+03
6.608620285987854004e-03 5.186333842575550079e-01 8.912245556712150574e-02 6.175015503540635109e-01 4.031408992130309343e+03
7.619610009714961052e-01 9.897473091259598732e-01 6.001540543511509895e-01 6.175015503540635109e-01 4.031408992130309343e+03
7.619610009714961052e-01 5.186333842575550079e-01 8.912245556712150574e-02 4.300374826416373253e-01 4.031408992130309343e+03
7.619610009714961052e-01 5.186333842575550079e-01 8.912245556712150574e-02 6.175015503540635109e-01 5.265702381264418364e+03
7.619610009714961052e-01 9.897473091259598732e-01 6.001540543511509895e-01 4.300374826416373253e-01 5.265702381264418364e+03
6.608620285987854004e-03 5.186333842575550079e-01 8.912245556712150574e-02 4.300374826416373253e-01 5.265702381264418364e+03
6.608620285987854004e-03 9.897473091259598732e-01 6.001540543511509895e-01 6.175015503540635109e-01 5.265702381264418364e+03
6.608620285987854004e-03 9.897473091259598732e-01 6.001540543511509895e-01 4.300374826416373253e-01 4.031408992130309343e+03
6.608620285987854004e-03 9.897473091259598732e-01 6.001540543511509895e-01 4.300374826416373253e-01 5.265702381264418364e+03
3.953430270776152611e-01 3.384540779516100883e-01 5.802964866161346436e-01 4.289272967725992203e-01 4.601409690920263529e+03
7.525210529565811157e-01 3.384540779516100883e-01 5.802964866161346436e-01 4.289272967725992203e-01 4.601409690920263529e+03
3.953430270776152611e-01 3.828481435775756836e-01 3.591968398541212082e-02 4.289272967725992203e-01 4.601409690920263529e+03
3.953430270776152611e-01 3.384540779516100883e-01 5.802964866161346436e-01 5.436458587646484375e-01 4.601409690920263529e+03
3.953430270776152611e-01 3.384540779516100883e-01 5.802964866161346436e-01 4.289272967725992203e-01 3.352783426642417908e+03
3.953430270776152611e-01 3.828481435775756836e-01 3.591968398541212082e-02 5.436458587646484375e-01 3.352783426642417908e+03
7.525210529565811157e-01 3.384540779516100883e-01 5.802964866161346436e-01 5.436458587646484375e-01 3.352783426642417908e+03
7.525210529565811157e-01 3.828481435775756836e-01 3.591968398541212082e-02 4.289272967725992203e-01 3.352783426642417908e+03
7.525210529565811157e-01 3.828481435775756836e-01 3.591968398541212082e-02 5.436458587646484375e-01 4.601409690920263529e+03
7.525210529565811157e-01 3.828481435775756836e-01 3.591968398541212082e-02 5.436458587646484375e-01 3.352783426642417908e+03
6.980608217418193817e-02 8.626263681799173355e-01 4.799065189436078072e-01 9.534228974953293800e-01 5.257388951256871223e+03
7.194154355674982071e-01 8.626263681799173355e-01 4.799065189436078072e-01 9.534228974953293800e-01 5.257388951256871223e+03
6.980608217418193817e-02 7.350961714982986450e-01 4.956788001582026482e-01 9.534228974953293800e-01 5.257388951256871223e+03
6.980608217418193817e-02 8.626263681799173355e-01 4.799065189436078072e-01 9.503090400248765945e-01 5.257388951256871223e+03
6.980608217418193817e-02 8.626263681799173355e-01 4.799065189436078072e-01 9.534228974953293800e-01 3.804010489955544472e+03
6.980608217418193817e-02 7.350961714982986450e-01 4.956788001582026482e-01 9.503090400248765945e-01 3.804010489955544472e+03
7.194154355674982071e-01 8.626263681799173355e-01 4.799065189436078072e-01 9.503090400248765945e-01 3.804010489955544472e+03
7.194154355674982071e-01 7.350961714982986450e-01 4.956788001582026482e-01 9.534228974953293800e-01 3.804010489955544472e+03
7.194154355674982071e-01 7.350961714982986450e-01 4.956788001582026482e-01 9.503090400248765945e-01 5.257388951256871223e+03
7.194154355674982071e-01 7.350961714982986450e-01 4.956788001582026482e-01 9.503090400248765945e-01 3.804010489955544472e+03
7.183244619518518448e-01 5.744657386094331741e-02 9.707919592037796974e-01 3.041439689695835114e-02 3.442433767020702362e+03
4.736288879066705704e-01 5.744657386094331741e-02 9.707919592037796974e-01 3.041439689695835114e-02 3.442433767020702362e+03
7.183244619518518448e-01 1.378937447443604469e-01 9.314797045662999153e-01 3.041439689695835114e-02 3.442433767020702362e+03
7.183244619518518448e-01 5.744657386094331741e-02 9.707919592037796974e-01 8.785985130816698074e-02 3.442433767020702362e+03
7.183244619518518448e-01 5.744657386094331741e-02 9.707919592037796974e-01 3.041439689695835114e-02 4.547494211699813604e+03
7.183244619518518448e-01 1.378937447443604469e-01 9.314797045662999153e-01 8.785985130816698074e-02 4.547494211699813604e+03
4.736288879066705704e-01 5.744657386094331741e-02 9.707919592037796974e-01 8.785985130816698074e-02 4.547494211699813604e+03
4.736288879066705704e-01 1.378937447443604469e-01 9.314797045662999153e-01 3.041439689695835114e-02 4.547494211699813604e+03
4.736288879066705704e-01 1.378937447443604469e-01 9.314797045662999153e-01 8.785985130816698074e-02 3.442433767020702362e+03
4.736288879066705704e-01 1.378937447443604469e-01 9.314797045662999153e-01 8.785985130816698074e-02 4.547494211699813604e+03
6.074353856965899467e-01 9.661871176213026047e-01 6.703647430986166000e-01 2.394454423338174820e-01 3.292445733211934566e+03
1.844338169321417809e-01 9.661871176213026047e-01 6.703647430986166000e-01 2.394454423338174820e-01 3.292445733211934566e+03
6.074353856965899467e-01 5.020455038174986839e-01 3.385104946792125702e-01 2.394454423338174820e-01 3.292445733211934566e+03
6.074353856965899467e-01 9.661871176213026047e-01 6.703647430986166000e-01 8.331699194386601448e-01 3.292445733211934566e+03
6.074353856965899467e-01 9.661871176213026047e-01 6.703647430986166000e-01 2.394454423338174820e-01 3.267802546732127666e+03
6.074353856965899467e-01 5.020455038174986839e-01 3.385104946792125702e-01 8.331699194386601448e-01 3.267802546732127666e+03
1.844338169321417809e-01 9.661871176213026047e-01 6.703647430986166000e-01 8.331699194386601448e-01 3.267802546732127666e+03
1.844338169321417809e-01 5.020455038174986839e-01 3.385104946792125702e-01 2.394454423338174820e-01 3.267802546732127666e+03
1.844338169321417809e-01 5.020455038174986839e-01 3.385104946792125702e-01 8.331699194386601448e-01 3.292445733211934566e+03
1.844338169321417809e-01 5.020455038174986839e-01 3.385104946792125702e-01 8.331699194386601448e-01 3.267802546732127666e+03
2.411223491653800011e-01 1.454131910577416420e-01 1.631462071090936661e-01 8.069907957687973976e-01 5.105271820910274982e+03
9.302244177088141441e-01 1.454131910577416420e-01 1.631462071090936661e-01 8.069907957687973976e-01 5.105271820910274982e+03
2.411223491653800011e-01 1.245775055140256882e-01 7.743095029145479202e-01 8.069907957687973976e-01 5.105271820910274982e+03
2.411223491653800011e-01 1.454131910577416420e-01 1.631462071090936661e-01 1.892099399119615555e-01 5.105271820910274982e+03
2.411223491653800011e-01 1.454131910577416420e-01 1.631462071090936661e-01 8.069907957687973976e-01 5.102596566546708345e+03
2.411223491653800011e-01 1.245775055140256882e-01 7.743095029145479202e-01 1.892099399119615555e-01 5.102596566546708345e+03
9.302244177088141441e-01 1.454131910577416420e-01 1.631462071090936661e-01 1.892099399119615555e-01 5.102596566546708345e+03
9.302244177088141441e-01 1.245775055140256882e-01 7.743095029145479202e-01 8.069907957687973976e-01 5.102596566546708345e+03
9.302244177088141441e-01 1.245775055140256882e-01 7.743095029145479202e-01 1.892099399119615555e-01 5.105271820910274982e+03
9.302244177088141441e-01 1.245775055140256882e-01 7.743095029145479202e-01 1.892099399119615555e-01 5.102596566546708345e+03
2.864044513553380966e-01 6.846955567598342896e-01 7.796418657526373863e-01 3.409935776144266129e-01 4.438277715351432562e+03
5.885855900123715401e-01 6.846955567598342896e-01 7.796418657526373863e-01 3.409935776144266129e-01 4.438277715351432562e+03
2.864044513553380966e-01 7.569786887615919113e-01 6.950666774064302444e-01 3.409935776144266129e-01 4.438277715351432562e+03
2.864044513553380966e-01 6.846955567598342896e-01 7.796418657526373863e-01 2.816622257232666016e-01 4.438277715351432562e+03
2.864044513553380966e-01 6.846955567598342896e-01 7.796418657526373863e-01 3.409935776144266129e-01 4.574512741062790155e+03
2.864044513553380966e-01 7.569786887615919113e-01 6.950666774064302444e-01 2.816622257232666016e-01 4.574512741062790155e+03
5.885855900123715401e-01 6.846955567598342896e-01 7.796418657526373863e-01 2.816622257232666016e-01 4.574512741062790155e+03
5.885855900123715401e-01 7.569786887615919113e-01 6.950666774064302444e-01 3.409935776144266129e-01 4.574512741062790155e+03
5.885855900123715401e-01 7.569786887615919113e-01 6.950666774064302444e-01 2.816622257232666016e-01 4.438277715351432562e+03
5.885855900123715401e-01 7.569786887615919113e-01 6.950666774064302444e-01 2.816622257232666016e-01 4.574512741062790155e+03
9.352282453328371048e-01 4.889211794361472130e-01 2.725896118208765984e-01 6.428511077538132668e-01 3.870425149332731962e+03
3.426767336204648018e-01 4.889211794361472130e-01 2.725896118208765984e-01 6.428511077538132668e-01 3.870425149332731962e+03
9.352282453328371048e-01 3.697982197627425194e-01 1.308342032134532928e-01 6.428511077538132668e-01 3.870425149332731962e+03
9.352282453328371048e-01 4.889211794361472130e-01 2.725896118208765984e-01 6.762931188568472862e-01 3.870425149332731962e+03
9.352282453328371048e-01 4.889211794361472130e-01 2.725896118208765984e-01 6.428511077538132668e-01 4.065404252149164677e+03
9.352282453328371048e-01 3.697982197627425194e-01 1.308342032134532928e-01 6.762931188568472862e-01 4.065404252149164677e+03
3.426767336204648018e-01 4.889211794361472130e-01 2.725896118208765984e-01 6.762931188568472862e-01 4.065404252149164677e+03
3.426767336204648018e-01 3.697982197627425194e-01 1.308342032134532928e-01 6.428511077538132668e-01 4.065404252149164677e+03
3.426767336204648018e-01 3.697982197627425194e-01 1.308342032134532928e-01 6.762931188568472862e-01 3.870425149332731962e+03
3.426767336204648018e-01 3.697982197627425194e-01 1.308342032134532928e-01 6.762931188568472862e-01 4.065404252149164677e+03
9.876950746402144432e-01 7.859792187809944153e-01 8.255395367741584778e-01 8.344761710613965988e-01 4.796366588678210974e+03
4.293972430750727654e-01 7.859792187809944153e-01 8.255395367741584778e-01 8.344761710613965988e-01 4.796366588678210974e+03
9.876950746402144432e-01 6.199228279292583466e-01 2.547137280926108360e-01 8.344761710613965988e-01 4.796366588678210974e+03
9.876950746402144432e-01 7.859792187809944153e-01 8.255395367741584778e-01 7.631394509226083755e-01 4.796366588678210974e+03
9.876950746402144432e-01 7.859792187809944153e-01 8.255395367741584778e-01 8.344761710613965988e-01 4.360656246542930603e+03
9.876950746402144432e-01 6.199228279292583466e-01 2.547137280926108360e-01 7.631394509226083755e-01 4.360656246542930603e+03
4.293972430750727654e-01 7.859792187809944153e-01 8.255395367741584778e-01 7.631394509226083755e-01 4.360656246542930603e+03
4.293972430750727654e-01 6.199228279292583466e-01 2.547137280926108360e-01 8.344761710613965988e-01 4.360656246542930603e+03
4.293972430750727654e-01 6.199228279292583466e-01 2.547137280926108360e-01 7.631394509226083755e-01 4.796366588678210974e+03
4.293972430750727654e-01 6.199228279292583466e-01 2.547137280926108360e-01 7.631394509226083755e-01 4.360656246542930603e+03
3.550304500386118889e-01 1.067530130967497826e-01 3.165355958044528961e-01 1.503069372847676277e-01 4.226371235679835081e+03
6.756720719859004021e-01 1.067530130967497826e-01 3.165355958044528961e-01 1.503069372847676277e-01 4.226371235679835081e+03
3.550304500386118889e-01 7.095416076481342316e-03 8.189287940040230751e-01 1.503069372847676277e-01 4.226371235679835081e+03
3.550304500386118889e-01 1.067530130967497826e-01 3.165355958044528961e-01 1.500180261209607124e-01 4.226371235679835081e+03
3.550304500386118889e-01 1.067530130967497826e-01 3.165355958044528961e-01 1.503069372847676277e-01 3.697891607414931059e+03
3.550304500386118889e-01 7.095416076481342316e-03 8.189287940040230751e-01 1.500180261209607124e-01 3.697891607414931059e+03
6.756720719859004021e-01 1.067530130967497826e-01 3.165355958044528961e-01 1.500180261209607124e-01 3.697891607414931059e+03
6.756720719859004021e-01 7.095416076481342316e-03 8.189287940040230751e-01 1.503069372847676277e-01 3.697891607414931059e+03
6.756720719859004021e-01 7.095416076481342316e-03 8.189287940040230751e-01 1.500180261209607124e-01 4.226371235679835081e+03
6.756720719859004021e-01 7.095416076481342316e-03 8.189287940040230751e-01 1.500180261209607124e-01 3.697891607414931059e+03
1.798206809908151627e-01 5.669834371656179428e-01 7.475139359012246132e-01 7.486445885151624680e-01 3.559365800581872463e+03
8.299329364672303200e-01 5.669834371656179428e-01 7.475139359012246132e-01 7.486445885151624680e-01 3.559365800581872463e+03
1.798206809908151627e-01 8.749401615932583809e-01 6.502012768760323524e-01 7.486445885151624680e-01 3.559365800581872463e+03
1.798206809908151627e-01 5.669834371656179428e-01 7.475139359012246132e-01 3.673782860860228539e-01 3.559365800581872463e+03
1.798206809908151627e-01 5.669834371656179428e-01 7.475139359012246132e-01 7.486445885151624680e-01 3.478607693221420050e+03
1.798206809908151627e-01 8.749401615932583809e-01 6.502012768760323524e-01 3.673782860860228539e-01 3.478607693221420050e+03
8.299329364672303200e-01 5.669834371656179428e-01 7.475139359012246132e-01 3.673782860860228539e-01 3.478607693221420050e+03
8.299329364672303200e-01 8.749401615932583809e-01 6.502012768760323524e-01 7.486445885151624680e-01 3.478607693221420050e+03
8.299329364672303200e-01 8.749401615932583809e-01 6.502012768760323524e-01 3.673782860860228539e-01 3.559365800581872463e+03
8.299329364672303200e-01 8.749401615932583809e-01 6.502012768760323524e-01 3.673782860860228539e-01 3.478607693221420050e+03
5.320192258805036545e-01 2.627577120438218117e-01 2.383408518508076668e-01 2.987911077216267586e-01 5.374316793866455555e+03
8.353222254663705826e-02 2.627577120438218117e-01 2.383408518508076668e-01 2.987911077216267586e-01 5.374316793866455555e+03
5.320192258805036545e-01 2.524160407483577728e-01 2.143886825069785118e-01 2.987911077216267586e-01 5.374316793866455555e+03
5.320192258805036545e-01 2.627577120438218117e-01 2.383408518508076668e-01 7.312936410307884216e-01 5.374316793866455555e+03
5.320192258805036545e-01 2.627577120438218117e-01 2.383408518508076668e-01 2.987911077216267586e-01 5.471940377727150917e+03
5.320192258805036545e-01 2.524160407483577728e-01 2.143886825069785118e-01 7.312936410307884216e-01 5.471940377727150917e+03
8.353222254663705826e-02 2.627577120438218117e-01 2.383408518508076668e-01 7.312936410307884216e-01 5.471940377727150917e+03
8.353222254663705826e-02 2.524160407483577728e-01 2.143886825069785118e-01 2.987911077216267586e-01 5.471940377727150917e+03
8.353222254663705826e-02 2.524160407483577728e-01 2.143886825069785118e-01 7.312936410307884216e-01 5.374316793866455555e+03
8.353222254663705826e-02 2.524160407483577728e-01 2.143886825069785118e-01 7.312936410307884216e-01 5.471940377727150917e+03
6.419462850317358971e-01 7.291382867842912674e-01 4.301025588065385818e-01 4.647353859618306160e-01 4.910291099920868874e+03
2.633503638207912445e-01 7.291382867842912674e-01 4.301025588065385818e-01 4.647353859618306160e-01 4.910291099920868874e+03
6.419462850317358971e-01 8.880211431533098221e-01 5.556606482714414597e-01 4.647353859618306160e-01 4.910291099920868874e+03
6.419462850317358971e-01 7.291382867842912674e-01 4.301025588065385818e-01 4.687716588377952576e-01 4.910291099920868874e+03
6.419462850317358971e-01 7.291382867842912674e-01 4.301025588065385818e-01 4.647353859618306160e-01 4.174107596743851900e+03
6.419462850317358971e-01 8.880211431533098221e-01 5.556606482714414597e-01 4.687716588377952576e-01 4.174107596743851900e+03
2.633503638207912445e-01 7.291382867842912674e-01 4.301025588065385818e-01 4.687716588377952576e-01 4.174107596743851900e+03
2.633503638207912445e-01 8.880211431533098221e-01 5.556606482714414597e-01 4.647353859618306160e-01 4.174107596743851900e+03
2.633503638207912445e-01 8.880211431533098221e-01 5.556606482714414597e-01 4.687716588377952576e-01 4.910291099920868874e+03
2.633503638207912445e-01 8.880211431533098221e-01 5.556606482714414597e-01 4.687716588377952576e-01 4.174107596743851900e+03
9.464527480304241180e-03 4.093177290633320808e-01 9.229397010058164597e-01 5.200555901974439621e-01 3.097469165921211243e+03
5.097475014626979828e-01 4.093177290633320808e-01 9.229397010058164597e-01 5.200555901974439621e-01 3.097469165921211243e+03
9.464527480304241180e-03 4.852157188579440117e-01 1.198499649763107300e-01 5.200555901974439621e-01 3.097469165921211243e+03
9.464527480304241180e-03 4.093177290633320808e-01 9.229397010058164597e-01 6.141951596364378929e-01 3.097469165921211243e+03
9.464527480304241180e-03 4.093177290633320808e-01 9.229397010058164597e-01 5.200555901974439621e-01 4.758747170679271221e+03
9.464527480304241180e-03 4.852157188579440117e-01 1.198499649763107300e-01 6.141951596364378929e-01 4.758747170679271221e+03
5.097475014626979828e-01 4.093177290633320808e-01 9.229397010058164597e-01 6.141951596364378929e-01 4.758747170679271221e+03
5.097475014626979828e-01 4.852157188579440117e-01 1.198499649763107300e-01 5.200555901974439621e-01 4.758747170679271221e+03
5.097475014626979828e-01 4.852157188579440117e-01 1.198499649763107300e-01 6.141951596364378929e-01 3.097469165921211243e+03
5.097475014626979828e-01 4.852157188579440117e-01 1.198499649763107300e-01 6.141951596364378929e-01 4.758747170679271221e+03
4.630084354430437088e-01 8.856345526874065399e-01 8.067036978900432587e-03 1.132805915549397469e-01 3.753516976255923510e+03
9.802310224622488022e-01 8.856345526874065399e-01 8.067036978900432587e-03 1.132805915549397469e-01 3.753516976255923510e+03
4.630084354430437088e-01 6.332100434228777885e-01 4.119984358549118042e-01 1.132805915549397469e-01 3.753516976255923510e+03
4.630084354430437088e-01 8.856345526874065399e-01 8.067036978900432587e-03 8.957663075998425484e-01 3.753516976255923510e+03
4.630084354430437088e-01 8.856345526874065399e-01 8.067036978900432587e-03 1.132805915549397469e-01 4.898656920529901981e+03
4.630084354430437088e-01 6.332100434228777885e-01 4.119984358549118042e-01 8.957663075998425484e-01 4.898656920529901981e+03
9.802310224622488022e-01 8.856345526874065399e-01 8.067036978900432587e-03 8.957663075998425484e-01 4.898656920529901981e+03
9.802310224622488022e-01 6.332100434228777885e-01 4.119984358549118042e-01 1.132805915549397469e-01 4.898656920529901981e+03
9.802310224622488022e-01 6.332100434228777885e-01 4.119984358549118042e-01 8.957663075998425484e-01 3.753516976255923510e+03
9.802310224622488022e-01 6.332100434228777885e-01 4.119984358549118042e-01 8.957663075998425484e-01 4.898656920529901981e+03
8.153903242200613022e-01 1.908144531771540642e-01 5.011956309899687767e-01 9.341629724949598312e-01 4.321364159230142832e+03
2.339521404355764389e-01 1.908144531771540642e-01 5.011956309899687767e-01 9.341629724949598312e-01 4.321364159230142832e+03
8.153903242200613022e-01 2.401170600205659866e-01 9.762115906924009323e-01 9.341629724949598312e-01 4.321364159230142832e+03
8.153903242200613022e-01 1.908144531771540642e-01 5.011956309899687767e-01 1.625025644898414612e-03 4.321364159230142832e+03
8.153903242200613022e-01 1.908144531771540642e-01 5.011956309899687767e-01 9.341629724949598312e-01 3.139699003193527460e+03
8.153903242200613022e-01 2.401170600205659866e-01 9.762115906924009323e-01 1.625025644898414612e-03 3.139699003193527460e+03
2.339521404355764389e-01 1.908144531771540642e-01 5.011956309899687767e-01 1.625025644898414612e-03 3.139699003193527460e+03
2.339521404355764389e-01 2.401170600205659866e-01 9.762115906924009323e-01 9.341629724949598312e-01 3.139699003193527460e+03
2.339521404355764389e-01 2.401170600205659866e-01 9.762115906924009323e-01 1.625025644898414612e-03 4.321364159230142832e+03
2.339521404355764389e-01 2.401170600205659866e-01 9.762115906924009323e-01 1.625025644898414612e-03 3.139699003193527460e+03
8.396225105971097946e-01 6.963524799793958664e-01 9.490302000194787979e-01 6.254064999520778656e-01 3.228033864405006170e+03
6.495637819170951843e-02 6.963524799793958664e-01 9.490302000194787979e-01 6.254064999520778656e-01 3.228033864405006170e+03
8.396225105971097946e-01 7.253805017098784447e-01 8.348694918677210808e-01 6.254064999520778656e-01 3.228033864405006170e+03
8.396225105971097946e-01 6.963524799793958664e-01 9.490302000194787979e-01 5.495350351557135582e-01 3.228033864405006170e+03
8.396225105971097946e-01 6.963524799793958664e-01 9.490302000194787979e-01 6.254064999520778656e-01 5.052982002496719360e+03
8.396225105971097946e-01 7.253805017098784447e-01 8.348694918677210808e-01 5.495350351557135582e-01 5.052982002496719360e+03
6.495637819170951843e-02 6.963524799793958664e-01 9.490302000194787979e-01 5.495350351557135582e-01 5.052982002496719360e+03
6.495637819170951843e-02 7.253805017098784447e-01 8.348694918677210808e-01 6.254064999520778656e-01 5.052982002496719360e+03
6.495637819170951843e-02 7.253805017098784447e-01 8.348694918677210808e-01 5.495350351557135582e-01 3.228033864405006170e+03
6.495637819170951843e-02 7.253805017098784447e-01 8.348694918677210808e-01 5.495350351557135582e-01 5.052982002496719360e+03
4.406024906784296036e-01 3.755780765786767006e-01 4.401446338742971420e-01 3.271500458940863609e-01 5.160644426476210356e+03
8.191657774150371552e-01 3.755780765786767006e-01 4.401446338742971420e-01 3.271500458940863609e-01 5.160644426476210356e+03
4.406024906784296036e-01 1.516234409064054489e-01 2.701985659077763557e-01 3.271500458940863609e-01 5.160644426476210356e+03
4.406024906784296036e-01 3.755780765786767006e-01 4.401446338742971420e-01 4.124276787042617798e-01 5.160644426476210356e+03
4.406024906784296036e-01 3.755780765786767006e-01 4.401446338742971420e-01 3.271500458940863609e-01 3.294026106130331755e+03
4.406024906784296036e-01 1.516234409064054489e-01 2.701985659077763557e-01 4.124276787042617798e-01 3.294026106130331755e+03
8.191657774150371552e-01 3.755780765786767006e-01 4.401446338742971420e-01 4.124276787042617798e-01 3.294026106130331755e+03
8.191657774150371552e-01 1.516234409064054489e-01 2.701985659077763557e-01 3.271500458940863609e-01 3.294026106130331755e+03
8.191657774150371552e-01 1.516234409064054489e-01 2.701985659077763557e-01 4.124276787042617798e-01 5.160644426476210356e+03
8.191657774150371552e-01 1.516234409064054489e-01 2.701985659077763557e-01 4.124276787042617798e-01 3.294026106130331755e+03
1.612375956028699875e-02 9.153458625078201294e-01 6.209750948473811150e-01 7.895156703889369965e-01 4.503147049807012081e+03
6.610487308353185654e-01 9.153458625078201294e-01 6.209750948473811150e-01 7.895156703889369965e-01 4.503147049807012081e+03
1.612375956028699875e-02 9.726237338036298752e-01 1.991804661229252815e-01 7.895156703889369965e-01 4.503147049807012081e+03
1.612375956028699875e-02 9.153458625078201294e-01 6.209750948473811150e-01 7.030917890369892120e-02 4.503147049807012081e+03
1.612375956028699875e-02 9.153458625078201294e-01 6.209750948473811150e-01 7.895156703889369965e-01 4.019861900713294744e+03
1.612375956028699875e-02 9.726237338036298752e-01 1.991804661229252815e-01 7.030917890369892120e-02 4.019861900713294744e+03
6.610487308353185654e-01 9.153458625078201294e-01 6.209750948473811150e-01 7.030917890369892120e-02 4.019861900713294744e+03
6.610487308353185654e-01 9.726237338036298752e-01 1.991804661229252815e-01 7.895156703889369965e-01 4.019861900713294744e+03
6.610487308353185654e-01 9.726237338036298752e-01 1.991804661229252815e-01 7.030917890369892120e-02 4.503147049807012081e+03
6.610487308353185654e-01 9.726237338036298752e-01 1.991804661229252815e-01 7.030917890369892120e-02 4.019861900713294744e+03
6.332166707143187523e-01 2.195719620212912560e-01 1.119201472029089928e-01 2.256934633478522301e-01 3.815816377289593220e+03
4.069575872272253036e-01 2.195719620212912560e-01 1.119201472029089928e-01 2.256934633478522301e-01 3.815816377289593220e+03
6.332166707143187523e-01 4.047792023047804832e-01 6.344723580405116081e-01 2.256934633478522301e-01 3.815816377289593220e+03
6.332166707143187523e-01 2.195719620212912560e-01 1.119201472029089928e-01 9.561352701857686043e-01 3.815816377289593220e+03
6.332166707143187523e-01 2.195719620212912560e-01 1.119201472029089928e-01 2.256934633478522301e-01 4.604503327980637550e+03
6.332166707143187523e-01 4.047792023047804832e-01 6.344723580405116081e-01 9.561352701857686043e-01 4.604503327980637550e+03
4.069575872272253036e-01 2.195719620212912560e-01 1.119201472029089928e-01 9.561352701857686043e-01 4.604503327980637550e+03
4.069575872272253036e-01 4.047792023047804832e-01 6.344723580405116081e-01 2.256934633478522301e-01 4.604503327980637550e+03
4.069575872272253036e-01 4.047792023047804832e-01 6.344723580405116081e-01 9.561352701857686043e-01 3.815816377289593220e+03
4.069575872272253036e-01 4.047792023047804832e-01 6.344723580405116081e-01 9.561352701857686043e-01 4.604503327980637550e+03
5.566179063171148300e-01 7.572177834808826447e-01 3.114943504333496094e-01 1.273327972739934921e-02 3.968868108466267586e+03
2.427814332768321037e-01 7.572177834808826447e-01 3.114943504333496094e-01 1.273327972739934921e-02 3.968868108466267586e+03
5.566179063171148300e-01 7.669153744354844093e-01 1.042659450322389603e-01 1.273327972739934921e-02 3.968868108466267586e+03
5.566179063171148300e-01 7.572177834808826447e-01 3.114943504333496094e-01 2.185385199263691902e-01 3.968868108466267586e+03
5.566179063171148300e-01 7.572177834808826447e-01 3.114943504333496094e-01 1.273327972739934921e-02 3.325622290838509798e+03
5.566179063171148300e-01 7.669153744354844093e-01 1.042659450322389603e-01 2.185385199263691902e-01 3.325622290838509798e+03
2.427814332768321037e-01 7.572177834808826447e-01 3.114943504333496094e-01 2.185385199263691902e-01 3.325622290838509798e+03
2.427814332768321037e-01 7.669153744354844093e-01 1.042659450322389603e-01 1.273327972739934921e-02 3.325622290838509798e+03
2.427814332768321037e-01 7.669153744354844093e-01 1.042659450322389603e-01 2.185385199263691902e-01 3.968868108466267586e+03
2.427814332768321037e-01 7.669153744354844093e-01 1.042659450322389603e-01 2.185385199263691902e-01 3.325622290838509798e+03
1.572924721986055374e-01 7.703800033777952194e-02 8.042133562266826630e-01 9.398311339318752289e-01 4.653459332883358002e+03
9.968690006062388420e-01 7.703800033777952194e-02 8.042133562266826630e-01 9.398311339318752289e-01 4.653459332883358002e+03
1.572924721986055374e-01 3.563052713871002197e-01 5.395597331225872040e-01 9.398311339318752289e-01 4.653459332883358002e+03
1.572924721986055374e-01 7.703800033777952194e-02 8.042133562266826630e-01 8.233745265752077103e-01 4.653459332883358002e+03
1.572924721986055374e-01 7.703800033777952194e-02 8.042133562266826630e-01 9.398311339318752289e-01 5.318953420035541058e+03
1.572924721986055374e-01 3.563052713871002197e-01 5.395597331225872040e-01 8.233745265752077103e-01 5.318953420035541058e+03
9.968690006062388420e-01 7.703800033777952194e-02 8.042133562266826630e-01 8.233745265752077103e-01 5.318953420035541058e+03
9.968690006062388420e-01 3.563052713871002197e-01 5.395597331225872040e-01 9.398311339318752289e-01 5.318953420035541058e+03
9.968690006062388420e-01 3.563052713871002197e-01 5.395597331225872040e-01 8.233745265752077103e-01 4.653459332883358002e+03
9.968690006062388420e-01 3.563052713871002197e-01 5.395597331225872040e-01 8.233745265752077103e-01 5.318953420035541058e+03
3.620556099340319633e-01 6.007267776876688004e-01 1.394885713234543800e-01 4.112156620249152184e-01 5.319472965318709612e+03
5.302187735214829445e-01 6.007267776876688004e-01 1.394885713234543800e-01 4.112156620249152184e-01 5.319472965318709612e+03
3.620556099340319633e-01 5.199551433324813843e-01 9.920396916568279266e-01 4.112156620249152184e-01 5.319472965318709612e+03
3.620556099340319633e-01 6.007267776876688004e-01 1.394885713234543800e-01 6.665606647729873657e-01 5.319472965318709612e+03
3.620556099340319633e-01 6.007267776876688004e-01 1.394885713234543800e-01 4.112156620249152184e-01 4.513724089600145817e+03
3.620556099340319633e-01 5.199551433324813843e-01 9.920396916568279266e-01 6.665606647729873657e-01 4.513724089600145817e+03
5.302187735214829445e-01 6.007267776876688004e-01 1.394885713234543800e-01 6.665606647729873657e-01 4.513724089600145817e+03
5.302187735214829445e-01 5.199551433324813843e-01 9.920396916568279266e-01 4.112156620249152184e-01 4.513724089600145817e+03
5.302187735214829445e-01 5.199551433324813843e-01 9.920396916568279266e-01 6.665606647729873657e-01 5.319472965318709612e+03
5.302187735214829445e-01 5.199551433324813843e-01 9.920396916568279266e-01 6.665606647729873657e-01 4.513724089600145817e+03
9.788435837253928185e-01 2.955474602058529854e-01 6.324987905099987984e-01 6.040013395249843597e-01 3.389620887581259012e+03
2.760053211823105812e-01 2.955474602058529854e-01 6.324987905099987984e-01 6.040013395249843597e-01 3.389620887581259012e+03
9.788435837253928185e-01 1.034167790785431862e-01 4.273668695241212845e-01 6.040013395249843597e-01 3.389620887581259012e+03
9.788435837253928185e-01 2.955474602058529854e-01 6.324987905099987984e-01 3.109316816553473473e-01 3.389620887581259012e+03
9.788435837253928185e-01 2.955474602058529854e-01 6.324987905099987984e-01 6.040013395249843597e-01 3.850957727525383234e+03
9.788435837253928185e-01 1.034167790785431862e-01 4.273668695241212845e-01 3.109316816553473473e-01 3.850957727525383234e+03
2.760053211823105812e-01 2.955474602058529854e-01 6.324987905099987984e-01 3.109316816553473473e-01 3.850957727525383234e+03
2.760053211823105812e-01 1.034167790785431862e-01 4.273668695241212845e-01 6.040013395249843597e-01 3.850957727525383234e+03
2.760053211823105812e-01 1.034167790785431862e-01 4.273668695241212845e-01 3.109316816553473473e-01 3.389620887581259012e+03
2.760053211823105812e-01 1.034167790785431862e-01 4.273668695241212845e-01 3.109316816553473473e-01 3.850957727525383234e+03
9.107659999281167984e-01 9.988537151366472244e-01 2.166376840323209763e-01 9.206246091052889824e-01 4.964976463932543993e+03
4.882370969280600548e-01 9.988537151366472244e-01 2.166376840323209763e-01 9.206246091052889824e-01 4.964976463932543993e+03
9.107659999281167984e-01 8.530558366328477859e-01 5.147318635135889053e-02 9.206246091052889824e-01 4.964976463932543993e+03
9.107659999281167984e-01 9.988537151366472244e-01 2.166376840323209763e-01 1.324104759842157364e-01 4.964976463932543993e+03
9.107659999281167984e-01 9.988537151366472244e-01 2.166376840323209763e-01 9.206246091052889824e-01 4.732768982183188200e+03
9.107659999281167984e-01 8.530558366328477859e-01 5.147318635135889053e-02 1.324104759842157364e-01 4.732768982183188200e+03
4.882370969280600548e-01 9.988537151366472244e-01 2.166376840323209763e-01 1.324104759842157364e-01 4.732768982183188200e+03
4.882370969280600548e-01 8.530558366328477859e-01 5.147318635135889053e-02 9.206246091052889824e-01 4.732768982183188200e+03
4.882370969280600548e-01 8.530558366328477859e-01 5.147318635135889053e-02 1.324104759842157364e-01 4.964976463932543993e+03
4.882370969280600548e-01 8.530558366328477859e-01 5.147318635135889053e-02 1.324104759842157364e-01 4.732768982183188200e+03
3.090385776013135910e-01 1.790336342528462410e-01 7.076933402568101883e-01 9.553080052137374878e-02 3.032371247652918100e+03
7.418399592861533165e-01 1.790336342528462410e-01 7.076933402568101883e-01 9.553080052137374878e-02 3.032371247652918100e+03
3.090385776013135910e-01 2.695863498374819756e-01 6.161634167656302452e-01 9.553080052137374878e-02 3.032371247652918100e+03
3.090385776013135910e-01 1.790336342528462410e-01 7.076933402568101883e-01 7.690301286056637764e-01 3.032371247652918100e+03
3.090385776013135910e-01 1.790336342528462410e-01 7.076933402568101883e-01 9.553080052137374878e-02 4.223658472299575806e+03
3.090385776013135910e-01 2.695863498374819756e-01 6.161634167656302452e-01 7.690301286056637764e-01 4.223658472299575806e+03
7.418399592861533165e-01 1.790336342528462410e-01 7.076933402568101883e-01 7.690301286056637764e-01 4.223658472299575806e+03
7.418399592861533165e-01 2.695863498374819756e-01 6.161634167656302452e-01 9.553080052137374878e-02 4.223658472299575806e+03
7.418399592861533165e-01 2.695863498374819756e-01 6.161634167656302452e-01 7.690301286056637764e-01 3.032371247652918100e+03
7.418399592861533165e-01 2.695863498374819756e-01 6.161634167656302452e-01 7.690301286056637764e-01 4.223658472299575806e+03
2.342354124411940575e-01 6.548593156039714813e-01 3.573921239003539085e-01 5.064867092296481133e-01 3.698373550549149513e+03
7.711122827604413033e-01 6.548593156039714813e-01 3.573921239003539085e-01 5.064867092296481133e-01 3.698373550549149513e+03
2.342354124411940575e-01 6.061788303777575493e-01 9.156821211799979210e-01 5.064867092296481133e-01 3.698373550549149513e+03
2.342354124411940575e-01 6.548593156039714813e-01 3.573921239003539085e-01 7.371251946315169334e-01 3.698373550549149513e+03
2.342354124411940575e-01 6.548593156039714813e-01 3.573921239003539085e-01 5.064867092296481133e-01 3.109629565849900246e+03
2.342354124411940575e-01 6.061788303777575493e-01 9.156821211799979210e-01 7.371251946315169334e-01 3.109629565849900246e+03
7.711122827604413033e-01 6.548593156039714813e-01 3.573921239003539085e-01 7.371251946315169334e-01 3.109629565849900246e+03
7.711122827604413033e-01 6.061788303777575493e-01 9.156821211799979210e-01 5.064867092296481133e-01 3.109629565849900246e+03
7.711122827604413033e-01 6.061788303777575493e-01 9.156821211799979210e-01 7.371251946315169334e-01 3.698373550549149513e+03
7.711122827604413033e-01 6.061788303777575493e-01 9.156821211799979210e-01 7.371251946315169334e-01 3.109629565849900246e+03
6.163945822045207024e-01 4.600387392565608025e-01 8.481594277545809746e-01 4.470771476626396179e-01 4.385700032114982605e+03
1.739116478711366653e-02 4.600387392565608025e-01 8.481594277545809746e-01 4.470771476626396179e-01 4.385700032114982605e+03
6.163945822045207024e-01 1.679678447544574738e-02 4.804019192233681679e-01 4.470771476626396179e-01 4.385700032114982605e+03
6.163945822045207024e-01 4.600387392565608025e-01 8.481594277545809746e-01 3.498336747288703918e-01 4.385700032114982605e+03
6.163945822045207024e-01 4.600387392565608025e-01 8.481594277545809746e-01 4.470771476626396179e-01 4.944421732332557440e+03
6.163945822045207024e-01 1.679678447544574738e-02 4.804019192233681679e-01 3.498336747288703918e-01 4.944421732332557440e+03
1.739116478711366653e-02 4.600387392565608025e-01 8.481594277545809746e-01 3.498336747288703918e-01 4.944421732332557440e+03
1.739116478711366653e-02 1.679678447544574738e-02 4.804019192233681679e-01 4.470771476626396179e-01 4.944421732332557440e+03
1.739116478711366653e-02 1.679678447544574738e-02 4.804019192233681679e-01 3.498336747288703918e-01 4.385700032114982605e+03
1.739116478711366653e-02 1.679678447544574738e-02 4.804019192233681679e-01 3.498336747288703918e-01 4.944421732332557440e+03
6.939844507724046707e-01 5.475121214985847473e-01 5.399197079241275787e-01 2.850162312388420105e-01 4.849103472195565701e+03
3.221900761127471924e-01 5.475121214985847473e-01 5.399197079241275787e-01 2.850162312388420105e-01 4.849103472195565701e+03
6.939844507724046707e-01 6.544155888259410858e-01 7.583993226289749146e-01 2.850162312388420105e-01 4.849103472195565701e+03
6.939844507724046707e-01 5.475121214985847473e-01 5.399197079241275787e-01 6.043981984257698059e-01 4.849103472195565701e+03
6.939844507724046707e-01 5.475121214985847473e-01 5.399197079241275787e-01 2.850162312388420105e-01 3.644576693885028362e+03
6.939844507724046707e-01 6.544155888259410858e-01 7.583993226289749146e-01 6.043981984257698059e-01 3.644576693885028362e+03
3.221900761127471924e-01 5.475121214985847473e-01 5.399197079241275787e-01 6.043981984257698059e-01 3.644576693885028362e+03
3.221900761127471924e-01 6.544155888259410858e-01 7.583993226289749146e-01 2.850162312388420105e-01 3.644576693885028362e+03
3.221900761127471924e-01 6.544155888259410858e-01 7.583993226289749146e-01 6.043981984257698059e-01 4.849103472195565701e+03
3.221900761127471924e-01 6.544155888259410858e-01 7.583993226289749146e-01 6.043981984257698059e-01 3.644576693885028362e+03
9.207368455827236176e-02 3.682863926514983177e-01 3.281930834054946899e-02 7.311465693637728691e-01 4.164516401477158070e+03
5.759152472019195557e-01 3.682863926514983177e-01 3.281930834054946899e-02 7.311465693637728691e-01 4.164516401477158070e+03
9.207368455827236176e-02 2.222522394731640816e-01 3.231172095984220505e-01 7.311465693637728691e-01 4.164516401477158070e+03
9.207368455827236176e-02 3.682863926514983177e-01 3.281930834054946899e-02 4.980979328975081444e-01 4.164516401477158070e+03
9.207368455827236176e-02 3.682863926514983177e-01 3.281930834054946899e-02 7.311465693637728691e-01 4.388061970937997103e+03
9.207368455827236176e-02 2.222522394731640816e-01 3.231172095984220505e-01 4.980979328975081444e-01 4.388061970937997103e+03
5.759152472019195557e-01 3.682863926514983177e-01 3.281930834054946899e-02 4.980979328975081444e-01 4.388061970937997103e+03
5.759152472019195557e-01 2.222522394731640816e-01 3.231172095984220505e-01 7.311465693637728691e-01 4.388061970937997103e+03
5.759152472019195557e-01 2.222522394731640816e-01 3.231172095984220505e-01 4.980979328975081444e-01 4.164516401477158070e+03
5.759152472019195557e-01 2.222522394731640816e-01 3.231172095984220505e-01 4.980979328975081444e-01 4.388061970937997103e+03
3.885779967531561852e-01 8.290098663419485092e-01 8.992262156680226326e-01 1.365015432238578796e-01 3.507087574806064367e+03
9.214102569967508316e-01 8.290098663419485092e-01 8.992262156680226326e-01 1.365015432238578796e-01 3.507087574806064367e+03
3.885779967531561852e-01 9.014978753402829170e-01 1.460119020193815231e-01 1.365015432238578796e-01 3.507087574806064367e+03
3.885779967531561852e-01 8.290098663419485092e-01 8.992262156680226326e-01 3.088835347443819046e-02 3.507087574806064367e+03
3.885779967531561852e-01 8.290098663419485092e-01 8.992262156680226326e-01 1.365015432238578796e-01 5.425215339753776789e+03
3.885779967531561852e-01 9.014978753402829170e-01 1.460119020193815231e-01 3.088835347443819046e-02 5.425215339753776789e+03
9.214102569967508316e-01 8.290098663419485092e-01 8.992262156680226326e-01 3.088835347443819046e-02 5.425215339753776789e+03
9.214102569967508316e-01 9.014978753402829170e-01 1.460119020193815231e-01 1.365015432238578796e-01 5.425215339753776789e+03
9.214102569967508316e-01 9.014978753402829170e-01 1.460119020193815231e-01 3.088835347443819046e-02 3.507087574806064367e+03
9.214102569967508316e-01 9.014978753402829170e-01 1.460119020193815231e-01 3.088835347443819046e-02 5.425215339753776789e+03
7.705542994663119316e-01 2.478366438299417496e-02 3.922923365607857704e-01 8.170697046443820000e-01 5.436934269499033689e+03
1.678109709173440933e-01 2.478366438299417496e-02 3.922923365607857704e-01 8.170697046443820000e-01 5.436934269499033689e+03
7.705542994663119316e-01 4.752628169953823090e-01 7.107040435075759888e-01 8.170697046443820000e-01 5.436934269499033689e+03
7.705542994663119316e-01 2.478366438299417496e-02 3.922923365607857704e-01 8.860284779220819473e-01 5.436934269499033689e+03
7.705542994663119316e-01 2.478366438299417496e-02 3.922923365607857704e-01 8.170697046443820000e-01 3.512298108078539371e+03
7.705542994663119316e-01 4.752628169953823090e-01 7.107040435075759888e-01 8.860284779220819473e-01 3.512298108078539371e+03
1.678109709173440933e-01 2.478366438299417496e-02 3.922923365607857704e-01 8.860284779220819473e-01 3.512298108078539371e+03
1.678109709173440933e-01 4.752628169953823090e-01 7.107040435075759888e-01 8.170697046443820000e-01 3.512298108078539371e+03
1.678109709173440933e-01 4.752628169953823090e-01 7.107040435075759888e-01 8.860284779220819473e-01 5.436934269499033689e+03
1.678109709173440933e-01 4.752628169953823090e-01 7.107040435075759888e-01 8.860284779220819473e-01 3.512298108078539371e+03
7.978759054094552994e-01 8.473977474495768547e-01 7.225352087989449501e-01 3.881397163495421410e-01 3.909098179545253515e+03
6.195651739835739136e-01 8.473977474495768547e-01 7.225352087989449501e-01 3.881397163495421410e-01 3.909098179545253515e+03
7.978759054094552994e-01 1.600594082847237587e-01 1.864451393485069275e-01 3.881397163495421410e-01 3.909098179545253515e+03
7.978759054094552994e-01 8.473977474495768547e-01 7.225352087989449501e-01 8.023716518655419350e-01 3.909098179545253515e+03
7.978759054094552994e-01 8.473977474495768547e-01 7.225352087989449501e-01 3.881397163495421410e-01 5.262461434584110975e+03
7.978759054094552994e-01 1.600594082847237587e-01 1.864451393485069275e-01 8.023716518655419350e-01 5.262461434584110975e+03
6.195651739835739136e-01 8.473977474495768547e-01 7.225352087989449501e-01 8.023716518655419350e-01 5.262461434584110975e+03
6.195651739835739136e-01 1.600594082847237587e-01 1.864451393485069275e-01 3.881397163495421410e-01 5.262461434584110975e+03
6.195651739835739136e-01 1.600594082847237587e-01 1.864451393485069275e-01 8.023716518655419350e-01 3.909098179545253515e+03
6.195651739835739136e-01 1.600594082847237587e-01 1.864451393485069275e-01 8.023716518655419350e-01 5.262461434584110975e+03
4.159438293427228928e-01 4.124131426215171814e-02 2.291090758517384529e-01 5.645698793232440948e-01 4.478931389283388853e+03
3.732901066541671753e-01 4.124131426215171814e-02 2.291090758517384529e-01 5.645698793232440948e-01 4.478931389283388853e+03
4.159438293427228928e-01 7.172225192189216614e-01 7.467558439821004868e-01 5.645698793232440948e-01 4.478931389283388853e+03
4.159438293427228928e-01 4.124131426215171814e-02 2.291090758517384529e-01 1.575120221823453903e-01 4.478931389283388853e+03
4.159438293427228928e-01 4.124131426215171814e-02 2.291090758517384529e-01 5.645698793232440948e-01 3.425380375236272812e+03
4.159438293427228928e-01 7.172225192189216614e-01 7.467558439821004868e-01 1.575120221823453903e-01 3.425380375236272812e+03
3.732901066541671753e-01 4.124131426215171814e-02 2.291090758517384529e-01 1.575120221823453903e-01 3.425380375236272812e+03
3.732901066541671753e-01 7.172225192189216614e-01 7.467558439821004868e-01 5.645698793232440948e-01 3.425380375236272812e+03
3.732901066541671753e-01 7.172225192189216614e-01 7.467558439821004868e-01 1.575120221823453903e-01 4.478931389283388853e+03
3.732901066541671753e-01 7.172225192189216614e-01 7.467558439821004868e-01 1.575120221823453903e-01 3.425380375236272812e+03
1.193957095965743065e-01 5.038940729573369026e-01 8.318412676453590393e-01 3.653042670339345932e-02 5.066752142272889614e+03
1.523640546947717667e-01 5.038940729573369026e-01 8.318412676453590393e-01 3.653042670339345932e-02 5.066752142272889614e+03
1.193957095965743065e-01 4.129476770758628845e-01 7.851201351732015610e-01 3.653042670339345932e-02 5.066752142272889614e+03
1.193957095965743065e-01 5.038940729573369026e-01 8.318412676453590393e-01 3.133793585002422333e-01 5.066752142272889614e+03
1.193957095965743065e-01 5.038940729573369026e-01 8.318412676453590393e-01 3.653042670339345932e-02 3.917804529890418053e+03
1.193957095965743065e-01 4.129476770758628845e-01 7.851201351732015610e-01 3.133793585002422333e-01 3.917804529890418053e+03
1.523640546947717667e-01 5.038940729573369026e-01 8.318412676453590393e-01 3.133793585002422333e-01 3.917804529890418053e+03
1.523640546947717667e-01 4.129476770758628845e-01 7.851201351732015610e-01 3.653042670339345932e-02 3.917804529890418053e+03
1.523640546947717667e-01 4.129476770758628845e-01 7.851201351732015610e-01 3.133793585002422333e-01 5.066752142272889614e+03
1.523640546947717667e-01 4.129476770758628845e-01 7.851201351732015610e-01 3.133793585002422333e-01 3.917804529890418053e+03
7.213499872013926506e-01 3.227380979806184769e-01 3.385845161974430084e-01 9.785265810787677765e-01 3.251639005728065968e+03
8.987650070339441299e-01 3.227380979806184769e-01 3.385845161974430084e-01 9.785265810787677765e-01 3.251639005728065968e+03
7.213499872013926506e-01 9.641829738393425941e-01 3.453994020819664001e-01 9.785265810787677765e-01 3.251639005728065968e+03
7.213499872013926506e-01 3.227380979806184769e-01 3.385845161974430084e-01 7.070798007771372795e-01 3.251639005728065968e+03
7.213499872013926506e-01 3.227380979806184769e-01 3.385845161974430084e-01 9.785265810787677765e-01 4.424320822115987539e+03
7.213499872013926506e-01 9.641829738393425941e-01 3.453994020819664001e-01 7.070798007771372795e-01 4.424320822115987539e+03
8.987650070339441299e-01 3.227380979806184769e-01 3.385845161974430084e-01 7.070798007771372795e-01 4.424320822115987539e+03
8.987650070339441299e-01 9.641829738393425941e-01 3.453994020819664001e-01 9.785265810787677765e-01 4.424320822115987539e+03
8.987650070339441299e-01 9.641829738393425941e-01 3.453994020819664001e-01 7.070798007771372795e-01 3.251639005728065968e+03
8.987650070339441299e-01 9.641829738393425941e-01 3.453994020819664001e-01 7.070798007771372795e-01 4.424320822115987539e+03
5.812775213271379471e-01 6.697110319510102272e-01 2.230345737189054489e-02 7.500877864658832550e-01 3.405005225911736488e+03
6.879542758688330650e-01 6.697110319510102272e-01 2.230345737189054489e-02 7.500877864658832550e-01 3.405005225911736488e+03
5.812775213271379471e-01 3.325156560167670250e-01 8.777153426781296730e-01 7.500877864658832550e-01 3.405005225911736488e+03
5.812775213271379471e-01 6.697110319510102272e-01 2.230345737189054489e-02 4.617354003712534904e-01 3.405005225911736488e+03
5.812775213271379471e-01 6.697110319510102272e-01 2.230345737189054489e-02 7.500877864658832550e-01 3.202765255235135555e+03
5.812775213271379471e-01 3.325156560167670250e-01 8.777153426781296730e-01 4.617354003712534904e-01 3.202765255235135555e+03
6.879542758688330650e-01 6.697110319510102272e-01 2.230345737189054489e-02 4.617354003712534904e-01 3.202765255235135555e+03
6.879542758688330650e-01 3.325156560167670250e-01 8.777153426781296730e-01 7.500877864658832550e-01 3.202765255235135555e+03
6.879542758688330650e-01 3.325156560167670250e-01 8.777153426781296730e-01 4.617354003712534904e-01 3.405005225911736488e+03
6.879542758688330650e-01 3.325156560167670250e-01 8.777153426781296730e-01 4.617354003712534904e-01 3.202765255235135555e+03
1.990400310605764389e-01 4.729602243751287460e-01 5.309348618611693382e-01 2.026287233456969261e-01 5.217970192432403564e+03
4.415573766455054283e-01 4.729602243751287460e-01 5.309348618611693382e-01 2.026287233456969261e-01 5.217970192432403564e+03
1.990400310605764389e-01 7.909849043935537338e-01 4.379926687106490135e-01 2.026287233456969261e-01 5.217970192432403564e+03
1.990400310605764389e-01 4.729602243751287460e-01 5.309348618611693382e-01 5.744441263377666473e-01 5.217970192432403564e+03
1.990400310605764389e-01 4.729602243751287460e-01 5.309348618611693382e-01 2.026287233456969261e-01 5.117971230763942003e+03
1.990400310605764389e-01 7.909849043935537338e-01 4.379926687106490135e-01 5.744441263377666473e-01 5.117971230763942003e+03
4.415573766455054283e-01 4.729602243751287460e-01 5.309348618611693382e-01 5.744441263377666473e-01 5.117971230763942003e+03
4.415573766455054283e-01 7.909849043935537338e-01 4.379926687106490135e-01 2.026287233456969261e-01 5.117971230763942003e+03
4.415573766455054283e-01 7.909849043935537338e-01 4.379926687106490135e-01 5.744441263377666473e-01 5.217970192432403564e+03
4.415573766455054283e-01 7.909849043935537338e-01 4.379926687106490135e-01 5.744441263377666473e-01 5.117971230763942003e+03
2.739213397726416588e-01 9.507151907309889793e-01 4.130582828074693680e-01 6.641055233776569366e-01 4.638684917706996202e+03
3.722018469125032425e-02 9.507151907309889793e-01 4.130582828074693680e-01 6.641055233776569366e-01 4.638684917706996202e+03
2.739213397726416588e-01 7.935964129865169525e-02 3.110597189515829086e-02 6.641055233776569366e-01 4.638684917706996202e+03
2.739213397726416588e-01 9.507151907309889793e-01 4.130582828074693680e-01 9.195223581045866013e-01 4.638684917706996202e+03
2.739213397726416588e-01 9.507151907309889793e-01 4.130582828074693680e-01 6.641055233776569366e-01 4.704940611962229013e+03
2.739213397726416588e-01 7.935964129865169525e-02 3.110597189515829086e-02 9.195223581045866013e-01 4.704940611962229013e+03
3.722018469125032425e-02 9.507151907309889793e-01 4.130582828074693680e-01 9.195223581045866013e-01 4.704940611962229013e+03
3.722018469125032425e-02 7.935964129865169525e-02 3.110597189515829086e-02 6.641055233776569366e-01 4.704940611962229013e+03
3.722018469125032425e-02 7.935964129865169525e-02 3.110597189515829086e-02 9.195223581045866013e-01 4.638684917706996202e+03
3.722018469125032425e-02 7.935964129865169525e-02 3.110597189515829086e-02 9.195223581045866013e-01 4.704940611962229013e+03
8.755706800147891045e-01 1.289648637175559998e-01 9.213984739035367966e-01 3.509583985432982445e-01 4.070980767253786325e+03
7.834988282993435860e-01 1.289648637175559998e-01 9.213984739035367966e-01 3.509583985432982445e-01 4.070980767253786325e+03
8.755706800147891045e-01 5.437419256195425987e-01 5.914186174049973488e-01 3.509583985432982445e-01 4.070980767253786325e+03
8.755706800147891045e-01 1.289648637175559998e-01 9.213984739035367966e-01 5.614271853119134903e-02 4.070980767253786325e+03
8.755706800147891045e-01 1.289648637175559998e-01 9.213984739035367966e-01 3.509583985432982445e-01 3.964049105532467365e+03
8.755706800147891045e-01 5.437419256195425987e-01 5.914186174049973488e-01 5.614271853119134903e-02 3.964049105532467365e+03
7.834988282993435860e-01 1.289648637175559998e-01 9.213984739035367966e-01 5.614271853119134903e-02 3.964049105532467365e+03
7.834988282993435860e-01 5.437419256195425987e-01 5.914186174049973488e-01 3.509583985432982445e-01 3.964049105532467365e+03
7.834988282993435860e-01 5.437419256195425987e-01 5.914186174049973488e-01 5.614271853119134903e-02 4.070980767253786325e+03
7.834988282993435860e-01 5.437419256195425987e-01 5.914186174049973488e-01 5.614271853119134903e-02 3.964049105532467365e+03
9.515369962900876999e-01 5.825162222608923912e-01 4.902060525491833687e-01 1.598158925771713257e-01 4.283878993708640337e+03
9.483367679640650749e-01 5.825162222608923912e-01 4.902060525491833687e-01 1.598158925771713257e-01 4.283878993708640337e+03
9.515369962900876999e-01 2.936239279806613922e-01 9.655384663492441177e-01 1.598158925771713257e-01 4.283878993708640337e+03
9.515369962900876999e-01 5.825162222608923912e-01 4.902060525491833687e-01 3.755463548004627228e-01 4.283878993708640337e+03
9.515369962900876999e-01 5.825162222608923912e-01 4.902060525491833687e-01 1.598158925771713257e-01 4.298670675605535507e+03
9.515369962900876999e-01 2.936239279806613922e-01 9.655384663492441177e-01 3.755463548004627228e-01 4.298670675605535507e+03
9.483367679640650749e-01 5.825162222608923912e-01 4.902060525491833687e-01 3.755463548004627228e-01 4.298670675605535507e+03
9.483367679640650749e-01 2.936239279806613922e-01 9.655384663492441177e-01 1.598158925771713257e-01 4.298670675605535507e+03
9.483367679640650749e-01 2.936239279806613922e-01 9.655384663492441177e-01 3.755463548004627228e-01 4.283878993708640337e+03
9.483367679640650749e-01 2.936239279806613922e-01 9.655384663492441177e-01 3.755463548004627228e-01 4.298670675605535507e+03
3.346747551113367081e-01 2.792671322822570801e-01 9.965945417061448097e-01 8.562474725767970085e-01 3.714040400926023722e+03
2.024240968748927116e-01 2.792671322822570801e-01 9.965945417061448097e-01 8.562474725767970085e-01 3.714040400926023722e+03
3.346747551113367081e-01 8.292342694476246834e-01 4.052160419523715973e-01 8.562474725767970085e-01 3.714040400926023722e+03
3.346747551113367081e-01 2.792671322822570801e-01 9.965945417061448097e-01 5.199166489765048027e-01 3.714040400926023722e+03
3.346747551113367081e-01 2.792671322822570801e-01 9.965945417061448097e-01 8.562474725767970085e-01 3.711435328703373671e+03
3.346747551113367081e-01 8.292342694476246834e-01 4.052160419523715973e-01 5.199166489765048027e-01 3.711435328703373671e+03
2.024240968748927116e-01 2.792671322822570801e-01 9.965945417061448097e-01 5.199166489765048027e-01 3.711435328703373671e+03
2.024240968748927116e-01 8.292342694476246834e-01 4.052160419523715973e-01 8.562474725767970085e-01 3.711435328703373671e+03
2.024240968748927116e-01 8.292342694476246834e-01 4.052160419523715973e-01 5.199166489765048027e-01 3.714040400926023722e+03
2.024240968748927116e-01 8.292342694476246834e-01 4.052160419523715973e-01 5.199166489765048027e-01 3.711435328703373671e+03
1.299859462305903435e-01 8.010247210040688515e-01 6.820256635546684265e-02 2.614536732435226440e-01 3.134802209213376045e+03
2.943833256140351295e-01 8.010247210040688515e-01 6.820256635546684265e-02 2.614536732435226440e-01 3.134802209213376045e+03
1.299859462305903435e-01 4.061360377818346024e-02 6.413239613175392151e-02 2.614536732435226440e-01 3.134802209213376045e+03
1.299859462305903435e-01 8.010247210040688515e-01 6.820256635546684265e-02 9.900258714333176613e-01 3.134802209213376045e+03
1.299859462305903435e-01 8.010247210040688515e-01 6.820256635546684265e-02 2.614536732435226440e-01 3.612087135668843985e+03
1.299859462305903435e-01 4.061360377818346024e-02 6.413239613175392151e-02 9.900258714333176613e-01 3.612087135668843985e+03
2.943833256140351295e-01 8.010247210040688515e-01 6.820256635546684265e-02 9.900258714333176613e-01 3.612087135668843985e+03
2.943833256140351295e-01 4.061360377818346024e-02 6.413239613175392151e-02 2.614536732435226440e-01 3.612087135668843985e+03
2.943833256140351295e-01 4.061360377818346024e-02 6.413239613175392151e-02 9.900258714333176613e-01 3.134802209213376045e+03
2.943833256140351295e-01 4.061360377818346024e-02 6.413239613175392151e-02 9.900258714333176613e-01 3.612087135668843985e+03
5.292368745431303978e-01 1.227751802653074265e-01 5.748794078826904297e-01 6.922012446448206902e-01 4.949919499456882477e+03
5.401701116934418678e-01 1.227751802653074265e-01 5.748794078826904297e-01 6.922012446448206902e-01 4.949919499456882477e+03
5.292368745431303978e-01 5.821517296135425568e-01 5.038338545709848404e-01 6.922012446448206902e-01 4.949919499456882477e+03
5.292368745431303978e-01 1.227751802653074265e-01 5.748794078826904297e-01 9.486164711415767670e-02 4.949919499456882477e+03
5.292368745431303978e-01 1.227751802653074265e-01 5.748794078826904297e-01 6.922012446448206902e-01 5.368754437193274498e+03
5.292368745431303978e-01 5.821517296135425568e-01 5.038338545709848404e-01 9.486164711415767670e-02 5.368754437193274498e+03
5.401701116934418678e-01 1.227751802653074265e-01 5.748794078826904297e-01 9.486164711415767670e-02 5.368754437193274498e+03
5.401701116934418678e-01 5.821517296135425568e-01 5.038338545709848404e-01 6.922012446448206902e-01 5.368754437193274498e+03
5.401701116934418678e-01 5.821517296135425568e-01 5.038338545709848404e-01 9.486164711415767670e-02 4.949919499456882477e+03
5.401701116934418678e-01 5.821517296135425568e-01 5.038338545709848404e-01 9.486164711415767670e-02 5.368754437193274498e+03
6.683492269366979599e-01 9.004350798204541206e-01 7.507872870191931725e-01 5.456761596724390984e-01 5.413008301518857479e+03
8.603537939488887787e-01 9.004350798204541206e-01 7.507872870191931725e-01 5.456761596724390984e-01 5.413008301518857479e+03
6.683492269366979599e-01 2.140642199665307999e-01 2.193400217220187187e-01 5.456761596724390984e-01 5.413008301518857479e+03
6.683492269366979599e-01 9.004350798204541206e-01 7.507872870191931725e-01 8.574179615825414658e-01 5.413008301518857479e+03
6.683492269366979599e-01 9.004350798204541206e-01 7.507872870191931725e-01 5.456761596724390984e-01 4.167814780492335558e+03
6.683492269366979599e-01 2.140642199665307999e-01 2.193400217220187187e-01 8.574179615825414658e-01 4.167814780492335558e+03
8.603537939488887787e-01 9.004350798204541206e-01 7.507872870191931725e-01 8.574179615825414658e-01 4.167814780492335558e+03
8.603537939488887787e-01 2.140642199665307999e-01 2.193400217220187187e-01 5.456761596724390984e-01 4.167814780492335558e+03
8.603537939488887787e-01 2.140642199665307999e-01 2.193400217220187187e-01 8.574179615825414658e-01 5.413008301518857479e+03
8.603537939488887787e-01 2.140642199665307999e-01 2.193400217220187187e-01 8.574179615825414658e-01 4.167814780492335558e+03
5.130364187061786652e-02 2.065914068371057510e-01 2.594822226092219353e-01 4.703955501317977905e-01 3.600039144046604633e+03
1.145634315907955170e-01 2.065914068371057510e-01 2.594822226092219353e-01 4.703955501317977905e-01 3.600039144046604633e+03
5.130364187061786652e-02 6.628215191885828972e-01 6.590433465316891670e-01 4.703955501317977905e-01 3.600039144046604633e+03
5.130364187061786652e-02 2.065914068371057510e-01 2.594822226092219353e-01 2.432433301582932472e-01 3.600039144046604633e+03
5.130364187061786652e-02 2.065914068371057510e-01 2.594822226092219353e-01 4.703955501317977905e-01 4.833175211213529110e+03
5.130364187061786652e-02 6.628215191885828972e-01 6.590433465316891670e-01 2.432433301582932472e-01 4.833175211213529110e+03
1.145634315907955170e-01 2.065914068371057510e-01 2.594822226092219353e-01 2.432433301582932472e-01 4.833175211213529110e+03
1.145634315907955170e-01 6.628215191885828972e-01 6.590433465316891670e-01 4.703955501317977905e-01 4.833175211213529110e+03
1.145634315907955170e-01 6.628215191885828972e-01 6.590433465316891670e-01 2.432433301582932472e-01 3.600039144046604633e+03
1.145634315907955170e-01 6.628215191885828972e-01 6.590433465316891670e-01 2.432433301582932472e-01 4.833175211213529110e+03
4.757347507402300835e-01 7.444280041381716728e-01 6.727298256009817123e-01 8.816909668967127800e-01 4.187831887509673834e+03
3.978673871606588364e-01 7.444280041381716728e-01 6.727298256009817123e-01 8.816909668967127800e-01 4.187831887509673834e+03
4.757347507402300835e-01 4.668540088459849358e-01 8.725866423919796944e-01 8.816909668967127800e-01 4.187831887509673834e+03
4.757347507402300835e-01 7.444280041381716728e-01 6.727298256009817123e-01 2.741416646167635918e-01 4.187831887509673834e+03
4.757347507402300835e-01 7.444280041381716728e-01 6.727298256009817123e-01 8.816909668967127800e-01 5.009398941881954670e+03
4.757347507402300835e-01 4.668540088459849358e-01 8.725866423919796944e-01 2.741416646167635918e-01 5.009398941881954670e+03
3.978673871606588364e-01 7.444280041381716728e-01 6.727298256009817123e-01 2.741416646167635918e-01 5.009398941881954670e+03
3.978673871606588364e-01 4.668540088459849358e-01 8.725866423919796944e-01 8.816909668967127800e-01 5.009398941881954670e+03
3.978673871606588364e-01 4.668540088459849358e-01 8.725866423919796944e-01 2.741416646167635918e-01 4.187831887509673834e+03
3.978673871606588364e-01 4.668540088459849358e-01 8.725866423919796944e-01 2.741416646167635918e-01 5.009398941881954670e+03
8.748028120025992393e-01 4.255838431417942047e-01 1.812582407146692276e-01 7.197229564189910889e-02 4.755541383754462004e+03
6.437760051339864731e-01 4.255838431417942047e-01 1.812582407146692276e-01 7.197229564189910889e-02 4.755541383754462004e+03
8.748028120025992393e-01 9.096983019262552261e-01 3.122623516246676445e-01 7.197229564189910889e-02 4.755541383754462004e+03
8.748028120025992393e-01 4.255838431417942047e-01 1.812582407146692276e-01 6.370340771973133087e-01 4.755541383754462004e+03
8.748028120025992393e-01 4.255838431417942047e-01 1.812582407146692276e-01 7.197229564189910889e-02 3.018356854561716318e+03
8.748028120025992393e-01 9.096983019262552261e-01 3.122623516246676445e-01 6.370340771973133087e-01 3.018356854561716318e+03
6.437760051339864731e-01 4.255838431417942047e-01 1.812582407146692276e-01 6.370340771973133087e-01 3.018356854561716318e+03
6.437760051339864731e-01 9.096983019262552261e-01 3.122623516246676445e-01 7.197229564189910889e-02 3.018356854561716318e+03
6.437760051339864731e-01 9.096983019262552261e-01 3.122623516246676445e-01 6.370340771973133087e-01 4.755541383754462004e+03
6.437760051339864731e-01 9.096983019262552261e-01 3.122623516246676445e-01 6.370340771973133087e-01 3.018356854561716318e+03
8.620008183643221855e-01 6.021316796541213989e-01 6.415223106741905212e-01 8.457756582647562027e-01 5.185819116421043873e+03
8.065410265699028969e-01 6.021316796541213989e-01 6.415223106741905212e-01 8.457756582647562027e-01 5.185819116421043873e+03
8.620008183643221855e-01 7.622293308377265930e-01 3.519994020462036133e-01 8.457756582647562027e-01 5.185819116421043873e+03
8.620008183643221855e-01 6.021316796541213989e-01 6.415223106741905212e-01 9.613739112392067909e-01 5.185819116421043873e+03
8.620008183643221855e-01 6.021316796541213989e-01 6.415223106741905212e-01 8.457756582647562027e-01 4.923173132818192244e+03
8.620008183643221855e-01 7.622293308377265930e-01 3.519994020462036133e-01 9.613739112392067909e-01 4.923173132818192244e+03
8.065410265699028969e-01 6.021316796541213989e-01 6.415223106741905212e-01 9.613739112392067909e-01 4.923173132818192244e+03
8.065410265699028969e-01 7.622293308377265930e-01 3.519994020462036133e-01 8.457756582647562027e-01 4.923173132818192244e+03
8.065410265699028969e-01 7.622293308377265930e-01 3.519994020462036133e-01 9.613739112392067909e-01 5.185819116421043873e+03
8.065410265699028969e-01 7.622293308377265930e-01 3.519994020462036133e-01 9.613739112392067909e-01 4.923173132818192244e+03
4.788631787523627281e-01 2.822957178577780724e-01 1.499669142067432404e-01 1.694103414192795753e-01 3.212014592252671719e+03
6.026238296180963516e-02 2.822957178577780724e-01 1.499669142067432404e-01 1.694103414192795753e-01 3.212014592252671719e+03
4.788631787523627281e-01 3.604004541411995888e-01 7.912154477089643478e-01 1.694103414192795753e-01 3.212014592252671719e+03
4.788631787523627281e-01 2.822957178577780724e-01 1.499669142067432404e-01 7.479992322623729706e-02 3.212014592252671719e+03
4.788631787523627281e-01 2.822957178577780724e-01 1.499669142067432404e-01 1.694103414192795753e-01 3.085938367992639542e+03
4.788631787523627281e-01 3.604004541411995888e-01 7.912154477089643478e-01 7.479992322623729706e-02 3.085938367992639542e+03
6.026238296180963516e-02 2.822957178577780724e-01 1.499669142067432404e-01 7.479992322623729706e-02 3.085938367992639542e+03
6.026238296180963516e-02 3.604004541411995888e-01 7.912154477089643478e-01 1.694103414192795753e-01 3.085938367992639542e+03
6.026238296180963516e-02 3.604004541411995888e-01 7.912154477089643478e-01 7.479992322623729706e-02 3.212014592252671719e+03
6.026238296180963516e-02 3.604004541411995888e-01 7.912154477089643478e-01 7.479992322623729706e-02 3.085938367992639542e+03
5.659831129014492035e-02 7.586280088871717453e-01 7.820026585832238197e-01 6.973239127546548843e-01 3.794914297293871641e+03
4.683227194473147392e-01 7.586280088871717453e-01 7.820026585832238197e-01 6.973239127546548843e-01 3.794914297293871641e+03
5.659831129014492035e-02 5.094929346814751625e-01 7.396830599755048752e-01 6.973239127546548843e-01 3.794914297293871641e+03
5.659831129014492035e-02 7.586280088871717453e-01 7.820026585832238197e-01 4.191438220441341400e-01 3.794914297293871641e+03
5.659831129014492035e-02 7.586280088871717453e-01 7.820026585832238197e-01 6.973239127546548843e-01 4.237505106255412102e+03
5.659831129014492035e-02 5.094929346814751625e-01 7.396830599755048752e-01 4.191438220441341400e-01 4.237505106255412102e+03
4.683227194473147392e-01 7.586280088871717453e-01 7.820026585832238197e-01 4.191438220441341400e-01 4.237505106255412102e+03
4.683227194473147392e-01 5.094929346814751625e-01 7.396830599755048752e-01 6.973239127546548843e-01 4.237505106255412102e+03
4.683227194473147392e-01 5.094929346814751625e-01 7.396830599755048752e-01 4.191438220441341400e-01 3.794914297293871641e+03
4.683227194473147392e-01 5.094929346814751625e-01 7.396830599755048752e-01 4.191438220441341400e-01 4.237505106255412102e+03
6.573472637683153152e-01 6.379249785095453262e-02 2.907661618664860725e-01 2.552705341950058937e-01 4.513673306908458471e+03
7.147196186706423759e-01 6.379249785095453262e-02 2.907661618664860725e-01 2.552705341950058937e-01 4.513673306908458471e+03
6.573472637683153152e-01 1.134702786803245544e-01 1.788694858551025391e-01 2.552705341950058937e-01 4.513673306908458471e+03
6.573472637683153152e-01 6.379249785095453262e-02 2.907661618664860725e-01 5.565117476508021355e-01 4.513673306908458471e+03
6.573472637683153152e-01 6.379249785095453262e-02 2.907661618664860725e-01 2.552705341950058937e-01 4.744173017796128988e+03
6.573472637683153152e-01 1.134702786803245544e-01 1.788694858551025391e-01 5.565117476508021355e-01 4.744173017796128988e+03
7.147196186706423759e-01 6.379249785095453262e-02 2.907661618664860725e-01 5.565117476508021355e-01 4.744173017796128988e+03
7.147196186706423759e-01 1.134702786803245544e-01 1.788694858551025391e-01 2.552705341950058937e-01 4.744173017796128988e+03
7.147196186706423759e-01 1.134702786803245544e-01 1.788694858551025391e-01 5.565117476508021355e-01 4.513673306908458471e+03
7.147196186706423759e-01 1.134702786803245544e-01 1.788694858551025391e-01 5.565117476508021355e-01 4.744173017796128988e+03
5.161604313179850578e-01 9.129703585058450699e-01 9.947888739407062531e-02 4.838275844231247902e-01 4.677107999566942453e+03
8.788975905627012253e-01 9.129703585058450699e-01 9.947888739407062531e-02 4.838275844231247902e-01 4.677107999566942453e+03
5.161604313179850578e-01 7.452306505292654037e-01 5.823907563462853432e-01 4.838275844231247902e-01 4.677107999566942453e+03
5.161604313179850578e-01 9.129703585058450699e-01 9.947888739407062531e-02 3.017717478796839714e-01 4.677107999566942453e+03
5.161604313179850578e-01 9.129703585058450699e-01 9.947888739407062531e-02 4.838275844231247902e-01 3.542015335522592068e+03
5.161604313179850578e-01 7.452306505292654037e-01 5.823907563462853432e-01 3.017717478796839714e-01 3.542015335522592068e+03
8.788975905627012253e-01 9.129703585058450699e-01 9.947888739407062531e-02 3.017717478796839714e-01 3.542015335522592068e+03
8.788975905627012253e-01 7.452306505292654037e-01 5.823907563462853432e-01 4.838275844231247902e-01 3.542015335522592068e+03
8.788975905627012253e-01 7.452306505292654037e-01 5.823907563462853432e-01 3.017717478796839714e-01 4.677107999566942453e+03
8.788975905627012253e-01 7.452306505292654037e-01 5.823907563462853432e-01 3.017717478796839714e-01 3.542015335522592068e+03
1.332056587561964989e-01 2.337900148704648018e-01 6.061024647206068039e-01 5.313515011221170425e-01 3.955595273990184069e+03
1.324966382235288620e-01 2.337900148704648018e-01 6.061024647206068039e-01 5.313515011221170425e-01 3.955595273990184069e+03
1.332056587561964989e-01 1.314266910776495934e-01 2.157914545387029648e-02 5.313515011221170425e-01 3.955595273990184069e+03
1.332056587561964989e-01 2.337900148704648018e-01 6.061024647206068039e-01 6.581176780164241791e-01 3.955595273990184069e+03
1.332056587561964989e-01 2.337900148704648018e-01 6.061024647206068039e-01 5.313515011221170425e-01 5.457375165540724993e+03
1.332056587561964989e-01 1.314266910776495934e-01 2.157914545387029648e-02 6.581176780164241791e-01 5.457375165540724993e+03
1.324966382235288620e-01 2.337900148704648018e-01 6.061024647206068039e-01 6.581176780164241791e-01 5.457375165540724993e+03
1.324966382235288620e-01 1.314266910776495934e-01 2.157914545387029648e-02 5.313515011221170425e-01 5.457375165540724993e+03
1.324966382235288620e-01 1.314266910776495934e-01 2.157914545387029648e-02 6.581176780164241791e-01 3.955595273990184069e+03
1.324966382235288620e-01 1.314266910776495934e-01 2.157914545387029648e-02 6.581176780164241791e-01 5.457375165540724993e+03
3.396335225552320480e-01 6.939745135605335236e-01 4.589375955983996391e-01 6.974881235510110855e-02 3.361699610948562622e+03
3.492112644016742706e-01 6.939745135605335236e-01 4.589375955983996391e-01 6.974881235510110855e-02 3.361699610948562622e+03
3.396335225552320480e-01 9.981723269447684288e-01 4.465477457270026207e-01 6.974881235510110855e-02 3.361699610948562622e+03
3.396335225552320480e-01 6.939745135605335236e-01 4.589375955983996391e-01 8.127662222832441330e-01 3.361699610948562622e+03
3.396335225552320480e-01 6.939745135605335236e-01 4.589375955983996391e-01 6.974881235510110855e-02 4.385125371161848307e+03
3.396335225552320480e-01 9.981723269447684288e-01 4.465477457270026207e-01 8.127662222832441330e-01 4.385125371161848307e+03
3.492112644016742706e-01 6.939745135605335236e-01 4.589375955983996391e-01 8.127662222832441330e-01 4.385125371161848307e+03
3.492112644016742706e-01 9.981723269447684288e-01 4.465477457270026207e-01 6.974881235510110855e-02 4.385125371161848307e+03
3.492112644016742706e-01 9.981723269447684288e-01 4.465477457270026207e-01 8.127662222832441330e-01 3.361699610948562622e+03
3.492112644016742706e-01 9.981723269447684288e-01 4.465477457270026207e-01 8.127662222832441330e-01 4.385125371161848307e+03
9.405658189207315445e-01 3.897946579381823540e-01 9.653641050681471825e-01 8.828387204557657242e-01 5.338238814845681190e+03
5.954863317310810089e-01 3.897946579381823540e-01 9.653641050681471825e-01 8.828387204557657242e-01 5.338238814845681190e+03
9.405658189207315445e-01 3.785778786987066269e-01 8.857618281617760658e-01 8.828387204557657242e-01 5.338238814845681190e+03
9.405658189207315445e-01 3.897946579381823540e-01 9.653641050681471825e-01 2.077025035396218300e-01 5.338238814845681190e+03
9.405658189207315445e-01 3.897946579381823540e-01 9.653641050681471825e-01 8.828387204557657242e-01 3.644082692451775074e+03
9.405658189207315445e-01 3.785778786987066269e-01 8.857618281617760658e-01 2.077025035396218300e-01 3.644082692451775074e+03
5.954863317310810089e-01 3.897946579381823540e-01 9.653641050681471825e-01 2.077025035396218300e-01 3.644082692451775074e+03
5.954863317310810089e-01 3.785778786987066269e-01 8.857618281617760658e-01 8.828387204557657242e-01 3.644082692451775074e+03
5.954863317310810089e-01 3.785778786987066269e-01 8.857618281617760658e-01 2.077025035396218300e-01 5.338238814845681190e+03
5.954863317310810089e-01 3.785778786987066269e-01 8.857618281617760658e-01 2.077025035396218300e-01 3.644082692451775074e+03
8.885860582813620567e-01 8.431021086871623993e-01 3.817899189889431000e-01 5.749577851966023445e-01 3.016957409679889679e+03
6.333709377795457840e-01 8.431021086871623993e-01 3.817899189889431000e-01 5.749577851966023445e-01 3.016957409679889679e+03
8.885860582813620567e-01 6.286946209147572517e-01 5.099484343081712723e-01 5.749577851966023445e-01 3.016957409679889679e+03
8.885860582813620567e-01 8.431021086871623993e-01 3.817899189889431000e-01 3.568027652800083160e-01 3.016957409679889679e+03
8.885860582813620567e-01 8.431021086871623993e-01 3.817899189889431000e-01 5.749577851966023445e-01 4.637882385402917862e+03
8.885860582813620567e-01 6.286946209147572517e-01 5.099484343081712723e-01 3.568027652800083160e-01 4.637882385402917862e+03
6.333709377795457840e-01 8.431021086871623993e-01 3.817899189889431000e-01 3.568027652800083160e-01 4.637882385402917862e+03
6.333709377795457840e-01 6.286946209147572517e-01 5.099484343081712723e-01 5.749577851966023445e-01 4.637882385402917862e+03
6.333709377795457840e-01 6.286946209147572517e-01 5.099484343081712723e-01 3.568027652800083160e-01 3.016957409679889679e+03
6.333709377795457840e-01 6.286946209147572517e-01 5.099484343081712723e-01 3.568027652800083160e-01 4.637882385402917862e+03
2.705184919759631157e-01 2.228255849331617355e-02 8.901681154966354370e-01 3.785834293812513351e-01 4.990766124799847603e+03
3.874623198062181473e-01 2.228255849331617355e-02 8.901681154966354370e-01 3.785834293812513351e-01 4.990766124799847603e+03
2.705184919759631157e-01 2.482969202101230621e-01 7.071312889456748962e-02 3.785834293812513351e-01 4.990766124799847603e+03
2.705184919759631157e-01 2.228255849331617355e-02 8.901681154966354370e-01 7.438642187044024467e-01 4.990766124799847603e+03
2.705184919759631157e-01 2.228255849331617355e-02 8.901681154966354370e-01 3.785834293812513351e-01 4.050800743978470564e+03
2.705184919759631157e-01 2.482969202101230621e-01 7.071312889456748962e-02 7.438642187044024467e-01 4.050800743978470564e+03
3.874623198062181473e-01 2.228255849331617355e-02 8.901681154966354370e-01 7.438642187044024467e-01 4.050800743978470564e+03
3.874623198062181473e-01 2.482969202101230621e-01 7.071312889456748962e-02 3.785834293812513351e-01 4.050800743978470564e+03
3.874623198062181473e-01 2.482969202101230621e-01 7.071312889456748962e-02 7.438642187044024467e-01 4.990766124799847603e+03
3.874623198062181473e-01 2.482969202101230621e-01 7.071312889456748962e-02 7.438642187044024467e-01 4.050800743978470564e+03
1.940202582627534866e-01 5.616106111556291580e-01 5.357969272881746292e-02 9.735031099990010262e-01 4.396841260138899088e+03
1.083697900176048279e-01 5.616106111556291580e-01 5.357969272881746292e-02 9.735031099990010262e-01 4.396841260138899088e+03
1.940202582627534866e-01 8.817972131073474884e-01 3.976521156728267670e-01 9.735031099990010262e-01 4.396841260138899088e+03
1.940202582627534866e-01 5.616106111556291580e-01 5.357969272881746292e-02 7.735437536612153053e-01 4.396841260138899088e+03
1.940202582627534866e-01 5.616106111556291580e-01 5.357969272881746292e-02 9.735031099990010262e-01 3.292309967335313559e+03
1.940202582627534866e-01 8.817972131073474884e-01 3.976521156728267670e-01 7.735437536612153053e-01 3.292309967335313559e+03
1.083697900176048279e-01 5.616106111556291580e-01 5.357969272881746292e-02 7.735437536612153053e-01 3.292309967335313559e+03
1.083697900176048279e-01 8.817972131073474884e-01 3.976521156728267670e-01 9.735031099990010262e-01 3.292309967335313559e+03
1.083697900176048279e-01 8.817972131073474884e-01 3.976521156728267670e-01 7.735437536612153053e-01 4.396841260138899088e+03
1.083697900176048279e-01 8.817972131073474884e-01 3.976521156728267670e-01 7.735437536612153053e-01 3.292309967335313559e+03
5.920656230300664902e-01 3.657906027510762215e-01 5.621578181162476540e-01 4.269069246947765350e-02 3.678076904732733965e+03
8.541601523756980896e-01 3.657906027510762215e-01 5.621578181162476540e-01 4.269069246947765350e-02 3.678076904732733965e+03
5.920656230300664902e-01 4.955933215096592903e-01 9.584539551287889481e-01 4.269069246947765350e-02 3.678076904732733965e+03
5.920656230300664902e-01 3.657906027510762215e-01 5.621578181162476540e-01 1.376414950937032700e-01 3.678076904732733965e+03
5.920656230300664902e-01 3.657906027510762215e-01 5.621578181162476540e-01 4.269069246947765350e-02 5.048825649544596672e+03
5.920656230300664902e-01 4.955933215096592903e-01 9.584539551287889481e-01 1.376414950937032700e-01 5.048825649544596672e+03
8.541601523756980896e-01 3.657906027510762215e-01 5.621578181162476540e-01 1.376414950937032700e-01 5.048825649544596672e+03
8.541601523756980896e-01 4.955933215096592903e-01 9.584539551287889481e-01 4.269069246947765350e-02 5.048825649544596672e+03
8.541601523756980896e-01 4.955933215096592903e-01 9.584539551287889481e-01 1.376414950937032700e-01 3.678076904732733965e+03
8.541601523756980896e-01 4.955933215096592903e-01 9.584539551287889481e-01 1.376414950937032700e-01 5.048825649544596672e+03
7.342130457982420921e-01 6.417338605970144272e-01 8.630566205829381943e-01 1.890975218266248703e-01 4.150628596078604460e+03
5.493554295971989632e-01 6.417338605970144272e-01 8.630566205829381943e-01 1.890975218266248703e-01 4.150628596078604460e+03
7.342130457982420921e-01 8.635898111388087273e-01 3.027471629902720451e-01 1.890975218266248703e-01 4.150628596078604460e+03
7.342130457982420921e-01 6.417338605970144272e-01 8.630566205829381943e-01 8.751695808023214340e-01 4.150628596078604460e+03
7.342130457982420921e-01 6.417338605970144272e-01 8.630566205829381943e-01 1.890975218266248703e-01 3.828488704282790422e+03
7.342130457982420921e-01 8.635898111388087273e-01 3.027471629902720451e-01 8.751695808023214340e-01 3.828488704282790422e+03
5.493554295971989632e-01 6.417338605970144272e-01 8.630566205829381943e-01 8.751695808023214340e-01 3.828488704282790422e+03
5.493554295971989632e-01 8.635898111388087273e-01 3.027471629902720451e-01 1.890975218266248703e-01 3.828488704282790422e+03
5.493554295971989632e-01 8.635898111388087273e-01 3.027471629902720451e-01 8.751695808023214340e-01 4.150628596078604460e+03
5.493554295971989632e-01 8.635898111388087273e-01 3.027471629902720451e-01 8.751695808023214340e-01 3.828488704282790422e+03
1.164504168555140495e-01 4.615697199478745461e-01 3.698684219270944595e-01 7.644353481009602547e-01 4.872146704699844122e+03
3.035686435177922249e-01 4.615697199478745461e-01 3.698684219270944595e-01 7.644353481009602547e-01 4.872146704699844122e+03
1.164504168555140495e-01 2.596203479915857315e-01 8.635471435263752937e-01 7.644353481009602547e-01 4.872146704699844122e+03
1.164504168555140495e-01 4.615697199478745461e-01 3.698684219270944595e-01 2.028767112642526627e-02 4.872146704699844122e+03
1.164504168555140495e-01 4.615697199478745461e-01 3.698684219270944595e-01 7.644353481009602547e-01 4.493695280514657497e+03
1.164504168555140495e-01 2.596203479915857315e-01 8.635471435263752937e-01 2.028767112642526627e-02 4.493695280514657497e+03
3.035686435177922249e-01 4.615697199478745461e-01 3.698684219270944595e-01 2.028767112642526627e-02 4.493695280514657497e+03
3.035686435177922249e-01 2.596203479915857315e-01 8.635471435263752937e-01 7.644353481009602547e-01 4.493695280514657497e+03
3.035686435177922249e-01 2.596203479915857315e-01 8.635471435263752937e-01 2.028767112642526627e-02 4.872146704699844122e+03
3.035686435177922249e-01 2.596203479915857315e-01 8.635471435263752937e-01 2.028767112642526627e-02 4.493695280514657497e+03
4.107101652771234512e-01 9.857267811894416809e-01 6.913277348503470421e-01 3.532658200711011887e-01 5.455094684846699238e+03
2.078862702473998070e-01 9.857267811894416809e-01 6.913277348503470421e-01 3.532658200711011887e-01 5.455094684846699238e+03
4.107101652771234512e-01 6.107702199369668961e-01 6.671091886237263680e-01 3.532658200711011887e-01 5.455094684846699238e+03
4.107101652771234512e-01 9.857267811894416809e-01 6.913277348503470421e-01 4.896625680848956108e-01 5.455094684846699238e+03
4.107101652771234512e-01 9.857267811894416809e-01 6.913277348503470421e-01 3.532658200711011887e-01 5.329138186760246754e+03
4.107101652771234512e-01 6.107702199369668961e-01 6.671091886237263680e-01 4.896625680848956108e-01 5.329138186760246754e+03
2.078862702473998070e-01 9.857267811894416809e-01 6.913277348503470421e-01 4.896625680848956108e-01 5.329138186760246754e+03
2.078862702473998070e-01 6.107702199369668961e-01 6.671091886237263680e-01 3.532658200711011887e-01 5.329138186760246754e+03
2.078862702473998070e-01 6.107702199369668961e-01 6.671091886237263680e-01 4.896625680848956108e-01 5.455094684846699238e+03
2.078862702473998070e-01 6.107702199369668961e-01 6.671091886237263680e-01 4.896625680848956108e-01 5.329138186760246754e+03
8.090609442442655563e-01 1.805621599778532982e-01 1.978177754208445549e-01 6.629196377471089363e-01 3.478551327250897884e+03
9.537989413365721703e-01 1.805621599778532982e-01 1.978177754208445549e-01 6.629196377471089363e-01 3.478551327250897884e+03
8.090609442442655563e-01 1.259121578186750412e-02 2.278757421299815178e-01 6.629196377471089363e-01 3.478551327250897884e+03
8.090609442442655563e-01 1.805621599778532982e-01 1.978177754208445549e-01 5.952153839170932770e-01 3.478551327250897884e+03
8.090609442442655563e-01 1.805621599778532982e-01 1.978177754208445549e-01 6.629196377471089363e-01 3.338247271720319986e+03
8.090609442442655563e-01 1.259121578186750412e-02 2.278757421299815178e-01 5.952153839170932770e-01 3.338247271720319986e+03
9.537989413365721703e-01 1.805621599778532982e-01 1.978177754208445549e-01 5.952153839170932770e-01 3.338247271720319986e+03
9.537989413365721703e-01 1.259121578186750412e-02 2.278757421299815178e-01 6.629196377471089363e-01 3.338247271720319986e+03
9.537989413365721703e-01 1.259121578186750412e-02 2.278757421299815178e-01 5.952153839170932770e-01 3.478551327250897884e+03
9.537989413365721703e-01 1.259121578186750412e-02 2.278757421299815178e-01 5.952153839170932770e-01 3.338247271720319986e+03
7.738655647262930870e-01 9.396728100255131721e-01 9.304425446316599846e-01 1.084516504779458046e-01 4.461080913431942463e+03
2.510119052603840828e-01 9.396728100255131721e-01 9.304425446316599846e-01 1.084516504779458046e-01 4.461080913431942463e+03
7.738655647262930870e-01 3.219351898878812790e-01 6.254347367212176323e-01 1.084516504779458046e-01 4.461080913431942463e+03
7.738655647262930870e-01 9.396728100255131721e-01 9.304425446316599846e-01 7.181845149025321007e-01 4.461080913431942463e+03
7.738655647262930870e-01 9.396728100255131721e-01 9.304425446316599846e-01 1.084516504779458046e-01 5.358186952769756317e+03
7.738655647262930870e-01 3.219351898878812790e-01 6.254347367212176323e-01 7.181845149025321007e-01 5.358186952769756317e+03
2.510119052603840828e-01 9.396728100255131721e-01 9.304425446316599846e-01 7.181845149025321007e-01 5.358186952769756317e+03
2.510119052603840828e-01 3.219351898878812790e-01 6.254347367212176323e-01 1.084516504779458046e-01 5.358186952769756317e+03
2.510119052603840828e-01 3.219351898878812790e-01 6.254347367212176323e-01 7.181845149025321007e-01 4.461080913431942463e+03
2.510119052603840828e-01 3.219351898878812790e-01 6.254347367212176323e-01 7.181845149025321007e-01 5.358186952769756317e+03
3.755931062623858452e-01 1.364689338952302933e-01 4.235772332176566124e-01 9.066432584077119827e-01 3.937324478290975094e+03
5.052253575995564461e-01 1.364689338952302933e-01 4.235772332176566124e-01 9.066432584077119827e-01 3.937324478290975094e+03
3.755931062623858452e-01 8.009048914536833763e-01 1.896633999422192574e-01 9.066432584077119827e-01 3.937324478290975094e+03
3.755931062623858452e-01 1.364689338952302933e-01 4.235772332176566124e-01 3.237380385398864746e-01 3.937324478290975094e+03
3.755931062623858452e-01 1.364689338952302933e-01 4.235772332176566124e-01 9.066432584077119827e-01 3.599077052902430296e+03
3.755931062623858452e-01 8.009048914536833763e-01 1.896633999422192574e-01 3.237380385398864746e-01 3.599077052902430296e+03
5.052253575995564461e-01 1.364689338952302933e-01 4.235772332176566124e-01 3.237380385398864746e-01 3.599077052902430296e+03
5.052253575995564461e-01 8.009048914536833763e-01 1.896633999422192574e-01 9.066432584077119827e-01 3.599077052902430296e+03
5.052253575995564461e-01 8.009048914536833763e-01 1.896633999422192574e-01 3.237380385398864746e-01 3.937324478290975094e+03
5.052253575995564461e-01 8.009048914536833763e-01 1.896633999422192574e-01 3.237380385398864746e-01 3.599077052902430296e+03
8.125509507954120636e-02 6.586661962792277336e-01 5.087112430483102798e-01 4.444035151973366737e-01 3.265216871630400419e+03
9.759649401530623436e-01 6.586661962792277336e-01 5.087112430483102798e-01 4.444035151973366737e-01 3.265216871630400419e+03
8.125509507954120636e-02 7.478422578424215317e-02 2.787324087694287300e-01 4.444035151973366737e-01 3.265216871630400419e+03
8.125509507954120636e-02 6.586661962792277336e-01 5.087112430483102798e-01 1.661898512393236160e-01 3.265216871630400419e+03
8.125509507954120636e-02 6.586661962792277336e-01 5.087112430483102798e-01 4.444035151973366737e-01 3.734132023062556982e+03
8.125509507954120636e-02 7.478422578424215317e-02 2.787324087694287300e-01 1.661898512393236160e-01 3.734132023062556982e+03
9.759649401530623436e-01 6.586661962792277336e-01 5.087112430483102798e-01 1.661898512393236160e-01 3.734132023062556982e+03
9.759649401530623436e-01 7.478422578424215317e-02 2.787324087694287300e-01 4.444035151973366737e-01 3.734132023062556982e+03
9.759649401530623436e-01 7.478422578424215317e-02 2.787324087694287300e-01 1.661898512393236160e-01 3.265216871630400419e+03
9.759649401530623436e-01 7.478422578424215317e-02 2.787324087694287300e-01 1.661898512393236160e-01 3.734132023062556982e+03
6.990958061069250107e-01 4.804628156125545502e-01 1.527031883597373962e-03 5.082829464226961136e-01 5.044018858578056097e+03
2.218773728236556053e-01 4.804628156125545502e-01 1.527031883597373962e-03 5.082829464226961136e-01 5.044018858578056097e+03
6.990958061069250107e-01 5.479629915207624435e-01 8.429372115060687065e-01 5.082829464226961136e-01 5.044018858578056097e+03
6.990958061069250107e-01 4.804628156125545502e-01 1.527031883597373962e-03 8.113081874325871468e-01 5.044018858578056097e+03
6.990958061069250107e-01 4.804628156125545502e-01 1.527031883597373962e-03 5.082829464226961136e-01 4.318924771621823311e+03
6.990958061069250107e-01 5.479629915207624435e-01 8.429372115060687065e-01 8.113081874325871468e-01 4.318924771621823311e+03
2.218773728236556053e-01 4.804628156125545502e-01 1.527031883597373962e-03 8.113081874325871468e-01 4.318924771621823311e+03
2.218773728236556053e-01 5.479629915207624435e-01 8.429372115060687065e-01 5.082829464226961136e-01 4.318924771621823311e+03
2.218773728236556053e-01 5.479629915207624435e-01 8.429372115060687065e-01 8.113081874325871468e-01 5.044018858578056097e+03
2.218773728236556053e-01 5.479629915207624435e-01 8.429372115060687065e-01 8.113081874325871468e-01 4.318924771621823311e+03
6.194314574822783470e-01 5.120127266272902489e-01 3.261227095499634743e-01 7.211248744279146194e-01 5.206528561655431986e+03
4.326824713498353958e-01 5.120127266272902489e-01 3.261227095499634743e-01 7.211248744279146194e-01 5.206528561655431986e+03
6.194314574822783470e-01 1.857338845729827881e-01 4.339494798332452774e-01 7.211248744279146194e-01 5.206528561655431986e+03
6.194314574822783470e-01 5.120127266272902489e-01 3.261227095499634743e-01 4.892734903842210770e-02 5.206528561655431986e+03
6.194314574822783470e-01 5.120127266272902489e-01 3.261227095499634743e-01 7.211248744279146194e-01 3.020303123164921999e+03
6.194314574822783470e-01 1.857338845729827881e-01 4.339494798332452774e-01 4.892734903842210770e-02 3.020303123164921999e+03
4.326824713498353958e-01 5.120127266272902489e-01 3.261227095499634743e-01 4.892734903842210770e-02 3.020303123164921999e+03
4.326824713498353958e-01 1.857338845729827881e-01 4.339494798332452774e-01 7.211248744279146194e-01 3.020303123164921999e+03
4.326824713498353958e-01 1.857338845729827881e-01 4.339494798332452774e-01 4.892734903842210770e-02 5.206528561655431986e+03
4.326824713498353958e-01 1.857338845729827881e-01 4.339494798332452774e-01 4.892734903842210770e-02 3.020303123164921999e+03
2.213418660685420036e-01 3.181534633040428162e-01 8.169280337169766426e-01 2.939621666446328163e-01 3.425602283794432878e+03
6.867736149579286575e-01 3.181534633040428162e-01 8.169280337169766426e-01 2.939621666446328163e-01 3.425602283794432878e+03
2.213418660685420036e-01 6.911318236961960793e-01 9.981523938477039337e-01 2.939621666446328163e-01 3.425602283794432878e+03
2.213418660685420036e-01 3.181534633040428162e-01 8.169280337169766426e-01 9.130257982760667801e-01 3.425602283794432878e+03
2.213418660685420036e-01 3.181534633040428162e-01 8.169280337169766426e-01 2.939621666446328163e-01 5.013787808828055859e+03
2.213418660685420036e-01 6.911318236961960793e-01 9.981523938477039337e-01 9.130257982760667801e-01 5.013787808828055859e+03
6.867736149579286575e-01 3.181534633040428162e-01 8.169280337169766426e-01 9.130257982760667801e-01 5.013787808828055859e+03
6.867736149579286575e-01 6.911318236961960793e-01 9.981523938477039337e-01 2.939621666446328163e-01 5.013787808828055859e+03
6.867736149579286575e-01 6.911318236961960793e-01 9.981523938477039337e-01 9.130257982760667801e-01 3.425602283794432878e+03
6.867736149579286575e-01 6.911318236961960793e-01 9.981523938477039337e-01 9.130257982760667801e-01 5.013787808828055859e+03
2.978840265423059464e-01 8.555217171087861061e-01 2.479149550199508667e-01 8.227035272866487503e-01 4.086695007979869843e+03
8.412895873188972473e-01 8.555217171087861061e-01 2.479149550199508667e-01 8.227035272866487503e-01 4.086695007979869843e+03
2.978840265423059464e-01 4.326643133535981178e-01 5.324733443558216095e-01 8.227035272866487503e-01 4.086695007979869843e+03
2.978840265423059464e-01 8.555217171087861061e-01 2.479149550199508667e-01 5.696884989738464355e-01 4.086695007979869843e+03
2.978840265423059464e-01 8.555217171087861061e-01 2.479149550199508667e-01 8.227035272866487503e-01 4.799415894784033298e+03
2.978840265423059464e-01 4.326643133535981178e-01 5.324733443558216095e-01 5.696884989738464355e-01 4.799415894784033298e+03
8.412895873188972473e-01 8.555217171087861061e-01 2.479149550199508667e-01 5.696884989738464355e-01 4.799415894784033298e+03
8.412895873188972473e-01 4.326643133535981178e-01 5.324733443558216095e-01 8.227035272866487503e-01 4.799415894784033298e+03
8.412895873188972473e-01 4.326643133535981178e-01 5.324733443558216095e-01 5.696884989738464355e-01 4.086695007979869843e+03
8.412895873188972473e-01 4.326643133535981178e-01 5.324733443558216095e-01 5.696884989738464355e-01 4.799415894784033298e+03
9.159080814570188522e-01 3.666292689740657806e-02 7.389173470437526703e-01 1.299750665202736855e-01 4.612594844773411751e+03
8.708018809556961060e-02 3.666292689740657806e-02 7.389173470437526703e-01 1.299750665202736855e-01 4.612594844773411751e+03
9.159080814570188522e-01 9.438679665327072144e-01 9.670389629900455475e-02 1.299750665202736855e-01 4.612594844773411751e+03
9.159080814570188522e-01 3.666292689740657806e-02 7.389173470437526703e-01 4.567501982674002647e-01 4.612594844773411751e+03
9.159080814570188522e-01 3.666292689740657806e-02 7.389173470437526703e-01 1.299750665202736855e-01 4.136498062405735254e+03
9.159080814570188522e-01 9.438679665327072144e-01 9.670389629900455475e-02 4.567501982674002647e-01 4.136498062405735254e+03
8.708018809556961060e-02 3.666292689740657806e-02 7.389173470437526703e-01 4.567501982674002647e-01 4.136498062405735254e+03
8.708018809556961060e-02 9.438679665327072144e-01 9.670389629900455475e-02 1.299750665202736855e-01 4.136498062405735254e+03
8.708018809556961060e-02 9.438679665327072144e-01 9.670389629900455475e-02 4.567501982674002647e-01 4.612594844773411751e+03
8.708018809556961060e-02 9.438679665327072144e-01 9.670389629900455475e-02 4.567501982674002647e-01 4.136498062405735254e+03
9.757457030937075615e-01 7.402135590091347694e-01 1.707657640799880028e-01 3.143283631652593613e-01 3.741661265492439270e+03
1.723585706204175949e-01 7.402135590091347694e-01 1.707657640799880028e-01 3.143283631652593613e-01 3.741661265492439270e+03
9.757457030937075615e-01 1.942300451919436455e-01 4.708731556311249733e-01 3.143283631652593613e-01 3.741661265492439270e+03
9.757457030937075615e-01 7.402135590091347694e-01 1.707657640799880028e-01 1.037752870470285416e-01 3.741661265492439270e+03
9.757457030937075615e-01 7.402135590091347694e-01 1.707657640799880028e-01 3.143283631652593613e-01 4.427487439941614866e+03
9.757457030937075615e-01 1.942300451919436455e-01 4.708731556311249733e-01 1.037752870470285416e-01 4.427487439941614866e+03
1.723585706204175949e-01 7.402135590091347694e-01 1.707657640799880028e-01 1.037752870470285416e-01 4.427487439941614866e+03
1.723585706204175949e-01 1.942300451919436455e-01 4.708731556311249733e-01 3.143283631652593613e-01 4.427487439941614866e+03
1.723585706204175949e-01 1.942300451919436455e-01 4.708731556311249733e-01 1.037752870470285416e-01 3.741661265492439270e+03
1.723585706204175949e-01 1.942300451919436455e-01 4.708731556311249733e-01 1.037752870470285416e-01 4.427487439941614866e+03
3.747660806402564049e-01 4.340729545801877975e-01 6.637227041646838188e-01 6.393649475648999214e-01 4.265413546934723854e+03
9.259578566998243332e-01 4.340729545801877975e-01 6.637227041646838188e-01 6.393649475648999214e-01 4.265413546934723854e+03
3.747660806402564049e-01 6.830337662249803543e-01 9.066561972722411156e-01 6.393649475648999214e-01 4.265413546934723854e+03
3.747660806402564049e-01 4.340729545801877975e-01 6.637227041646838188e-01 9.987113373354077339e-01 4.265413546934723854e+03
3.747660806402564049e-01 4.340729545801877975e-01 6.637227041646838188e-01 6.393649475648999214e-01 3.918530933558940887e+03
3.747660806402564049e-01 6.830337662249803543e-01 9.066561972722411156e-01 9.987113373354077339e-01 3.918530933558940887e+03
9.259578566998243332e-01 4.340729545801877975e-01 6.637227041646838188e-01 9.987113373354077339e-01 3.918530933558940887e+03
9.259578566998243332e-01 6.830337662249803543e-01 9.066561972722411156e-01 6.393649475648999214e-01 3.918530933558940887e+03
9.259578566998243332e-01 6.830337662249803543e-01 9.066561972722411156e-01 9.987113373354077339e-01 4.265413546934723854e+03
9.259578566998243332e-01 6.830337662249803543e-01 9.066561972722411156e-01 9.987113373354077339e-01 3.918530933558940887e+03
1.683859582990407944e-01 8.962191632017493248e-01 2.802250366657972336e-01 2.282831575721502304e-01 4.926571244839578867e+03
5.840639211237430573e-01 8.962191632017493248e-01 2.802250366657972336e-01 2.282831575721502304e-01 4.926571244839578867e+03
1.683859582990407944e-01 4.412589240819215775e-01 6.242118394002318382e-01 2.282831575721502304e-01 4.926571244839578867e+03
1.683859582990407944e-01 8.962191632017493248e-01 2.802250366657972336e-01 5.302829658612608910e-01 4.926571244839578867e+03
1.683859582990407944e-01 8.962191632017493248e-01 2.802250366657972336e-01 2.282831575721502304e-01 3.395282851532101631e+03
1.683859582990407944e-01 4.412589240819215775e-01 6.242118394002318382e-01 5.302829658612608910e-01 3.395282851532101631e+03
5.840639211237430573e-01 8.962191632017493248e-01 2.802250366657972336e-01 5.302829658612608910e-01 3.395282851532101631e+03
5.840639211237430573e-01 4.412589240819215775e-01 6.242118394002318382e-01 2.282831575721502304e-01 3.395282851532101631e+03
5.840639211237430573e-01 4.412589240819215775e-01 6.242118394002318382e-01 5.302829658612608910e-01 4.926571244839578867e+03
5.840639211237430573e-01 4.412589240819215775e-01 6.242118394002318382e-01 5.302829658612608910e-01 3.395282851532101631e+03
5.512926895171403885e-01 2.150780558586120605e-01 7.729820478707551956e-01 7.877575652673840523e-01 3.147774640936404467e+03
3.303387500345706940e-01 2.150780558586120605e-01 7.729820478707551956e-01 7.877575652673840523e-01 3.147774640936404467e+03
5.512926895171403885e-01 9.358536107465624809e-01 6.002632621675729752e-02 7.877575652673840523e-01 3.147774640936404467e+03
5.512926895171403885e-01 2.150780558586120605e-01 7.729820478707551956e-01 3.866281732916831970e-01 3.147774640936404467e+03
5.512926895171403885e-01 2.150780558586120605e-01 7.729820478707551956e-01 7.877575652673840523e-01 5.229923696722835302e+03
5.512926895171403885e-01 9.358536107465624809e-01 6.002632621675729752e-02 3.866281732916831970e-01 5.229923696722835302e+03
3.303387500345706940e-01 2.150780558586120605e-01 7.729820478707551956e-01 3.866281732916831970e-01 5.229923696722835302e+03
3.303387500345706940e-01 9.358536107465624809e-01 6.002632621675729752e-02 7.877575652673840523e-01 5.229923696722835302e+03
3.303387500345706940e-01 9.358536107465624809e-01 6.002632621675729752e-02 3.866281732916831970e-01 3.147774640936404467e+03
3.303387500345706940e-01 9.358536107465624809e-01 6.002632621675729752e-02 3.866281732916831970e-01 5.229923696722835302e+03
6.299664108082652092e-01 8.081590784713625908e-01 5.897666634991765022e-01 9.499367373064160347e-01 3.621251172851771116e+03
1.015706453472375870e-02 8.081590784713625908e-01 5.897666634991765022e-01 9.499367373064160347e-01 3.621251172851771116e+03
6.299664108082652092e-01 2.983259456232190132e-01 7.167974188923835754e-01 9.499367373064160347e-01 3.621251172851771116e+03
6.299664108082652092e-01 8.081590784713625908e-01 5.897666634991765022e-01 6.320412382483482361e-01 3.621251172851771116e+03
6.299664108082652092e-01 8.081590784713625908e-01 5.897666634991765022e-01 9.499367373064160347e-01 3.949819865636527538e+03
6.299664108082652092e-01 2.983259456232190132e-01 7.167974188923835754e-01 6.320412382483482361e-01 3.949819865636527538e+03
1.015706453472375870e-02 8.081590784713625908e-01 5.897666634991765022e-01 6.320412382483482361e-01 3.949819865636527538e+03
1.015706453472375870e-02 2.983259456232190132e-01 7.167974188923835754e-01 9.499367373064160347e-01 3.949819865636527538e+03
1.015706453472375870e-02 2.983259456232190132e-01 7.167974188923835754e-01 6.320412382483482361e-01 3.621251172851771116e+03
1.015706453472375870e-02 2.983259456232190132e-01 7.167974188923835754e-01 6.320412382483482361e-01 3.949819865636527538e+03
2.929172571748495102e-02 1.113628186285495758e-01 8.062788937240839005e-02 3.749182447791099548e-03 5.402172104921191931e+03
7.638781825080513954e-01 1.113628186285495758e-01 8.062788937240839005e-02 3.749182447791099548e-03 5.402172104921191931e+03
2.929172571748495102e-02 8.251545839011669159e-01 1.526138391345739365e-01 3.749182447791099548e-03 5.402172104921191931e+03
2.929172571748495102e-02 1.113628186285495758e-01 8.062788937240839005e-02 2.694089328870177269e-01 5.402172104921191931e+03
2.929172571748495102e-02 1.113628186285495758e-01 8.062788937240839005e-02 3.749182447791099548e-03 4.693151586223393679e+03
2.929172571748495102e-02 8.251545839011669159e-01 1.526138391345739365e-01 2.694089328870177269e-01 4.693151586223393679e+03
7.638781825080513954e-01 1.113628186285495758e-01 8.062788937240839005e-02 2.694089328870177269e-01 4.693151586223393679e+03
7.638781825080513954e-01 8.251545839011669159e-01 1.526138391345739365e-01 3.749182447791099548e-03 4.693151586223393679e+03
7.638781825080513954e-01 8.251545839011669159e-01 1.526138391345739365e-01 2.694089328870177269e-01 5.402172104921191931e+03
7.638781825080513954e-01 8.251545839011669159e-01 1.526138391345739365e-01 2.694089328870177269e-01 4.693151586223393679e+03
4.514821451157331467e-01 5.896568195894360542e-01 9.802465029060840607e-01 5.982683198526501656e-01 4.730056745000183582e+03
7.305165035650134087e-01 5.896568195894360542e-01 9.802465029060840607e-01 5.982683198526501656e-01 4.730056745000183582e+03
4.514821451157331467e-01 5.102932080626487732e-02 3.155434932559728622e-01 5.982683198526501656e-01 4.730056745000183582e+03
4.514821451157331467e-01 5.896568195894360542e-01 9.802465029060840607e-01 2.367696659639477730e-01 4.730056745000183582e+03
4.514821451157331467e-01 5.896568195894360542e-01 9.802465029060840607e-01 5.982683198526501656e-01 5.139447538647800684e+03
4.514821451157331467e-01 5.102932080626487732e-02 3.155434932559728622e-01 2.367696659639477730e-01 5.139447538647800684e+03
7.305165035650134087e-01 5.896568195894360542e-01 9.802465029060840607e-01 2.367696659639477730e-01 5.139447538647800684e+03
7.305165035650134087e-01 5.102932080626487732e-02 3.155434932559728622e-01 5.982683198526501656e-01 5.139447538647800684e+03
7.305165035650134087e-01 5.102932080626487732e-02 3.155434932559728622e-01 2.367696659639477730e-01 4.730056745000183582e+03
7.305165035650134087e-01 5.102932080626487732e-02 3.155434932559728622e-01 2.367696659639477730e-01 5.139447538647800684e+03
8.346942905336618423e-01 2.678600940853357315e-01 4.714294895529747009e-01 4.177650120109319687e-01 4.204161099158227444e+03
4.769136412069201469e-01 2.678600940853357315e-01 4.714294895529747009e-01 4.177650120109319687e-01 4.204161099158227444e+03
8.346942905336618423e-01 5.720522152259945869e-01 7.513246014714241028e-01 4.177650120109319687e-01 4.204161099158227444e+03
8.346942905336618423e-01 2.678600940853357315e-01 4.714294895529747009e-01 8.501949552446603775e-01 4.204161099158227444e+03
8.346942905336618423e-01 2.678600940853357315e-01 4.714294895529747009e-01 4.177650120109319687e-01 3.226681777276098728e+03
8.346942905336618423e-01 5.720522152259945869e-01 7.513246014714241028e-01 8.501949552446603775e-01 3.226681777276098728e+03
4.769136412069201469e-01 2.678600940853357315e-01 4.714294895529747009e-01 8.501949552446603775e-01 3.226681777276098728e+03
4.769136412069201469e-01 5.720522152259945869e-01 7.513246014714241028e-01 4.177650120109319687e-01 3.226681777276098728e+03
4.769136412069201469e-01 5.720522152259945869e-01 7.513246014714241028e-01 8.501949552446603775e-01 4.204161099158227444e+03
4.769136412069201469e-01 5.720522152259945869e-01 7.513246014714241028e-01 8.501949552446603775e-01 3.226681777276098728e+03
8.276737798005342484e-01 7.736727064475417137e-01 3.934321273118257523e-02 1.476638205349445343e-01 5.298330925405025482e+03
3.176833102479577065e-01 7.736727064475417137e-01 3.934321273118257523e-02 1.476638205349445343e-01 5.298330925405025482e+03
8.276737798005342484e-01 8.875685930252075195e-02 9.219635920599102974e-01 1.476638205349445343e-01 5.298330925405025482e+03
8.276737798005342484e-01 7.736727064475417137e-01 3.934321273118257523e-02 3.335311999544501305e-01 5.298330925405025482e+03
8.276737798005342484e-01 7.736727064475417137e-01 3.934321273118257523e-02 1.476638205349445343e-01 4.984930417966097593e+03
8.276737798005342484e-01 8.875685930252075195e-02 9.219635920599102974e-01 3.335311999544501305e-01 4.984930417966097593e+03
3.176833102479577065e-01 7.736727064475417137e-01 3.934321273118257523e-02 3.335311999544501305e-01 4.984930417966097593e+03
3.176833102479577065e-01 8.875685930252075195e-02 9.219635920599102974e-01 1.476638205349445343e-01 4.984930417966097593e+03
3.176833102479577065e-01 8.875685930252075195e-02 9.219635920599102974e-01 3.335311999544501305e-01 5.298330925405025482e+03
3.176833102479577065e-01 8.875685930252075195e-02 9.219635920599102974e-01 3.335311999544501305e-01 4.984930417966097593e+03
4.603385236114263535e-01 7.981391996145248413e-02 5.324182892218232155e-01 8.363029276952147484e-01 3.324684353545308113e+03
5.635921666398644447e-01 7.981391996145248413e-02 5.324182892218232155e-01 8.363029276952147484e-01 3.324684353545308113e+03
4.603385236114263535e-01 5.384907359257340431e-01 4.866402251645922661e-01 8.363029276952147484e-01 3.324684353545308113e+03
4.603385236114263535e-01 7.981391996145248413e-02 5.324182892218232155e-01 6.888544112443923950e-01 3.324684353545308113e+03
4.603385236114263535e-01 7.981391996145248413e-02 5.324182892218232155e-01 8.363029276952147484e-01 3.072165168821811676e+03
4.603385236114263535e-01 5.384907359257340431e-01 4.866402251645922661e-01 6.888544112443923950e-01 3.072165168821811676e+03
5.635921666398644447e-01 7.981391996145248413e-02 5.324182892218232155e-01 6.888544112443923950e-01 3.072165168821811676e+03
5.635921666398644447e-01 5.384907359257340431e-01 4.866402251645922661e-01 8.363029276952147484e-01 3.072165168821811676e+03
5.635921666398644447e-01 5.384907359257340431e-01 4.866402251645922661e-01 6.888544112443923950e-01 3.324684353545308113e+03
5.635921666398644447e-01 5.384907359257340431e-01 4.866402251645922661e-01 6.888544112443923950e-01 3.072165168821811676e+03
4.688396118581295013e-03 6.176656866446137428e-01 3.988337777554988861e-01 3.116814382374286652e-01 3.995350109878927469e+03
9.093203498050570488e-01 6.176656866446137428e-01 3.988337777554988861e-01 3.116814382374286652e-01 3.995350109878927469e+03
4.688396118581295013e-03 3.436213815584778786e-01 4.398644994944334030e-02 3.116814382374286652e-01 3.995350109878927469e+03
4.688396118581295013e-03 6.176656866446137428e-01 3.988337777554988861e-01 7.820410300046205521e-01 3.995350109878927469e+03
4.688396118581295013e-03 6.176656866446137428e-01 3.988337777554988861e-01 3.116814382374286652e-01 4.104407729580998421e+03
4.688396118581295013e-03 3.436213815584778786e-01 4.398644994944334030e-02 7.820410300046205521e-01 4.104407729580998421e+03
9.093203498050570488e-01 6.176656866446137428e-01 3.988337777554988861e-01 7.820410300046205521e-01 4.104407729580998421e+03
9.093203498050570488e-01 3.436213815584778786e-01 4.398644994944334030e-02 3.116814382374286652e-01 4.104407729580998421e+03
9.093203498050570488e-01 3.436213815584778786e-01 4.398644994944334030e-02 7.820410300046205521e-01 3.995350109878927469e+03
9.093203498050570488e-01 3.436213815584778786e-01 4.398644994944334030e-02 7.820410300046205521e-01 4.104407729580998421e+03
6.524897320196032524e-01 2.988064195960760117e-01 8.917091637849807739e-01 7.346327221021056175e-01 4.714276608545333147e+03
1.635297490283846855e-01 2.988064195960760117e-01 8.917091637849807739e-01 7.346327221021056175e-01 4.714276608545333147e+03
6.524897320196032524e-01 7.835359722375869751e-01 6.086888508871197701e-01 7.346327221021056175e-01 4.714276608545333147e+03
6.524897320196032524e-01 2.988064195960760117e-01 8.917091637849807739e-01 1.759238811209797859e-01 4.714276608545333147e+03
6.524897320196032524e-01 2.988064195960760117e-01 8.917091637849807739e-01 7.346327221021056175e-01 4.847739832010120153e+03
6.524897320196032524e-01 7.835359722375869751e-01 6.086888508871197701e-01 1.759238811209797859e-01 4.847739832010120153e+03
1.635297490283846855e-01 2.988064195960760117e-01 8.917091637849807739e-01 1.759238811209797859e-01 4.847739832010120153e+03
1.635297490283846855e-01 7.835359722375869751e-01 6.086888508871197701e-01 7.346327221021056175e-01 4.847739832010120153e+03
1.635297490283846855e-01 7.835359722375869751e-01 6.086888508871197701e-01 1.759238811209797859e-01 4.714276608545333147e+03
1.635297490283846855e-01 7.835359722375869751e-01 6.086888508871197701e-01 1.759238811209797859e-01 4.847739832010120153e+03
5.446385834366083145e-01 7.092635454609990120e-01 7.163062831386923790e-01 5.257199322804808617e-01 4.554825797211378813e+03
4.993537794798612595e-01 7.092635454609990120e-01 7.163062831386923790e-01 5.257199322804808617e-01 4.554825797211378813e+03
5.446385834366083145e-01 4.194162320345640182e-01 1.369459517300128937e-01 5.257199322804808617e-01 4.554825797211378813e+03
5.446385834366083145e-01 7.092635454609990120e-01 7.163062831386923790e-01 9.306371780112385750e-01 4.554825797211378813e+03
5.446385834366083145e-01 7.092635454609990120e-01 7.163062831386923790e-01 5.257199322804808617e-01 3.548689025454223156e+03
5.446385834366083145e-01 4.194162320345640182e-01 1.369459517300128937e-01 9.306371780112385750e-01 3.548689025454223156e+03
4.993537794798612595e-01 7.092635454609990120e-01 7.163062831386923790e-01 9.306371780112385750e-01 3.548689025454223156e+03
4.993537794798612595e-01 4.194162320345640182e-01 1.369459517300128937e-01 5.257199322804808617e-01 3.548689025454223156e+03
4.993537794798612595e-01 4.194162320345640182e-01 1.369459517300128937e-01 9.306371780112385750e-01 4.554825797211378813e+03
4.993537794798612595e-01 4.194162320345640182e-01 1.369459517300128937e-01 9.306371780112385750e-01 3.548689025454223156e+03
1.771199833601713181e-01 4.060601461678743362e-01 2.070491341874003410e-01 4.582394249737262726e-01 3.833164656069129705e+03
7.451403271406888962e-01 4.060601461678743362e-01 2.070491341874003410e-01 4.582394249737262726e-01 3.833164656069129705e+03
1.771199833601713181e-01 9.540499961003661156e-01 7.016502413898706436e-01 4.582394249737262726e-01 3.833164656069129705e+03
1.771199833601713181e-01 4.060601461678743362e-01 2.070491341874003410e-01 4.304047115147113800e-02 3.833164656069129705e+03
1.771199833601713181e-01 4.060601461678743362e-01 2.070491341874003410e-01 4.582394249737262726e-01 5.383329190779477358e+03
1.771199833601713181e-01 9.540499961003661156e-01 7.016502413898706436e-01 4.304047115147113800e-02 5.383329190779477358e+03
7.451403271406888962e-01 4.060601461678743362e-01 2.070491341874003410e-01 4.304047115147113800e-02 5.383329190779477358e+03
7.451403271406888962e-01 9.540499961003661156e-01 7.016502413898706436e-01 4.582394249737262726e-01 5.383329190779477358e+03
7.451403271406888962e-01 9.540499961003661156e-01 7.016502413898706436e-01 4.304047115147113800e-02 3.833164656069129705e+03
7.451403271406888962e-01 9.540499961003661156e-01 7.016502413898706436e-01 4.304047115147113800e-02 5.383329190779477358e+03
3.505287682637572289e-01 9.277719883248209953e-01 8.567545916885137558e-01 9.241107618436217308e-01 3.171015118248760700e+03
7.746448703110218048e-01 9.277719883248209953e-01 8.567545916885137558e-01 9.241107618436217308e-01 3.171015118248760700e+03
3.505287682637572289e-01 1.643302207812666893e-01 7.667484078556299210e-01 9.241107618436217308e-01 3.171015118248760700e+03
3.505287682637572289e-01 9.277719883248209953e-01 8.567545916885137558e-01 4.509224444627761841e-01 3.171015118248760700e+03
3.505287682637572289e-01 9.277719883248209953e-01 8.567545916885137558e-01 9.241107618436217308e-01 4.274153871927410364e+03
3.505287682637572289e-01 1.643302207812666893e-01 7.667484078556299210e-01 4.509224444627761841e-01 4.274153871927410364e+03
7.746448703110218048e-01 9.277719883248209953e-01 8.567545916885137558e-01 4.509224444627761841e-01 4.274153871927410364e+03
7.746448703110218048e-01 1.643302207812666893e-01 7.667484078556299210e-01 9.241107618436217308e-01 4.274153871927410364e+03
7.746448703110218048e-01 1.643302207812666893e-01 7.667484078556299210e-01 4.509224444627761841e-01 3.171015118248760700e+03
7.746448703110218048e-01 1.643302207812666893e-01 7.667484078556299210e-01 4.509224444627761841e-01 4.274153871927410364e+03
9.981472371146082878e-01 2.495681308209896088e-01 3.478194419294595718e-01 1.221960075199604034e-01 5.147415443323552608e+03
2.873243764042854309e-02 2.495681308209896088e-01 3.478194419294595718e-01 1.221960075199604034e-01 5.147415443323552608e+03
9.981472371146082878e-01 7.087980490177869797e-01 3.314231522381305695e-01 1.221960075199604034e-01 5.147415443323552608e+03
9.981472371146082878e-01 2.495681308209896088e-01 3.478194419294595718e-01 5.872369399294257164e-01 5.147415443323552608e+03
9.981472371146082878e-01 2.495681308209896088e-01 3.478194419294595718e-01 1.221960075199604034e-01 3.765196555294096470e+03
9.981472371146082878e-01 7.087980490177869797e-01 3.314231522381305695e-01 5.872369399294257164e-01 3.765196555294096470e+03
2.873243764042854309e-02 2.495681308209896088e-01 3.478194419294595718e-01 5.872369399294257164e-01 3.765196555294096470e+03
2.873243764042854309e-02 7.087980490177869797e-01 3.314231522381305695e-01 1.221960075199604034e-01 3.765196555294096470e+03
2.873243764042854309e-02 7.087980490177869797e-01 3.314231522381305695e-01 5.872369399294257164e-01 5.147415443323552608e+03
2.873243764042854309e-02 7.087980490177869797e-01 3.314231522381305695e-01 5.872369399294257164e-01 3.765196555294096470e+03
9.226698931306600571e-01 5.468700779601931572e-01 8.108568200841546059e-01 4.315475104376673698e-01 3.519646001048386097e+03
2.384997326880693436e-01 5.468700779601931572e-01 8.108568200841546059e-01 4.315475104376673698e-01 3.519646001048386097e+03
9.226698931306600571e-01 4.586726622655987740e-01 2.053618049249053001e-01 4.315475104376673698e-01 3.519646001048386097e+03
9.226698931306600571e-01 5.468700779601931572e-01 8.108568200841546059e-01 9.693865869194269180e-01 3.519646001048386097e+03
9.226698931306600571e-01 5.468700779601931572e-01 8.108568200841546059e-01 4.315475104376673698e-01 4.641504205763339996e+03
9.226698931306600571e-01 4.586726622655987740e-01 2.053618049249053001e-01 9.693865869194269180e-01 4.641504205763339996e+03
2.384997326880693436e-01 5.468700779601931572e-01 8.108568200841546059e-01 9.693865869194269180e-01 4.641504205763339996e+03
2.384997326880693436e-01 4.586726622655987740e-01 2.053618049249053001e-01 4.315475104376673698e-01 4.641504205763339996e+03
2.384997326880693436e-01 4.586726622655987740e-01 2.053618049249053001e-01 9.693865869194269180e-01 3.519646001048386097e+03
2.384997326880693436e-01 4.586726622655987740e-01 2.053618049249053001e-01 9.693865869194269180e-01 4.641504205763339996e+03
2.892882246524095535e-01 3.500733412802219391e-01 3.038733722642064095e-01 6.157739609479904175e-01 5.493288419209420681e+03
9.847786147147417068e-01 3.500733412802219391e-01 3.038733722642064095e-01 6.157739609479904175e-01 5.493288419209420681e+03
2.892882246524095535e-01 9.142122380435466766e-01 6.406734669581055641e-01 6.157739609479904175e-01 5.493288419209420681e+03
2.892882246524095535e-01 3.500733412802219391e-01 3.038733722642064095e-01 1.135744797065854073e-01 5.493288419209420681e+03
2.892882246524095535e-01 3.500733412802219391e-01 3.038733722642064095e-01 6.157739609479904175e-01 3.978585861157625914e+03
2.892882246524095535e-01 9.142122380435466766e-01 6.406734669581055641e-01 1.135744797065854073e-01 3.978585861157625914e+03
9.847786147147417068e-01 3.500733412802219391e-01 3.038733722642064095e-01 1.135744797065854073e-01 3.978585861157625914e+03
9.847786147147417068e-01 9.142122380435466766e-01 6.406734669581055641e-01 6.157739609479904175e-01 3.978585861157625914e+03
9.847786147147417068e-01 9.142122380435466766e-01 6.406734669581055641e-01 1.135744797065854073e-01 5.493288419209420681e+03
9.847786147147417068e-01 9.142122380435466766e-01 6.406734669581055641e-01 1.135744797065854073e-01 3.978585861157625914e+03
2.456850958988070488e-01 8.278742926195263863e-01 6.391571685671806335e-01 1.756219845265150070e-02 4.831203855108469725e+03
5.178961679339408875e-01 8.278742926195263863e-01 6.391571685671806335e-01 1.756219845265150070e-02 4.831203855108469725e+03
2.456850958988070488e-01 2.036860845983028412e-01 8.274828875437378883e-01 1.756219845265150070e-02 4.831203855108469725e+03
2.456850958988070488e-01 8.278742926195263863e-01 6.391571685671806335e-01 3.963644271716475487e-01 4.831203855108469725e+03
2.456850958988070488e-01 8.278742926195263863e-01 6.391571685671806335e-01 1.756219845265150070e-02 3.178286449518054724e+03
2.456850958988070488e-01 2.036860845983028412e-01 8.274828875437378883e-01 3.963644271716475487e-01 3.178286449518054724e+03
5.178961679339408875e-01 8.278742926195263863e-01 6.391571685671806335e-01 3.963644271716475487e-01 3.178286449518054724e+03
5.178961679339408875e-01 2.036860845983028412e-01 8.274828875437378883e-01 1.756219845265150070e-02 3.178286449518054724e+03
5.178961679339408875e-01 2.036860845983028412e-01 8.274828875437378883e-01 3.963644271716475487e-01 4.831203855108469725e+03
5.178961679339408875e-01 2.036860845983028412e-01 8.274828875437378883e-01 3.963644271716475487e-01 3.178286449518054724e+03
5.971663584932684898e-01 6.078043952584266663e-03 1.318545825779438019e-01 9.673508256673812866e-01 4.112282739486545324e+03
2.714990302920341492e-01 6.078043952584266663e-03 1.318545825779438019e-01 9.673508256673812866e-01 4.112282739486545324e+03
5.971663584932684898e-01 6.690449165180325508e-01 2.627611970528960228e-01 9.673508256673812866e-01 4.112282739486545324e+03
5.971663584932684898e-01 6.078043952584266663e-03 1.318545825779438019e-01 5.010173395276069641e-01 4.112282739486545324e+03
5.971663584932684898e-01 6.078043952584266663e-03 1.318545825779438019e-01 9.673508256673812866e-01 5.171770753338932991e+03
5.971663584932684898e-01 6.690449165180325508e-01 2.627611970528960228e-01 5.010173395276069641e-01 5.171770753338932991e+03
2.714990302920341492e-01 6.078043952584266663e-03 1.318545825779438019e-01 5.010173395276069641e-01 5.171770753338932991e+03
2.714990302920341492e-01 6.690449165180325508e-01 2.627611970528960228e-01 9.673508256673812866e-01 5.171770753338932991e+03
2.714990302920341492e-01 6.690449165180325508e-01 2.627611970528960228e-01 5.010173395276069641e-01 4.112282739486545324e+03
2.714990302920341492e-01 6.690449165180325508e-01 2.627611970528960228e-01 5.010173395276069641e-01 5.171770753338932991e+03
7.059800010174512863e-01 9.702537516131997108e-01 4.486377639696002007e-01 8.012882918119430542e-01 3.638188684824854136e+03
7.629812974482774734e-02 9.702537516131997108e-01 4.486377639696002007e-01 8.012882918119430542e-01 3.638188684824854136e+03
7.059800010174512863e-01 3.340982925146818161e-02 9.828144814819097519e-01 8.012882918119430542e-01 3.638188684824854136e+03
7.059800010174512863e-01 9.702537516131997108e-01 4.486377639696002007e-01 2.635159566998481750e-01 3.638188684824854136e+03
7.059800010174512863e-01 9.702537516131997108e-01 4.486377639696002007e-01 8.012882918119430542e-01 3.893297709990292788e+03
7.059800010174512863e-01 3.340982925146818161e-02 9.828144814819097519e-01 2.635159566998481750e-01 3.893297709990292788e+03
7.629812974482774734e-02 9.702537516131997108e-01 4.486377639696002007e-01 2.635159566998481750e-01 3.893297709990292788e+03
7.629812974482774734e-02 3.340982925146818161e-02 9.828144814819097519e-01 8.012882918119430542e-01 3.893297709990292788e+03
7.629812974482774734e-02 3.340982925146818161e-02 9.828144814819097519e-01 2.635159566998481750e-01 3.638188684824854136e+03
7.629812974482774734e-02 3.340982925146818161e-02 9.828144814819097519e-01 2.635159566998481750e-01 3.893297709990292788e+03
7.229291833937168121e-02 1.641126703470945358e-01 9.395614629611372948e-01 2.460253117606043816e-01 4.359844480175524950e+03
8.226988436654210091e-01 1.641126703470945358e-01 9.395614629611372948e-01 2.460253117606043816e-01 4.359844480175524950e+03
7.229291833937168121e-02 5.935026127845048904e-01 4.180908575654029846e-01 2.460253117606043816e-01 4.359844480175524950e+03
7.229291833937168121e-02 1.641126703470945358e-01 9.395614629611372948e-01 6.496472125872969627e-01 4.359844480175524950e+03
7.229291833937168121e-02 1.641126703470945358e-01 9.395614629611372948e-01 2.460253117606043816e-01 4.478091138415038586e+03
7.229291833937168121e-02 5.935026127845048904e-01 4.180908575654029846e-01 6.496472125872969627e-01 4.478091138415038586e+03
8.226988436654210091e-01 1.641126703470945358e-01 9.395614629611372948e-01 6.496472125872969627e-01 4.478091138415038586e+03
8.226988436654210091e-01 5.935026127845048904e-01 4.180908575654029846e-01 2.460253117606043816e-01 4.478091138415038586e+03
8.226988436654210091e-01 5.935026127845048904e-01 4.180908575654029846e-01 6.496472125872969627e-01 4.359844480175524950e+03
8.226988436654210091e-01 5.935026127845048904e-01 4.180908575654029846e-01 6.496472125872969627e-01 4.478091138415038586e+03
4.000580934807658195e-01 6.267500212416052818e-01 1.203985977917909622e-01 6.529261916875839233e-01 5.030502483248710632e+03
6.643486237153410912e-01 6.267500212416052818e-01 1.203985977917909622e-01 6.529261916875839233e-01 5.030502483248710632e+03
4.000580934807658195e-01 2.881296146661043167e-01 1.127742901444435120e-01 6.529261916875839233e-01 5.030502483248710632e+03
4.000580934807658195e-01 6.267500212416052818e-01 1.203985977917909622e-01 8.677417980507016182e-01 5.030502483248710632e+03
4.000580934807658195e-01 6.267500212416052818e-01 1.203985977917909622e-01 6.529261916875839233e-01 5.199092381633818150e+03
4.000580934807658195e-01 2.881296146661043167e-01 1.127742901444435120e-01 8.677417980507016182e-01 5.199092381633818150e+03
6.643486237153410912e-01 6.267500212416052818e-01 1.203985977917909622e-01 8.677417980507016182e-01 5.199092381633818150e+03
6.643486237153410912e-01 2.881296146661043167e-01 1.127742901444435120e-01 6.529261916875839233e-01 5.199092381633818150e+03
6.643486237153410912e-01 2.881296146661043167e-01 1.127742901444435120e-01 8.677417980507016182e-01 5.030502483248710632e+03
6.643486237153410912e-01 2.881296146661043167e-01 1.127742901444435120e-01 8.677417980507016182e-01 5.199092381633818150e+03
7.512344187125563622e-01 4.456093907356262207e-01 6.115191262215375900e-01 3.319789646193385124e-01 3.054106349125504494e+03
4.180737948045134544e-01 4.456093907356262207e-01 6.115191262215375900e-01 3.319789646193385124e-01 3.054106349125504494e+03
7.512344187125563622e-01 8.383883638307452202e-01 5.480878856033086777e-01 3.319789646193385124e-01 3.054106349125504494e+03
7.512344187125563622e-01 4.456093907356262207e-01 6.115191262215375900e-01 2.309396360069513321e-01 3.054106349125504494e+03
7.512344187125563622e-01 4.456093907356262207e-01 6.115191262215375900e-01 3.319789646193385124e-01 3.439983292017132044e+03
7.512344187125563622e-01 8.383883638307452202e-01 5.480878856033086777e-01 2.309396360069513321e-01 3.439983292017132044e+03
4.180737948045134544e-01 4.456093907356262207e-01 6.115191262215375900e-01 2.309396360069513321e-01 3.439983292017132044e+03
4.180737948045134544e-01 8.383883638307452202e-01 5.480878856033086777e-01 3.319789646193385124e-01 3.439983292017132044e+03
4.180737948045134544e-01 8.383883638307452202e-01 5.480878856033086777e-01 2.309396360069513321e-01 3.054106349125504494e+03
4.180737948045134544e-01 8.383883638307452202e-01 5.480878856033086777e-01 2.309396360069513321e-01 3.439983292017132044e+03
7.864144798368215561e-01 6.743814293295145035e-01 2.503938954323530197e-01 9.005579939112067223e-01 4.573178470134735107e+03
8.726897509768605232e-01 6.743814293295145035e-01 2.503938954323530197e-01 9.005579939112067223e-01 4.573178470134735107e+03
7.864144798368215561e-01 5.310656484216451645e-01 8.601486496627330780e-02 9.005579939112067223e-01 4.573178470134735107e+03
7.864144798368215561e-01 6.743814293295145035e-01 2.503938954323530197e-01 8.062967751175165176e-02 4.573178470134735107e+03
7.864144798368215561e-01 6.743814293295145035e-01 2.503938954323530197e-01 9.005579939112067223e-01 5.488608676940202713e+03
7.864144798368215561e-01 5.310656484216451645e-01 8.601486496627330780e-02 8.062967751175165176e-02 5.488608676940202713e+03
8.726897509768605232e-01 6.743814293295145035e-01 2.503938954323530197e-01 8.062967751175165176e-02 5.488608676940202713e+03
8.726897509768605232e-01 5.310656484216451645e-01 8.601486496627330780e-02 9.005579939112067223e-01 5.488608676940202713e+03
8.726897509768605232e-01 5.310656484216451645e-01 8.601486496627330780e-02 8.062967751175165176e-02 4.573178470134735107e+03
8.726897509768605232e-01 5.310656484216451645e-01 8.601486496627330780e-02 8.062967751175165176e-02 5.488608676940202713e+03
4.351905900985002518e-01 4.952015625312924385e-01 7.588980961591005325e-01 8.325665816664695740e-02 4.049264082685112953e+03
1.190907033160328865e-01 4.952015625312924385e-01 7.588980961591005325e-01 8.325665816664695740e-02 4.049264082685112953e+03
4.351905900985002518e-01 9.597262647002935410e-02 5.257060229778289795e-01 8.325665816664695740e-02 4.049264082685112953e+03
4.351905900985002518e-01 4.952015625312924385e-01 7.588980961591005325e-01 9.438272845000028610e-01 4.049264082685112953e+03
4.351905900985002518e-01 4.952015625312924385e-01 7.588980961591005325e-01 8.325665816664695740e-02 3.497718590777367353e+03
4.351905900985002518e-01 9.597262647002935410e-02 5.257060229778289795e-01 9.438272845000028610e-01 3.497718590777367353e+03
1.190907033160328865e-01 4.952015625312924385e-01 7.588980961591005325e-01 9.438272845000028610e-01 3.497718590777367353e+03
1.190907033160328865e-01 9.597262647002935410e-02 5.257060229778289795e-01 8.325665816664695740e-02 3.497718590777367353e+03
1.190907033160328865e-01 9.597262647002935410e-02 5.257060229778289795e-01 9.438272845000028610e-01 4.049264082685112953e+03
1.190907033160328865e-01 9.597262647002935410e-02 5.257060229778289795e-01 9.438272845000028610e-01 3.497718590777367353e+03
1.074730409309267998e-01 9.558791108429431915e-01 1.721542840823531151e-01 5.490402569994330406e-01 3.465171674732118845e+03
4.021319216117262840e-01 9.558791108429431915e-01 1.721542840823531151e-01 5.490402569994330406e-01 3.465171674732118845e+03
1.074730409309267998e-01 7.763173719868063927e-01 9.424198567867279053e-01 5.490402569994330406e-01 3.465171674732118845e+03
1.074730409309267998e-01 9.558791108429431915e-01 1.721542840823531151e-01 5.389059893786907196e-01 3.465171674732118845e+03
1.074730409309267998e-01 9.558791108429431915e-01 1.721542840823531151e-01 5.490402569994330406e-01 3.669088733848184347e+03
1.074730409309267998e-01 7.763173719868063927e-01 9.424198567867279053e-01 5.389059893786907196e-01 3.669088733848184347e+03
4.021319216117262840e-01 9.558791108429431915e-01 1.721542840823531151e-01 5.389059893786907196e-01 3.669088733848184347e+03
4.021319216117262840e-01 7.763173719868063927e-01 9.424198567867279053e-01 5.490402569994330406e-01 3.669088733848184347e+03
4.021319216117262840e-01 7.763173719868063927e-01 9.424198567867279053e-01 5.389059893786907196e-01 3.465171674732118845e+03
4.021319216117262840e-01 7.763173719868063927e-01 9.424198567867279053e-01 5.389059893786907196e-01 3.669088733848184347e+03
7.411123206838965416e-01 1.516987783834338188e-01 6.808581752702593803e-01 4.974269829690456390e-01 5.243806172627955675e+03
6.558568542823195457e-01 1.516987783834338188e-01 6.808581752702593803e-01 4.974269829690456390e-01 5.243806172627955675e+03
7.411123206838965416e-01 3.510588612407445908e-01 3.821387272328138351e-01 4.974269829690456390e-01 5.243806172627955675e+03
7.411123206838965416e-01 1.516987783834338188e-01 6.808581752702593803e-01 4.250365225598216057e-01 5.243806172627955675e+03
7.411123206838965416e-01 1.516987783834338188e-01 6.808581752702593803e-01 4.974269829690456390e-01 4.334295971319079399e+03
7.411123206838965416e-01 3.510588612407445908e-01 3.821387272328138351e-01 4.250365225598216057e-01 4.334295971319079399e+03
6.558568542823195457e-01 1.516987783834338188e-01 6.808581752702593803e-01 4.250365225598216057e-01 4.334295971319079399e+03
6.558568542823195457e-01 3.510588612407445908e-01 3.821387272328138351e-01 4.974269829690456390e-01 4.334295971319079399e+03
6.558568542823195457e-01 3.510588612407445908e-01 3.821387272328138351e-01 4.250365225598216057e-01 5.243806172627955675e+03
6.558568542823195457e-01 3.510588612407445908e-01 3.821387272328138351e-01 4.250365225598216057e-01 4.334295971319079399e+03
5.697855632752180099e-01 8.719694167375564575e-01 9.895694740116596222e-01 2.727380357682704926e-01 5.084670148324221373e+03
9.450464118272066116e-01 8.719694167375564575e-01 9.895694740116596222e-01 2.727380357682704926e-01 5.084670148324221373e+03
5.697855632752180099e-01 9.768973961472511292e-01 8.478734781965613365e-01 2.727380357682704926e-01 5.084670148324221373e+03
5.697855632752180099e-01 8.719694167375564575e-01 9.895694740116596222e-01 6.873830286785960197e-01 5.084670148324221373e+03
5.697855632752180099e-01 8.719694167375564575e-01 9.895694740116596222e-01 2.727380357682704926e-01 3.134093326050788164e+03
5.697855632752180099e-01 9.768973961472511292e-01 8.478734781965613365e-01 6.873830286785960197e-01 3.134093326050788164e+03
9.450464118272066116e-01 8.719694167375564575e-01 9.895694740116596222e-01 6.873830286785960197e-01 3.134093326050788164e+03
9.450464118272066116e-01 9.768973961472511292e-01 8.478734781965613365e-01 2.727380357682704926e-01 3.134093326050788164e+03
9.450464118272066116e-01 9.768973961472511292e-01 8.478734781965613365e-01 6.873830286785960197e-01 5.084670148324221373e+03
9.450464118272066116e-01 9.768973961472511292e-01 8.478734781965613365e-01 6.873830286785960197e-01 3.134093326050788164e+03
2.183783296495676041e-01 5.213393177837133408e-02 4.962555095553398132e-01 7.110682716593146324e-01 3.303892286028712988e+03
1.913250554352998734e-01 5.213393177837133408e-02 4.962555095553398132e-01 7.110682716593146324e-01 3.303892286028712988e+03
2.183783296495676041e-01 3.963575819507241249e-01 2.875903854146599770e-01 7.110682716593146324e-01 3.303892286028712988e+03
2.183783296495676041e-01 5.213393177837133408e-02 4.962555095553398132e-01 2.920357100665569305e-01 3.303892286028712988e+03
2.183783296495676041e-01 5.213393177837133408e-02 4.962555095553398132e-01 7.110682716593146324e-01 4.890608645044267178e+03
2.183783296495676041e-01 3.963575819507241249e-01 2.875903854146599770e-01 2.920357100665569305e-01 4.890608645044267178e+03
1.913250554352998734e-01 5.213393177837133408e-02 4.962555095553398132e-01 2.920357100665569305e-01 4.890608645044267178e+03
1.913250554352998734e-01 3.963575819507241249e-01 2.875903854146599770e-01 7.110682716593146324e-01 4.890608645044267178e+03
1.913250554352998734e-01 3.963575819507241249e-01 2.875903854146599770e-01 2.920357100665569305e-01 3.303892286028712988e+03
1.913250554352998734e-01 3.963575819507241249e-01 2.875903854146599770e-01 2.920357100665569305e-01 4.890608645044267178e+03
2.619071332737803459e-01 5.279750805348157883e-01 5.678702117875218391e-01 1.868473254144191742e-01 3.896520134992897511e+03
2.830205932259559631e-01 5.279750805348157883e-01 5.678702117875218391e-01 1.868473254144191742e-01 3.896520134992897511e+03
2.619071332737803459e-01 7.318519065156579018e-01 2.433052072301506996e-01 1.868473254144191742e-01 3.896520134992897511e+03
2.619071332737803459e-01 5.279750805348157883e-01 5.678702117875218391e-01 1.979035269469022751e-01 3.896520134992897511e+03
2.619071332737803459e-01 5.279750805348157883e-01 5.678702117875218391e-01 1.868473254144191742e-01 4.796171260066330433e+03
2.619071332737803459e-01 7.318519065156579018e-01 2.433052072301506996e-01 1.979035269469022751e-01 4.796171260066330433e+03
2.830205932259559631e-01 5.279750805348157883e-01 5.678702117875218391e-01 1.979035269469022751e-01 4.796171260066330433e+03
2.830205932259559631e-01 7.318519065156579018e-01 2.433052072301506996e-01 1.868473254144191742e-01 4.796171260066330433e+03
2.830205932259559631e-01 7.318519065156579018e-01 2.433052072301506996e-01 1.979035269469022751e-01 3.896520134992897511e+03
2.830205932259559631e-01 7.318519065156579018e-01 2.433052072301506996e-01 1.979035269469022751e-01 4.796171260066330433e+03
8.953635459765791893e-01 3.331390926614403725e-01 7.423424813896417618e-02 8.596115699037909508e-01 4.422558850608766079e+03
5.366236940026283264e-01 3.331390926614403725e-01 7.423424813896417618e-02 8.596115699037909508e-01 4.422558850608766079e+03
8.953635459765791893e-01 1.414933130145072937e-01 6.829983284696936607e-01 8.596115699037909508e-01 4.422558850608766079e+03
8.953635459765791893e-01 3.331390926614403725e-01 7.423424813896417618e-02 8.420906970277428627e-01 4.422558850608766079e+03
8.953635459765791893e-01 3.331390926614403725e-01 7.423424813896417618e-02 8.596115699037909508e-01 4.209089087788015604e+03
8.953635459765791893e-01 1.414933130145072937e-01 6.829983284696936607e-01 8.420906970277428627e-01 4.209089087788015604e+03
5.366236940026283264e-01 3.331390926614403725e-01 7.423424813896417618e-02 8.420906970277428627e-01 4.209089087788015604e+03
5.366236940026283264e-01 1.414933130145072937e-01 6.829983284696936607e-01 8.596115699037909508e-01 4.209089087788015604e+03
5.366236940026283264e-01 1.414933130145072937e-01 6.829983284696936607e-01 8.420906970277428627e-01 4.422558850608766079e+03
5.366236940026283264e-01 1.414933130145072937e-01 6.829983284696936607e-01 8.420906970277428627e-01 4.209089087788015604e+03
9.629516769200563431e-01 8.801959510892629623e-01 5.219711009413003922e-01 6.767326518893241882e-01 4.244832058437168598e+03
7.000346463173627853e-01 8.801959510892629623e-01 5.219711009413003922e-01 6.767326518893241882e-01 4.244832058437168598e+03
9.629516769200563431e-01 8.911245046183466911e-01 8.069196306169033051e-01 6.767326518893241882e-01 4.244832058437168598e+03
9.629516769200563431e-01 8.801959510892629623e-01 5.219711009413003922e-01 7.263155765831470490e-01 4.244832058437168598e+03
9.629516769200563431e-01 8.801959510892629623e-01 5.219711009413003922e-01 6.767326518893241882e-01 4.538226145785301924e+03
9.629516769200563431e-01 8.911245046183466911e-01 8.069196306169033051e-01 7.263155765831470490e-01 4.538226145785301924e+03
7.000346463173627853e-01 8.801959510892629623e-01 5.219711009413003922e-01 7.263155765831470490e-01 4.538226145785301924e+03
7.000346463173627853e-01 8.911245046183466911e-01 8.069196306169033051e-01 6.767326518893241882e-01 4.538226145785301924e+03
7.000346463173627853e-01 8.911245046183466911e-01 8.069196306169033051e-01 7.263155765831470490e-01 4.244832058437168598e+03
7.000346463173627853e-01 8.911245046183466911e-01 8.069196306169033051e-01 7.263155765831470490e-01 4.538226145785301924e+03
3.154117669910192490e-01 2.000313336029648781e-01 3.028970025479793549e-02 3.706799102947115898e-01 4.768750636838376522e+03
4.458214323967695236e-01 2.000313336029648781e-01 3.028970025479793549e-02 3.706799102947115898e-01 4.768750636838376522e+03
3.154117669910192490e-01 4.814909789711236954e-01 3.672477323561906815e-01 3.706799102947115898e-01 4.768750636838376522e+03
3.154117669910192490e-01 2.000313336029648781e-01 3.028970025479793549e-02 3.626307798549532890e-01 4.768750636838376522e+03
3.154117669910192490e-01 2.000313336029648781e-01 3.028970025479793549e-02 3.706799102947115898e-01 3.797182638198137283e+03
3.154117669910192490e-01 4.814909789711236954e-01 3.672477323561906815e-01 3.626307798549532890e-01 3.797182638198137283e+03
4.458214323967695236e-01 2.000313336029648781e-01 3.028970025479793549e-02 3.626307798549532890e-01 3.797182638198137283e+03
4.458214323967695236e-01 4.814909789711236954e-01 3.672477323561906815e-01 3.706799102947115898e-01 3.797182638198137283e+03
4.458214323967695236e-01 4.814909789711236954e-01 3.672477323561906815e-01 3.626307798549532890e-01 4.768750636838376522e+03
4.458214323967695236e-01 4.814909789711236954e-01 3.672477323561906815e-01 3.626307798549532890e-01 3.797182638198137283e+03
1.419248422607779503e-01 7.237048819661140442e-01 9.124217061325907707e-01 7.782178446650505066e-01 5.361349284183233976e+03
4.174793139100074768e-02 7.237048819661140442e-01 9.124217061325907707e-01 7.782178446650505066e-01 5.361349284183233976e+03
1.419248422607779503e-01 6.462390068918466568e-01 1.634095031768083572e-01 7.782178446650505066e-01 5.361349284183233976e+03
1.419248422607779503e-01 7.237048819661140442e-01 9.124217061325907707e-01 1.435286337509751320e-01 5.361349284183233976e+03
1.419248422607779503e-01 7.237048819661140442e-01 9.124217061325907707e-01 7.782178446650505066e-01 3.388986570760607719e+03
1.419248422607779503e-01 6.462390068918466568e-01 1.634095031768083572e-01 1.435286337509751320e-01 3.388986570760607719e+03
4.174793139100074768e-02 7.237048819661140442e-01 9.124217061325907707e-01 1.435286337509751320e-01 3.388986570760607719e+03
4.174793139100074768e-02 6.462390068918466568e-01 1.634095031768083572e-01 7.782178446650505066e-01 3.388986570760607719e+03
4.174793139100074768e-02 6.462390068918466568e-01 1.634095031768083572e-01 1.435286337509751320e-01 5.361349284183233976e+03
4.174793139100074768e-02 6.462390068918466568e-01 1.634095031768083572e-01 1.435286337509751320e-01 3.388986570760607719e+03
5.095212860032916069e-01 4.185407375916838646e-01 4.210594436153769493e-01 2.066031647846102715e-01 3.582709440495818853e+03
7.958352603018283844e-01 4.185407375916838646e-01 4.210594436153769493e-01 2.066031647846102715e-01 3.582709440495818853e+03
5.095212860032916069e-01 2.267709402367472649e-01 7.237023673951625824e-01 2.066031647846102715e-01 3.582709440495818853e+03
5.095212860032916069e-01 4.185407375916838646e-01 4.210594436153769493e-01 7.559321727603673935e-01 3.582709440495818853e+03
5.095212860032916069e-01 4.185407375916838646e-01 4.210594436153769493e-01 2.066031647846102715e-01 5.304345739539712667e+03
5.095212860032916069e-01 2.267709402367472649e-01 7.237023673951625824e-01 7.559321727603673935e-01 5.304345739539712667e+03
7.958352603018283844e-01 4.185407375916838646e-01 4.210594436153769493e-01 7.559321727603673935e-01 5.304345739539712667e+03
7.958352603018283844e-01 2.267709402367472649e-01 7.237023673951625824e-01 2.066031647846102715e-01 5.304345739539712667e+03
7.958352603018283844e-01 2.267709402367472649e-01 7.237023673951625824e-01 7.559321727603673935e-01 3.582709440495818853e+03
7.958352603018283844e-01 2.267709402367472649e-01 7.237023673951625824e-01 7.559321727603673935e-01 5.304345739539712667e+03
6.798555050045251846e-01 5.733893029391765594e-01 2.219596654176712036e-01 5.625193845480680466e-02 3.108300449792295694e+03
6.160192349925637245e-01 5.733893029391765594e-01 2.219596654176712036e-01 5.625193845480680466e-02 3.108300449792295694e+03
6.798555050045251846e-01 6.006873818114399910e-01 6.246891804039478302e-03 5.625193845480680466e-02 3.108300449792295694e+03
6.798555050045251846e-01 5.733893029391765594e-01 2.219596654176712036e-01 1.055344007909297943e-02 3.108300449792295694e+03
6.798555050045251846e-01 5.733893029391765594e-01 2.219596654176712036e-01 5.625193845480680466e-02 4.083293533883988857e+03
6.798555050045251846e-01 6.006873818114399910e-01 6.246891804039478302e-03 1.055344007909297943e-02 4.083293533883988857e+03
6.160192349925637245e-01 5.733893029391765594e-01 2.219596654176712036e-01 1.055344007909297943e-02 4.083293533883988857e+03
6.160192349925637245e-01 6.006873818114399910e-01 6.246891804039478302e-03 5.625193845480680466e-02 4.083293533883988857e+03
6.160192349925637245e-01 6.006873818114399910e-01 6.246891804039478302e-03 1.055344007909297943e-02 3.108300449792295694e+03
6.160192349925637245e-01 6.006873818114399910e-01 6.246891804039478302e-03 1.055344007909297943e-02 4.083293533883988857e+03
3.201018087565898895e-02 2.525692759081721306e-01 7.287090085446834564e-01 9.911537095904350281e-01 4.889083695132285357e+03
3.619278529658913612e-01 2.525692759081721306e-01 7.287090085446834564e-01 9.911537095904350281e-01 4.889083695132285357e+03
3.201018087565898895e-02 2.595374360680580139e-02 5.665416149422526360e-01 9.911537095904350281e-01 4.889083695132285357e+03
3.201018087565898895e-02 2.525692759081721306e-01 7.287090085446834564e-01 9.044369990006089211e-01 4.889083695132285357e+03
3.201018087565898895e-02 2.525692759081721306e-01 7.287090085446834564e-01 9.911537095904350281e-01 4.589961808640509844e+03
3.201018087565898895e-02 2.595374360680580139e-02 5.665416149422526360e-01 9.044369990006089211e-01 4.589961808640509844e+03
3.619278529658913612e-01 2.525692759081721306e-01 7.287090085446834564e-01 9.044369990006089211e-01 4.589961808640509844e+03
3.619278529658913612e-01 2.595374360680580139e-02 5.665416149422526360e-01 9.911537095904350281e-01 4.589961808640509844e+03
3.619278529658913612e-01 2.595374360680580139e-02 5.665416149422526360e-01 9.044369990006089211e-01 4.889083695132285357e+03
3.619278529658913612e-01 2.595374360680580139e-02 5.665416149422526360e-01 9.044369990006089211e-01 4.589961808640509844e+03
4.877041196450591087e-01 7.923827487975358963e-01 3.314478779211640358e-01 3.921141577884554863e-01 4.305039562284946442e+03
1.412645382806658745e-01 7.923827487975358963e-01 3.314478779211640358e-01 3.921141577884554863e-01 4.305039562284946442e+03
4.877041196450591087e-01 8.458549268543720245e-01 9.018264440819621086e-01 3.921141577884554863e-01 4.305039562284946442e+03
4.877041196450591087e-01 7.923827487975358963e-01 3.314478779211640358e-01 6.245457483455538750e-01 4.305039562284946442e+03
4.877041196450591087e-01 7.923827487975358963e-01 3.314478779211640358e-01 3.921141577884554863e-01 5.077456044498831034e+03
4.877041196450591087e-01 8.458549268543720245e-01 9.018264440819621086e-01 6.245457483455538750e-01 5.077456044498831034e+03
1.412645382806658745e-01 7.923827487975358963e-01 3.314478779211640358e-01 6.245457483455538750e-01 5.077456044498831034e+03
1.412645382806658745e-01 8.458549268543720245e-01 9.018264440819621086e-01 3.921141577884554863e-01 5.077456044498831034e+03
1.412645382806658745e-01 8.458549268543720245e-01 9.018264440819621086e-01 6.245457483455538750e-01 4.305039562284946442e+03
1.412645382806658745e-01 8.458549268543720245e-01 9.018264440819621086e-01 6.245457483455538750e-01 5.077456044498831034e+03
8.549956260249018669e-01 9.656321723014116287e-02 8.380003916099667549e-01 5.926999375224113464e-01 3.778996692970395088e+03
8.954741759225726128e-01 9.656321723014116287e-02 8.380003916099667549e-01 5.926999375224113464e-01 3.778996692970395088e+03
8.549956260249018669e-01 2.809400977566838264e-01 4.621526869013905525e-01 5.926999375224113464e-01 3.778996692970395088e+03
8.549956260249018669e-01 9.656321723014116287e-02 8.380003916099667549e-01 4.798692055046558380e-01 3.778996692970395088e+03
8.549956260249018669e-01 9.656321723014116287e-02 8.380003916099667549e-01 5.926999375224113464e-01 3.240221810527145863e+03
8.549956260249018669e-01 2.809400977566838264e-01 4.621526869013905525e-01 4.798692055046558380e-01 3.240221810527145863e+03
8.954741759225726128e-01 9.656321723014116287e-02 8.380003916099667549e-01 4.798692055046558380e-01 3.240221810527145863e+03
8.954741759225726128e-01 2.809400977566838264e-01 4.621526869013905525e-01 5.926999375224113464e-01 3.240221810527145863e+03
8.954741759225726128e-01 2.809400977566838264e-01 4.621526869013905525e-01 4.798692055046558380e-01 3.778996692970395088e+03
8.954741759225726128e-01 2.809400977566838264e-01 4.621526869013905525e-01 4.798692055046558380e-01 3.240221810527145863e+03
