0 {0: [29, 29, 25, 25, 29, 26, 27, 28, 27, 27, 25, 25, 26, 27, 25, 25, 26, 26, 26, 26, 26, 25, 25, 25, 25, 26, 24, 25, 25, 23, 26, 26, 26, 27, 27, 29, 25, 26, 22, 23, 22, 22, 23, 22, 22, 23, 22, 22, 22, 22, 22, 22, 22, 22, 23, 22, 22, 22, 22, 23, 25, 23, 22, 23, 25, 25, 27, 24, 23, 24, 24, 25, 26, 26, 23, 22, 22, 22, 20, 24, 23, 23, 25, 26, 27, 26, 27, 26, 24, 26, 24, 24, 24, 24, 25, 25, 28, 26, 28, 30], 1: [240, 242, 246, 246, 247, 251, 251, 251, 254, 257, 259, 264, 264, 264, 266, 267, 268, 269, 269, 273, 274, 275, 275, 275, 275, 279, 283, 283, 283, 287, 288, 289, 289, 290, 290, 291, 297, 298, 303, 303, 305, 305, 305, 307, 307, 307, 308, 308, 308, 308, 309, 310, 310, 310, 311, 312, 313, 313, 313, 314, 314, 318, 321, 321, 321, 321, 321, 326, 330, 331, 332, 333, 335, 337, 341, 343, 345, 346, 349, 349, 352, 352, 352, 352, 353, 356, 356, 361, 364, 365, 368, 369, 370, 371, 372, 374, 375, 379, 379, 379]}
1 {0: [29, 29, 25, 25, 29, 26, 27, 28, 27, 27, 25, 25, 26, 27, 25, 25, 26, 26, 26, 26, 26, 25, 25, 25, 25, 26, 24, 25, 25, 23, 26, 26, 26, 27, 27, 29, 25, 26, 22, 23, 22, 22, 23, 22, 22, 23, 22, 22, 22, 22, 22, 22, 22, 22, 23, 22, 22, 22, 22, 23, 25, 23, 22, 23, 25, 25, 27, 24, 23, 24, 24, 25, 26, 26, 23, 22, 22, 22, 20, 24, 23, 23, 25, 26, 27, 26, 27, 26, 24, 26, 24, 24, 24, 24, 25, 25, 28, 26, 28, 30], 1: [240, 242, 246, 246, 247, 251, 251, 251, 254, 257, 259, 264, 264, 264, 266, 267, 268, 269, 269, 273, 274, 275, 275, 275, 275, 279, 283, 283, 283, 287, 288, 289, 289, 290, 290, 291, 297, 298, 303, 303, 305, 305, 305, 307, 307, 307, 308, 308, 308, 308, 309, 310, 310, 310, 311, 312, 313, 313, 313, 314, 314, 318, 321, 321, 321, 321, 321, 326, 330, 331, 332, 333, 335, 337, 341, 343, 345, 346, 349, 349, 352, 352, 352, 352, 353, 356, 356, 361, 364, 365, 368, 369, 370, 371, 372, 374, 375, 379, 379, 379]}
2 {0: [29, 29, 25, 25, 29, 26, 27, 28, 27, 27, 25, 25, 26, 27, 25, 25, 26, 26, 26, 26, 26, 25, 25, 25, 25, 26, 24, 25, 25, 23, 26, 26, 26, 27, 27, 29, 25, 26, 22, 23, 22, 22, 23, 22, 22, 23, 22, 22, 22, 22, 22, 22, 22, 22, 23, 22, 22, 22, 22, 23, 25, 23, 22, 23, 25, 25, 27, 24, 23, 24, 24, 25, 26, 26, 23, 22, 22, 22, 20, 24, 23, 23, 25, 26, 27, 26, 27, 26, 24, 26, 24, 24, 24, 24, 25, 25, 28, 26, 28, 30], 1: [240, 242, 246, 246, 247, 251, 251, 251, 254, 257, 259, 264, 264, 264, 266, 267, 268, 269, 269, 273, 274, 275, 275, 275, 275, 279, 283, 283, 283, 287, 288, 289, 289, 290, 290, 291, 297, 298, 303, 303, 305, 305, 305, 307, 307, 307, 308, 308, 308, 308, 309, 310, 310, 310, 311, 312, 313, 313, 313, 314, 314, 318, 321, 321, 321, 321, 321, 326, 330, 331, 332, 333, 335, 337, 341, 343, 345, 346, 349, 349, 352, 352, 352, 352, 353, 356, 356, 361, 364, 365, 368, 369, 370, 371, 372, 374, 375, 379, 379, 379]}
3 {0: [29, 29, 25, 25, 29, 26, 27, 28, 27, 27, 25, 25, 26, 27, 25, 25, 26, 26, 26, 26, 26, 25, 25, 25, 25, 26, 24, 25, 25, 23, 26, 26, 26, 27, 27, 29, 25, 26, 22, 23, 22, 22, 23, 22, 22, 23, 22, 22, 22, 22, 22, 22, 22, 22, 23, 22, 22, 22, 22, 23, 25, 23, 22, 23, 25, 25, 27, 24, 23, 24, 24, 25, 26, 26, 23, 22, 22, 22, 20, 24, 23, 23, 25, 26, 27, 26, 27, 26, 24, 26, 24, 24, 24, 24, 25, 25, 28, 26, 28, 30], 1: [240, 242, 246, 246, 247, 251, 251, 251, 254, 257, 259, 264, 264, 264, 266, 267, 268, 269, 269, 273, 274, 275, 275, 275, 275, 279, 283, 283, 283, 287, 288, 289, 289, 290, 290, 291, 297, 298, 303, 303, 305, 305, 305, 307, 307, 307, 308, 308, 308, 308, 309, 310, 310, 310, 311, 312, 313, 313, 313, 314, 314, 318, 321, 321, 321, 321, 321, 326, 330, 331, 332, 333, 335, 337, 341, 343, 345, 346, 349, 349, 352, 352, 352, 352, 353, 356, 356, 361, 364, 365, 368, 369, 370, 371, 372, 374, 375, 379, 379, 379]}
4 {0: [29, 29, 25, 25, 29, 26, 27, 28, 27, 27, 25, 25, 26, 27, 25, 25, 26, 26, 26, 26, 26, 25, 25, 25, 25, 26, 24, 25, 25, 23, 26, 26, 26, 27, 27, 29, 25, 26, 22, 23, 22, 22, 23, 22, 22, 23, 22, 22, 22, 22, 22, 22, 22, 22, 23, 22, 22, 22, 22, 23, 25, 23, 22, 23, 25, 25, 27, 24, 23, 24, 24, 25, 26, 26, 23, 22, 22, 22, 20, 24, 23, 23, 25, 26, 27, 26, 27, 26, 24, 26, 24, 24, 24, 24, 25, 25, 28, 26, 28, 30], 1: [240, 242, 246, 246, 247, 251, 251, 251, 254, 257, 259, 264, 264, 264, 266, 267, 268, 269, 269, 273, 274, 275, 275, 275, 275, 279, 283, 283, 283, 287, 288, 289, 289, 290, 290, 291, 297, 298, 303, 303, 305, 305, 305, 307, 307, 307, 308, 308, 308, 308, 309, 310, 310, 310, 311, 312, 313, 313, 313, 314, 314, 318, 321, 321, 321, 321, 321, 326, 330, 331, 332, 333, 335, 337, 341, 343, 345, 346, 349, 349, 352, 352, 352, 352, 353, 356, 356, 361, 364, 365, 368, 369, 370, 371, 372, 374, 375, 379, 379, 379]}
250 {0: [29, 29, 25, 25, 29, 26, 27, 28, 27, 27, 25, 25, 26, 27, 25, 25, 26, 26, 26, 26, 26, 25, 25, 25, 25, 26, 24, 25, 25, 23, 26, 26, 26, 27, 27, 29, 25, 26, 22, 23, 22, 22, 23, 22, 22, 23, 22, 22, 22, 22, 22, 22, 22, 22, 23, 22, 22, 22, 22, 23, 25, 23, 22, 23, 25, 25, 27, 24, 23, 24, 24, 25, 26, 26, 23, 22, 22, 22, 20, 24, 23, 23, 25, 26, 27, 26, 27, 26, 24, 26, 24, 24, 24, 24, 25, 25, 28, 26, 28, 30], 1: [240, 242, 246, 246, 247, 251, 251, 251, 254, 257, 259, 264, 264, 264, 266, 267, 268, 269, 269, 273, 274, 275, 275, 275, 275, 279, 283, 283, 283, 287, 288, 289, 289, 290, 290, 291, 297, 298, 303, 303, 305, 305, 305, 307, 307, 307, 308, 308, 308, 308, 309, 310, 310, 310, 311, 312, 313, 313, 313, 314, 314, 318, 321, 321, 321, 321, 321, 326, 330, 331, 332, 333, 335, 337, 341, 343, 345, 346, 349, 349, 352, 352, 352, 352, 353, 356, 356, 361, 364, 365, 368, 369, 370, 371, 372, 374, 375, 379, 379, 379]}
5 {0: [29, 29, 25, 25, 29, 26, 27, 28, 27, 27, 25, 25, 26, 27, 25, 25, 26, 26, 26, 26, 26, 25, 25, 25, 25, 26, 24, 25, 25, 23, 26, 26, 26, 27, 27, 29, 25, 26, 22, 23, 22, 22, 23, 22, 22, 23, 22, 22, 22, 22, 22, 22, 22, 22, 23, 22, 22, 22, 22, 23, 25, 23, 22, 23, 25, 25, 27, 24, 23, 24, 24, 25, 26, 26, 23, 22, 22, 22, 20, 24, 23, 23, 25, 26, 27, 26, 27, 26, 24, 26, 24, 24, 24, 24, 25, 25, 28, 26, 28, 30], 1: [240, 242, 246, 246, 247, 251, 251, 251, 254, 257, 259, 264, 264, 264, 266, 267, 268, 269, 269, 273, 274, 275, 275, 275, 275, 279, 283, 283, 283, 287, 288, 289, 289, 290, 290, 291, 297, 298, 303, 303, 305, 305, 305, 307, 307, 307, 308, 308, 308, 308, 309, 310, 310, 310, 311, 312, 313, 313, 313, 314, 314, 318, 321, 321, 321, 321, 321, 326, 330, 331, 332, 333, 335, 337, 341, 343, 345, 346, 349, 349, 352, 352, 352, 352, 353, 356, 356, 361, 364, 365, 368, 369, 370, 371, 372, 374, 375, 379, 379, 379]}
251 {0: [29, 29, 25, 25, 29, 26, 27, 28, 27, 27, 25, 25, 26, 27, 25, 25, 26, 26, 26, 26, 26, 25, 25, 25, 25, 26, 24, 25, 25, 23, 26, 26, 26, 27, 27, 29, 25, 26, 22, 23, 22, 22, 23, 22, 22, 23, 22, 22, 22, 22, 22, 22, 22, 22, 23, 22, 22, 22, 22, 23, 25, 23, 22, 23, 25, 25, 27, 24, 23, 24, 24, 25, 26, 26, 23, 22, 22, 22, 20, 24, 23, 23, 25, 26, 27, 26, 27, 26, 24, 26, 24, 24, 24, 24, 25, 25, 28, 26, 28, 30], 1: [240, 242, 246, 246, 247, 251, 251, 251, 254, 257, 259, 264, 264, 264, 266, 267, 268, 269, 269, 273, 274, 275, 275, 275, 275, 279, 283, 283, 283, 287, 288, 289, 289, 290, 290, 291, 297, 298, 303, 303, 305, 305, 305, 307, 307, 307, 308, 308, 308, 308, 309, 310, 310, 310, 311, 312, 313, 313, 313, 314, 314, 318, 321, 321, 321, 321, 321, 326, 330, 331, 332, 333, 335, 337, 341, 343, 345, 346, 349, 349, 352, 352, 352, 352, 353, 356, 356, 361, 364, 365, 368, 369, 370, 371, 372, 374, 375, 379, 379, 379]}
500 {0: [29, 29, 25, 25, 29, 26, 27, 28, 27, 27, 25, 25, 26, 27, 25, 25, 26, 26, 26, 26, 26, 25, 25, 25, 25, 26, 24, 25, 25, 23, 26, 26, 26, 27, 27, 29, 25, 26, 22, 23, 22, 22, 23, 22, 22, 23, 22, 22, 22, 22, 22, 22, 22, 22, 23, 22, 22, 22, 22, 23, 25, 23, 22, 23, 25, 25, 27, 24, 23, 24, 24, 25, 26, 26, 23, 22, 22, 22, 20, 24, 23, 23, 25, 26, 27, 26, 27, 26, 24, 26, 24, 24, 24, 24, 25, 25, 28, 26, 28, 30], 1: [240, 242, 246, 246, 247, 251, 251, 251, 254, 257, 259, 264, 264, 264, 266, 267, 268, 269, 269, 273, 274, 275, 275, 275, 275, 279, 283, 283, 283, 287, 288, 289, 289, 290, 290, 291, 297, 298, 303, 303, 305, 305, 305, 307, 307, 307, 308, 308, 308, 308, 309, 310, 310, 310, 311, 312, 313, 313, 313, 314, 314, 318, 321, 321, 321, 321, 321, 326, 330, 331, 332, 333, 335, 337, 341, 343, 345, 346, 349, 349, 352, 352, 352, 352, 353, 356, 356, 361, 364, 365, 368, 369, 370, 371, 372, 374, 375, 379, 379, 379]}
6 {0: [29, 29, 25, 25, 29, 26, 27, 28, 27, 27, 25, 25, 26, 27, 25, 25, 26, 26, 26, 26, 26, 25, 25, 25, 25, 26, 24, 25, 25, 23, 26, 26, 26, 27, 27, 29, 25, 26, 22, 23, 22, 22, 23, 22, 22, 23, 22, 22, 22, 22, 22, 22, 22, 22, 23, 22, 22, 22, 22, 23, 25, 23, 22, 23, 25, 25, 27, 24, 23, 24, 24, 25, 26, 26, 23, 22, 22, 22, 20, 24, 23, 23, 25, 26, 27, 26, 27, 26, 24, 26, 24, 24, 24, 24, 25, 25, 28, 26, 28, 30], 1: [240, 242, 246, 246, 247, 251, 251, 251, 254, 257, 259, 264, 264, 264, 266, 267, 268, 269, 269, 273, 274, 275, 275, 275, 275, 279, 283, 283, 283, 287, 288, 289, 289, 290, 290, 291, 297, 298, 303, 303, 305, 305, 305, 307, 307, 307, 308, 308, 308, 308, 309, 310, 310, 310, 311, 312, 313, 313, 313, 314, 314, 318, 321, 321, 321, 321, 321, 326, 330, 331, 332, 333, 335, 337, 341, 343, 345, 346, 349, 349, 352, 352, 352, 352, 353, 356, 356, 361, 364, 365, 368, 369, 370, 371, 372, 374, 375, 379, 379, 379]}
252 {0: [29, 29, 25, 25, 29, 26, 27, 28, 27, 27, 25, 25, 26, 27, 25, 25, 26, 26, 26, 26, 26, 25, 25, 25, 25, 26, 24, 25, 25, 23, 26, 26, 26, 27, 27, 29, 25, 26, 22, 23, 22, 22, 23, 22, 22, 23, 22, 22, 22, 22, 22, 22, 22, 22, 23, 22, 22, 22, 22, 23, 25, 23, 22, 23, 25, 25, 27, 24, 23, 24, 24, 25, 26, 26, 23, 22, 22, 22, 20, 24, 23, 23, 25, 26, 27, 26, 27, 26, 24, 26, 24, 24, 24, 24, 25, 25, 28, 26, 28, 30], 1: [240, 242, 246, 246, 247, 251, 251, 251, 254, 257, 259, 264, 264, 264, 266, 267, 268, 269, 269, 273, 274, 275, 275, 275, 275, 279, 283, 283, 283, 287, 288, 289, 289, 290, 290, 291, 297, 298, 303, 303, 305, 305, 305, 307, 307, 307, 308, 308, 308, 308, 309, 310, 310, 310, 311, 312, 313, 313, 313, 314, 314, 318, 321, 321, 321, 321, 321, 326, 330, 331, 332, 333, 335, 337, 341, 343, 345, 346, 349, 349, 352, 352, 352, 352, 353, 356, 356, 361, 364, 365, 368, 369, 370, 371, 372, 374, 375, 379, 379, 379]}
501 {0: [29, 29, 25, 25, 29, 26, 27, 28, 27, 27, 25, 25, 26, 27, 25, 25, 26, 26, 26, 26, 26, 25, 25, 25, 25, 26, 24, 25, 25, 23, 26, 26, 26, 27, 27, 29, 25, 26, 22, 23, 22, 22, 23, 22, 22, 23, 22, 22, 22, 22, 22, 22, 22, 22, 23, 22, 22, 22, 22, 23, 25, 23, 22, 23, 25, 25, 27, 24, 23, 24, 24, 25, 26, 26, 23, 22, 22, 22, 20, 24, 23, 23, 25, 26, 27, 26, 27, 26, 24, 26, 24, 24, 24, 24, 25, 25, 28, 26, 28, 30], 1: [240, 242, 246, 246, 247, 251, 251, 251, 254, 257, 259, 264, 264, 264, 266, 267, 268, 269, 269, 273, 274, 275, 275, 275, 275, 279, 283, 283, 283, 287, 288, 289, 289, 290, 290, 291, 297, 298, 303, 303, 305, 305, 305, 307, 307, 307, 308, 308, 308, 308, 309, 310, 310, 310, 311, 312, 313, 313, 313, 314, 314, 318, 321, 321, 321, 321, 321, 326, 330, 331, 332, 333, 335, 337, 341, 343, 345, 346, 349, 349, 352, 352, 352, 352, 353, 356, 356, 361, 364, 365, 368, 369, 370, 371, 372, 374, 375, 379, 379, 379]}
253 {0: [29, 29, 25, 25, 29, 26, 27, 28, 27, 27, 25, 25, 26, 27, 25, 25, 26, 26, 26, 26, 26, 25, 25, 25, 25, 26, 24, 25, 25, 23, 26, 26, 26, 27, 27, 29, 25, 26, 22, 23, 22, 22, 23, 22, 22, 23, 22, 22, 22, 22, 22, 22, 22, 22, 23, 22, 22, 22, 22, 23, 25, 23, 22, 23, 25, 25, 27, 24, 23, 24, 24, 25, 26, 26, 23, 22, 22, 22, 20, 24, 23, 23, 25, 26, 27, 26, 27, 26, 24, 26, 24, 24, 24, 24, 25, 25, 28, 26, 28, 30], 1: [240, 242, 246, 246, 247, 251, 251, 251, 254, 257, 259, 264, 264, 264, 266, 267, 268, 269, 269, 273, 274, 275, 275, 275, 275, 279, 283, 283, 283, 287, 288, 289, 289, 290, 290, 291, 297, 298, 303, 303, 305, 305, 305, 307, 307, 307, 308, 308, 308, 308, 309, 310, 310, 310, 311, 312, 313, 313, 313, 314, 314, 318, 321, 321, 321, 321, 321, 326, 330, 331, 332, 333, 335, 337, 341, 343, 345, 346, 349, 349, 352, 352, 352, 352, 353, 356, 356, 361, 364, 365, 368, 369, 370, 371, 372, 374, 375, 379, 379, 379]}
7 {0: [29, 29, 25, 25, 29, 26, 27, 28, 27, 27, 25, 25, 26, 27, 25, 25, 26, 26, 26, 26, 26, 25, 25, 25, 25, 26, 24, 25, 25, 23, 26, 26, 26, 27, 27, 29, 25, 26, 22, 23, 22, 22, 23, 22, 22, 23, 22, 22, 22, 22, 22, 22, 22, 22, 23, 22, 22, 22, 22, 23, 25, 23, 22, 23, 25, 25, 27, 24, 23, 24, 24, 25, 26, 26, 23, 22, 22, 22, 20, 24, 23, 23, 25, 26, 27, 26, 27, 26, 24, 26, 24, 24, 24, 24, 25, 25, 28, 26, 28, 30], 1: [240, 242, 246, 246, 247, 251, 251, 251, 254, 257, 259, 264, 264, 264, 266, 267, 268, 269, 269, 273, 274, 275, 275, 275, 275, 279, 283, 283, 283, 287, 288, 289, 289, 290, 290, 291, 297, 298, 303, 303, 305, 305, 305, 307, 307, 307, 308, 308, 308, 308, 309, 310, 310, 310, 311, 312, 313, 313, 313, 314, 314, 318, 321, 321, 321, 321, 321, 326, 330, 331, 332, 333, 335, 337, 341, 343, 345, 346, 349, 349, 352, 352, 352, 352, 353, 356, 356, 361, 364, 365, 368, 369, 370, 371, 372, 374, 375, 379, 379, 379]}
502 {0: [29, 29, 25, 25, 29, 26, 27, 28, 27, 27, 25, 25, 26, 27, 25, 25, 26, 26, 26, 26, 26, 25, 25, 25, 25, 26, 24, 25, 25, 23, 26, 26, 26, 27, 27, 29, 25, 26, 22, 23, 22, 22, 23, 22, 22, 23, 22, 22, 22, 22, 22, 22, 22, 22, 23, 22, 22, 22, 22, 23, 25, 23, 22, 23, 25, 25, 27, 24, 23, 24, 24, 25, 26, 26, 23, 22, 22, 22, 20, 24, 23, 23, 25, 26, 27, 26, 27, 26, 24, 26, 24, 24, 24, 24, 25, 25, 28, 26, 28, 30], 1: [240, 242, 246, 246, 247, 251, 251, 251, 254, 257, 259, 264, 264, 264, 266, 267, 268, 269, 269, 273, 274, 275, 275, 275, 275, 279, 283, 283, 283, 287, 288, 289, 289, 290, 290, 291, 297, 298, 303, 303, 305, 305, 305, 307, 307, 307, 308, 308, 308, 308, 309, 310, 310, 310, 311, 312, 313, 313, 313, 314, 314, 318, 321, 321, 321, 321, 321, 326, 330, 331, 332, 333, 335, 337, 341, 343, 345, 346, 349, 349, 352, 352, 352, 352, 353, 356, 356, 361, 364, 365, 368, 369, 370, 371, 372, 374, 375, 379, 379, 379]}
254 {0: [29, 29, 25, 25, 29, 26, 27, 28, 27, 27, 25, 25, 26, 27, 25, 25, 26, 26, 26, 26, 26, 25, 25, 25, 25, 26, 24, 25, 25, 23, 26, 26, 26, 27, 27, 29, 25, 26, 22, 23, 22, 22, 23, 22, 22, 23, 22, 22, 22, 22, 22, 22, 22, 22, 23, 22, 22, 22, 22, 23, 25, 23, 22, 23, 25, 25, 27, 24, 23, 24, 24, 25, 26, 26, 23, 22, 22, 22, 20, 24, 23, 23, 25, 26, 27, 26, 27, 26, 24, 26, 24, 24, 24, 24, 25, 25, 28, 26, 28, 30], 1: [240, 242, 246, 246, 247, 251, 251, 251, 254, 257, 259, 264, 264, 264, 266, 267, 268, 269, 269, 273, 274, 275, 275, 275, 275, 279, 283, 283, 283, 287, 288, 289, 289, 290, 290, 291, 297, 298, 303, 303, 305, 305, 305, 307, 307, 307, 308, 308, 308, 308, 309, 310, 310, 310, 311, 312, 313, 313, 313, 314, 314, 318, 321, 321, 321, 321, 321, 326, 330, 331, 332, 333, 335, 337, 341, 343, 345, 346, 349, 349, 352, 352, 352, 352, 353, 356, 356, 361, 364, 365, 368, 369, 370, 371, 372, 374, 375, 379, 379, 379]}
8 {0: [29, 29, 25, 25, 29, 26, 27, 28, 27, 27, 25, 25, 26, 27, 25, 25, 26, 26, 26, 26, 26, 25, 25, 25, 25, 26, 24, 25, 25, 23, 26, 26, 26, 27, 27, 29, 25, 26, 22, 23, 22, 22, 23, 22, 22, 23, 22, 22, 22, 22, 22, 22, 22, 22, 23, 22, 22, 22, 22, 23, 25, 23, 22, 23, 25, 25, 27, 24, 23, 24, 24, 25, 26, 26, 23, 22, 22, 22, 20, 24, 23, 23, 25, 26, 27, 26, 27, 26, 24, 26, 24, 24, 24, 24, 25, 25, 28, 26, 28, 30], 1: [240, 242, 246, 246, 247, 251, 251, 251, 254, 257, 259, 264, 264, 264, 266, 267, 268, 269, 269, 273, 274, 275, 275, 275, 275, 279, 283, 283, 283, 287, 288, 289, 289, 290, 290, 291, 297, 298, 303, 303, 305, 305, 305, 307, 307, 307, 308, 308, 308, 308, 309, 310, 310, 310, 311, 312, 313, 313, 313, 314, 314, 318, 321, 321, 321, 321, 321, 326, 330, 331, 332, 333, 335, 337, 341, 343, 345, 346, 349, 349, 352, 352, 352, 352, 353, 356, 356, 361, 364, 365, 368, 369, 370, 371, 372, 374, 375, 379, 379, 379]}
503 {0: [29, 29, 25, 25, 29, 26, 27, 28, 27, 27, 25, 25, 26, 27, 25, 25, 26, 26, 26, 26, 26, 25, 25, 25, 25, 26, 24, 25, 25, 23, 26, 26, 26, 27, 27, 29, 25, 26, 22, 23, 22, 22, 23, 22, 22, 23, 22, 22, 22, 22, 22, 22, 22, 22, 23, 22, 22, 22, 22, 23, 25, 23, 22, 23, 25, 25, 27, 24, 23, 24, 24, 25, 26, 26, 23, 22, 22, 22, 20, 24, 23, 23, 25, 26, 27, 26, 27, 26, 24, 26, 24, 24, 24, 24, 25, 25, 28, 26, 28, 30], 1: [240, 242, 246, 246, 247, 251, 251, 251, 254, 257, 259, 264, 264, 264, 266, 267, 268, 269, 269, 273, 274, 275, 275, 275, 275, 279, 283, 283, 283, 287, 288, 289, 289, 290, 290, 291, 297, 298, 303, 303, 305, 305, 305, 307, 307, 307, 308, 308, 308, 308, 309, 310, 310, 310, 311, 312, 313, 313, 313, 314, 314, 318, 321, 321, 321, 321, 321, 326, 330, 331, 332, 333, 335, 337, 341, 343, 345, 346, 349, 349, 352, 352, 352, 352, 353, 356, 356, 361, 364, 365, 368, 369, 370, 371, 372, 374, 375, 379, 379, 379]}
255 {0: [29, 29, 25, 25, 29, 26, 27, 28, 27, 27, 25, 25, 26, 27, 25, 25, 26, 26, 26, 26, 26, 25, 25, 25, 25, 26, 24, 25, 25, 23, 26, 26, 26, 27, 27, 29, 25, 26, 22, 23, 22, 22, 23, 22, 22, 23, 22, 22, 22, 22, 22, 22, 22, 22, 23, 22, 22, 22, 22, 23, 25, 23, 22, 23, 25, 25, 27, 24, 23, 24, 24, 25, 26, 26, 23, 22, 22, 22, 20, 24, 23, 23, 25, 26, 27, 26, 27, 26, 24, 26, 24, 24, 24, 24, 25, 25, 28, 26, 28, 30], 1: [240, 242, 246, 246, 247, 251, 251, 251, 254, 257, 259, 264, 264, 264, 266, 267, 268, 269, 269, 273, 274, 275, 275, 275, 275, 279, 283, 283, 283, 287, 288, 289, 289, 290, 290, 291, 297, 298, 303, 303, 305, 305, 305, 307, 307, 307, 308, 308, 308, 308, 309, 310, 310, 310, 311, 312, 313, 313, 313, 314, 314, 318, 321, 321, 321, 321, 321, 326, 330, 331, 332, 333, 335, 337, 341, 343, 345, 346, 349, 349, 352, 352, 352, 352, 353, 356, 356, 361, 364, 365, 368, 369, 370, 371, 372, 374, 375, 379, 379, 379]}
9 {0: [29, 29, 25, 25, 29, 26, 27, 28, 27, 27, 25, 25, 26, 27, 25, 25, 26, 26, 26, 26, 26, 25, 25, 25, 25, 26, 24, 25, 25, 23, 26, 26, 26, 27, 27, 29, 25, 26, 22, 23, 22, 22, 23, 22, 22, 23, 22, 22, 22, 22, 22, 22, 22, 22, 23, 22, 22, 22, 22, 23, 25, 23, 22, 23, 25, 25, 27, 24, 23, 24, 24, 25, 26, 26, 23, 22, 22, 22, 20, 24, 23, 23, 25, 26, 27, 26, 27, 26, 24, 26, 24, 24, 24, 24, 25, 25, 28, 26, 28, 30], 1: [240, 242, 246, 246, 247, 251, 251, 251, 254, 257, 259, 264, 264, 264, 266, 267, 268, 269, 269, 273, 274, 275, 275, 275, 275, 279, 283, 283, 283, 287, 288, 289, 289, 290, 290, 291, 297, 298, 303, 303, 305, 305, 305, 307, 307, 307, 308, 308, 308, 308, 309, 310, 310, 310, 311, 312, 313, 313, 313, 314, 314, 318, 321, 321, 321, 321, 321, 326, 330, 331, 332, 333, 335, 337, 341, 343, 345, 346, 349, 349, 352, 352, 352, 352, 353, 356, 356, 361, 364, 365, 368, 369, 370, 371, 372, 374, 375, 379, 379, 379]}
504 {0: [29, 29, 25, 25, 29, 26, 27, 28, 27, 27, 25, 25, 26, 27, 25, 25, 26, 26, 26, 26, 26, 25, 25, 25, 25, 26, 24, 25, 25, 23, 26, 26, 26, 27, 27, 29, 25, 26, 22, 23, 22, 22, 23, 22, 22, 23, 22, 22, 22, 22, 22, 22, 22, 22, 23, 22, 22, 22, 22, 23, 25, 23, 22, 23, 25, 25, 27, 24, 23, 24, 24, 25, 26, 26, 23, 22, 22, 22, 20, 24, 23, 23, 25, 26, 27, 26, 27, 26, 24, 26, 24, 24, 24, 24, 25, 25, 28, 26, 28, 30], 1: [240, 242, 246, 246, 247, 251, 251, 251, 254, 257, 259, 264, 264, 264, 266, 267, 268, 269, 269, 273, 274, 275, 275, 275, 275, 279, 283, 283, 283, 287, 288, 289, 289, 290, 290, 291, 297, 298, 303, 303, 305, 305, 305, 307, 307, 307, 308, 308, 308, 308, 309, 310, 310, 310, 311, 312, 313, 313, 313, 314, 314, 318, 321, 321, 321, 321, 321, 326, 330, 331, 332, 333, 335, 337, 341, 343, 345, 346, 349, 349, 352, 352, 352, 352, 353, 356, 356, 361, 364, 365, 368, 369, 370, 371, 372, 374, 375, 379, 379, 379]}
256 {0: [29, 29, 25, 25, 29, 26, 27, 28, 27, 27, 25, 25, 26, 27, 25, 25, 26, 26, 26, 26, 26, 25, 25, 25, 25, 26, 24, 25, 25, 23, 26, 26, 26, 27, 27, 29, 25, 26, 22, 23, 22, 22, 23, 22, 22, 23, 22, 22, 22, 22, 22, 22, 22, 22, 23, 22, 22, 22, 22, 23, 25, 23, 22, 23, 25, 25, 27, 24, 23, 24, 24, 25, 26, 26, 23, 22, 22, 22, 20, 24, 23, 23, 25, 26, 27, 26, 27, 26, 24, 26, 24, 24, 24, 24, 25, 25, 28, 26, 28, 30], 1: [240, 242, 246, 246, 247, 251, 251, 251, 254, 257, 259, 264, 264, 264, 266, 267, 268, 269, 269, 273, 274, 275, 275, 275, 275, 279, 283, 283, 283, 287, 288, 289, 289, 290, 290, 291, 297, 298, 303, 303, 305, 305, 305, 307, 307, 307, 308, 308, 308, 308, 309, 310, 310, 310, 311, 312, 313, 313, 313, 314, 314, 318, 321, 321, 321, 321, 321, 326, 330, 331, 332, 333, 335, 337, 341, 343, 345, 346, 349, 349, 352, 352, 352, 352, 353, 356, 356, 361, 364, 365, 368, 369, 370, 371, 372, 374, 375, 379, 379, 379]}
10 {0: [29, 29, 25, 25, 29, 26, 27, 28, 27, 27, 25, 25, 26, 27, 25, 25, 26, 26, 26, 26, 26, 25, 25, 25, 25, 26, 24, 25, 25, 23, 26, 26, 26, 27, 27, 29, 25, 26, 22, 23, 22, 22, 23, 22, 22, 23, 22, 22, 22, 22, 22, 22, 22, 22, 23, 22, 22, 22, 22, 23, 25, 23, 22, 23, 25, 25, 27, 24, 23, 24, 24, 25, 26, 26, 23, 22, 22, 22, 20, 24, 23, 23, 25, 26, 27, 26, 27, 26, 24, 26, 24, 24, 24, 24, 25, 25, 28, 26, 28, 30], 1: [240, 242, 246, 246, 247, 251, 251, 251, 254, 257, 259, 264, 264, 264, 266, 267, 268, 269, 269, 273, 274, 275, 275, 275, 275, 279, 283, 283, 283, 287, 288, 289, 289, 290, 290, 291, 297, 298, 303, 303, 305, 305, 305, 307, 307, 307, 308, 308, 308, 308, 309, 310, 310, 310, 311, 312, 313, 313, 313, 314, 314, 318, 321, 321, 321, 321, 321, 326, 330, 331, 332, 333, 335, 337, 341, 343, 345, 346, 349, 349, 352, 352, 352, 352, 353, 356, 356, 361, 364, 365, 368, 369, 370, 371, 372, 374, 375, 379, 379, 379]}
505 {0: [29, 29, 25, 25, 29, 26, 27, 28, 27, 27, 25, 25, 26, 27, 25, 25, 26, 26, 26, 26, 26, 25, 25, 25, 25, 26, 24, 25, 25, 23, 26, 26, 26, 27, 27, 29, 25, 26, 22, 23, 22, 22, 23, 22, 22, 23, 22, 22, 22, 22, 22, 22, 22, 22, 23, 22, 22, 22, 22, 23, 25, 23, 22, 23, 25, 25, 27, 24, 23, 24, 24, 25, 26, 26, 23, 22, 22, 22, 20, 24, 23, 23, 25, 26, 27, 26, 27, 26, 24, 26, 24, 24, 24, 24, 25, 25, 28, 26, 28, 30], 1: [240, 242, 246, 246, 247, 251, 251, 251, 254, 257, 259, 264, 264, 264, 266, 267, 268, 269, 269, 273, 274, 275, 275, 275, 275, 279, 283, 283, 283, 287, 288, 289, 289, 290, 290, 291, 297, 298, 303, 303, 305, 305, 305, 307, 307, 307, 308, 308, 308, 308, 309, 310, 310, 310, 311, 312, 313, 313, 313, 314, 314, 318, 321, 321, 321, 321, 321, 326, 330, 331, 332, 333, 335, 337, 341, 343, 345, 346, 349, 349, 352, 352, 352, 352, 353, 356, 356, 361, 364, 365, 368, 369, 370, 371, 372, 374, 375, 379, 379, 379]}
257 {0: [29, 29, 25, 25, 29, 26, 27, 28, 27, 27, 25, 25, 26, 27, 25, 25, 26, 26, 26, 26, 26, 25, 25, 25, 25, 26, 24, 25, 25, 23, 26, 26, 26, 27, 27, 29, 25, 26, 22, 23, 22, 22, 23, 22, 22, 23, 22, 22, 22, 22, 22, 22, 22, 22, 23, 22, 22, 22, 22, 23, 25, 23, 22, 23, 25, 25, 27, 24, 23, 24, 24, 25, 26, 26, 23, 22, 22, 22, 20, 24, 23, 23, 25, 26, 27, 26, 27, 26, 24, 26, 24, 24, 24, 24, 25, 25, 28, 26, 28, 30], 1: [240, 242, 246, 246, 247, 251, 251, 251, 254, 257, 259, 264, 264, 264, 266, 267, 268, 269, 269, 273, 274, 275, 275, 275, 275, 279, 283, 283, 283, 287, 288, 289, 289, 290, 290, 291, 297, 298, 303, 303, 305, 305, 305, 307, 307, 307, 308, 308, 308, 308, 309, 310, 310, 310, 311, 312, 313, 313, 313, 314, 314, 318, 321, 321, 321, 321, 321, 326, 330, 331, 332, 333, 335, 337, 341, 343, 345, 346, 349, 349, 352, 352, 352, 352, 353, 356, 356, 361, 364, 365, 368, 369, 370, 371, 372, 374, 375, 379, 379, 379]}
11 {0: [29, 29, 25, 25, 29, 26, 27, 28, 27, 27, 25, 25, 26, 27, 25, 25, 26, 26, 26, 26, 26, 25, 25, 25, 25, 26, 24, 25, 25, 23, 26, 26, 26, 27, 27, 29, 25, 26, 22, 23, 22, 22, 23, 22, 22, 23, 22, 22, 22, 22, 22, 22, 22, 22, 23, 22, 22, 22, 22, 23, 25, 23, 22, 23, 25, 25, 27, 24, 23, 24, 24, 25, 26, 26, 23, 22, 22, 22, 20, 24, 23, 23, 25, 26, 27, 26, 27, 26, 24, 26, 24, 24, 24, 24, 25, 25, 28, 26, 28, 30], 1: [240, 242, 246, 246, 247, 251, 251, 251, 254, 257, 259, 264, 264, 264, 266, 267, 268, 269, 269, 273, 274, 275, 275, 275, 275, 279, 283, 283, 283, 287, 288, 289, 289, 290, 290, 291, 297, 298, 303, 303, 305, 305, 305, 307, 307, 307, 308, 308, 308, 308, 309, 310, 310, 310, 311, 312, 313, 313, 313, 314, 314, 318, 321, 321, 321, 321, 321, 326, 330, 331, 332, 333, 335, 337, 341, 343, 345, 346, 349, 349, 352, 352, 352, 352, 353, 356, 356, 361, 364, 365, 368, 369, 370, 371, 372, 374, 375, 379, 379, 379]}
506 {0: [29, 29, 25, 25, 29, 26, 27, 28, 27, 27, 25, 25, 26, 27, 25, 25, 26, 26, 26, 26, 26, 25, 25, 25, 25, 26, 24, 25, 25, 23, 26, 26, 26, 27, 27, 29, 25, 26, 22, 23, 22, 22, 23, 22, 22, 23, 22, 22, 22, 22, 22, 22, 22, 22, 23, 22, 22, 22, 22, 23, 25, 23, 22, 23, 25, 25, 27, 24, 23, 24, 24, 25, 26, 26, 23, 22, 22, 22, 20, 24, 23, 23, 25, 26, 27, 26, 27, 26, 24, 26, 24, 24, 24, 24, 25, 25, 28, 26, 28, 30], 1: [240, 242, 246, 246, 247, 251, 251, 251, 254, 257, 259, 264, 264, 264, 266, 267, 268, 269, 269, 273, 274, 275, 275, 275, 275, 279, 283, 283, 283, 287, 288, 289, 289, 290, 290, 291, 297, 298, 303, 303, 305, 305, 305, 307, 307, 307, 308, 308, 308, 308, 309, 310, 310, 310, 311, 312, 313, 313, 313, 314, 314, 318, 321, 321, 321, 321, 321, 326, 330, 331, 332, 333, 335, 337, 341, 343, 345, 346, 349, 349, 352, 352, 352, 352, 353, 356, 356, 361, 364, 365, 368, 369, 370, 371, 372, 374, 375, 379, 379, 379]}
258 {0: [29, 29, 25, 25, 29, 26, 27, 28, 27, 27, 25, 25, 26, 27, 25, 25, 26, 26, 26, 26, 26, 25, 25, 25, 25, 26, 24, 25, 25, 23, 26, 26, 26, 27, 27, 29, 25, 26, 22, 23, 22, 22, 23, 22, 22, 23, 22, 22, 22, 22, 22, 22, 22, 22, 23, 22, 22, 22, 22, 23, 25, 23, 22, 23, 25, 25, 27, 24, 23, 24, 24, 25, 26, 26, 23, 22, 22, 22, 20, 24, 23, 23, 25, 26, 27, 26, 27, 26, 24, 26, 24, 24, 24, 24, 25, 25, 28, 26, 28, 30], 1: [240, 242, 246, 246, 247, 251, 251, 251, 254, 257, 259, 264, 264, 264, 266, 267, 268, 269, 269, 273, 274, 275, 275, 275, 275, 279, 283, 283, 283, 287, 288, 289, 289, 290, 290, 291, 297, 298, 303, 303, 305, 305, 305, 307, 307, 307, 308, 308, 308, 308, 309, 310, 310, 310, 311, 312, 313, 313, 313, 314, 314, 318, 321, 321, 321, 321, 321, 326, 330, 331, 332, 333, 335, 337, 341, 343, 345, 346, 349, 349, 352, 352, 352, 352, 353, 356, 356, 361, 364, 365, 368, 369, 370, 371, 372, 374, 375, 379, 379, 379]}
12 {0: [29, 29, 25, 25, 29, 26, 27, 28, 27, 27, 25, 25, 26, 27, 25, 25, 26, 26, 26, 26, 26, 25, 25, 25, 25, 26, 24, 25, 25, 23, 26, 26, 26, 27, 27, 29, 25, 26, 22, 23, 22, 22, 23, 22, 22, 23, 22, 22, 22, 22, 22, 22, 22, 22, 23, 22, 22, 22, 22, 23, 25, 23, 22, 23, 25, 25, 27, 24, 23, 24, 24, 25, 26, 26, 23, 22, 22, 22, 20, 24, 23, 23, 25, 26, 27, 26, 27, 26, 24, 26, 24, 24, 24, 24, 25, 25, 28, 26, 28, 30], 1: [240, 242, 246, 246, 247, 251, 251, 251, 254, 257, 259, 264, 264, 264, 266, 267, 268, 269, 269, 273, 274, 275, 275, 275, 275, 279, 283, 283, 283, 287, 288, 289, 289, 290, 290, 291, 297, 298, 303, 303, 305, 305, 305, 307, 307, 307, 308, 308, 308, 308, 309, 310, 310, 310, 311, 312, 313, 313, 313, 314, 314, 318, 321, 321, 321, 321, 321, 326, 330, 331, 332, 333, 335, 337, 341, 343, 345, 346, 349, 349, 352, 352, 352, 352, 353, 356, 356, 361, 364, 365, 368, 369, 370, 371, 372, 374, 375, 379, 379, 379]}
750 {0: [29, 29, 25, 25, 29, 26, 27, 28, 27, 27, 25, 25, 26, 27, 25, 25, 26, 26, 26, 26, 26, 25, 25, 25, 25, 26, 24, 25, 25, 23, 26, 26, 26, 27, 27, 29, 25, 26, 22, 23, 22, 22, 23, 22, 22, 23, 22, 22, 22, 22, 22, 22, 22, 22, 23, 22, 22, 22, 22, 23, 25, 23, 22, 23, 25, 25, 27, 24, 23, 24, 24, 25, 26, 26, 23, 22, 22, 22, 20, 24, 23, 23, 25, 26, 27, 26, 27, 26, 24, 26, 24, 24, 24, 24, 25, 25, 28, 26, 28, 30], 1: [240, 242, 246, 246, 247, 251, 251, 251, 254, 257, 259, 264, 264, 264, 266, 267, 268, 269, 269, 273, 274, 275, 275, 275, 275, 279, 283, 283, 283, 287, 288, 289, 289, 290, 290, 291, 297, 298, 303, 303, 305, 305, 305, 307, 307, 307, 308, 308, 308, 308, 309, 310, 310, 310, 311, 312, 313, 313, 313, 314, 314, 318, 321, 321, 321, 321, 321, 326, 330, 331, 332, 333, 335, 337, 341, 343, 345, 346, 349, 349, 352, 352, 352, 352, 353, 356, 356, 361, 364, 365, 368, 369, 370, 371, 372, 374, 375, 379, 379, 379]}
507 {0: [29, 29, 25, 25, 29, 26, 27, 28, 27, 27, 25, 25, 26, 27, 25, 25, 26, 26, 26, 26, 26, 25, 25, 25, 25, 26, 24, 25, 25, 23, 26, 26, 26, 27, 27, 29, 25, 26, 22, 23, 22, 22, 23, 22, 22, 23, 22, 22, 22, 22, 22, 22, 22, 22, 23, 22, 22, 22, 22, 23, 25, 23, 22, 23, 25, 25, 27, 24, 23, 24, 24, 25, 26, 26, 23, 22, 22, 22, 20, 24, 23, 23, 25, 26, 27, 26, 27, 26, 24, 26, 24, 24, 24, 24, 25, 25, 28, 26, 28, 30], 1: [240, 242, 246, 246, 247, 251, 251, 251, 254, 257, 259, 264, 264, 264, 266, 267, 268, 269, 269, 273, 274, 275, 275, 275, 275, 279, 283, 283, 283, 287, 288, 289, 289, 290, 290, 291, 297, 298, 303, 303, 305, 305, 305, 307, 307, 307, 308, 308, 308, 308, 309, 310, 310, 310, 311, 312, 313, 313, 313, 314, 314, 318, 321, 321, 321, 321, 321, 326, 330, 331, 332, 333, 335, 337, 341, 343, 345, 346, 349, 349, 352, 352, 352, 352, 353, 356, 356, 361, 364, 365, 368, 369, 370, 371, 372, 374, 375, 379, 379, 379]}
259 {0: [29, 29, 25, 25, 29, 26, 27, 28, 27, 27, 25, 25, 26, 27, 25, 25, 26, 26, 26, 26, 26, 25, 25, 25, 25, 26, 24, 25, 25, 23, 26, 26, 26, 27, 27, 29, 25, 26, 22, 23, 22, 22, 23, 22, 22, 23, 22, 22, 22, 22, 22, 22, 22, 22, 23, 22, 22, 22, 22, 23, 25, 23, 22, 23, 25, 25, 27, 24, 23, 24, 24, 25, 26, 26, 23, 22, 22, 22, 20, 24, 23, 23, 25, 26, 27, 26, 27, 26, 24, 26, 24, 24, 24, 24, 25, 25, 28, 26, 28, 30], 1: [240, 242, 246, 246, 247, 251, 251, 251, 254, 257, 259, 264, 264, 264, 266, 267, 268, 269, 269, 273, 274, 275, 275, 275, 275, 279, 283, 283, 283, 287, 288, 289, 289, 290, 290, 291, 297, 298, 303, 303, 305, 305, 305, 307, 307, 307, 308, 308, 308, 308, 309, 310, 310, 310, 311, 312, 313, 313, 313, 314, 314, 318, 321, 321, 321, 321, 321, 326, 330, 331, 332, 333, 335, 337, 341, 343, 345, 346, 349, 349, 352, 352, 352, 352, 353, 356, 356, 361, 364, 365, 368, 369, 370, 371, 372, 374, 375, 379, 379, 379]}
13 {0: [29, 29, 25, 25, 29, 26, 27, 28, 27, 27, 25, 25, 26, 27, 25, 25, 26, 26, 26, 26, 26, 25, 25, 25, 25, 26, 24, 25, 25, 23, 26, 26, 26, 27, 27, 29, 25, 26, 22, 23, 22, 22, 23, 22, 22, 23, 22, 22, 22, 22, 22, 22, 22, 22, 23, 22, 22, 22, 22, 23, 25, 23, 22, 23, 25, 25, 27, 24, 23, 24, 24, 25, 26, 26, 23, 22, 22, 22, 20, 24, 23, 23, 25, 26, 27, 26, 27, 26, 24, 26, 24, 24, 24, 24, 25, 25, 28, 26, 28, 30], 1: [240, 242, 246, 246, 247, 251, 251, 251, 254, 257, 259, 264, 264, 264, 266, 267, 268, 269, 269, 273, 274, 275, 275, 275, 275, 279, 283, 283, 283, 287, 288, 289, 289, 290, 290, 291, 297, 298, 303, 303, 305, 305, 305, 307, 307, 307, 308, 308, 308, 308, 309, 310, 310, 310, 311, 312, 313, 313, 313, 314, 314, 318, 321, 321, 321, 321, 321, 326, 330, 331, 332, 333, 335, 337, 341, 343, 345, 346, 349, 349, 352, 352, 352, 352, 353, 356, 356, 361, 364, 365, 368, 369, 370, 371, 372, 374, 375, 379, 379, 379]}
751 {0: [29, 29, 25, 25, 29, 26, 27, 28, 27, 27, 25, 25, 26, 27, 25, 25, 26, 26, 26, 26, 26, 25, 25, 25, 25, 26, 24, 25, 25, 23, 26, 26, 26, 27, 27, 29, 25, 26, 22, 23, 22, 22, 23, 22, 22, 23, 22, 22, 22, 22, 22, 22, 22, 22, 23, 22, 22, 22, 22, 23, 25, 23, 22, 23, 25, 25, 27, 24, 23, 24, 24, 25, 26, 26, 23, 22, 22, 22, 20, 24, 23, 23, 25, 26, 27, 26, 27, 26, 24, 26, 24, 24, 24, 24, 25, 25, 28, 26, 28, 30], 1: [240, 242, 246, 246, 247, 251, 251, 251, 254, 257, 259, 264, 264, 264, 266, 267, 268, 269, 269, 273, 274, 275, 275, 275, 275, 279, 283, 283, 283, 287, 288, 289, 289, 290, 290, 291, 297, 298, 303, 303, 305, 305, 305, 307, 307, 307, 308, 308, 308, 308, 309, 310, 310, 310, 311, 312, 313, 313, 313, 314, 314, 318, 321, 321, 321, 321, 321, 326, 330, 331, 332, 333, 335, 337, 341, 343, 345, 346, 349, 349, 352, 352, 352, 352, 353, 356, 356, 361, 364, 365, 368, 369, 370, 371, 372, 374, 375, 379, 379, 379]}
508 {0: [28, 29, 27, 25, 25, 26, 27, 28, 24, 25, 25, 26, 25, 26, 25, 26, 26, 26, 27, 26, 25, 25, 26, 25, 25, 26, 25, 28, 27, 28, 27, 25, 27, 26, 25, 28, 24, 22, 23, 22, 24, 24, 24, 24, 23, 25, 24, 24, 24, 25, 24, 26, 26, 26, 25, 28, 29, 29, 24, 25, 25, 25, 27, 26, 27, 27, 25, 27, 29, 27, 28, 28, 28, 29, 29, 29, 27, 27, 28, 29, 30, 30, 30, 30, 29, 27, 27, 28, 30, 31, 31, 29, 29, 29, 31, 31, 34, 28, 31, 34], 1: [239, 240, 243, 246, 246, 246, 246, 250, 256, 256, 257, 257, 260, 262, 266, 266, 267, 268, 270, 272, 276, 277, 277, 279, 280, 280, 281, 281, 283, 286, 291, 296, 298, 300, 301, 302, 308, 310, 310, 311, 313, 313, 313, 314, 315, 315, 317, 319, 321, 322, 323, 323, 325, 327, 328, 328, 331, 335, 340, 342, 343, 346, 347, 350, 353, 357, 360, 361, 363, 367, 368, 368, 369, 369, 370, 373, 376, 376, 377, 378, 383, 384, 385, 386, 388, 391, 394, 395, 396, 399, 402, 404, 406, 406, 407, 408, 409, 418, 418, 422]}
260 {0: [29, 29, 25, 25, 29, 26, 27, 28, 27, 27, 25, 25, 26, 27, 25, 25, 26, 26, 26, 26, 26, 25, 25, 25, 25, 26, 24, 25, 25, 23, 26, 26, 26, 27, 27, 29, 25, 26, 22, 23, 22, 22, 23, 22, 22, 23, 22, 22, 22, 22, 22, 22, 22, 22, 23, 22, 22, 22, 22, 23, 25, 23, 22, 23, 25, 25, 27, 24, 23, 24, 24, 25, 26, 26, 23, 22, 22, 22, 20, 24, 23, 23, 25, 26, 27, 26, 27, 26, 24, 26, 24, 24, 24, 24, 25, 25, 28, 26, 28, 30], 1: [240, 242, 246, 246, 247, 251, 251, 251, 254, 257, 259, 264, 264, 264, 266, 267, 268, 269, 269, 273, 274, 275, 275, 275, 275, 279, 283, 283, 283, 287, 288, 289, 289, 290, 290, 291, 297, 298, 303, 303, 305, 305, 305, 307, 307, 307, 308, 308, 308, 308, 309, 310, 310, 310, 311, 312, 313, 313, 313, 314, 314, 318, 321, 321, 321, 321, 321, 326, 330, 331, 332, 333, 335, 337, 341, 343, 345, 346, 349, 349, 352, 352, 352, 352, 353, 356, 356, 361, 364, 365, 368, 369, 370, 371, 372, 374, 375, 379, 379, 379]}
752 {0: [29, 29, 25, 25, 29, 26, 27, 28, 27, 27, 25, 25, 26, 27, 25, 25, 26, 26, 26, 26, 26, 25, 25, 25, 25, 26, 24, 25, 25, 23, 26, 26, 26, 27, 27, 29, 25, 26, 22, 23, 22, 22, 23, 22, 22, 23, 22, 22, 22, 22, 22, 22, 22, 22, 23, 22, 22, 22, 22, 23, 25, 23, 22, 23, 25, 25, 27, 24, 23, 24, 24, 25, 26, 26, 23, 22, 22, 22, 20, 24, 23, 23, 25, 26, 27, 26, 27, 26, 24, 26, 24, 24, 24, 24, 25, 25, 28, 26, 28, 30], 1: [240, 242, 246, 246, 247, 251, 251, 251, 254, 257, 259, 264, 264, 264, 266, 267, 268, 269, 269, 273, 274, 275, 275, 275, 275, 279, 283, 283, 283, 287, 288, 289, 289, 290, 290, 291, 297, 298, 303, 303, 305, 305, 305, 307, 307, 307, 308, 308, 308, 308, 309, 310, 310, 310, 311, 312, 313, 313, 313, 314, 314, 318, 321, 321, 321, 321, 321, 326, 330, 331, 332, 333, 335, 337, 341, 343, 345, 346, 349, 349, 352, 352, 352, 352, 353, 356, 356, 361, 364, 365, 368, 369, 370, 371, 372, 374, 375, 379, 379, 379]}
14 {0: [29, 29, 25, 25, 29, 26, 27, 28, 27, 27, 25, 25, 26, 27, 25, 25, 26, 26, 26, 26, 26, 25, 25, 25, 25, 26, 24, 25, 25, 23, 26, 26, 26, 27, 27, 29, 25, 26, 22, 23, 22, 22, 23, 22, 22, 23, 22, 22, 22, 22, 22, 22, 22, 22, 23, 22, 22, 22, 22, 23, 25, 23, 22, 23, 25, 25, 27, 24, 23, 24, 24, 25, 26, 26, 23, 22, 22, 22, 20, 24, 23, 23, 25, 26, 27, 26, 27, 26, 24, 26, 24, 24, 24, 24, 25, 25, 28, 26, 28, 30], 1: [240, 242, 246, 246, 247, 251, 251, 251, 254, 257, 259, 264, 264, 264, 266, 267, 268, 269, 269, 273, 274, 275, 275, 275, 275, 279, 283, 283, 283, 287, 288, 289, 289, 290, 290, 291, 297, 298, 303, 303, 305, 305, 305, 307, 307, 307, 308, 308, 308, 308, 309, 310, 310, 310, 311, 312, 313, 313, 313, 314, 314, 318, 321, 321, 321, 321, 321, 326, 330, 331, 332, 333, 335, 337, 341, 343, 345, 346, 349, 349, 352, 352, 352, 352, 353, 356, 356, 361, 364, 365, 368, 369, 370, 371, 372, 374, 375, 379, 379, 379]}
509 {0: [29, 29, 25, 25, 29, 26, 27, 28, 27, 27, 25, 25, 26, 27, 25, 25, 26, 26, 26, 26, 26, 25, 25, 25, 25, 26, 24, 25, 25, 23, 26, 26, 26, 27, 27, 29, 25, 26, 22, 23, 22, 22, 23, 22, 22, 23, 22, 22, 22, 22, 22, 22, 22, 22, 23, 22, 22, 22, 22, 23, 25, 23, 22, 23, 25, 25, 27, 24, 23, 24, 24, 25, 26, 26, 23, 22, 22, 22, 20, 24, 23, 23, 25, 26, 27, 26, 27, 26, 24, 26, 24, 24, 24, 24, 25, 25, 28, 26, 28, 30], 1: [240, 242, 246, 246, 247, 251, 251, 251, 254, 257, 259, 264, 264, 264, 266, 267, 268, 269, 269, 273, 274, 275, 275, 275, 275, 279, 283, 283, 283, 287, 288, 289, 289, 290, 290, 291, 297, 298, 303, 303, 305, 305, 305, 307, 307, 307, 308, 308, 308, 308, 309, 310, 310, 310, 311, 312, 313, 313, 313, 314, 314, 318, 321, 321, 321, 321, 321, 326, 330, 331, 332, 333, 335, 337, 341, 343, 345, 346, 349, 349, 352, 352, 352, 352, 353, 356, 356, 361, 364, 365, 368, 369, 370, 371, 372, 374, 375, 379, 379, 379]}
261 {0: [29, 29, 25, 25, 29, 26, 27, 28, 27, 27, 25, 25, 26, 27, 25, 25, 26, 26, 26, 26, 26, 25, 25, 25, 25, 26, 24, 25, 25, 23, 26, 26, 26, 27, 27, 29, 25, 26, 22, 23, 22, 22, 23, 22, 22, 23, 22, 22, 22, 22, 22, 22, 22, 22, 23, 22, 22, 22, 22, 23, 25, 23, 22, 23, 25, 25, 27, 24, 23, 24, 24, 25, 26, 26, 23, 22, 22, 22, 20, 24, 23, 23, 25, 26, 27, 26, 27, 26, 24, 26, 24, 24, 24, 24, 25, 25, 28, 26, 28, 30], 1: [240, 242, 246, 246, 247, 251, 251, 251, 254, 257, 259, 264, 264, 264, 266, 267, 268, 269, 269, 273, 274, 275, 275, 275, 275, 279, 283, 283, 283, 287, 288, 289, 289, 290, 290, 291, 297, 298, 303, 303, 305, 305, 305, 307, 307, 307, 308, 308, 308, 308, 309, 310, 310, 310, 311, 312, 313, 313, 313, 314, 314, 318, 321, 321, 321, 321, 321, 326, 330, 331, 332, 333, 335, 337, 341, 343, 345, 346, 349, 349, 352, 352, 352, 352, 353, 356, 356, 361, 364, 365, 368, 369, 370, 371, 372, 374, 375, 379, 379, 379]}
15 {0: [29, 29, 25, 25, 29, 26, 27, 28, 27, 27, 25, 25, 26, 27, 25, 25, 26, 26, 26, 26, 26, 25, 25, 25, 25, 26, 24, 25, 25, 23, 26, 26, 26, 27, 27, 29, 25, 26, 22, 23, 22, 22, 23, 22, 22, 23, 22, 22, 22, 22, 22, 22, 22, 22, 23, 22, 22, 22, 22, 23, 25, 23, 22, 23, 25, 25, 27, 24, 23, 24, 24, 25, 26, 26, 23, 22, 22, 22, 20, 24, 23, 23, 25, 26, 27, 26, 27, 26, 24, 26, 24, 24, 24, 24, 25, 25, 28, 26, 28, 30], 1: [240, 242, 246, 246, 247, 251, 251, 251, 254, 257, 259, 264, 264, 264, 266, 267, 268, 269, 269, 273, 274, 275, 275, 275, 275, 279, 283, 283, 283, 287, 288, 289, 289, 290, 290, 291, 297, 298, 303, 303, 305, 305, 305, 307, 307, 307, 308, 308, 308, 308, 309, 310, 310, 310, 311, 312, 313, 313, 313, 314, 314, 318, 321, 321, 321, 321, 321, 326, 330, 331, 332, 333, 335, 337, 341, 343, 345, 346, 349, 349, 352, 352, 352, 352, 353, 356, 356, 361, 364, 365, 368, 369, 370, 371, 372, 374, 375, 379, 379, 379]}
753 {0: [29, 29, 25, 25, 29, 26, 27, 28, 27, 27, 25, 25, 26, 27, 25, 25, 26, 26, 26, 26, 26, 25, 25, 25, 25, 26, 24, 25, 25, 23, 26, 26, 26, 27, 27, 29, 25, 26, 22, 23, 22, 22, 23, 22, 22, 23, 22, 22, 22, 22, 22, 22, 22, 22, 23, 22, 22, 22, 22, 23, 25, 23, 22, 23, 25, 25, 27, 24, 23, 24, 24, 25, 26, 26, 23, 22, 22, 22, 20, 24, 23, 23, 25, 26, 27, 26, 27, 26, 24, 26, 24, 24, 24, 24, 25, 25, 28, 26, 28, 30], 1: [240, 242, 246, 246, 247, 251, 251, 251, 254, 257, 259, 264, 264, 264, 266, 267, 268, 269, 269, 273, 274, 275, 275, 275, 275, 279, 283, 283, 283, 287, 288, 289, 289, 290, 290, 291, 297, 298, 303, 303, 305, 305, 305, 307, 307, 307, 308, 308, 308, 308, 309, 310, 310, 310, 311, 312, 313, 313, 313, 314, 314, 318, 321, 321, 321, 321, 321, 326, 330, 331, 332, 333, 335, 337, 341, 343, 345, 346, 349, 349, 352, 352, 352, 352, 353, 356, 356, 361, 364, 365, 368, 369, 370, 371, 372, 374, 375, 379, 379, 379]}
510 {0: [29, 29, 25, 25, 29, 26, 27, 28, 27, 27, 25, 25, 26, 27, 25, 25, 26, 26, 26, 26, 26, 25, 25, 25, 25, 26, 24, 25, 25, 23, 26, 26, 26, 27, 27, 29, 25, 26, 22, 23, 22, 22, 23, 22, 22, 23, 22, 22, 22, 22, 22, 22, 22, 22, 23, 22, 22, 22, 22, 23, 25, 23, 22, 23, 25, 25, 27, 24, 23, 24, 24, 25, 26, 26, 23, 22, 22, 22, 20, 24, 23, 23, 25, 26, 27, 26, 27, 26, 24, 26, 24, 24, 24, 24, 25, 25, 28, 26, 28, 30], 1: [240, 242, 246, 246, 247, 251, 251, 251, 254, 257, 259, 264, 264, 264, 266, 267, 268, 269, 269, 273, 274, 275, 275, 275, 275, 279, 283, 283, 283, 287, 288, 289, 289, 290, 290, 291, 297, 298, 303, 303, 305, 305, 305, 307, 307, 307, 308, 308, 308, 308, 309, 310, 310, 310, 311, 312, 313, 313, 313, 314, 314, 318, 321, 321, 321, 321, 321, 326, 330, 331, 332, 333, 335, 337, 341, 343, 345, 346, 349, 349, 352, 352, 352, 352, 353, 356, 356, 361, 364, 365, 368, 369, 370, 371, 372, 374, 375, 379, 379, 379]}
262 {0: [29, 29, 25, 25, 29, 26, 27, 28, 27, 27, 25, 25, 26, 27, 25, 25, 26, 26, 26, 26, 26, 25, 25, 25, 25, 26, 24, 25, 25, 23, 26, 26, 26, 27, 27, 29, 25, 26, 22, 23, 22, 22, 23, 22, 22, 23, 22, 22, 22, 22, 22, 22, 22, 22, 23, 22, 22, 22, 22, 23, 25, 23, 22, 23, 25, 25, 27, 24, 23, 24, 24, 25, 26, 26, 23, 22, 22, 22, 20, 24, 23, 23, 25, 26, 27, 26, 27, 26, 24, 26, 24, 24, 24, 24, 25, 25, 28, 26, 28, 30], 1: [240, 242, 246, 246, 247, 251, 251, 251, 254, 257, 259, 264, 264, 264, 266, 267, 268, 269, 269, 273, 274, 275, 275, 275, 275, 279, 283, 283, 283, 287, 288, 289, 289, 290, 290, 291, 297, 298, 303, 303, 305, 305, 305, 307, 307, 307, 308, 308, 308, 308, 309, 310, 310, 310, 311, 312, 313, 313, 313, 314, 314, 318, 321, 321, 321, 321, 321, 326, 330, 331, 332, 333, 335, 337, 341, 343, 345, 346, 349, 349, 352, 352, 352, 352, 353, 356, 356, 361, 364, 365, 368, 369, 370, 371, 372, 374, 375, 379, 379, 379]}
16 {0: [29, 29, 25, 25, 29, 26, 27, 28, 27, 27, 25, 25, 26, 27, 25, 25, 26, 26, 26, 26, 26, 25, 25, 25, 25, 26, 24, 25, 25, 23, 26, 26, 26, 27, 27, 29, 25, 26, 22, 23, 22, 22, 23, 22, 22, 23, 22, 22, 22, 22, 22, 22, 22, 22, 23, 22, 22, 22, 22, 23, 25, 23, 22, 23, 25, 25, 27, 24, 23, 24, 24, 25, 26, 26, 23, 22, 22, 22, 20, 24, 23, 23, 25, 26, 27, 26, 27, 26, 24, 26, 24, 24, 24, 24, 25, 25, 28, 26, 28, 30], 1: [240, 242, 246, 246, 247, 251, 251, 251, 254, 257, 259, 264, 264, 264, 266, 267, 268, 269, 269, 273, 274, 275, 275, 275, 275, 279, 283, 283, 283, 287, 288, 289, 289, 290, 290, 291, 297, 298, 303, 303, 305, 305, 305, 307, 307, 307, 308, 308, 308, 308, 309, 310, 310, 310, 311, 312, 313, 313, 313, 314, 314, 318, 321, 321, 321, 321, 321, 326, 330, 331, 332, 333, 335, 337, 341, 343, 345, 346, 349, 349, 352, 352, 352, 352, 353, 356, 356, 361, 364, 365, 368, 369, 370, 371, 372, 374, 375, 379, 379, 379]}
754 {0: [29, 29, 25, 25, 29, 26, 27, 28, 27, 27, 25, 25, 26, 27, 25, 25, 26, 26, 26, 26, 26, 25, 25, 25, 25, 26, 24, 25, 25, 23, 26, 26, 26, 27, 27, 29, 25, 26, 22, 23, 22, 22, 23, 22, 22, 23, 22, 22, 22, 22, 22, 22, 22, 22, 23, 22, 22, 22, 22, 23, 25, 23, 22, 23, 25, 25, 27, 24, 23, 24, 24, 25, 26, 26, 23, 22, 22, 22, 20, 24, 23, 23, 25, 26, 27, 26, 27, 26, 24, 26, 24, 24, 24, 24, 25, 25, 28, 26, 28, 30], 1: [240, 242, 246, 246, 247, 251, 251, 251, 254, 257, 259, 264, 264, 264, 266, 267, 268, 269, 269, 273, 274, 275, 275, 275, 275, 279, 283, 283, 283, 287, 288, 289, 289, 290, 290, 291, 297, 298, 303, 303, 305, 305, 305, 307, 307, 307, 308, 308, 308, 308, 309, 310, 310, 310, 311, 312, 313, 313, 313, 314, 314, 318, 321, 321, 321, 321, 321, 326, 330, 331, 332, 333, 335, 337, 341, 343, 345, 346, 349, 349, 352, 352, 352, 352, 353, 356, 356, 361, 364, 365, 368, 369, 370, 371, 372, 374, 375, 379, 379, 379]}
511 {0: [29, 29, 25, 25, 29, 26, 27, 28, 27, 27, 25, 25, 26, 27, 25, 25, 26, 26, 26, 26, 26, 25, 25, 25, 25, 26, 24, 25, 25, 23, 26, 26, 26, 27, 27, 29, 25, 26, 22, 23, 22, 22, 23, 22, 22, 23, 22, 22, 22, 22, 22, 22, 22, 22, 23, 22, 22, 22, 22, 23, 25, 23, 22, 23, 25, 25, 27, 24, 23, 24, 24, 25, 26, 26, 23, 22, 22, 22, 20, 24, 23, 23, 25, 26, 27, 26, 27, 26, 24, 26, 24, 24, 24, 24, 25, 25, 28, 26, 28, 30], 1: [240, 242, 246, 246, 247, 251, 251, 251, 254, 257, 259, 264, 264, 264, 266, 267, 268, 269, 269, 273, 274, 275, 275, 275, 275, 279, 283, 283, 283, 287, 288, 289, 289, 290, 290, 291, 297, 298, 303, 303, 305, 305, 305, 307, 307, 307, 308, 308, 308, 308, 309, 310, 310, 310, 311, 312, 313, 313, 313, 314, 314, 318, 321, 321, 321, 321, 321, 326, 330, 331, 332, 333, 335, 337, 341, 343, 345, 346, 349, 349, 352, 352, 352, 352, 353, 356, 356, 361, 364, 365, 368, 369, 370, 371, 372, 374, 375, 379, 379, 379]}
263 {0: [29, 29, 25, 25, 29, 26, 27, 28, 27, 27, 25, 25, 26, 27, 25, 25, 26, 26, 26, 26, 26, 25, 25, 25, 25, 26, 24, 25, 25, 23, 26, 26, 26, 27, 27, 29, 25, 26, 22, 23, 22, 22, 23, 22, 22, 23, 22, 22, 22, 22, 22, 22, 22, 22, 23, 22, 22, 22, 22, 23, 25, 23, 22, 23, 25, 25, 27, 24, 23, 24, 24, 25, 26, 26, 23, 22, 22, 22, 20, 24, 23, 23, 25, 26, 27, 26, 27, 26, 24, 26, 24, 24, 24, 24, 25, 25, 28, 26, 28, 30], 1: [240, 242, 246, 246, 247, 251, 251, 251, 254, 257, 259, 264, 264, 264, 266, 267, 268, 269, 269, 273, 274, 275, 275, 275, 275, 279, 283, 283, 283, 287, 288, 289, 289, 290, 290, 291, 297, 298, 303, 303, 305, 305, 305, 307, 307, 307, 308, 308, 308, 308, 309, 310, 310, 310, 311, 312, 313, 313, 313, 314, 314, 318, 321, 321, 321, 321, 321, 326, 330, 331, 332, 333, 335, 337, 341, 343, 345, 346, 349, 349, 352, 352, 352, 352, 353, 356, 356, 361, 364, 365, 368, 369, 370, 371, 372, 374, 375, 379, 379, 379]}
17 {0: [29, 29, 25, 25, 29, 26, 27, 28, 27, 27, 25, 25, 26, 27, 25, 25, 26, 26, 26, 26, 26, 25, 25, 25, 25, 26, 24, 25, 25, 23, 26, 26, 26, 27, 27, 29, 25, 26, 22, 23, 22, 22, 23, 22, 22, 23, 22, 22, 22, 22, 22, 22, 22, 22, 23, 22, 22, 22, 22, 23, 25, 23, 22, 23, 25, 25, 27, 24, 23, 24, 24, 25, 26, 26, 23, 22, 22, 22, 20, 24, 23, 23, 25, 26, 27, 26, 27, 26, 24, 26, 24, 24, 24, 24, 25, 25, 28, 26, 28, 30], 1: [240, 242, 246, 246, 247, 251, 251, 251, 254, 257, 259, 264, 264, 264, 266, 267, 268, 269, 269, 273, 274, 275, 275, 275, 275, 279, 283, 283, 283, 287, 288, 289, 289, 290, 290, 291, 297, 298, 303, 303, 305, 305, 305, 307, 307, 307, 308, 308, 308, 308, 309, 310, 310, 310, 311, 312, 313, 313, 313, 314, 314, 318, 321, 321, 321, 321, 321, 326, 330, 331, 332, 333, 335, 337, 341, 343, 345, 346, 349, 349, 352, 352, 352, 352, 353, 356, 356, 361, 364, 365, 368, 369, 370, 371, 372, 374, 375, 379, 379, 379]}
755 {0: [29, 29, 25, 25, 29, 26, 27, 28, 27, 27, 25, 25, 26, 27, 25, 25, 26, 26, 26, 26, 26, 25, 25, 25, 25, 26, 24, 25, 25, 23, 26, 26, 26, 27, 27, 29, 25, 26, 22, 23, 22, 22, 23, 22, 22, 23, 22, 22, 22, 22, 22, 22, 22, 22, 23, 22, 22, 22, 22, 23, 25, 23, 22, 23, 25, 25, 27, 24, 23, 24, 24, 25, 26, 26, 23, 22, 22, 22, 20, 24, 23, 23, 25, 26, 27, 26, 27, 26, 24, 26, 24, 24, 24, 24, 25, 25, 28, 26, 28, 30], 1: [240, 242, 246, 246, 247, 251, 251, 251, 254, 257, 259, 264, 264, 264, 266, 267, 268, 269, 269, 273, 274, 275, 275, 275, 275, 279, 283, 283, 283, 287, 288, 289, 289, 290, 290, 291, 297, 298, 303, 303, 305, 305, 305, 307, 307, 307, 308, 308, 308, 308, 309, 310, 310, 310, 311, 312, 313, 313, 313, 314, 314, 318, 321, 321, 321, 321, 321, 326, 330, 331, 332, 333, 335, 337, 341, 343, 345, 346, 349, 349, 352, 352, 352, 352, 353, 356, 356, 361, 364, 365, 368, 369, 370, 371, 372, 374, 375, 379, 379, 379]}
512 {0: [29, 29, 25, 25, 29, 26, 27, 28, 27, 27, 25, 25, 26, 27, 25, 25, 26, 26, 26, 26, 26, 25, 25, 25, 25, 26, 24, 25, 25, 23, 26, 26, 26, 27, 27, 29, 25, 26, 22, 23, 22, 22, 23, 22, 22, 23, 22, 22, 22, 22, 22, 22, 22, 22, 23, 22, 22, 22, 22, 23, 25, 23, 22, 23, 25, 25, 27, 24, 23, 24, 24, 25, 26, 26, 23, 22, 22, 22, 20, 24, 23, 23, 25, 26, 27, 26, 27, 26, 24, 26, 24, 24, 24, 24, 25, 25, 28, 26, 28, 30], 1: [240, 242, 246, 246, 247, 251, 251, 251, 254, 257, 259, 264, 264, 264, 266, 267, 268, 269, 269, 273, 274, 275, 275, 275, 275, 279, 283, 283, 283, 287, 288, 289, 289, 290, 290, 291, 297, 298, 303, 303, 305, 305, 305, 307, 307, 307, 308, 308, 308, 308, 309, 310, 310, 310, 311, 312, 313, 313, 313, 314, 314, 318, 321, 321, 321, 321, 321, 326, 330, 331, 332, 333, 335, 337, 341, 343, 345, 346, 349, 349, 352, 352, 352, 352, 353, 356, 356, 361, 364, 365, 368, 369, 370, 371, 372, 374, 375, 379, 379, 379]}
264 {0: [29, 29, 25, 25, 29, 26, 27, 28, 27, 27, 25, 25, 26, 27, 25, 25, 26, 26, 26, 26, 26, 25, 25, 25, 25, 26, 24, 25, 25, 23, 26, 26, 26, 27, 27, 29, 25, 26, 22, 23, 22, 22, 23, 22, 22, 23, 22, 22, 22, 22, 22, 22, 22, 22, 23, 22, 22, 22, 22, 23, 25, 23, 22, 23, 25, 25, 27, 24, 23, 24, 24, 25, 26, 26, 23, 22, 22, 22, 20, 24, 23, 23, 25, 26, 27, 26, 27, 26, 24, 26, 24, 24, 24, 24, 25, 25, 28, 26, 28, 30], 1: [240, 242, 246, 246, 247, 251, 251, 251, 254, 257, 259, 264, 264, 264, 266, 267, 268, 269, 269, 273, 274, 275, 275, 275, 275, 279, 283, 283, 283, 287, 288, 289, 289, 290, 290, 291, 297, 298, 303, 303, 305, 305, 305, 307, 307, 307, 308, 308, 308, 308, 309, 310, 310, 310, 311, 312, 313, 313, 313, 314, 314, 318, 321, 321, 321, 321, 321, 326, 330, 331, 332, 333, 335, 337, 341, 343, 345, 346, 349, 349, 352, 352, 352, 352, 353, 356, 356, 361, 364, 365, 368, 369, 370, 371, 372, 374, 375, 379, 379, 379]}
18 {0: [29, 29, 25, 25, 29, 26, 27, 28, 27, 27, 25, 25, 26, 27, 25, 25, 26, 26, 26, 26, 26, 25, 25, 25, 25, 26, 24, 25, 25, 23, 26, 26, 26, 27, 27, 29, 25, 26, 22, 23, 22, 22, 23, 22, 22, 23, 22, 22, 22, 22, 22, 22, 22, 22, 23, 22, 22, 22, 22, 23, 25, 23, 22, 23, 25, 25, 27, 24, 23, 24, 24, 25, 26, 26, 23, 22, 22, 22, 20, 24, 23, 23, 25, 26, 27, 26, 27, 26, 24, 26, 24, 24, 24, 24, 25, 25, 28, 26, 28, 30], 1: [240, 242, 246, 246, 247, 251, 251, 251, 254, 257, 259, 264, 264, 264, 266, 267, 268, 269, 269, 273, 274, 275, 275, 275, 275, 279, 283, 283, 283, 287, 288, 289, 289, 290, 290, 291, 297, 298, 303, 303, 305, 305, 305, 307, 307, 307, 308, 308, 308, 308, 309, 310, 310, 310, 311, 312, 313, 313, 313, 314, 314, 318, 321, 321, 321, 321, 321, 326, 330, 331, 332, 333, 335, 337, 341, 343, 345, 346, 349, 349, 352, 352, 352, 352, 353, 356, 356, 361, 364, 365, 368, 369, 370, 371, 372, 374, 375, 379, 379, 379]}
756 {0: [29, 29, 25, 25, 29, 26, 27, 28, 27, 27, 25, 25, 26, 27, 25, 25, 26, 26, 26, 26, 26, 25, 25, 25, 25, 26, 24, 25, 25, 23, 26, 26, 26, 27, 27, 29, 25, 26, 22, 23, 22, 22, 23, 22, 22, 23, 22, 22, 22, 22, 22, 22, 22, 22, 23, 22, 22, 22, 22, 23, 25, 23, 22, 23, 25, 25, 27, 24, 23, 24, 24, 25, 26, 26, 23, 22, 22, 22, 20, 24, 23, 23, 25, 26, 27, 26, 27, 26, 24, 26, 24, 24, 24, 24, 25, 25, 28, 26, 28, 30], 1: [240, 242, 246, 246, 247, 251, 251, 251, 254, 257, 259, 264, 264, 264, 266, 267, 268, 269, 269, 273, 274, 275, 275, 275, 275, 279, 283, 283, 283, 287, 288, 289, 289, 290, 290, 291, 297, 298, 303, 303, 305, 305, 305, 307, 307, 307, 308, 308, 308, 308, 309, 310, 310, 310, 311, 312, 313, 313, 313, 314, 314, 318, 321, 321, 321, 321, 321, 326, 330, 331, 332, 333, 335, 337, 341, 343, 345, 346, 349, 349, 352, 352, 352, 352, 353, 356, 356, 361, 364, 365, 368, 369, 370, 371, 372, 374, 375, 379, 379, 379]}
513 {0: [29, 29, 25, 25, 29, 26, 27, 28, 27, 27, 25, 25, 26, 27, 25, 25, 26, 26, 26, 26, 26, 25, 25, 25, 25, 26, 24, 25, 25, 23, 26, 26, 26, 27, 27, 29, 25, 26, 22, 23, 22, 22, 23, 22, 22, 23, 22, 22, 22, 22, 22, 22, 22, 22, 23, 22, 22, 22, 22, 23, 25, 23, 22, 23, 25, 25, 27, 24, 23, 24, 24, 25, 26, 26, 23, 22, 22, 22, 20, 24, 23, 23, 25, 26, 27, 26, 27, 26, 24, 26, 24, 24, 24, 24, 25, 25, 28, 26, 28, 30], 1: [240, 242, 246, 246, 247, 251, 251, 251, 254, 257, 259, 264, 264, 264, 266, 267, 268, 269, 269, 273, 274, 275, 275, 275, 275, 279, 283, 283, 283, 287, 288, 289, 289, 290, 290, 291, 297, 298, 303, 303, 305, 305, 305, 307, 307, 307, 308, 308, 308, 308, 309, 310, 310, 310, 311, 312, 313, 313, 313, 314, 314, 318, 321, 321, 321, 321, 321, 326, 330, 331, 332, 333, 335, 337, 341, 343, 345, 346, 349, 349, 352, 352, 352, 352, 353, 356, 356, 361, 364, 365, 368, 369, 370, 371, 372, 374, 375, 379, 379, 379]}
265 {0: [28, 27, 25, 25, 26, 24, 24, 25, 22, 23, 26, 24, 23, 24, 24, 25, 25, 26, 28, 26, 22, 23, 24, 24, 26, 25, 26, 26, 27, 28, 27, 25, 26, 25, 24, 26, 26, 26, 28, 26, 26, 29, 27, 26, 26, 27, 26, 25, 26, 25, 26, 26, 26, 27, 23, 24, 24, 24, 23, 26, 25, 26, 25, 27, 25, 23, 23, 24, 23, 24, 24, 26, 24, 24, 26, 25, 24, 24, 27, 26, 27, 28, 27, 25, 27, 27, 27, 27, 26, 28, 29, 28, 27, 27, 29, 27, 28, 27, 27, 27], 1: [240, 242, 246, 249, 249, 253, 253, 255, 258, 258, 258, 261, 263, 264, 265, 265, 265, 266, 268, 272, 277, 277, 280, 281, 281, 283, 284, 285, 286, 288, 294, 297, 298, 299, 301, 302, 306, 308, 308, 311, 311, 311, 313, 315, 318, 318, 319, 322, 322, 323, 323, 325, 326, 327, 333, 334, 335, 335, 337, 337, 338, 341, 343, 346, 350, 355, 355, 356, 357, 357, 357, 358, 361, 363, 364, 366, 370, 370, 370, 372, 373, 376, 379, 383, 383, 384, 384, 386, 387, 387, 389, 392, 393, 395, 396, 399, 400, 402, 402, 402]}
19 {0: [29, 29, 25, 25, 29, 26, 27, 28, 27, 27, 25, 25, 26, 27, 25, 25, 26, 26, 26, 26, 26, 25, 25, 25, 25, 26, 24, 25, 25, 23, 26, 26, 26, 27, 27, 29, 25, 26, 22, 23, 22, 22, 23, 22, 22, 23, 22, 22, 22, 22, 22, 22, 22, 22, 23, 22, 22, 22, 22, 23, 25, 23, 22, 23, 25, 25, 27, 24, 23, 24, 24, 25, 26, 26, 23, 22, 22, 22, 20, 24, 23, 23, 25, 26, 27, 26, 27, 26, 24, 26, 24, 24, 24, 24, 25, 25, 28, 26, 28, 30], 1: [240, 242, 246, 246, 247, 251, 251, 251, 254, 257, 259, 264, 264, 264, 266, 267, 268, 269, 269, 273, 274, 275, 275, 275, 275, 279, 283, 283, 283, 287, 288, 289, 289, 290, 290, 291, 297, 298, 303, 303, 305, 305, 305, 307, 307, 307, 308, 308, 308, 308, 309, 310, 310, 310, 311, 312, 313, 313, 313, 314, 314, 318, 321, 321, 321, 321, 321, 326, 330, 331, 332, 333, 335, 337, 341, 343, 345, 346, 349, 349, 352, 352, 352, 352, 353, 356, 356, 361, 364, 365, 368, 369, 370, 371, 372, 374, 375, 379, 379, 379]}
757 {0: [29, 29, 25, 25, 29, 26, 27, 28, 27, 27, 25, 25, 26, 27, 25, 25, 26, 26, 26, 26, 26, 25, 25, 25, 25, 26, 24, 25, 25, 23, 26, 26, 26, 27, 27, 29, 25, 26, 22, 23, 22, 22, 23, 22, 22, 23, 22, 22, 22, 22, 22, 22, 22, 22, 23, 22, 22, 22, 22, 23, 25, 23, 22, 23, 25, 25, 27, 24, 23, 24, 24, 25, 26, 26, 23, 22, 22, 22, 20, 24, 23, 23, 25, 26, 27, 26, 27, 26, 24, 26, 24, 24, 24, 24, 25, 25, 28, 26, 28, 30], 1: [240, 242, 246, 246, 247, 251, 251, 251, 254, 257, 259, 264, 264, 264, 266, 267, 268, 269, 269, 273, 274, 275, 275, 275, 275, 279, 283, 283, 283, 287, 288, 289, 289, 290, 290, 291, 297, 298, 303, 303, 305, 305, 305, 307, 307, 307, 308, 308, 308, 308, 309, 310, 310, 310, 311, 312, 313, 313, 313, 314, 314, 318, 321, 321, 321, 321, 321, 326, 330, 331, 332, 333, 335, 337, 341, 343, 345, 346, 349, 349, 352, 352, 352, 352, 353, 356, 356, 361, 364, 365, 368, 369, 370, 371, 372, 374, 375, 379, 379, 379]}
514 {0: [28, 27, 25, 25, 26, 24, 24, 25, 22, 23, 26, 24, 23, 24, 24, 25, 25, 26, 28, 26, 22, 23, 24, 24, 26, 25, 26, 26, 27, 28, 27, 25, 26, 25, 24, 26, 26, 26, 28, 26, 26, 29, 27, 26, 26, 27, 26, 25, 26, 25, 26, 26, 26, 27, 23, 24, 24, 24, 23, 26, 25, 26, 25, 27, 25, 23, 23, 24, 23, 24, 24, 26, 24, 24, 26, 25, 24, 24, 27, 26, 27, 28, 27, 25, 27, 27, 27, 27, 26, 28, 29, 28, 27, 27, 29, 27, 28, 27, 27, 27], 1: [240, 242, 246, 249, 249, 253, 253, 255, 258, 258, 258, 261, 263, 264, 265, 265, 265, 266, 268, 272, 277, 277, 280, 281, 281, 283, 284, 285, 286, 288, 294, 297, 298, 299, 301, 302, 306, 308, 308, 311, 311, 311, 313, 315, 318, 318, 319, 322, 322, 323, 323, 325, 326, 327, 333, 334, 335, 335, 337, 337, 338, 341, 343, 346, 350, 355, 355, 356, 357, 357, 357, 358, 361, 363, 364, 366, 370, 370, 370, 372, 373, 376, 379, 383, 383, 384, 384, 386, 387, 387, 389, 392, 393, 395, 396, 399, 400, 402, 402, 402]}
266 {0: [29, 29, 25, 25, 29, 26, 27, 28, 27, 27, 25, 25, 26, 27, 25, 25, 26, 26, 26, 26, 26, 25, 25, 25, 25, 26, 24, 25, 25, 23, 26, 26, 26, 27, 27, 29, 25, 26, 22, 23, 22, 22, 23, 22, 22, 23, 22, 22, 22, 22, 22, 22, 22, 22, 23, 22, 22, 22, 22, 23, 25, 23, 22, 23, 25, 25, 27, 24, 23, 24, 24, 25, 26, 26, 23, 22, 22, 22, 20, 24, 23, 23, 25, 26, 27, 26, 27, 26, 24, 26, 24, 24, 24, 24, 25, 25, 28, 26, 28, 30], 1: [240, 242, 246, 246, 247, 251, 251, 251, 254, 257, 259, 264, 264, 264, 266, 267, 268, 269, 269, 273, 274, 275, 275, 275, 275, 279, 283, 283, 283, 287, 288, 289, 289, 290, 290, 291, 297, 298, 303, 303, 305, 305, 305, 307, 307, 307, 308, 308, 308, 308, 309, 310, 310, 310, 311, 312, 313, 313, 313, 314, 314, 318, 321, 321, 321, 321, 321, 326, 330, 331, 332, 333, 335, 337, 341, 343, 345, 346, 349, 349, 352, 352, 352, 352, 353, 356, 356, 361, 364, 365, 368, 369, 370, 371, 372, 374, 375, 379, 379, 379]}
20 {0: [29, 29, 25, 25, 29, 26, 27, 28, 27, 27, 25, 25, 26, 27, 25, 25, 26, 26, 26, 26, 26, 25, 25, 25, 25, 26, 24, 25, 25, 23, 26, 26, 26, 27, 27, 29, 25, 26, 22, 23, 22, 22, 23, 22, 22, 23, 22, 22, 22, 22, 22, 22, 22, 22, 23, 22, 22, 22, 22, 23, 25, 23, 22, 23, 25, 25, 27, 24, 23, 24, 24, 25, 26, 26, 23, 22, 22, 22, 20, 24, 23, 23, 25, 26, 27, 26, 27, 26, 24, 26, 24, 24, 24, 24, 25, 25, 28, 26, 28, 30], 1: [240, 242, 246, 246, 247, 251, 251, 251, 254, 257, 259, 264, 264, 264, 266, 267, 268, 269, 269, 273, 274, 275, 275, 275, 275, 279, 283, 283, 283, 287, 288, 289, 289, 290, 290, 291, 297, 298, 303, 303, 305, 305, 305, 307, 307, 307, 308, 308, 308, 308, 309, 310, 310, 310, 311, 312, 313, 313, 313, 314, 314, 318, 321, 321, 321, 321, 321, 326, 330, 331, 332, 333, 335, 337, 341, 343, 345, 346, 349, 349, 352, 352, 352, 352, 353, 356, 356, 361, 364, 365, 368, 369, 370, 371, 372, 374, 375, 379, 379, 379]}
758 {0: [29, 29, 25, 25, 29, 26, 27, 28, 27, 27, 25, 25, 26, 27, 25, 25, 26, 26, 26, 26, 26, 25, 25, 25, 25, 26, 24, 25, 25, 23, 26, 26, 26, 27, 27, 29, 25, 26, 22, 23, 22, 22, 23, 22, 22, 23, 22, 22, 22, 22, 22, 22, 22, 22, 23, 22, 22, 22, 22, 23, 25, 23, 22, 23, 25, 25, 27, 24, 23, 24, 24, 25, 26, 26, 23, 22, 22, 22, 20, 24, 23, 23, 25, 26, 27, 26, 27, 26, 24, 26, 24, 24, 24, 24, 25, 25, 28, 26, 28, 30], 1: [240, 242, 246, 246, 247, 251, 251, 251, 254, 257, 259, 264, 264, 264, 266, 267, 268, 269, 269, 273, 274, 275, 275, 275, 275, 279, 283, 283, 283, 287, 288, 289, 289, 290, 290, 291, 297, 298, 303, 303, 305, 305, 305, 307, 307, 307, 308, 308, 308, 308, 309, 310, 310, 310, 311, 312, 313, 313, 313, 314, 314, 318, 321, 321, 321, 321, 321, 326, 330, 331, 332, 333, 335, 337, 341, 343, 345, 346, 349, 349, 352, 352, 352, 352, 353, 356, 356, 361, 364, 365, 368, 369, 370, 371, 372, 374, 375, 379, 379, 379]}
515 {0: [29, 29, 25, 25, 29, 26, 27, 28, 27, 27, 25, 25, 26, 27, 25, 25, 26, 26, 26, 26, 26, 25, 25, 25, 25, 26, 24, 25, 25, 23, 26, 26, 26, 27, 27, 29, 25, 26, 22, 23, 22, 22, 23, 22, 22, 23, 22, 22, 22, 22, 22, 22, 22, 22, 23, 22, 22, 22, 22, 23, 25, 23, 22, 23, 25, 25, 27, 24, 23, 24, 24, 25, 26, 26, 23, 22, 22, 22, 20, 24, 23, 23, 25, 26, 27, 26, 27, 26, 24, 26, 24, 24, 24, 24, 25, 25, 28, 26, 28, 30], 1: [240, 242, 246, 246, 247, 251, 251, 251, 254, 257, 259, 264, 264, 264, 266, 267, 268, 269, 269, 273, 274, 275, 275, 275, 275, 279, 283, 283, 283, 287, 288, 289, 289, 290, 290, 291, 297, 298, 303, 303, 305, 305, 305, 307, 307, 307, 308, 308, 308, 308, 309, 310, 310, 310, 311, 312, 313, 313, 313, 314, 314, 318, 321, 321, 321, 321, 321, 326, 330, 331, 332, 333, 335, 337, 341, 343, 345, 346, 349, 349, 352, 352, 352, 352, 353, 356, 356, 361, 364, 365, 368, 369, 370, 371, 372, 374, 375, 379, 379, 379]}
267 {0: [29, 29, 25, 25, 29, 26, 27, 28, 27, 27, 25, 25, 26, 27, 25, 25, 26, 26, 26, 26, 26, 25, 25, 25, 25, 26, 24, 25, 25, 23, 26, 26, 26, 27, 27, 29, 25, 26, 22, 23, 22, 22, 23, 22, 22, 23, 22, 22, 22, 22, 22, 22, 22, 22, 23, 22, 22, 22, 22, 23, 25, 23, 22, 23, 25, 25, 27, 24, 23, 24, 24, 25, 26, 26, 23, 22, 22, 22, 20, 24, 23, 23, 25, 26, 27, 26, 27, 26, 24, 26, 24, 24, 24, 24, 25, 25, 28, 26, 28, 30], 1: [240, 242, 246, 246, 247, 251, 251, 251, 254, 257, 259, 264, 264, 264, 266, 267, 268, 269, 269, 273, 274, 275, 275, 275, 275, 279, 283, 283, 283, 287, 288, 289, 289, 290, 290, 291, 297, 298, 303, 303, 305, 305, 305, 307, 307, 307, 308, 308, 308, 308, 309, 310, 310, 310, 311, 312, 313, 313, 313, 314, 314, 318, 321, 321, 321, 321, 321, 326, 330, 331, 332, 333, 335, 337, 341, 343, 345, 346, 349, 349, 352, 352, 352, 352, 353, 356, 356, 361, 364, 365, 368, 369, 370, 371, 372, 374, 375, 379, 379, 379]}
21 {0: [29, 29, 25, 25, 29, 26, 27, 28, 27, 27, 25, 25, 26, 27, 25, 25, 26, 26, 26, 26, 26, 25, 25, 25, 25, 26, 24, 25, 25, 23, 26, 26, 26, 27, 27, 29, 25, 26, 22, 23, 22, 22, 23, 22, 22, 23, 22, 22, 22, 22, 22, 22, 22, 22, 23, 22, 22, 22, 22, 23, 25, 23, 22, 23, 25, 25, 27, 24, 23, 24, 24, 25, 26, 26, 23, 22, 22, 22, 20, 24, 23, 23, 25, 26, 27, 26, 27, 26, 24, 26, 24, 24, 24, 24, 25, 25, 28, 26, 28, 30], 1: [240, 242, 246, 246, 247, 251, 251, 251, 254, 257, 259, 264, 264, 264, 266, 267, 268, 269, 269, 273, 274, 275, 275, 275, 275, 279, 283, 283, 283, 287, 288, 289, 289, 290, 290, 291, 297, 298, 303, 303, 305, 305, 305, 307, 307, 307, 308, 308, 308, 308, 309, 310, 310, 310, 311, 312, 313, 313, 313, 314, 314, 318, 321, 321, 321, 321, 321, 326, 330, 331, 332, 333, 335, 337, 341, 343, 345, 346, 349, 349, 352, 352, 352, 352, 353, 356, 356, 361, 364, 365, 368, 369, 370, 371, 372, 374, 375, 379, 379, 379]}
516 {0: [29, 29, 25, 25, 29, 26, 27, 28, 27, 27, 25, 25, 26, 27, 25, 25, 26, 26, 26, 26, 26, 25, 25, 25, 25, 26, 24, 25, 25, 23, 26, 26, 26, 27, 27, 29, 25, 26, 22, 23, 22, 22, 23, 22, 22, 23, 22, 22, 22, 22, 22, 22, 22, 22, 23, 22, 22, 22, 22, 23, 25, 23, 22, 23, 25, 25, 27, 24, 23, 24, 24, 25, 26, 26, 23, 22, 22, 22, 20, 24, 23, 23, 25, 26, 27, 26, 27, 26, 24, 26, 24, 24, 24, 24, 25, 25, 28, 26, 28, 30], 1: [240, 242, 246, 246, 247, 251, 251, 251, 254, 257, 259, 264, 264, 264, 266, 267, 268, 269, 269, 273, 274, 275, 275, 275, 275, 279, 283, 283, 283, 287, 288, 289, 289, 290, 290, 291, 297, 298, 303, 303, 305, 305, 305, 307, 307, 307, 308, 308, 308, 308, 309, 310, 310, 310, 311, 312, 313, 313, 313, 314, 314, 318, 321, 321, 321, 321, 321, 326, 330, 331, 332, 333, 335, 337, 341, 343, 345, 346, 349, 349, 352, 352, 352, 352, 353, 356, 356, 361, 364, 365, 368, 369, 370, 371, 372, 374, 375, 379, 379, 379]}
759 {0: [29, 29, 25, 25, 29, 26, 27, 28, 27, 27, 25, 25, 26, 27, 25, 25, 26, 26, 26, 26, 26, 25, 25, 25, 25, 26, 24, 25, 25, 23, 26, 26, 26, 27, 27, 29, 25, 26, 22, 23, 22, 22, 23, 22, 22, 23, 22, 22, 22, 22, 22, 22, 22, 22, 23, 22, 22, 22, 22, 23, 25, 23, 22, 23, 25, 25, 27, 24, 23, 24, 24, 25, 26, 26, 23, 22, 22, 22, 20, 24, 23, 23, 25, 26, 27, 26, 27, 26, 24, 26, 24, 24, 24, 24, 25, 25, 28, 26, 28, 30], 1: [240, 242, 246, 246, 247, 251, 251, 251, 254, 257, 259, 264, 264, 264, 266, 267, 268, 269, 269, 273, 274, 275, 275, 275, 275, 279, 283, 283, 283, 287, 288, 289, 289, 290, 290, 291, 297, 298, 303, 303, 305, 305, 305, 307, 307, 307, 308, 308, 308, 308, 309, 310, 310, 310, 311, 312, 313, 313, 313, 314, 314, 318, 321, 321, 321, 321, 321, 326, 330, 331, 332, 333, 335, 337, 341, 343, 345, 346, 349, 349, 352, 352, 352, 352, 353, 356, 356, 361, 364, 365, 368, 369, 370, 371, 372, 374, 375, 379, 379, 379]}
268 {0: [29, 29, 25, 25, 29, 26, 27, 28, 27, 27, 25, 25, 26, 27, 25, 25, 26, 26, 26, 26, 26, 25, 25, 25, 25, 26, 24, 25, 25, 23, 26, 26, 26, 27, 27, 29, 25, 26, 22, 23, 22, 22, 23, 22, 22, 23, 22, 22, 22, 22, 22, 22, 22, 22, 23, 22, 22, 22, 22, 23, 25, 23, 22, 23, 25, 25, 27, 24, 23, 24, 24, 25, 26, 26, 23, 22, 22, 22, 20, 24, 23, 23, 25, 26, 27, 26, 27, 26, 24, 26, 24, 24, 24, 24, 25, 25, 28, 26, 28, 30], 1: [240, 242, 246, 246, 247, 251, 251, 251, 254, 257, 259, 264, 264, 264, 266, 267, 268, 269, 269, 273, 274, 275, 275, 275, 275, 279, 283, 283, 283, 287, 288, 289, 289, 290, 290, 291, 297, 298, 303, 303, 305, 305, 305, 307, 307, 307, 308, 308, 308, 308, 309, 310, 310, 310, 311, 312, 313, 313, 313, 314, 314, 318, 321, 321, 321, 321, 321, 326, 330, 331, 332, 333, 335, 337, 341, 343, 345, 346, 349, 349, 352, 352, 352, 352, 353, 356, 356, 361, 364, 365, 368, 369, 370, 371, 372, 374, 375, 379, 379, 379]}
22 {0: [29, 29, 25, 25, 29, 26, 27, 28, 27, 27, 25, 25, 26, 27, 25, 25, 26, 26, 26, 26, 26, 25, 25, 25, 25, 26, 24, 25, 25, 23, 26, 26, 26, 27, 27, 29, 25, 26, 22, 23, 22, 22, 23, 22, 22, 23, 22, 22, 22, 22, 22, 22, 22, 22, 23, 22, 22, 22, 22, 23, 25, 23, 22, 23, 25, 25, 27, 24, 23, 24, 24, 25, 26, 26, 23, 22, 22, 22, 20, 24, 23, 23, 25, 26, 27, 26, 27, 26, 24, 26, 24, 24, 24, 24, 25, 25, 28, 26, 28, 30], 1: [240, 242, 246, 246, 247, 251, 251, 251, 254, 257, 259, 264, 264, 264, 266, 267, 268, 269, 269, 273, 274, 275, 275, 275, 275, 279, 283, 283, 283, 287, 288, 289, 289, 290, 290, 291, 297, 298, 303, 303, 305, 305, 305, 307, 307, 307, 308, 308, 308, 308, 309, 310, 310, 310, 311, 312, 313, 313, 313, 314, 314, 318, 321, 321, 321, 321, 321, 326, 330, 331, 332, 333, 335, 337, 341, 343, 345, 346, 349, 349, 352, 352, 352, 352, 353, 356, 356, 361, 364, 365, 368, 369, 370, 371, 372, 374, 375, 379, 379, 379]}
517 {0: [29, 29, 25, 25, 29, 26, 27, 28, 27, 27, 25, 25, 26, 27, 25, 25, 26, 26, 26, 26, 26, 25, 25, 25, 25, 26, 24, 25, 25, 23, 26, 26, 26, 27, 27, 29, 25, 26, 22, 23, 22, 22, 23, 22, 22, 23, 22, 22, 22, 22, 22, 22, 22, 22, 23, 22, 22, 22, 22, 23, 25, 23, 22, 23, 25, 25, 27, 24, 23, 24, 24, 25, 26, 26, 23, 22, 22, 22, 20, 24, 23, 23, 25, 26, 27, 26, 27, 26, 24, 26, 24, 24, 24, 24, 25, 25, 28, 26, 28, 30], 1: [240, 242, 246, 246, 247, 251, 251, 251, 254, 257, 259, 264, 264, 264, 266, 267, 268, 269, 269, 273, 274, 275, 275, 275, 275, 279, 283, 283, 283, 287, 288, 289, 289, 290, 290, 291, 297, 298, 303, 303, 305, 305, 305, 307, 307, 307, 308, 308, 308, 308, 309, 310, 310, 310, 311, 312, 313, 313, 313, 314, 314, 318, 321, 321, 321, 321, 321, 326, 330, 331, 332, 333, 335, 337, 341, 343, 345, 346, 349, 349, 352, 352, 352, 352, 353, 356, 356, 361, 364, 365, 368, 369, 370, 371, 372, 374, 375, 379, 379, 379]}
760 {0: [29, 29, 25, 25, 29, 26, 27, 28, 27, 27, 25, 25, 26, 27, 25, 25, 26, 26, 26, 26, 26, 25, 25, 25, 25, 26, 24, 25, 25, 23, 26, 26, 26, 27, 27, 29, 25, 26, 22, 23, 22, 22, 23, 22, 22, 23, 22, 22, 22, 22, 22, 22, 22, 22, 23, 22, 22, 22, 22, 23, 25, 23, 22, 23, 25, 25, 27, 24, 23, 24, 24, 25, 26, 26, 23, 22, 22, 22, 20, 24, 23, 23, 25, 26, 27, 26, 27, 26, 24, 26, 24, 24, 24, 24, 25, 25, 28, 26, 28, 30], 1: [240, 242, 246, 246, 247, 251, 251, 251, 254, 257, 259, 264, 264, 264, 266, 267, 268, 269, 269, 273, 274, 275, 275, 275, 275, 279, 283, 283, 283, 287, 288, 289, 289, 290, 290, 291, 297, 298, 303, 303, 305, 305, 305, 307, 307, 307, 308, 308, 308, 308, 309, 310, 310, 310, 311, 312, 313, 313, 313, 314, 314, 318, 321, 321, 321, 321, 321, 326, 330, 331, 332, 333, 335, 337, 341, 343, 345, 346, 349, 349, 352, 352, 352, 352, 353, 356, 356, 361, 364, 365, 368, 369, 370, 371, 372, 374, 375, 379, 379, 379]}
269 {0: [29, 29, 25, 25, 29, 26, 27, 28, 27, 27, 25, 25, 26, 27, 25, 25, 26, 26, 26, 26, 26, 25, 25, 25, 25, 26, 24, 25, 25, 23, 26, 26, 26, 27, 27, 29, 25, 26, 22, 23, 22, 22, 23, 22, 22, 23, 22, 22, 22, 22, 22, 22, 22, 22, 23, 22, 22, 22, 22, 23, 25, 23, 22, 23, 25, 25, 27, 24, 23, 24, 24, 25, 26, 26, 23, 22, 22, 22, 20, 24, 23, 23, 25, 26, 27, 26, 27, 26, 24, 26, 24, 24, 24, 24, 25, 25, 28, 26, 28, 30], 1: [240, 242, 246, 246, 247, 251, 251, 251, 254, 257, 259, 264, 264, 264, 266, 267, 268, 269, 269, 273, 274, 275, 275, 275, 275, 279, 283, 283, 283, 287, 288, 289, 289, 290, 290, 291, 297, 298, 303, 303, 305, 305, 305, 307, 307, 307, 308, 308, 308, 308, 309, 310, 310, 310, 311, 312, 313, 313, 313, 314, 314, 318, 321, 321, 321, 321, 321, 326, 330, 331, 332, 333, 335, 337, 341, 343, 345, 346, 349, 349, 352, 352, 352, 352, 353, 356, 356, 361, 364, 365, 368, 369, 370, 371, 372, 374, 375, 379, 379, 379]}
23 {0: [29, 29, 25, 25, 29, 26, 27, 28, 27, 27, 25, 25, 26, 27, 25, 25, 26, 26, 26, 26, 26, 25, 25, 25, 25, 26, 24, 25, 25, 23, 26, 26, 26, 27, 27, 29, 25, 26, 22, 23, 22, 22, 23, 22, 22, 23, 22, 22, 22, 22, 22, 22, 22, 22, 23, 22, 22, 22, 22, 23, 25, 23, 22, 23, 25, 25, 27, 24, 23, 24, 24, 25, 26, 26, 23, 22, 22, 22, 20, 24, 23, 23, 25, 26, 27, 26, 27, 26, 24, 26, 24, 24, 24, 24, 25, 25, 28, 26, 28, 30], 1: [240, 242, 246, 246, 247, 251, 251, 251, 254, 257, 259, 264, 264, 264, 266, 267, 268, 269, 269, 273, 274, 275, 275, 275, 275, 279, 283, 283, 283, 287, 288, 289, 289, 290, 290, 291, 297, 298, 303, 303, 305, 305, 305, 307, 307, 307, 308, 308, 308, 308, 309, 310, 310, 310, 311, 312, 313, 313, 313, 314, 314, 318, 321, 321, 321, 321, 321, 326, 330, 331, 332, 333, 335, 337, 341, 343, 345, 346, 349, 349, 352, 352, 352, 352, 353, 356, 356, 361, 364, 365, 368, 369, 370, 371, 372, 374, 375, 379, 379, 379]}
761 {0: [29, 29, 25, 25, 29, 26, 27, 28, 27, 27, 25, 25, 26, 27, 25, 25, 26, 26, 26, 26, 26, 25, 25, 25, 25, 26, 24, 25, 25, 23, 26, 26, 26, 27, 27, 29, 25, 26, 22, 23, 22, 22, 23, 22, 22, 23, 22, 22, 22, 22, 22, 22, 22, 22, 23, 22, 22, 22, 22, 23, 25, 23, 22, 23, 25, 25, 27, 24, 23, 24, 24, 25, 26, 26, 23, 22, 22, 22, 20, 24, 23, 23, 25, 26, 27, 26, 27, 26, 24, 26, 24, 24, 24, 24, 25, 25, 28, 26, 28, 30], 1: [240, 242, 246, 246, 247, 251, 251, 251, 254, 257, 259, 264, 264, 264, 266, 267, 268, 269, 269, 273, 274, 275, 275, 275, 275, 279, 283, 283, 283, 287, 288, 289, 289, 290, 290, 291, 297, 298, 303, 303, 305, 305, 305, 307, 307, 307, 308, 308, 308, 308, 309, 310, 310, 310, 311, 312, 313, 313, 313, 314, 314, 318, 321, 321, 321, 321, 321, 326, 330, 331, 332, 333, 335, 337, 341, 343, 345, 346, 349, 349, 352, 352, 352, 352, 353, 356, 356, 361, 364, 365, 368, 369, 370, 371, 372, 374, 375, 379, 379, 379]}
518 {0: [29, 29, 25, 25, 29, 26, 27, 28, 27, 27, 25, 25, 26, 27, 25, 25, 26, 26, 26, 26, 26, 25, 25, 25, 25, 26, 24, 25, 25, 23, 26, 26, 26, 27, 27, 29, 25, 26, 22, 23, 22, 22, 23, 22, 22, 23, 22, 22, 22, 22, 22, 22, 22, 22, 23, 22, 22, 22, 22, 23, 25, 23, 22, 23, 25, 25, 27, 24, 23, 24, 24, 25, 26, 26, 23, 22, 22, 22, 20, 24, 23, 23, 25, 26, 27, 26, 27, 26, 24, 26, 24, 24, 24, 24, 25, 25, 28, 26, 28, 30], 1: [240, 242, 246, 246, 247, 251, 251, 251, 254, 257, 259, 264, 264, 264, 266, 267, 268, 269, 269, 273, 274, 275, 275, 275, 275, 279, 283, 283, 283, 287, 288, 289, 289, 290, 290, 291, 297, 298, 303, 303, 305, 305, 305, 307, 307, 307, 308, 308, 308, 308, 309, 310, 310, 310, 311, 312, 313, 313, 313, 314, 314, 318, 321, 321, 321, 321, 321, 326, 330, 331, 332, 333, 335, 337, 341, 343, 345, 346, 349, 349, 352, 352, 352, 352, 353, 356, 356, 361, 364, 365, 368, 369, 370, 371, 372, 374, 375, 379, 379, 379]}
270 {0: [29, 29, 25, 25, 29, 26, 27, 28, 27, 27, 25, 25, 26, 27, 25, 25, 26, 26, 26, 26, 26, 25, 25, 25, 25, 26, 24, 25, 25, 23, 26, 26, 26, 27, 27, 29, 25, 26, 22, 23, 22, 22, 23, 22, 22, 23, 22, 22, 22, 22, 22, 22, 22, 22, 23, 22, 22, 22, 22, 23, 25, 23, 22, 23, 25, 25, 27, 24, 23, 24, 24, 25, 26, 26, 23, 22, 22, 22, 20, 24, 23, 23, 25, 26, 27, 26, 27, 26, 24, 26, 24, 24, 24, 24, 25, 25, 28, 26, 28, 30], 1: [240, 242, 246, 246, 247, 251, 251, 251, 254, 257, 259, 264, 264, 264, 266, 267, 268, 269, 269, 273, 274, 275, 275, 275, 275, 279, 283, 283, 283, 287, 288, 289, 289, 290, 290, 291, 297, 298, 303, 303, 305, 305, 305, 307, 307, 307, 308, 308, 308, 308, 309, 310, 310, 310, 311, 312, 313, 313, 313, 314, 314, 318, 321, 321, 321, 321, 321, 326, 330, 331, 332, 333, 335, 337, 341, 343, 345, 346, 349, 349, 352, 352, 352, 352, 353, 356, 356, 361, 364, 365, 368, 369, 370, 371, 372, 374, 375, 379, 379, 379]}
24 {0: [29, 29, 25, 25, 29, 26, 27, 28, 27, 27, 25, 25, 26, 27, 25, 25, 26, 26, 26, 26, 26, 25, 25, 25, 25, 26, 24, 25, 25, 23, 26, 26, 26, 27, 27, 29, 25, 26, 22, 23, 22, 22, 23, 22, 22, 23, 22, 22, 22, 22, 22, 22, 22, 22, 23, 22, 22, 22, 22, 23, 25, 23, 22, 23, 25, 25, 27, 24, 23, 24, 24, 25, 26, 26, 23, 22, 22, 22, 20, 24, 23, 23, 25, 26, 27, 26, 27, 26, 24, 26, 24, 24, 24, 24, 25, 25, 28, 26, 28, 30], 1: [240, 242, 246, 246, 247, 251, 251, 251, 254, 257, 259, 264, 264, 264, 266, 267, 268, 269, 269, 273, 274, 275, 275, 275, 275, 279, 283, 283, 283, 287, 288, 289, 289, 290, 290, 291, 297, 298, 303, 303, 305, 305, 305, 307, 307, 307, 308, 308, 308, 308, 309, 310, 310, 310, 311, 312, 313, 313, 313, 314, 314, 318, 321, 321, 321, 321, 321, 326, 330, 331, 332, 333, 335, 337, 341, 343, 345, 346, 349, 349, 352, 352, 352, 352, 353, 356, 356, 361, 364, 365, 368, 369, 370, 371, 372, 374, 375, 379, 379, 379]}
519 {0: [29, 29, 25, 25, 29, 26, 27, 28, 27, 27, 25, 25, 26, 27, 25, 25, 26, 26, 26, 26, 26, 25, 25, 25, 25, 26, 24, 25, 25, 23, 26, 26, 26, 27, 27, 29, 25, 26, 22, 23, 22, 22, 23, 22, 22, 23, 22, 22, 22, 22, 22, 22, 22, 22, 23, 22, 22, 22, 22, 23, 25, 23, 22, 23, 25, 25, 27, 24, 23, 24, 24, 25, 26, 26, 23, 22, 22, 22, 20, 24, 23, 23, 25, 26, 27, 26, 27, 26, 24, 26, 24, 24, 24, 24, 25, 25, 28, 26, 28, 30], 1: [240, 242, 246, 246, 247, 251, 251, 251, 254, 257, 259, 264, 264, 264, 266, 267, 268, 269, 269, 273, 274, 275, 275, 275, 275, 279, 283, 283, 283, 287, 288, 289, 289, 290, 290, 291, 297, 298, 303, 303, 305, 305, 305, 307, 307, 307, 308, 308, 308, 308, 309, 310, 310, 310, 311, 312, 313, 313, 313, 314, 314, 318, 321, 321, 321, 321, 321, 326, 330, 331, 332, 333, 335, 337, 341, 343, 345, 346, 349, 349, 352, 352, 352, 352, 353, 356, 356, 361, 364, 365, 368, 369, 370, 371, 372, 374, 375, 379, 379, 379]}
762 {0: [29, 29, 25, 25, 29, 26, 27, 28, 27, 27, 25, 25, 26, 27, 25, 25, 26, 26, 26, 26, 26, 25, 25, 25, 25, 26, 24, 25, 25, 23, 26, 26, 26, 27, 27, 29, 25, 26, 22, 23, 22, 22, 23, 22, 22, 23, 22, 22, 22, 22, 22, 22, 22, 22, 23, 22, 22, 22, 22, 23, 25, 23, 22, 23, 25, 25, 27, 24, 23, 24, 24, 25, 26, 26, 23, 22, 22, 22, 20, 24, 23, 23, 25, 26, 27, 26, 27, 26, 24, 26, 24, 24, 24, 24, 25, 25, 28, 26, 28, 30], 1: [240, 242, 246, 246, 247, 251, 251, 251, 254, 257, 259, 264, 264, 264, 266, 267, 268, 269, 269, 273, 274, 275, 275, 275, 275, 279, 283, 283, 283, 287, 288, 289, 289, 290, 290, 291, 297, 298, 303, 303, 305, 305, 305, 307, 307, 307, 308, 308, 308, 308, 309, 310, 310, 310, 311, 312, 313, 313, 313, 314, 314, 318, 321, 321, 321, 321, 321, 326, 330, 331, 332, 333, 335, 337, 341, 343, 345, 346, 349, 349, 352, 352, 352, 352, 353, 356, 356, 361, 364, 365, 368, 369, 370, 371, 372, 374, 375, 379, 379, 379]}
271 {0: [29, 29, 25, 25, 29, 26, 27, 28, 27, 27, 25, 25, 26, 27, 25, 25, 26, 26, 26, 26, 26, 25, 25, 25, 25, 26, 24, 25, 25, 23, 26, 26, 26, 27, 27, 29, 25, 26, 22, 23, 22, 22, 23, 22, 22, 23, 22, 22, 22, 22, 22, 22, 22, 22, 23, 22, 22, 22, 22, 23, 25, 23, 22, 23, 25, 25, 27, 24, 23, 24, 24, 25, 26, 26, 23, 22, 22, 22, 20, 24, 23, 23, 25, 26, 27, 26, 27, 26, 24, 26, 24, 24, 24, 24, 25, 25, 28, 26, 28, 30], 1: [240, 242, 246, 246, 247, 251, 251, 251, 254, 257, 259, 264, 264, 264, 266, 267, 268, 269, 269, 273, 274, 275, 275, 275, 275, 279, 283, 283, 283, 287, 288, 289, 289, 290, 290, 291, 297, 298, 303, 303, 305, 305, 305, 307, 307, 307, 308, 308, 308, 308, 309, 310, 310, 310, 311, 312, 313, 313, 313, 314, 314, 318, 321, 321, 321, 321, 321, 326, 330, 331, 332, 333, 335, 337, 341, 343, 345, 346, 349, 349, 352, 352, 352, 352, 353, 356, 356, 361, 364, 365, 368, 369, 370, 371, 372, 374, 375, 379, 379, 379]}
25 {0: [29, 29, 25, 25, 29, 26, 27, 28, 27, 27, 25, 25, 26, 27, 25, 25, 26, 26, 26, 26, 26, 25, 25, 25, 25, 26, 24, 25, 25, 23, 26, 26, 26, 27, 27, 29, 25, 26, 22, 23, 22, 22, 23, 22, 22, 23, 22, 22, 22, 22, 22, 22, 22, 22, 23, 22, 22, 22, 22, 23, 25, 23, 22, 23, 25, 25, 27, 24, 23, 24, 24, 25, 26, 26, 23, 22, 22, 22, 20, 24, 23, 23, 25, 26, 27, 26, 27, 26, 24, 26, 24, 24, 24, 24, 25, 25, 28, 26, 28, 30], 1: [240, 242, 246, 246, 247, 251, 251, 251, 254, 257, 259, 264, 264, 264, 266, 267, 268, 269, 269, 273, 274, 275, 275, 275, 275, 279, 283, 283, 283, 287, 288, 289, 289, 290, 290, 291, 297, 298, 303, 303, 305, 305, 305, 307, 307, 307, 308, 308, 308, 308, 309, 310, 310, 310, 311, 312, 313, 313, 313, 314, 314, 318, 321, 321, 321, 321, 321, 326, 330, 331, 332, 333, 335, 337, 341, 343, 345, 346, 349, 349, 352, 352, 352, 352, 353, 356, 356, 361, 364, 365, 368, 369, 370, 371, 372, 374, 375, 379, 379, 379]}
520 {0: [29, 29, 25, 25, 29, 26, 27, 28, 27, 27, 25, 25, 26, 27, 25, 25, 26, 26, 26, 26, 26, 25, 25, 25, 25, 26, 24, 25, 25, 23, 26, 26, 26, 27, 27, 29, 25, 26, 22, 23, 22, 22, 23, 22, 22, 23, 22, 22, 22, 22, 22, 22, 22, 22, 23, 22, 22, 22, 22, 23, 25, 23, 22, 23, 25, 25, 27, 24, 23, 24, 24, 25, 26, 26, 23, 22, 22, 22, 20, 24, 23, 23, 25, 26, 27, 26, 27, 26, 24, 26, 24, 24, 24, 24, 25, 25, 28, 26, 28, 30], 1: [240, 242, 246, 246, 247, 251, 251, 251, 254, 257, 259, 264, 264, 264, 266, 267, 268, 269, 269, 273, 274, 275, 275, 275, 275, 279, 283, 283, 283, 287, 288, 289, 289, 290, 290, 291, 297, 298, 303, 303, 305, 305, 305, 307, 307, 307, 308, 308, 308, 308, 309, 310, 310, 310, 311, 312, 313, 313, 313, 314, 314, 318, 321, 321, 321, 321, 321, 326, 330, 331, 332, 333, 335, 337, 341, 343, 345, 346, 349, 349, 352, 352, 352, 352, 353, 356, 356, 361, 364, 365, 368, 369, 370, 371, 372, 374, 375, 379, 379, 379]}
763 {0: [29, 29, 25, 25, 29, 26, 27, 28, 27, 27, 25, 25, 26, 27, 25, 25, 26, 26, 26, 26, 26, 25, 25, 25, 25, 26, 24, 25, 25, 23, 26, 26, 26, 27, 27, 29, 25, 26, 22, 23, 22, 22, 23, 22, 22, 23, 22, 22, 22, 22, 22, 22, 22, 22, 23, 22, 22, 22, 22, 23, 25, 23, 22, 23, 25, 25, 27, 24, 23, 24, 24, 25, 26, 26, 23, 22, 22, 22, 20, 24, 23, 23, 25, 26, 27, 26, 27, 26, 24, 26, 24, 24, 24, 24, 25, 25, 28, 26, 28, 30], 1: [240, 242, 246, 246, 247, 251, 251, 251, 254, 257, 259, 264, 264, 264, 266, 267, 268, 269, 269, 273, 274, 275, 275, 275, 275, 279, 283, 283, 283, 287, 288, 289, 289, 290, 290, 291, 297, 298, 303, 303, 305, 305, 305, 307, 307, 307, 308, 308, 308, 308, 309, 310, 310, 310, 311, 312, 313, 313, 313, 314, 314, 318, 321, 321, 321, 321, 321, 326, 330, 331, 332, 333, 335, 337, 341, 343, 345, 346, 349, 349, 352, 352, 352, 352, 353, 356, 356, 361, 364, 365, 368, 369, 370, 371, 372, 374, 375, 379, 379, 379]}
272 {0: [29, 29, 25, 25, 29, 26, 27, 28, 27, 27, 25, 25, 26, 27, 25, 25, 26, 26, 26, 26, 26, 25, 25, 25, 25, 26, 24, 25, 25, 23, 26, 26, 26, 27, 27, 29, 25, 26, 22, 23, 22, 22, 23, 22, 22, 23, 22, 22, 22, 22, 22, 22, 22, 22, 23, 22, 22, 22, 22, 23, 25, 23, 22, 23, 25, 25, 27, 24, 23, 24, 24, 25, 26, 26, 23, 22, 22, 22, 20, 24, 23, 23, 25, 26, 27, 26, 27, 26, 24, 26, 24, 24, 24, 24, 25, 25, 28, 26, 28, 30], 1: [240, 242, 246, 246, 247, 251, 251, 251, 254, 257, 259, 264, 264, 264, 266, 267, 268, 269, 269, 273, 274, 275, 275, 275, 275, 279, 283, 283, 283, 287, 288, 289, 289, 290, 290, 291, 297, 298, 303, 303, 305, 305, 305, 307, 307, 307, 308, 308, 308, 308, 309, 310, 310, 310, 311, 312, 313, 313, 313, 314, 314, 318, 321, 321, 321, 321, 321, 326, 330, 331, 332, 333, 335, 337, 341, 343, 345, 346, 349, 349, 352, 352, 352, 352, 353, 356, 356, 361, 364, 365, 368, 369, 370, 371, 372, 374, 375, 379, 379, 379]}
26 {0: [29, 29, 25, 25, 29, 26, 27, 28, 27, 27, 25, 25, 26, 27, 25, 25, 26, 26, 26, 26, 26, 25, 25, 25, 25, 26, 24, 25, 25, 23, 26, 26, 26, 27, 27, 29, 25, 26, 22, 23, 22, 22, 23, 22, 22, 23, 22, 22, 22, 22, 22, 22, 22, 22, 23, 22, 22, 22, 22, 23, 25, 23, 22, 23, 25, 25, 27, 24, 23, 24, 24, 25, 26, 26, 23, 22, 22, 22, 20, 24, 23, 23, 25, 26, 27, 26, 27, 26, 24, 26, 24, 24, 24, 24, 25, 25, 28, 26, 28, 30], 1: [240, 242, 246, 246, 247, 251, 251, 251, 254, 257, 259, 264, 264, 264, 266, 267, 268, 269, 269, 273, 274, 275, 275, 275, 275, 279, 283, 283, 283, 287, 288, 289, 289, 290, 290, 291, 297, 298, 303, 303, 305, 305, 305, 307, 307, 307, 308, 308, 308, 308, 309, 310, 310, 310, 311, 312, 313, 313, 313, 314, 314, 318, 321, 321, 321, 321, 321, 326, 330, 331, 332, 333, 335, 337, 341, 343, 345, 346, 349, 349, 352, 352, 352, 352, 353, 356, 356, 361, 364, 365, 368, 369, 370, 371, 372, 374, 375, 379, 379, 379]}
521 {0: [29, 29, 25, 25, 29, 26, 27, 28, 27, 27, 25, 25, 26, 27, 25, 25, 26, 26, 26, 26, 26, 25, 25, 25, 25, 26, 24, 25, 25, 23, 26, 26, 26, 27, 27, 29, 25, 26, 22, 23, 22, 22, 23, 22, 22, 23, 22, 22, 22, 22, 22, 22, 22, 22, 23, 22, 22, 22, 22, 23, 25, 23, 22, 23, 25, 25, 27, 24, 23, 24, 24, 25, 26, 26, 23, 22, 22, 22, 20, 24, 23, 23, 25, 26, 27, 26, 27, 26, 24, 26, 24, 24, 24, 24, 25, 25, 28, 26, 28, 30], 1: [240, 242, 246, 246, 247, 251, 251, 251, 254, 257, 259, 264, 264, 264, 266, 267, 268, 269, 269, 273, 274, 275, 275, 275, 275, 279, 283, 283, 283, 287, 288, 289, 289, 290, 290, 291, 297, 298, 303, 303, 305, 305, 305, 307, 307, 307, 308, 308, 308, 308, 309, 310, 310, 310, 311, 312, 313, 313, 313, 314, 314, 318, 321, 321, 321, 321, 321, 326, 330, 331, 332, 333, 335, 337, 341, 343, 345, 346, 349, 349, 352, 352, 352, 352, 353, 356, 356, 361, 364, 365, 368, 369, 370, 371, 372, 374, 375, 379, 379, 379]}
764 {0: [29, 29, 25, 25, 29, 26, 27, 28, 27, 27, 25, 25, 26, 27, 25, 25, 26, 26, 26, 26, 26, 25, 25, 25, 25, 26, 24, 25, 25, 23, 26, 26, 26, 27, 27, 29, 25, 26, 22, 23, 22, 22, 23, 22, 22, 23, 22, 22, 22, 22, 22, 22, 22, 22, 23, 22, 22, 22, 22, 23, 25, 23, 22, 23, 25, 25, 27, 24, 23, 24, 24, 25, 26, 26, 23, 22, 22, 22, 20, 24, 23, 23, 25, 26, 27, 26, 27, 26, 24, 26, 24, 24, 24, 24, 25, 25, 28, 26, 28, 30], 1: [240, 242, 246, 246, 247, 251, 251, 251, 254, 257, 259, 264, 264, 264, 266, 267, 268, 269, 269, 273, 274, 275, 275, 275, 275, 279, 283, 283, 283, 287, 288, 289, 289, 290, 290, 291, 297, 298, 303, 303, 305, 305, 305, 307, 307, 307, 308, 308, 308, 308, 309, 310, 310, 310, 311, 312, 313, 313, 313, 314, 314, 318, 321, 321, 321, 321, 321, 326, 330, 331, 332, 333, 335, 337, 341, 343, 345, 346, 349, 349, 352, 352, 352, 352, 353, 356, 356, 361, 364, 365, 368, 369, 370, 371, 372, 374, 375, 379, 379, 379]}
273 {0: [29, 29, 25, 25, 29, 26, 27, 28, 27, 27, 25, 25, 26, 27, 25, 25, 26, 26, 26, 26, 26, 25, 25, 25, 25, 26, 24, 25, 25, 23, 26, 26, 26, 27, 27, 29, 25, 26, 22, 23, 22, 22, 23, 22, 22, 23, 22, 22, 22, 22, 22, 22, 22, 22, 23, 22, 22, 22, 22, 23, 25, 23, 22, 23, 25, 25, 27, 24, 23, 24, 24, 25, 26, 26, 23, 22, 22, 22, 20, 24, 23, 23, 25, 26, 27, 26, 27, 26, 24, 26, 24, 24, 24, 24, 25, 25, 28, 26, 28, 30], 1: [240, 242, 246, 246, 247, 251, 251, 251, 254, 257, 259, 264, 264, 264, 266, 267, 268, 269, 269, 273, 274, 275, 275, 275, 275, 279, 283, 283, 283, 287, 288, 289, 289, 290, 290, 291, 297, 298, 303, 303, 305, 305, 305, 307, 307, 307, 308, 308, 308, 308, 309, 310, 310, 310, 311, 312, 313, 313, 313, 314, 314, 318, 321, 321, 321, 321, 321, 326, 330, 331, 332, 333, 335, 337, 341, 343, 345, 346, 349, 349, 352, 352, 352, 352, 353, 356, 356, 361, 364, 365, 368, 369, 370, 371, 372, 374, 375, 379, 379, 379]}
27 {0: [29, 29, 25, 25, 29, 26, 27, 28, 27, 27, 25, 25, 26, 27, 25, 25, 26, 26, 26, 26, 26, 25, 25, 25, 25, 26, 24, 25, 25, 23, 26, 26, 26, 27, 27, 29, 25, 26, 22, 23, 22, 22, 23, 22, 22, 23, 22, 22, 22, 22, 22, 22, 22, 22, 23, 22, 22, 22, 22, 23, 25, 23, 22, 23, 25, 25, 27, 24, 23, 24, 24, 25, 26, 26, 23, 22, 22, 22, 20, 24, 23, 23, 25, 26, 27, 26, 27, 26, 24, 26, 24, 24, 24, 24, 25, 25, 28, 26, 28, 30], 1: [240, 242, 246, 246, 247, 251, 251, 251, 254, 257, 259, 264, 264, 264, 266, 267, 268, 269, 269, 273, 274, 275, 275, 275, 275, 279, 283, 283, 283, 287, 288, 289, 289, 290, 290, 291, 297, 298, 303, 303, 305, 305, 305, 307, 307, 307, 308, 308, 308, 308, 309, 310, 310, 310, 311, 312, 313, 313, 313, 314, 314, 318, 321, 321, 321, 321, 321, 326, 330, 331, 332, 333, 335, 337, 341, 343, 345, 346, 349, 349, 352, 352, 352, 352, 353, 356, 356, 361, 364, 365, 368, 369, 370, 371, 372, 374, 375, 379, 379, 379]}
522 {0: [29, 29, 25, 25, 29, 26, 27, 28, 27, 27, 25, 25, 26, 27, 25, 25, 26, 26, 26, 26, 26, 25, 25, 25, 25, 26, 24, 25, 25, 23, 26, 26, 26, 27, 27, 29, 25, 26, 22, 23, 22, 22, 23, 22, 22, 23, 22, 22, 22, 22, 22, 22, 22, 22, 23, 22, 22, 22, 22, 23, 25, 23, 22, 23, 25, 25, 27, 24, 23, 24, 24, 25, 26, 26, 23, 22, 22, 22, 20, 24, 23, 23, 25, 26, 27, 26, 27, 26, 24, 26, 24, 24, 24, 24, 25, 25, 28, 26, 28, 30], 1: [240, 242, 246, 246, 247, 251, 251, 251, 254, 257, 259, 264, 264, 264, 266, 267, 268, 269, 269, 273, 274, 275, 275, 275, 275, 279, 283, 283, 283, 287, 288, 289, 289, 290, 290, 291, 297, 298, 303, 303, 305, 305, 305, 307, 307, 307, 308, 308, 308, 308, 309, 310, 310, 310, 311, 312, 313, 313, 313, 314, 314, 318, 321, 321, 321, 321, 321, 326, 330, 331, 332, 333, 335, 337, 341, 343, 345, 346, 349, 349, 352, 352, 352, 352, 353, 356, 356, 361, 364, 365, 368, 369, 370, 371, 372, 374, 375, 379, 379, 379]}
274 {0: [29, 29, 25, 25, 29, 26, 27, 28, 27, 27, 25, 25, 26, 27, 25, 25, 26, 26, 26, 26, 26, 25, 25, 25, 25, 26, 24, 25, 25, 23, 26, 26, 26, 27, 27, 29, 25, 26, 22, 23, 22, 22, 23, 22, 22, 23, 22, 22, 22, 22, 22, 22, 22, 22, 23, 22, 22, 22, 22, 23, 25, 23, 22, 23, 25, 25, 27, 24, 23, 24, 24, 25, 26, 26, 23, 22, 22, 22, 20, 24, 23, 23, 25, 26, 27, 26, 27, 26, 24, 26, 24, 24, 24, 24, 25, 25, 28, 26, 28, 30], 1: [240, 242, 246, 246, 247, 251, 251, 251, 254, 257, 259, 264, 264, 264, 266, 267, 268, 269, 269, 273, 274, 275, 275, 275, 275, 279, 283, 283, 283, 287, 288, 289, 289, 290, 290, 291, 297, 298, 303, 303, 305, 305, 305, 307, 307, 307, 308, 308, 308, 308, 309, 310, 310, 310, 311, 312, 313, 313, 313, 314, 314, 318, 321, 321, 321, 321, 321, 326, 330, 331, 332, 333, 335, 337, 341, 343, 345, 346, 349, 349, 352, 352, 352, 352, 353, 356, 356, 361, 364, 365, 368, 369, 370, 371, 372, 374, 375, 379, 379, 379]}
765 {0: [29, 29, 25, 25, 29, 26, 27, 28, 27, 27, 25, 25, 26, 27, 25, 25, 26, 26, 26, 26, 26, 25, 25, 25, 25, 26, 24, 25, 25, 23, 26, 26, 26, 27, 27, 29, 25, 26, 22, 23, 22, 22, 23, 22, 22, 23, 22, 22, 22, 22, 22, 22, 22, 22, 23, 22, 22, 22, 22, 23, 25, 23, 22, 23, 25, 25, 27, 24, 23, 24, 24, 25, 26, 26, 23, 22, 22, 22, 20, 24, 23, 23, 25, 26, 27, 26, 27, 26, 24, 26, 24, 24, 24, 24, 25, 25, 28, 26, 28, 30], 1: [240, 242, 246, 246, 247, 251, 251, 251, 254, 257, 259, 264, 264, 264, 266, 267, 268, 269, 269, 273, 274, 275, 275, 275, 275, 279, 283, 283, 283, 287, 288, 289, 289, 290, 290, 291, 297, 298, 303, 303, 305, 305, 305, 307, 307, 307, 308, 308, 308, 308, 309, 310, 310, 310, 311, 312, 313, 313, 313, 314, 314, 318, 321, 321, 321, 321, 321, 326, 330, 331, 332, 333, 335, 337, 341, 343, 345, 346, 349, 349, 352, 352, 352, 352, 353, 356, 356, 361, 364, 365, 368, 369, 370, 371, 372, 374, 375, 379, 379, 379]}
28 {0: [29, 29, 25, 25, 29, 26, 27, 28, 27, 27, 25, 25, 26, 27, 25, 25, 26, 26, 26, 26, 26, 25, 25, 25, 25, 26, 24, 25, 25, 23, 26, 26, 26, 27, 27, 29, 25, 26, 22, 23, 22, 22, 23, 22, 22, 23, 22, 22, 22, 22, 22, 22, 22, 22, 23, 22, 22, 22, 22, 23, 25, 23, 22, 23, 25, 25, 27, 24, 23, 24, 24, 25, 26, 26, 23, 22, 22, 22, 20, 24, 23, 23, 25, 26, 27, 26, 27, 26, 24, 26, 24, 24, 24, 24, 25, 25, 28, 26, 28, 30], 1: [240, 242, 246, 246, 247, 251, 251, 251, 254, 257, 259, 264, 264, 264, 266, 267, 268, 269, 269, 273, 274, 275, 275, 275, 275, 279, 283, 283, 283, 287, 288, 289, 289, 290, 290, 291, 297, 298, 303, 303, 305, 305, 305, 307, 307, 307, 308, 308, 308, 308, 309, 310, 310, 310, 311, 312, 313, 313, 313, 314, 314, 318, 321, 321, 321, 321, 321, 326, 330, 331, 332, 333, 335, 337, 341, 343, 345, 346, 349, 349, 352, 352, 352, 352, 353, 356, 356, 361, 364, 365, 368, 369, 370, 371, 372, 374, 375, 379, 379, 379]}
523 {0: [29, 29, 25, 25, 29, 26, 27, 28, 27, 27, 25, 25, 26, 27, 25, 25, 26, 26, 26, 26, 26, 25, 25, 25, 25, 26, 24, 25, 25, 23, 26, 26, 26, 27, 27, 29, 25, 26, 22, 23, 22, 22, 23, 22, 22, 23, 22, 22, 22, 22, 22, 22, 22, 22, 23, 22, 22, 22, 22, 23, 25, 23, 22, 23, 25, 25, 27, 24, 23, 24, 24, 25, 26, 26, 23, 22, 22, 22, 20, 24, 23, 23, 25, 26, 27, 26, 27, 26, 24, 26, 24, 24, 24, 24, 25, 25, 28, 26, 28, 30], 1: [240, 242, 246, 246, 247, 251, 251, 251, 254, 257, 259, 264, 264, 264, 266, 267, 268, 269, 269, 273, 274, 275, 275, 275, 275, 279, 283, 283, 283, 287, 288, 289, 289, 290, 290, 291, 297, 298, 303, 303, 305, 305, 305, 307, 307, 307, 308, 308, 308, 308, 309, 310, 310, 310, 311, 312, 313, 313, 313, 314, 314, 318, 321, 321, 321, 321, 321, 326, 330, 331, 332, 333, 335, 337, 341, 343, 345, 346, 349, 349, 352, 352, 352, 352, 353, 356, 356, 361, 364, 365, 368, 369, 370, 371, 372, 374, 375, 379, 379, 379]}
275 {0: [29, 29, 25, 25, 29, 26, 27, 28, 27, 27, 25, 25, 26, 27, 25, 25, 26, 26, 26, 26, 26, 25, 25, 25, 25, 26, 24, 25, 25, 23, 26, 26, 26, 27, 27, 29, 25, 26, 22, 23, 22, 22, 23, 22, 22, 23, 22, 22, 22, 22, 22, 22, 22, 22, 23, 22, 22, 22, 22, 23, 25, 23, 22, 23, 25, 25, 27, 24, 23, 24, 24, 25, 26, 26, 23, 22, 22, 22, 20, 24, 23, 23, 25, 26, 27, 26, 27, 26, 24, 26, 24, 24, 24, 24, 25, 25, 28, 26, 28, 30], 1: [240, 242, 246, 246, 247, 251, 251, 251, 254, 257, 259, 264, 264, 264, 266, 267, 268, 269, 269, 273, 274, 275, 275, 275, 275, 279, 283, 283, 283, 287, 288, 289, 289, 290, 290, 291, 297, 298, 303, 303, 305, 305, 305, 307, 307, 307, 308, 308, 308, 308, 309, 310, 310, 310, 311, 312, 313, 313, 313, 314, 314, 318, 321, 321, 321, 321, 321, 326, 330, 331, 332, 333, 335, 337, 341, 343, 345, 346, 349, 349, 352, 352, 352, 352, 353, 356, 356, 361, 364, 365, 368, 369, 370, 371, 372, 374, 375, 379, 379, 379]}
766 {0: [29, 29, 25, 25, 29, 26, 27, 28, 27, 27, 25, 25, 26, 27, 25, 25, 26, 26, 26, 26, 26, 25, 25, 25, 25, 26, 24, 25, 25, 23, 26, 26, 26, 27, 27, 29, 25, 26, 22, 23, 22, 22, 23, 22, 22, 23, 22, 22, 22, 22, 22, 22, 22, 22, 23, 22, 22, 22, 22, 23, 25, 23, 22, 23, 25, 25, 27, 24, 23, 24, 24, 25, 26, 26, 23, 22, 22, 22, 20, 24, 23, 23, 25, 26, 27, 26, 27, 26, 24, 26, 24, 24, 24, 24, 25, 25, 28, 26, 28, 30], 1: [240, 242, 246, 246, 247, 251, 251, 251, 254, 257, 259, 264, 264, 264, 266, 267, 268, 269, 269, 273, 274, 275, 275, 275, 275, 279, 283, 283, 283, 287, 288, 289, 289, 290, 290, 291, 297, 298, 303, 303, 305, 305, 305, 307, 307, 307, 308, 308, 308, 308, 309, 310, 310, 310, 311, 312, 313, 313, 313, 314, 314, 318, 321, 321, 321, 321, 321, 326, 330, 331, 332, 333, 335, 337, 341, 343, 345, 346, 349, 349, 352, 352, 352, 352, 353, 356, 356, 361, 364, 365, 368, 369, 370, 371, 372, 374, 375, 379, 379, 379]}
29 {0: [29, 29, 25, 25, 29, 26, 27, 28, 27, 27, 25, 25, 26, 27, 25, 25, 26, 26, 26, 26, 26, 25, 25, 25, 25, 26, 24, 25, 25, 23, 26, 26, 26, 27, 27, 29, 25, 26, 22, 23, 22, 22, 23, 22, 22, 23, 22, 22, 22, 22, 22, 22, 22, 22, 23, 22, 22, 22, 22, 23, 25, 23, 22, 23, 25, 25, 27, 24, 23, 24, 24, 25, 26, 26, 23, 22, 22, 22, 20, 24, 23, 23, 25, 26, 27, 26, 27, 26, 24, 26, 24, 24, 24, 24, 25, 25, 28, 26, 28, 30], 1: [240, 242, 246, 246, 247, 251, 251, 251, 254, 257, 259, 264, 264, 264, 266, 267, 268, 269, 269, 273, 274, 275, 275, 275, 275, 279, 283, 283, 283, 287, 288, 289, 289, 290, 290, 291, 297, 298, 303, 303, 305, 305, 305, 307, 307, 307, 308, 308, 308, 308, 309, 310, 310, 310, 311, 312, 313, 313, 313, 314, 314, 318, 321, 321, 321, 321, 321, 326, 330, 331, 332, 333, 335, 337, 341, 343, 345, 346, 349, 349, 352, 352, 352, 352, 353, 356, 356, 361, 364, 365, 368, 369, 370, 371, 372, 374, 375, 379, 379, 379]}
524 {0: [29, 29, 25, 25, 29, 26, 27, 28, 27, 27, 25, 25, 26, 27, 25, 25, 26, 26, 26, 26, 26, 25, 25, 25, 25, 26, 24, 25, 25, 23, 26, 26, 26, 27, 27, 29, 25, 26, 22, 23, 22, 22, 23, 22, 22, 23, 22, 22, 22, 22, 22, 22, 22, 22, 23, 22, 22, 22, 22, 23, 25, 23, 22, 23, 25, 25, 27, 24, 23, 24, 24, 25, 26, 26, 23, 22, 22, 22, 20, 24, 23, 23, 25, 26, 27, 26, 27, 26, 24, 26, 24, 24, 24, 24, 25, 25, 28, 26, 28, 30], 1: [240, 242, 246, 246, 247, 251, 251, 251, 254, 257, 259, 264, 264, 264, 266, 267, 268, 269, 269, 273, 274, 275, 275, 275, 275, 279, 283, 283, 283, 287, 288, 289, 289, 290, 290, 291, 297, 298, 303, 303, 305, 305, 305, 307, 307, 307, 308, 308, 308, 308, 309, 310, 310, 310, 311, 312, 313, 313, 313, 314, 314, 318, 321, 321, 321, 321, 321, 326, 330, 331, 332, 333, 335, 337, 341, 343, 345, 346, 349, 349, 352, 352, 352, 352, 353, 356, 356, 361, 364, 365, 368, 369, 370, 371, 372, 374, 375, 379, 379, 379]}
767 {0: [29, 29, 25, 25, 29, 26, 27, 28, 27, 27, 25, 25, 26, 27, 25, 25, 26, 26, 26, 26, 26, 25, 25, 25, 25, 26, 24, 25, 25, 23, 26, 26, 26, 27, 27, 29, 25, 26, 22, 23, 22, 22, 23, 22, 22, 23, 22, 22, 22, 22, 22, 22, 22, 22, 23, 22, 22, 22, 22, 23, 25, 23, 22, 23, 25, 25, 27, 24, 23, 24, 24, 25, 26, 26, 23, 22, 22, 22, 20, 24, 23, 23, 25, 26, 27, 26, 27, 26, 24, 26, 24, 24, 24, 24, 25, 25, 28, 26, 28, 30], 1: [240, 242, 246, 246, 247, 251, 251, 251, 254, 257, 259, 264, 264, 264, 266, 267, 268, 269, 269, 273, 274, 275, 275, 275, 275, 279, 283, 283, 283, 287, 288, 289, 289, 290, 290, 291, 297, 298, 303, 303, 305, 305, 305, 307, 307, 307, 308, 308, 308, 308, 309, 310, 310, 310, 311, 312, 313, 313, 313, 314, 314, 318, 321, 321, 321, 321, 321, 326, 330, 331, 332, 333, 335, 337, 341, 343, 345, 346, 349, 349, 352, 352, 352, 352, 353, 356, 356, 361, 364, 365, 368, 369, 370, 371, 372, 374, 375, 379, 379, 379]}
276 {0: [29, 29, 25, 25, 29, 26, 27, 28, 27, 27, 25, 25, 26, 27, 25, 25, 26, 26, 26, 26, 26, 25, 25, 25, 25, 26, 24, 25, 25, 23, 26, 26, 26, 27, 27, 29, 25, 26, 22, 23, 22, 22, 23, 22, 22, 23, 22, 22, 22, 22, 22, 22, 22, 22, 23, 22, 22, 22, 22, 23, 25, 23, 22, 23, 25, 25, 27, 24, 23, 24, 24, 25, 26, 26, 23, 22, 22, 22, 20, 24, 23, 23, 25, 26, 27, 26, 27, 26, 24, 26, 24, 24, 24, 24, 25, 25, 28, 26, 28, 30], 1: [240, 242, 246, 246, 247, 251, 251, 251, 254, 257, 259, 264, 264, 264, 266, 267, 268, 269, 269, 273, 274, 275, 275, 275, 275, 279, 283, 283, 283, 287, 288, 289, 289, 290, 290, 291, 297, 298, 303, 303, 305, 305, 305, 307, 307, 307, 308, 308, 308, 308, 309, 310, 310, 310, 311, 312, 313, 313, 313, 314, 314, 318, 321, 321, 321, 321, 321, 326, 330, 331, 332, 333, 335, 337, 341, 343, 345, 346, 349, 349, 352, 352, 352, 352, 353, 356, 356, 361, 364, 365, 368, 369, 370, 371, 372, 374, 375, 379, 379, 379]}
30 {0: [29, 29, 25, 25, 29, 26, 27, 28, 27, 27, 25, 25, 26, 27, 25, 25, 26, 26, 26, 26, 26, 25, 25, 25, 25, 26, 24, 25, 25, 23, 26, 26, 26, 27, 27, 29, 25, 26, 22, 23, 22, 22, 23, 22, 22, 23, 22, 22, 22, 22, 22, 22, 22, 22, 23, 22, 22, 22, 22, 23, 25, 23, 22, 23, 25, 25, 27, 24, 23, 24, 24, 25, 26, 26, 23, 22, 22, 22, 20, 24, 23, 23, 25, 26, 27, 26, 27, 26, 24, 26, 24, 24, 24, 24, 25, 25, 28, 26, 28, 30], 1: [240, 242, 246, 246, 247, 251, 251, 251, 254, 257, 259, 264, 264, 264, 266, 267, 268, 269, 269, 273, 274, 275, 275, 275, 275, 279, 283, 283, 283, 287, 288, 289, 289, 290, 290, 291, 297, 298, 303, 303, 305, 305, 305, 307, 307, 307, 308, 308, 308, 308, 309, 310, 310, 310, 311, 312, 313, 313, 313, 314, 314, 318, 321, 321, 321, 321, 321, 326, 330, 331, 332, 333, 335, 337, 341, 343, 345, 346, 349, 349, 352, 352, 352, 352, 353, 356, 356, 361, 364, 365, 368, 369, 370, 371, 372, 374, 375, 379, 379, 379]}
277 {0: [29, 29, 25, 25, 29, 26, 27, 28, 27, 27, 25, 25, 26, 27, 25, 25, 26, 26, 26, 26, 26, 25, 25, 25, 25, 26, 24, 25, 25, 23, 26, 26, 26, 27, 27, 29, 25, 26, 22, 23, 22, 22, 23, 22, 22, 23, 22, 22, 22, 22, 22, 22, 22, 22, 23, 22, 22, 22, 22, 23, 25, 23, 22, 23, 25, 25, 27, 24, 23, 24, 24, 25, 26, 26, 23, 22, 22, 22, 20, 24, 23, 23, 25, 26, 27, 26, 27, 26, 24, 26, 24, 24, 24, 24, 25, 25, 28, 26, 28, 30], 1: [240, 242, 246, 246, 247, 251, 251, 251, 254, 257, 259, 264, 264, 264, 266, 267, 268, 269, 269, 273, 274, 275, 275, 275, 275, 279, 283, 283, 283, 287, 288, 289, 289, 290, 290, 291, 297, 298, 303, 303, 305, 305, 305, 307, 307, 307, 308, 308, 308, 308, 309, 310, 310, 310, 311, 312, 313, 313, 313, 314, 314, 318, 321, 321, 321, 321, 321, 326, 330, 331, 332, 333, 335, 337, 341, 343, 345, 346, 349, 349, 352, 352, 352, 352, 353, 356, 356, 361, 364, 365, 368, 369, 370, 371, 372, 374, 375, 379, 379, 379]}
525 {0: [29, 29, 25, 25, 29, 26, 27, 28, 27, 27, 25, 25, 26, 27, 25, 25, 26, 26, 26, 26, 26, 25, 25, 25, 25, 26, 24, 25, 25, 23, 26, 26, 26, 27, 27, 29, 25, 26, 22, 23, 22, 22, 23, 22, 22, 23, 22, 22, 22, 22, 22, 22, 22, 22, 23, 22, 22, 22, 22, 23, 25, 23, 22, 23, 25, 25, 27, 24, 23, 24, 24, 25, 26, 26, 23, 22, 22, 22, 20, 24, 23, 23, 25, 26, 27, 26, 27, 26, 24, 26, 24, 24, 24, 24, 25, 25, 28, 26, 28, 30], 1: [240, 242, 246, 246, 247, 251, 251, 251, 254, 257, 259, 264, 264, 264, 266, 267, 268, 269, 269, 273, 274, 275, 275, 275, 275, 279, 283, 283, 283, 287, 288, 289, 289, 290, 290, 291, 297, 298, 303, 303, 305, 305, 305, 307, 307, 307, 308, 308, 308, 308, 309, 310, 310, 310, 311, 312, 313, 313, 313, 314, 314, 318, 321, 321, 321, 321, 321, 326, 330, 331, 332, 333, 335, 337, 341, 343, 345, 346, 349, 349, 352, 352, 352, 352, 353, 356, 356, 361, 364, 365, 368, 369, 370, 371, 372, 374, 375, 379, 379, 379]}
768 {0: [29, 29, 25, 25, 29, 26, 27, 28, 27, 27, 25, 25, 26, 27, 25, 25, 26, 26, 26, 26, 26, 25, 25, 25, 25, 26, 24, 25, 25, 23, 26, 26, 26, 27, 27, 29, 25, 26, 22, 23, 22, 22, 23, 22, 22, 23, 22, 22, 22, 22, 22, 22, 22, 22, 23, 22, 22, 22, 22, 23, 25, 23, 22, 23, 25, 25, 27, 24, 23, 24, 24, 25, 26, 26, 23, 22, 22, 22, 20, 24, 23, 23, 25, 26, 27, 26, 27, 26, 24, 26, 24, 24, 24, 24, 25, 25, 28, 26, 28, 30], 1: [240, 242, 246, 246, 247, 251, 251, 251, 254, 257, 259, 264, 264, 264, 266, 267, 268, 269, 269, 273, 274, 275, 275, 275, 275, 279, 283, 283, 283, 287, 288, 289, 289, 290, 290, 291, 297, 298, 303, 303, 305, 305, 305, 307, 307, 307, 308, 308, 308, 308, 309, 310, 310, 310, 311, 312, 313, 313, 313, 314, 314, 318, 321, 321, 321, 321, 321, 326, 330, 331, 332, 333, 335, 337, 341, 343, 345, 346, 349, 349, 352, 352, 352, 352, 353, 356, 356, 361, 364, 365, 368, 369, 370, 371, 372, 374, 375, 379, 379, 379]}
31 {0: [29, 29, 25, 25, 29, 26, 27, 28, 27, 27, 25, 25, 26, 27, 25, 25, 26, 26, 26, 26, 26, 25, 25, 25, 25, 26, 24, 25, 25, 23, 26, 26, 26, 27, 27, 29, 25, 26, 22, 23, 22, 22, 23, 22, 22, 23, 22, 22, 22, 22, 22, 22, 22, 22, 23, 22, 22, 22, 22, 23, 25, 23, 22, 23, 25, 25, 27, 24, 23, 24, 24, 25, 26, 26, 23, 22, 22, 22, 20, 24, 23, 23, 25, 26, 27, 26, 27, 26, 24, 26, 24, 24, 24, 24, 25, 25, 28, 26, 28, 30], 1: [240, 242, 246, 246, 247, 251, 251, 251, 254, 257, 259, 264, 264, 264, 266, 267, 268, 269, 269, 273, 274, 275, 275, 275, 275, 279, 283, 283, 283, 287, 288, 289, 289, 290, 290, 291, 297, 298, 303, 303, 305, 305, 305, 307, 307, 307, 308, 308, 308, 308, 309, 310, 310, 310, 311, 312, 313, 313, 313, 314, 314, 318, 321, 321, 321, 321, 321, 326, 330, 331, 332, 333, 335, 337, 341, 343, 345, 346, 349, 349, 352, 352, 352, 352, 353, 356, 356, 361, 364, 365, 368, 369, 370, 371, 372, 374, 375, 379, 379, 379]}
769 {0: [29, 29, 25, 25, 29, 26, 27, 28, 27, 27, 25, 25, 26, 27, 25, 25, 26, 26, 26, 26, 26, 25, 25, 25, 25, 26, 24, 25, 25, 23, 26, 26, 26, 27, 27, 29, 25, 26, 22, 23, 22, 22, 23, 22, 22, 23, 22, 22, 22, 22, 22, 22, 22, 22, 23, 22, 22, 22, 22, 23, 25, 23, 22, 23, 25, 25, 27, 24, 23, 24, 24, 25, 26, 26, 23, 22, 22, 22, 20, 24, 23, 23, 25, 26, 27, 26, 27, 26, 24, 26, 24, 24, 24, 24, 25, 25, 28, 26, 28, 30], 1: [240, 242, 246, 246, 247, 251, 251, 251, 254, 257, 259, 264, 264, 264, 266, 267, 268, 269, 269, 273, 274, 275, 275, 275, 275, 279, 283, 283, 283, 287, 288, 289, 289, 290, 290, 291, 297, 298, 303, 303, 305, 305, 305, 307, 307, 307, 308, 308, 308, 308, 309, 310, 310, 310, 311, 312, 313, 313, 313, 314, 314, 318, 321, 321, 321, 321, 321, 326, 330, 331, 332, 333, 335, 337, 341, 343, 345, 346, 349, 349, 352, 352, 352, 352, 353, 356, 356, 361, 364, 365, 368, 369, 370, 371, 372, 374, 375, 379, 379, 379]}
278 {0: [29, 29, 25, 25, 29, 26, 27, 28, 27, 27, 25, 25, 26, 27, 25, 25, 26, 26, 26, 26, 26, 25, 25, 25, 25, 26, 24, 25, 25, 23, 26, 26, 26, 27, 27, 29, 25, 26, 22, 23, 22, 22, 23, 22, 22, 23, 22, 22, 22, 22, 22, 22, 22, 22, 23, 22, 22, 22, 22, 23, 25, 23, 22, 23, 25, 25, 27, 24, 23, 24, 24, 25, 26, 26, 23, 22, 22, 22, 20, 24, 23, 23, 25, 26, 27, 26, 27, 26, 24, 26, 24, 24, 24, 24, 25, 25, 28, 26, 28, 30], 1: [240, 242, 246, 246, 247, 251, 251, 251, 254, 257, 259, 264, 264, 264, 266, 267, 268, 269, 269, 273, 274, 275, 275, 275, 275, 279, 283, 283, 283, 287, 288, 289, 289, 290, 290, 291, 297, 298, 303, 303, 305, 305, 305, 307, 307, 307, 308, 308, 308, 308, 309, 310, 310, 310, 311, 312, 313, 313, 313, 314, 314, 318, 321, 321, 321, 321, 321, 326, 330, 331, 332, 333, 335, 337, 341, 343, 345, 346, 349, 349, 352, 352, 352, 352, 353, 356, 356, 361, 364, 365, 368, 369, 370, 371, 372, 374, 375, 379, 379, 379]}
526 {0: [29, 29, 25, 25, 29, 26, 27, 28, 27, 27, 25, 25, 26, 27, 25, 25, 26, 26, 26, 26, 26, 25, 25, 25, 25, 26, 24, 25, 25, 23, 26, 26, 26, 27, 27, 29, 25, 26, 22, 23, 22, 22, 23, 22, 22, 23, 22, 22, 22, 22, 22, 22, 22, 22, 23, 22, 22, 22, 22, 23, 25, 23, 22, 23, 25, 25, 27, 24, 23, 24, 24, 25, 26, 26, 23, 22, 22, 22, 20, 24, 23, 23, 25, 26, 27, 26, 27, 26, 24, 26, 24, 24, 24, 24, 25, 25, 28, 26, 28, 30], 1: [240, 242, 246, 246, 247, 251, 251, 251, 254, 257, 259, 264, 264, 264, 266, 267, 268, 269, 269, 273, 274, 275, 275, 275, 275, 279, 283, 283, 283, 287, 288, 289, 289, 290, 290, 291, 297, 298, 303, 303, 305, 305, 305, 307, 307, 307, 308, 308, 308, 308, 309, 310, 310, 310, 311, 312, 313, 313, 313, 314, 314, 318, 321, 321, 321, 321, 321, 326, 330, 331, 332, 333, 335, 337, 341, 343, 345, 346, 349, 349, 352, 352, 352, 352, 353, 356, 356, 361, 364, 365, 368, 369, 370, 371, 372, 374, 375, 379, 379, 379]}
32 {0: [29, 29, 25, 25, 29, 26, 27, 28, 27, 27, 25, 25, 26, 27, 25, 25, 26, 26, 26, 26, 26, 25, 25, 25, 25, 26, 24, 25, 25, 23, 26, 26, 26, 27, 27, 29, 25, 26, 22, 23, 22, 22, 23, 22, 22, 23, 22, 22, 22, 22, 22, 22, 22, 22, 23, 22, 22, 22, 22, 23, 25, 23, 22, 23, 25, 25, 27, 24, 23, 24, 24, 25, 26, 26, 23, 22, 22, 22, 20, 24, 23, 23, 25, 26, 27, 26, 27, 26, 24, 26, 24, 24, 24, 24, 25, 25, 28, 26, 28, 30], 1: [240, 242, 246, 246, 247, 251, 251, 251, 254, 257, 259, 264, 264, 264, 266, 267, 268, 269, 269, 273, 274, 275, 275, 275, 275, 279, 283, 283, 283, 287, 288, 289, 289, 290, 290, 291, 297, 298, 303, 303, 305, 305, 305, 307, 307, 307, 308, 308, 308, 308, 309, 310, 310, 310, 311, 312, 313, 313, 313, 314, 314, 318, 321, 321, 321, 321, 321, 326, 330, 331, 332, 333, 335, 337, 341, 343, 345, 346, 349, 349, 352, 352, 352, 352, 353, 356, 356, 361, 364, 365, 368, 369, 370, 371, 372, 374, 375, 379, 379, 379]}
770 {0: [29, 29, 25, 25, 29, 26, 27, 28, 27, 27, 25, 25, 26, 27, 25, 25, 26, 26, 26, 26, 26, 25, 25, 25, 25, 26, 24, 25, 25, 23, 26, 26, 26, 27, 27, 29, 25, 26, 22, 23, 22, 22, 23, 22, 22, 23, 22, 22, 22, 22, 22, 22, 22, 22, 23, 22, 22, 22, 22, 23, 25, 23, 22, 23, 25, 25, 27, 24, 23, 24, 24, 25, 26, 26, 23, 22, 22, 22, 20, 24, 23, 23, 25, 26, 27, 26, 27, 26, 24, 26, 24, 24, 24, 24, 25, 25, 28, 26, 28, 30], 1: [240, 242, 246, 246, 247, 251, 251, 251, 254, 257, 259, 264, 264, 264, 266, 267, 268, 269, 269, 273, 274, 275, 275, 275, 275, 279, 283, 283, 283, 287, 288, 289, 289, 290, 290, 291, 297, 298, 303, 303, 305, 305, 305, 307, 307, 307, 308, 308, 308, 308, 309, 310, 310, 310, 311, 312, 313, 313, 313, 314, 314, 318, 321, 321, 321, 321, 321, 326, 330, 331, 332, 333, 335, 337, 341, 343, 345, 346, 349, 349, 352, 352, 352, 352, 353, 356, 356, 361, 364, 365, 368, 369, 370, 371, 372, 374, 375, 379, 379, 379]}
527 {0: [29, 29, 25, 25, 29, 26, 27, 28, 27, 27, 25, 25, 26, 27, 25, 25, 26, 26, 26, 26, 26, 25, 25, 25, 25, 26, 24, 25, 25, 23, 26, 26, 26, 27, 27, 29, 25, 26, 22, 23, 22, 22, 23, 22, 22, 23, 22, 22, 22, 22, 22, 22, 22, 22, 23, 22, 22, 22, 22, 23, 25, 23, 22, 23, 25, 25, 27, 24, 23, 24, 24, 25, 26, 26, 23, 22, 22, 22, 20, 24, 23, 23, 25, 26, 27, 26, 27, 26, 24, 26, 24, 24, 24, 24, 25, 25, 28, 26, 28, 30], 1: [240, 242, 246, 246, 247, 251, 251, 251, 254, 257, 259, 264, 264, 264, 266, 267, 268, 269, 269, 273, 274, 275, 275, 275, 275, 279, 283, 283, 283, 287, 288, 289, 289, 290, 290, 291, 297, 298, 303, 303, 305, 305, 305, 307, 307, 307, 308, 308, 308, 308, 309, 310, 310, 310, 311, 312, 313, 313, 313, 314, 314, 318, 321, 321, 321, 321, 321, 326, 330, 331, 332, 333, 335, 337, 341, 343, 345, 346, 349, 349, 352, 352, 352, 352, 353, 356, 356, 361, 364, 365, 368, 369, 370, 371, 372, 374, 375, 379, 379, 379]}
279 {0: [29, 29, 25, 25, 29, 26, 27, 28, 27, 27, 25, 25, 26, 27, 25, 25, 26, 26, 26, 26, 26, 25, 25, 25, 25, 26, 24, 25, 25, 23, 26, 26, 26, 27, 27, 29, 25, 26, 22, 23, 22, 22, 23, 22, 22, 23, 22, 22, 22, 22, 22, 22, 22, 22, 23, 22, 22, 22, 22, 23, 25, 23, 22, 23, 25, 25, 27, 24, 23, 24, 24, 25, 26, 26, 23, 22, 22, 22, 20, 24, 23, 23, 25, 26, 27, 26, 27, 26, 24, 26, 24, 24, 24, 24, 25, 25, 28, 26, 28, 30], 1: [240, 242, 246, 246, 247, 251, 251, 251, 254, 257, 259, 264, 264, 264, 266, 267, 268, 269, 269, 273, 274, 275, 275, 275, 275, 279, 283, 283, 283, 287, 288, 289, 289, 290, 290, 291, 297, 298, 303, 303, 305, 305, 305, 307, 307, 307, 308, 308, 308, 308, 309, 310, 310, 310, 311, 312, 313, 313, 313, 314, 314, 318, 321, 321, 321, 321, 321, 326, 330, 331, 332, 333, 335, 337, 341, 343, 345, 346, 349, 349, 352, 352, 352, 352, 353, 356, 356, 361, 364, 365, 368, 369, 370, 371, 372, 374, 375, 379, 379, 379]}
33 {0: [29, 29, 25, 25, 29, 26, 27, 28, 27, 27, 25, 25, 26, 27, 25, 25, 26, 26, 26, 26, 26, 25, 25, 25, 25, 26, 24, 25, 25, 23, 26, 26, 26, 27, 27, 29, 25, 26, 22, 23, 22, 22, 23, 22, 22, 23, 22, 22, 22, 22, 22, 22, 22, 22, 23, 22, 22, 22, 22, 23, 25, 23, 22, 23, 25, 25, 27, 24, 23, 24, 24, 25, 26, 26, 23, 22, 22, 22, 20, 24, 23, 23, 25, 26, 27, 26, 27, 26, 24, 26, 24, 24, 24, 24, 25, 25, 28, 26, 28, 30], 1: [240, 242, 246, 246, 247, 251, 251, 251, 254, 257, 259, 264, 264, 264, 266, 267, 268, 269, 269, 273, 274, 275, 275, 275, 275, 279, 283, 283, 283, 287, 288, 289, 289, 290, 290, 291, 297, 298, 303, 303, 305, 305, 305, 307, 307, 307, 308, 308, 308, 308, 309, 310, 310, 310, 311, 312, 313, 313, 313, 314, 314, 318, 321, 321, 321, 321, 321, 326, 330, 331, 332, 333, 335, 337, 341, 343, 345, 346, 349, 349, 352, 352, 352, 352, 353, 356, 356, 361, 364, 365, 368, 369, 370, 371, 372, 374, 375, 379, 379, 379]}
771 {0: [29, 29, 25, 25, 29, 26, 27, 28, 27, 27, 25, 25, 26, 27, 25, 25, 26, 26, 26, 26, 26, 25, 25, 25, 25, 26, 24, 25, 25, 23, 26, 26, 26, 27, 27, 29, 25, 26, 22, 23, 22, 22, 23, 22, 22, 23, 22, 22, 22, 22, 22, 22, 22, 22, 23, 22, 22, 22, 22, 23, 25, 23, 22, 23, 25, 25, 27, 24, 23, 24, 24, 25, 26, 26, 23, 22, 22, 22, 20, 24, 23, 23, 25, 26, 27, 26, 27, 26, 24, 26, 24, 24, 24, 24, 25, 25, 28, 26, 28, 30], 1: [240, 242, 246, 246, 247, 251, 251, 251, 254, 257, 259, 264, 264, 264, 266, 267, 268, 269, 269, 273, 274, 275, 275, 275, 275, 279, 283, 283, 283, 287, 288, 289, 289, 290, 290, 291, 297, 298, 303, 303, 305, 305, 305, 307, 307, 307, 308, 308, 308, 308, 309, 310, 310, 310, 311, 312, 313, 313, 313, 314, 314, 318, 321, 321, 321, 321, 321, 326, 330, 331, 332, 333, 335, 337, 341, 343, 345, 346, 349, 349, 352, 352, 352, 352, 353, 356, 356, 361, 364, 365, 368, 369, 370, 371, 372, 374, 375, 379, 379, 379]}
528 {0: [29, 29, 25, 25, 29, 26, 27, 28, 27, 27, 25, 25, 26, 27, 25, 25, 26, 26, 26, 26, 26, 25, 25, 25, 25, 26, 24, 25, 25, 23, 26, 26, 26, 27, 27, 29, 25, 26, 22, 23, 22, 22, 23, 22, 22, 23, 22, 22, 22, 22, 22, 22, 22, 22, 23, 22, 22, 22, 22, 23, 25, 23, 22, 23, 25, 25, 27, 24, 23, 24, 24, 25, 26, 26, 23, 22, 22, 22, 20, 24, 23, 23, 25, 26, 27, 26, 27, 26, 24, 26, 24, 24, 24, 24, 25, 25, 28, 26, 28, 30], 1: [240, 242, 246, 246, 247, 251, 251, 251, 254, 257, 259, 264, 264, 264, 266, 267, 268, 269, 269, 273, 274, 275, 275, 275, 275, 279, 283, 283, 283, 287, 288, 289, 289, 290, 290, 291, 297, 298, 303, 303, 305, 305, 305, 307, 307, 307, 308, 308, 308, 308, 309, 310, 310, 310, 311, 312, 313, 313, 313, 314, 314, 318, 321, 321, 321, 321, 321, 326, 330, 331, 332, 333, 335, 337, 341, 343, 345, 346, 349, 349, 352, 352, 352, 352, 353, 356, 356, 361, 364, 365, 368, 369, 370, 371, 372, 374, 375, 379, 379, 379]}
280 {0: [29, 29, 25, 25, 29, 26, 27, 28, 27, 27, 25, 25, 26, 27, 25, 25, 26, 26, 26, 26, 26, 25, 25, 25, 25, 26, 24, 25, 25, 23, 26, 26, 26, 27, 27, 29, 25, 26, 22, 23, 22, 22, 23, 22, 22, 23, 22, 22, 22, 22, 22, 22, 22, 22, 23, 22, 22, 22, 22, 23, 25, 23, 22, 23, 25, 25, 27, 24, 23, 24, 24, 25, 26, 26, 23, 22, 22, 22, 20, 24, 23, 23, 25, 26, 27, 26, 27, 26, 24, 26, 24, 24, 24, 24, 25, 25, 28, 26, 28, 30], 1: [240, 242, 246, 246, 247, 251, 251, 251, 254, 257, 259, 264, 264, 264, 266, 267, 268, 269, 269, 273, 274, 275, 275, 275, 275, 279, 283, 283, 283, 287, 288, 289, 289, 290, 290, 291, 297, 298, 303, 303, 305, 305, 305, 307, 307, 307, 308, 308, 308, 308, 309, 310, 310, 310, 311, 312, 313, 313, 313, 314, 314, 318, 321, 321, 321, 321, 321, 326, 330, 331, 332, 333, 335, 337, 341, 343, 345, 346, 349, 349, 352, 352, 352, 352, 353, 356, 356, 361, 364, 365, 368, 369, 370, 371, 372, 374, 375, 379, 379, 379]}
34 {0: [29, 29, 25, 25, 29, 26, 27, 28, 27, 27, 25, 25, 26, 27, 25, 25, 26, 26, 26, 26, 26, 25, 25, 25, 25, 26, 24, 25, 25, 23, 26, 26, 26, 27, 27, 29, 25, 26, 22, 23, 22, 22, 23, 22, 22, 23, 22, 22, 22, 22, 22, 22, 22, 22, 23, 22, 22, 22, 22, 23, 25, 23, 22, 23, 25, 25, 27, 24, 23, 24, 24, 25, 26, 26, 23, 22, 22, 22, 20, 24, 23, 23, 25, 26, 27, 26, 27, 26, 24, 26, 24, 24, 24, 24, 25, 25, 28, 26, 28, 30], 1: [240, 242, 246, 246, 247, 251, 251, 251, 254, 257, 259, 264, 264, 264, 266, 267, 268, 269, 269, 273, 274, 275, 275, 275, 275, 279, 283, 283, 283, 287, 288, 289, 289, 290, 290, 291, 297, 298, 303, 303, 305, 305, 305, 307, 307, 307, 308, 308, 308, 308, 309, 310, 310, 310, 311, 312, 313, 313, 313, 314, 314, 318, 321, 321, 321, 321, 321, 326, 330, 331, 332, 333, 335, 337, 341, 343, 345, 346, 349, 349, 352, 352, 352, 352, 353, 356, 356, 361, 364, 365, 368, 369, 370, 371, 372, 374, 375, 379, 379, 379]}
772 {0: [29, 29, 25, 25, 29, 26, 27, 28, 27, 27, 25, 25, 26, 27, 25, 25, 26, 26, 26, 26, 26, 25, 25, 25, 25, 26, 24, 25, 25, 23, 26, 26, 26, 27, 27, 29, 25, 26, 22, 23, 22, 22, 23, 22, 22, 23, 22, 22, 22, 22, 22, 22, 22, 22, 23, 22, 22, 22, 22, 23, 25, 23, 22, 23, 25, 25, 27, 24, 23, 24, 24, 25, 26, 26, 23, 22, 22, 22, 20, 24, 23, 23, 25, 26, 27, 26, 27, 26, 24, 26, 24, 24, 24, 24, 25, 25, 28, 26, 28, 30], 1: [240, 242, 246, 246, 247, 251, 251, 251, 254, 257, 259, 264, 264, 264, 266, 267, 268, 269, 269, 273, 274, 275, 275, 275, 275, 279, 283, 283, 283, 287, 288, 289, 289, 290, 290, 291, 297, 298, 303, 303, 305, 305, 305, 307, 307, 307, 308, 308, 308, 308, 309, 310, 310, 310, 311, 312, 313, 313, 313, 314, 314, 318, 321, 321, 321, 321, 321, 326, 330, 331, 332, 333, 335, 337, 341, 343, 345, 346, 349, 349, 352, 352, 352, 352, 353, 356, 356, 361, 364, 365, 368, 369, 370, 371, 372, 374, 375, 379, 379, 379]}
529 {0: [29, 29, 25, 25, 29, 26, 27, 28, 27, 27, 25, 25, 26, 27, 25, 25, 26, 26, 26, 26, 26, 25, 25, 25, 25, 26, 24, 25, 25, 23, 26, 26, 26, 27, 27, 29, 25, 26, 22, 23, 22, 22, 23, 22, 22, 23, 22, 22, 22, 22, 22, 22, 22, 22, 23, 22, 22, 22, 22, 23, 25, 23, 22, 23, 25, 25, 27, 24, 23, 24, 24, 25, 26, 26, 23, 22, 22, 22, 20, 24, 23, 23, 25, 26, 27, 26, 27, 26, 24, 26, 24, 24, 24, 24, 25, 25, 28, 26, 28, 30], 1: [240, 242, 246, 246, 247, 251, 251, 251, 254, 257, 259, 264, 264, 264, 266, 267, 268, 269, 269, 273, 274, 275, 275, 275, 275, 279, 283, 283, 283, 287, 288, 289, 289, 290, 290, 291, 297, 298, 303, 303, 305, 305, 305, 307, 307, 307, 308, 308, 308, 308, 309, 310, 310, 310, 311, 312, 313, 313, 313, 314, 314, 318, 321, 321, 321, 321, 321, 326, 330, 331, 332, 333, 335, 337, 341, 343, 345, 346, 349, 349, 352, 352, 352, 352, 353, 356, 356, 361, 364, 365, 368, 369, 370, 371, 372, 374, 375, 379, 379, 379]}
281 {0: [29, 29, 25, 25, 29, 26, 27, 28, 27, 27, 25, 25, 26, 27, 25, 25, 26, 26, 26, 26, 26, 25, 25, 25, 25, 26, 24, 25, 25, 23, 26, 26, 26, 27, 27, 29, 25, 26, 22, 23, 22, 22, 23, 22, 22, 23, 22, 22, 22, 22, 22, 22, 22, 22, 23, 22, 22, 22, 22, 23, 25, 23, 22, 23, 25, 25, 27, 24, 23, 24, 24, 25, 26, 26, 23, 22, 22, 22, 20, 24, 23, 23, 26, 27, 25, 26, 27, 27, 27, 29, 28, 26, 25, 25, 27, 28, 27, 29, 27, 30], 1: [240, 242, 246, 246, 247, 251, 251, 251, 254, 257, 259, 264, 264, 264, 266, 267, 268, 269, 269, 273, 274, 275, 275, 275, 275, 279, 283, 283, 283, 287, 288, 289, 289, 290, 290, 291, 297, 298, 303, 303, 305, 305, 305, 307, 307, 307, 308, 308, 308, 308, 309, 310, 310, 310, 311, 312, 313, 313, 313, 314, 314, 318, 321, 321, 321, 321, 321, 326, 330, 331, 332, 333, 335, 337, 341, 343, 345, 346, 349, 349, 352, 352, 353, 355, 358, 358, 358, 358, 360, 362, 365, 369, 373, 374, 374, 376, 379, 380, 383, 384]}
35 {0: [29, 29, 25, 25, 29, 26, 27, 28, 27, 27, 25, 25, 26, 27, 25, 25, 26, 26, 26, 26, 26, 25, 25, 25, 25, 26, 24, 25, 25, 23, 26, 26, 26, 27, 27, 29, 25, 26, 22, 23, 22, 22, 23, 22, 22, 23, 22, 22, 22, 22, 22, 22, 22, 22, 23, 22, 22, 22, 22, 23, 25, 23, 22, 23, 25, 25, 27, 24, 23, 24, 24, 25, 26, 26, 23, 22, 22, 22, 20, 24, 23, 23, 25, 26, 27, 26, 27, 26, 24, 26, 24, 24, 24, 24, 25, 25, 28, 26, 28, 30], 1: [240, 242, 246, 246, 247, 251, 251, 251, 254, 257, 259, 264, 264, 264, 266, 267, 268, 269, 269, 273, 274, 275, 275, 275, 275, 279, 283, 283, 283, 287, 288, 289, 289, 290, 290, 291, 297, 298, 303, 303, 305, 305, 305, 307, 307, 307, 308, 308, 308, 308, 309, 310, 310, 310, 311, 312, 313, 313, 313, 314, 314, 318, 321, 321, 321, 321, 321, 326, 330, 331, 332, 333, 335, 337, 341, 343, 345, 346, 349, 349, 352, 352, 352, 352, 353, 356, 356, 361, 364, 365, 368, 369, 370, 371, 372, 374, 375, 379, 379, 379]}
773 {0: [29, 29, 25, 25, 29, 26, 27, 28, 27, 27, 25, 25, 26, 27, 25, 25, 26, 26, 26, 26, 26, 25, 25, 25, 25, 26, 24, 25, 25, 23, 26, 26, 26, 27, 27, 29, 25, 26, 22, 23, 22, 22, 23, 22, 22, 23, 22, 22, 22, 22, 22, 22, 22, 22, 23, 22, 22, 22, 22, 23, 25, 23, 22, 23, 25, 25, 27, 24, 23, 24, 24, 25, 26, 26, 23, 22, 22, 22, 20, 24, 23, 23, 25, 26, 27, 26, 27, 26, 24, 26, 24, 24, 24, 24, 25, 25, 28, 26, 28, 30], 1: [240, 242, 246, 246, 247, 251, 251, 251, 254, 257, 259, 264, 264, 264, 266, 267, 268, 269, 269, 273, 274, 275, 275, 275, 275, 279, 283, 283, 283, 287, 288, 289, 289, 290, 290, 291, 297, 298, 303, 303, 305, 305, 305, 307, 307, 307, 308, 308, 308, 308, 309, 310, 310, 310, 311, 312, 313, 313, 313, 314, 314, 318, 321, 321, 321, 321, 321, 326, 330, 331, 332, 333, 335, 337, 341, 343, 345, 346, 349, 349, 352, 352, 352, 352, 353, 356, 356, 361, 364, 365, 368, 369, 370, 371, 372, 374, 375, 379, 379, 379]}
530 {0: [29, 29, 25, 25, 29, 26, 27, 28, 27, 27, 25, 25, 26, 27, 25, 25, 26, 26, 26, 26, 26, 25, 25, 25, 25, 26, 24, 25, 25, 23, 26, 26, 26, 27, 27, 29, 25, 26, 22, 23, 22, 22, 23, 22, 22, 23, 22, 22, 22, 22, 22, 22, 22, 22, 23, 22, 22, 22, 22, 23, 25, 23, 22, 23, 25, 25, 27, 24, 23, 24, 24, 25, 26, 26, 23, 22, 22, 22, 20, 24, 23, 23, 25, 26, 27, 26, 27, 26, 24, 26, 24, 24, 24, 24, 25, 25, 28, 26, 28, 30], 1: [240, 242, 246, 246, 247, 251, 251, 251, 254, 257, 259, 264, 264, 264, 266, 267, 268, 269, 269, 273, 274, 275, 275, 275, 275, 279, 283, 283, 283, 287, 288, 289, 289, 290, 290, 291, 297, 298, 303, 303, 305, 305, 305, 307, 307, 307, 308, 308, 308, 308, 309, 310, 310, 310, 311, 312, 313, 313, 313, 314, 314, 318, 321, 321, 321, 321, 321, 326, 330, 331, 332, 333, 335, 337, 341, 343, 345, 346, 349, 349, 352, 352, 352, 352, 353, 356, 356, 361, 364, 365, 368, 369, 370, 371, 372, 374, 375, 379, 379, 379]}
282 {0: [29, 29, 25, 25, 29, 26, 27, 28, 27, 27, 25, 25, 26, 27, 25, 25, 26, 26, 26, 26, 26, 25, 25, 25, 25, 26, 24, 25, 25, 23, 26, 26, 26, 27, 27, 29, 25, 26, 22, 23, 22, 22, 23, 22, 22, 23, 22, 22, 22, 22, 22, 22, 22, 22, 23, 22, 22, 22, 22, 23, 25, 23, 22, 23, 25, 25, 27, 24, 23, 24, 24, 25, 26, 26, 23, 22, 22, 22, 20, 24, 23, 23, 25, 26, 27, 26, 27, 26, 24, 26, 24, 24, 24, 24, 25, 25, 28, 26, 28, 30], 1: [240, 242, 246, 246, 247, 251, 251, 251, 254, 257, 259, 264, 264, 264, 266, 267, 268, 269, 269, 273, 274, 275, 275, 275, 275, 279, 283, 283, 283, 287, 288, 289, 289, 290, 290, 291, 297, 298, 303, 303, 305, 305, 305, 307, 307, 307, 308, 308, 308, 308, 309, 310, 310, 310, 311, 312, 313, 313, 313, 314, 314, 318, 321, 321, 321, 321, 321, 326, 330, 331, 332, 333, 335, 337, 341, 343, 345, 346, 349, 349, 352, 352, 352, 352, 353, 356, 356, 361, 364, 365, 368, 369, 370, 371, 372, 374, 375, 379, 379, 379]}
36 {0: [29, 29, 25, 25, 29, 26, 27, 28, 27, 27, 25, 25, 26, 27, 25, 25, 26, 26, 26, 26, 26, 25, 25, 25, 25, 26, 24, 25, 25, 23, 26, 26, 26, 27, 27, 29, 25, 26, 22, 23, 22, 22, 23, 22, 22, 23, 22, 22, 22, 22, 22, 22, 22, 22, 23, 22, 22, 22, 22, 23, 25, 23, 22, 23, 25, 25, 27, 24, 23, 24, 24, 25, 26, 26, 23, 22, 22, 22, 20, 24, 23, 23, 25, 26, 27, 26, 27, 26, 24, 26, 24, 24, 24, 24, 25, 25, 28, 26, 28, 30], 1: [240, 242, 246, 246, 247, 251, 251, 251, 254, 257, 259, 264, 264, 264, 266, 267, 268, 269, 269, 273, 274, 275, 275, 275, 275, 279, 283, 283, 283, 287, 288, 289, 289, 290, 290, 291, 297, 298, 303, 303, 305, 305, 305, 307, 307, 307, 308, 308, 308, 308, 309, 310, 310, 310, 311, 312, 313, 313, 313, 314, 314, 318, 321, 321, 321, 321, 321, 326, 330, 331, 332, 333, 335, 337, 341, 343, 345, 346, 349, 349, 352, 352, 352, 352, 353, 356, 356, 361, 364, 365, 368, 369, 370, 371, 372, 374, 375, 379, 379, 379]}
774 {0: [29, 29, 25, 25, 29, 26, 27, 28, 27, 27, 25, 25, 26, 27, 25, 25, 26, 26, 26, 26, 26, 25, 25, 25, 25, 26, 24, 25, 25, 23, 26, 26, 26, 27, 27, 29, 25, 26, 22, 23, 22, 22, 23, 22, 22, 23, 22, 22, 22, 22, 22, 22, 22, 22, 23, 22, 22, 22, 22, 23, 25, 23, 22, 23, 25, 25, 27, 24, 23, 24, 24, 25, 26, 26, 23, 22, 22, 22, 20, 24, 23, 23, 25, 26, 27, 26, 27, 26, 24, 26, 24, 24, 24, 24, 25, 25, 28, 26, 28, 30], 1: [240, 242, 246, 246, 247, 251, 251, 251, 254, 257, 259, 264, 264, 264, 266, 267, 268, 269, 269, 273, 274, 275, 275, 275, 275, 279, 283, 283, 283, 287, 288, 289, 289, 290, 290, 291, 297, 298, 303, 303, 305, 305, 305, 307, 307, 307, 308, 308, 308, 308, 309, 310, 310, 310, 311, 312, 313, 313, 313, 314, 314, 318, 321, 321, 321, 321, 321, 326, 330, 331, 332, 333, 335, 337, 341, 343, 345, 346, 349, 349, 352, 352, 352, 352, 353, 356, 356, 361, 364, 365, 368, 369, 370, 371, 372, 374, 375, 379, 379, 379]}
531 {0: [29, 29, 25, 25, 29, 26, 27, 28, 27, 27, 25, 25, 26, 27, 25, 25, 26, 26, 26, 26, 26, 25, 25, 25, 25, 26, 24, 25, 25, 23, 26, 26, 26, 27, 27, 29, 25, 26, 22, 23, 22, 22, 23, 22, 22, 23, 22, 22, 22, 22, 22, 22, 22, 22, 23, 22, 22, 22, 22, 23, 25, 23, 22, 23, 25, 25, 27, 24, 23, 24, 24, 25, 26, 26, 23, 22, 22, 22, 20, 24, 23, 23, 25, 26, 27, 26, 27, 26, 24, 26, 24, 24, 24, 24, 25, 25, 28, 26, 28, 30], 1: [240, 242, 246, 246, 247, 251, 251, 251, 254, 257, 259, 264, 264, 264, 266, 267, 268, 269, 269, 273, 274, 275, 275, 275, 275, 279, 283, 283, 283, 287, 288, 289, 289, 290, 290, 291, 297, 298, 303, 303, 305, 305, 305, 307, 307, 307, 308, 308, 308, 308, 309, 310, 310, 310, 311, 312, 313, 313, 313, 314, 314, 318, 321, 321, 321, 321, 321, 326, 330, 331, 332, 333, 335, 337, 341, 343, 345, 346, 349, 349, 352, 352, 352, 352, 353, 356, 356, 361, 364, 365, 368, 369, 370, 371, 372, 374, 375, 379, 379, 379]}
283 {0: [29, 29, 25, 25, 29, 26, 27, 28, 27, 27, 25, 25, 26, 27, 25, 25, 26, 26, 26, 26, 26, 25, 25, 25, 25, 26, 24, 25, 25, 23, 26, 26, 26, 27, 27, 29, 25, 26, 22, 23, 22, 22, 23, 22, 22, 23, 22, 22, 22, 22, 22, 22, 22, 22, 23, 22, 22, 22, 22, 23, 25, 23, 22, 23, 25, 25, 27, 24, 23, 24, 24, 25, 26, 26, 23, 22, 22, 22, 20, 24, 23, 23, 25, 26, 27, 26, 27, 26, 24, 26, 24, 24, 24, 24, 25, 25, 28, 26, 28, 30], 1: [240, 242, 246, 246, 247, 251, 251, 251, 254, 257, 259, 264, 264, 264, 266, 267, 268, 269, 269, 273, 274, 275, 275, 275, 275, 279, 283, 283, 283, 287, 288, 289, 289, 290, 290, 291, 297, 298, 303, 303, 305, 305, 305, 307, 307, 307, 308, 308, 308, 308, 309, 310, 310, 310, 311, 312, 313, 313, 313, 314, 314, 318, 321, 321, 321, 321, 321, 326, 330, 331, 332, 333, 335, 337, 341, 343, 345, 346, 349, 349, 352, 352, 352, 352, 353, 356, 356, 361, 364, 365, 368, 369, 370, 371, 372, 374, 375, 379, 379, 379]}
37 {0: [29, 29, 25, 25, 29, 26, 27, 28, 27, 27, 25, 25, 26, 27, 25, 25, 26, 26, 26, 26, 26, 25, 25, 25, 25, 26, 24, 25, 25, 23, 26, 26, 26, 27, 27, 29, 25, 26, 22, 23, 22, 22, 23, 22, 22, 23, 22, 22, 22, 22, 22, 22, 22, 22, 23, 22, 22, 22, 22, 23, 25, 23, 22, 23, 25, 25, 27, 24, 23, 24, 24, 25, 26, 26, 23, 22, 22, 22, 20, 24, 23, 23, 25, 26, 27, 26, 27, 26, 24, 26, 24, 24, 24, 24, 25, 25, 28, 26, 28, 30], 1: [240, 242, 246, 246, 247, 251, 251, 251, 254, 257, 259, 264, 264, 264, 266, 267, 268, 269, 269, 273, 274, 275, 275, 275, 275, 279, 283, 283, 283, 287, 288, 289, 289, 290, 290, 291, 297, 298, 303, 303, 305, 305, 305, 307, 307, 307, 308, 308, 308, 308, 309, 310, 310, 310, 311, 312, 313, 313, 313, 314, 314, 318, 321, 321, 321, 321, 321, 326, 330, 331, 332, 333, 335, 337, 341, 343, 345, 346, 349, 349, 352, 352, 352, 352, 353, 356, 356, 361, 364, 365, 368, 369, 370, 371, 372, 374, 375, 379, 379, 379]}
775 {0: [29, 29, 25, 25, 29, 26, 27, 28, 27, 27, 25, 25, 26, 27, 25, 25, 26, 26, 26, 26, 26, 25, 25, 25, 25, 26, 24, 25, 25, 23, 26, 26, 26, 27, 27, 29, 25, 26, 22, 23, 22, 22, 23, 22, 22, 23, 22, 22, 22, 22, 22, 22, 22, 22, 23, 22, 22, 22, 22, 23, 25, 23, 22, 23, 25, 25, 27, 24, 23, 24, 24, 25, 26, 26, 23, 22, 22, 22, 20, 24, 23, 23, 25, 26, 27, 26, 27, 26, 24, 26, 24, 24, 24, 24, 25, 25, 28, 26, 28, 30], 1: [240, 242, 246, 246, 247, 251, 251, 251, 254, 257, 259, 264, 264, 264, 266, 267, 268, 269, 269, 273, 274, 275, 275, 275, 275, 279, 283, 283, 283, 287, 288, 289, 289, 290, 290, 291, 297, 298, 303, 303, 305, 305, 305, 307, 307, 307, 308, 308, 308, 308, 309, 310, 310, 310, 311, 312, 313, 313, 313, 314, 314, 318, 321, 321, 321, 321, 321, 326, 330, 331, 332, 333, 335, 337, 341, 343, 345, 346, 349, 349, 352, 352, 352, 352, 353, 356, 356, 361, 364, 365, 368, 369, 370, 371, 372, 374, 375, 379, 379, 379]}
284 {0: [29, 29, 25, 25, 29, 26, 27, 28, 27, 27, 25, 25, 26, 27, 25, 25, 26, 26, 26, 26, 26, 25, 25, 25, 25, 26, 24, 25, 25, 23, 26, 26, 26, 27, 27, 29, 25, 26, 22, 23, 22, 22, 23, 22, 22, 23, 22, 22, 22, 22, 22, 22, 22, 22, 23, 22, 22, 22, 22, 23, 25, 23, 22, 23, 25, 25, 27, 24, 23, 24, 24, 25, 26, 26, 23, 22, 22, 22, 20, 24, 23, 23, 25, 26, 27, 26, 27, 26, 24, 26, 24, 24, 24, 24, 25, 25, 28, 26, 28, 30], 1: [240, 242, 246, 246, 247, 251, 251, 251, 254, 257, 259, 264, 264, 264, 266, 267, 268, 269, 269, 273, 274, 275, 275, 275, 275, 279, 283, 283, 283, 287, 288, 289, 289, 290, 290, 291, 297, 298, 303, 303, 305, 305, 305, 307, 307, 307, 308, 308, 308, 308, 309, 310, 310, 310, 311, 312, 313, 313, 313, 314, 314, 318, 321, 321, 321, 321, 321, 326, 330, 331, 332, 333, 335, 337, 341, 343, 345, 346, 349, 349, 352, 352, 352, 352, 353, 356, 356, 361, 364, 365, 368, 369, 370, 371, 372, 374, 375, 379, 379, 379]}
532 {0: [29, 29, 25, 25, 29, 26, 27, 28, 27, 27, 25, 25, 26, 27, 25, 25, 26, 26, 26, 26, 26, 25, 25, 25, 25, 26, 24, 25, 25, 23, 26, 26, 26, 27, 27, 29, 25, 26, 22, 23, 22, 22, 23, 22, 22, 23, 22, 22, 22, 22, 22, 22, 22, 22, 23, 22, 22, 22, 22, 23, 25, 23, 22, 23, 25, 25, 27, 24, 23, 24, 24, 25, 26, 26, 23, 22, 22, 22, 20, 24, 23, 23, 25, 26, 27, 26, 27, 26, 24, 26, 24, 24, 24, 24, 25, 25, 28, 26, 28, 30], 1: [240, 242, 246, 246, 247, 251, 251, 251, 254, 257, 259, 264, 264, 264, 266, 267, 268, 269, 269, 273, 274, 275, 275, 275, 275, 279, 283, 283, 283, 287, 288, 289, 289, 290, 290, 291, 297, 298, 303, 303, 305, 305, 305, 307, 307, 307, 308, 308, 308, 308, 309, 310, 310, 310, 311, 312, 313, 313, 313, 314, 314, 318, 321, 321, 321, 321, 321, 326, 330, 331, 332, 333, 335, 337, 341, 343, 345, 346, 349, 349, 352, 352, 352, 352, 353, 356, 356, 361, 364, 365, 368, 369, 370, 371, 372, 374, 375, 379, 379, 379]}
38 {0: [29, 29, 25, 25, 29, 26, 27, 28, 27, 27, 25, 25, 26, 27, 25, 25, 26, 26, 26, 26, 26, 25, 25, 25, 25, 26, 24, 25, 25, 23, 26, 26, 26, 27, 27, 29, 25, 26, 22, 23, 22, 22, 23, 22, 22, 23, 22, 22, 22, 22, 22, 22, 22, 22, 23, 22, 22, 22, 22, 23, 25, 23, 22, 23, 25, 25, 27, 24, 23, 24, 24, 25, 26, 26, 23, 22, 22, 22, 20, 24, 23, 23, 25, 26, 27, 26, 27, 26, 24, 26, 24, 24, 24, 24, 25, 25, 28, 26, 28, 30], 1: [240, 242, 246, 246, 247, 251, 251, 251, 254, 257, 259, 264, 264, 264, 266, 267, 268, 269, 269, 273, 274, 275, 275, 275, 275, 279, 283, 283, 283, 287, 288, 289, 289, 290, 290, 291, 297, 298, 303, 303, 305, 305, 305, 307, 307, 307, 308, 308, 308, 308, 309, 310, 310, 310, 311, 312, 313, 313, 313, 314, 314, 318, 321, 321, 321, 321, 321, 326, 330, 331, 332, 333, 335, 337, 341, 343, 345, 346, 349, 349, 352, 352, 352, 352, 353, 356, 356, 361, 364, 365, 368, 369, 370, 371, 372, 374, 375, 379, 379, 379]}
776 {0: [29, 29, 25, 25, 29, 26, 27, 28, 27, 27, 25, 25, 26, 27, 25, 25, 26, 26, 26, 26, 26, 25, 25, 25, 25, 26, 24, 25, 25, 23, 26, 26, 26, 27, 27, 29, 25, 26, 22, 23, 22, 22, 23, 22, 22, 23, 22, 22, 22, 22, 22, 22, 22, 22, 23, 22, 22, 22, 22, 23, 25, 23, 22, 23, 25, 25, 27, 24, 23, 24, 24, 25, 26, 26, 23, 22, 22, 22, 20, 24, 23, 23, 25, 26, 27, 26, 27, 26, 24, 26, 24, 24, 24, 24, 25, 25, 28, 26, 28, 30], 1: [240, 242, 246, 246, 247, 251, 251, 251, 254, 257, 259, 264, 264, 264, 266, 267, 268, 269, 269, 273, 274, 275, 275, 275, 275, 279, 283, 283, 283, 287, 288, 289, 289, 290, 290, 291, 297, 298, 303, 303, 305, 305, 305, 307, 307, 307, 308, 308, 308, 308, 309, 310, 310, 310, 311, 312, 313, 313, 313, 314, 314, 318, 321, 321, 321, 321, 321, 326, 330, 331, 332, 333, 335, 337, 341, 343, 345, 346, 349, 349, 352, 352, 352, 352, 353, 356, 356, 361, 364, 365, 368, 369, 370, 371, 372, 374, 375, 379, 379, 379]}
285 {0: [29, 29, 25, 25, 29, 26, 27, 28, 27, 27, 25, 25, 26, 27, 25, 25, 26, 26, 26, 26, 26, 25, 25, 25, 25, 26, 24, 25, 25, 23, 26, 26, 26, 27, 27, 29, 25, 26, 22, 23, 22, 22, 23, 22, 22, 23, 22, 22, 22, 22, 22, 22, 22, 22, 23, 22, 22, 22, 22, 23, 25, 23, 22, 23, 25, 25, 27, 24, 23, 24, 24, 25, 26, 26, 23, 22, 22, 22, 20, 24, 23, 23, 26, 27, 25, 26, 27, 27, 27, 29, 28, 26, 25, 25, 27, 28, 27, 29, 27, 30], 1: [240, 242, 246, 246, 247, 251, 251, 251, 254, 257, 259, 264, 264, 264, 266, 267, 268, 269, 269, 273, 274, 275, 275, 275, 275, 279, 283, 283, 283, 287, 288, 289, 289, 290, 290, 291, 297, 298, 303, 303, 305, 305, 305, 307, 307, 307, 308, 308, 308, 308, 309, 310, 310, 310, 311, 312, 313, 313, 313, 314, 314, 318, 321, 321, 321, 321, 321, 326, 330, 331, 332, 333, 335, 337, 341, 343, 345, 346, 349, 349, 352, 352, 353, 355, 358, 358, 358, 358, 360, 362, 365, 369, 373, 374, 374, 376, 379, 380, 383, 384]}
533 {0: [29, 29, 25, 25, 29, 26, 27, 28, 27, 27, 25, 25, 26, 27, 25, 25, 26, 26, 26, 26, 26, 25, 25, 25, 25, 26, 24, 25, 25, 23, 26, 26, 26, 27, 27, 29, 25, 26, 22, 23, 22, 22, 23, 22, 22, 23, 22, 22, 22, 22, 22, 22, 22, 22, 23, 22, 22, 22, 22, 23, 25, 23, 22, 23, 25, 25, 27, 24, 23, 24, 24, 25, 26, 26, 23, 22, 22, 22, 20, 24, 23, 23, 25, 26, 27, 26, 27, 26, 24, 26, 24, 24, 24, 24, 25, 25, 28, 26, 28, 30], 1: [240, 242, 246, 246, 247, 251, 251, 251, 254, 257, 259, 264, 264, 264, 266, 267, 268, 269, 269, 273, 274, 275, 275, 275, 275, 279, 283, 283, 283, 287, 288, 289, 289, 290, 290, 291, 297, 298, 303, 303, 305, 305, 305, 307, 307, 307, 308, 308, 308, 308, 309, 310, 310, 310, 311, 312, 313, 313, 313, 314, 314, 318, 321, 321, 321, 321, 321, 326, 330, 331, 332, 333, 335, 337, 341, 343, 345, 346, 349, 349, 352, 352, 352, 352, 353, 356, 356, 361, 364, 365, 368, 369, 370, 371, 372, 374, 375, 379, 379, 379]}
39 {0: [29, 29, 25, 25, 29, 26, 27, 28, 27, 27, 25, 25, 26, 27, 25, 25, 26, 26, 26, 26, 26, 25, 25, 25, 25, 26, 24, 25, 25, 23, 26, 26, 26, 27, 27, 29, 25, 26, 22, 23, 22, 22, 23, 22, 22, 23, 22, 22, 22, 22, 22, 22, 22, 22, 23, 22, 22, 22, 22, 23, 25, 23, 22, 23, 25, 25, 27, 24, 23, 24, 24, 25, 26, 26, 23, 22, 22, 22, 20, 24, 23, 23, 25, 26, 27, 26, 27, 26, 24, 26, 24, 24, 24, 24, 25, 25, 28, 26, 28, 30], 1: [240, 242, 246, 246, 247, 251, 251, 251, 254, 257, 259, 264, 264, 264, 266, 267, 268, 269, 269, 273, 274, 275, 275, 275, 275, 279, 283, 283, 283, 287, 288, 289, 289, 290, 290, 291, 297, 298, 303, 303, 305, 305, 305, 307, 307, 307, 308, 308, 308, 308, 309, 310, 310, 310, 311, 312, 313, 313, 313, 314, 314, 318, 321, 321, 321, 321, 321, 326, 330, 331, 332, 333, 335, 337, 341, 343, 345, 346, 349, 349, 352, 352, 352, 352, 353, 356, 356, 361, 364, 365, 368, 369, 370, 371, 372, 374, 375, 379, 379, 379]}
777 {0: [29, 29, 25, 25, 29, 26, 27, 28, 27, 27, 25, 25, 26, 27, 25, 25, 26, 26, 26, 26, 26, 25, 25, 25, 25, 26, 24, 25, 25, 23, 26, 26, 26, 27, 27, 29, 25, 26, 22, 23, 22, 22, 23, 22, 22, 23, 22, 22, 22, 22, 22, 22, 22, 22, 23, 22, 22, 22, 22, 23, 25, 23, 22, 23, 25, 25, 27, 24, 23, 24, 24, 25, 26, 26, 23, 22, 22, 22, 20, 24, 23, 23, 25, 26, 27, 26, 27, 26, 24, 26, 24, 24, 24, 24, 25, 25, 28, 26, 28, 30], 1: [240, 242, 246, 246, 247, 251, 251, 251, 254, 257, 259, 264, 264, 264, 266, 267, 268, 269, 269, 273, 274, 275, 275, 275, 275, 279, 283, 283, 283, 287, 288, 289, 289, 290, 290, 291, 297, 298, 303, 303, 305, 305, 305, 307, 307, 307, 308, 308, 308, 308, 309, 310, 310, 310, 311, 312, 313, 313, 313, 314, 314, 318, 321, 321, 321, 321, 321, 326, 330, 331, 332, 333, 335, 337, 341, 343, 345, 346, 349, 349, 352, 352, 352, 352, 353, 356, 356, 361, 364, 365, 368, 369, 370, 371, 372, 374, 375, 379, 379, 379]}
286 {0: [29, 29, 25, 25, 29, 26, 27, 28, 27, 27, 25, 25, 26, 27, 25, 25, 26, 26, 26, 26, 26, 25, 25, 25, 25, 26, 24, 25, 25, 23, 26, 26, 26, 27, 27, 29, 25, 26, 22, 23, 22, 22, 23, 22, 22, 23, 22, 22, 22, 22, 22, 22, 22, 22, 23, 22, 22, 22, 22, 23, 25, 23, 22, 23, 25, 25, 27, 24, 23, 24, 24, 25, 26, 26, 23, 22, 22, 22, 20, 24, 23, 23, 26, 27, 25, 26, 27, 27, 27, 29, 28, 26, 25, 25, 27, 28, 27, 29, 27, 30], 1: [240, 242, 246, 246, 247, 251, 251, 251, 254, 257, 259, 264, 264, 264, 266, 267, 268, 269, 269, 273, 274, 275, 275, 275, 275, 279, 283, 283, 283, 287, 288, 289, 289, 290, 290, 291, 297, 298, 303, 303, 305, 305, 305, 307, 307, 307, 308, 308, 308, 308, 309, 310, 310, 310, 311, 312, 313, 313, 313, 314, 314, 318, 321, 321, 321, 321, 321, 326, 330, 331, 332, 333, 335, 337, 341, 343, 345, 346, 349, 349, 352, 352, 353, 355, 358, 358, 358, 358, 360, 362, 365, 369, 373, 374, 374, 376, 379, 380, 383, 384]}
534 {0: [29, 29, 25, 25, 29, 26, 27, 28, 27, 27, 25, 25, 26, 27, 25, 25, 26, 26, 26, 26, 26, 25, 25, 25, 25, 26, 24, 25, 25, 23, 26, 26, 26, 27, 27, 29, 25, 26, 22, 23, 22, 22, 23, 22, 22, 23, 22, 22, 22, 22, 22, 22, 22, 22, 23, 22, 22, 22, 22, 23, 25, 23, 22, 23, 25, 25, 27, 24, 23, 24, 24, 25, 26, 26, 23, 22, 22, 22, 20, 24, 23, 23, 25, 26, 27, 26, 27, 26, 24, 26, 24, 24, 24, 24, 25, 25, 28, 26, 28, 30], 1: [240, 242, 246, 246, 247, 251, 251, 251, 254, 257, 259, 264, 264, 264, 266, 267, 268, 269, 269, 273, 274, 275, 275, 275, 275, 279, 283, 283, 283, 287, 288, 289, 289, 290, 290, 291, 297, 298, 303, 303, 305, 305, 305, 307, 307, 307, 308, 308, 308, 308, 309, 310, 310, 310, 311, 312, 313, 313, 313, 314, 314, 318, 321, 321, 321, 321, 321, 326, 330, 331, 332, 333, 335, 337, 341, 343, 345, 346, 349, 349, 352, 352, 352, 352, 353, 356, 356, 361, 364, 365, 368, 369, 370, 371, 372, 374, 375, 379, 379, 379]}
40 {0: [29, 29, 25, 25, 29, 26, 27, 28, 27, 27, 25, 25, 26, 27, 25, 25, 26, 26, 26, 26, 26, 25, 25, 25, 25, 26, 24, 25, 25, 23, 26, 26, 26, 27, 27, 29, 25, 26, 22, 23, 22, 22, 23, 22, 22, 23, 22, 22, 22, 22, 22, 22, 22, 22, 23, 22, 22, 22, 22, 23, 25, 23, 22, 23, 25, 25, 27, 24, 23, 24, 24, 25, 26, 26, 23, 22, 22, 22, 20, 24, 23, 23, 25, 26, 27, 26, 27, 26, 24, 26, 24, 24, 24, 24, 25, 25, 28, 26, 28, 30], 1: [240, 242, 246, 246, 247, 251, 251, 251, 254, 257, 259, 264, 264, 264, 266, 267, 268, 269, 269, 273, 274, 275, 275, 275, 275, 279, 283, 283, 283, 287, 288, 289, 289, 290, 290, 291, 297, 298, 303, 303, 305, 305, 305, 307, 307, 307, 308, 308, 308, 308, 309, 310, 310, 310, 311, 312, 313, 313, 313, 314, 314, 318, 321, 321, 321, 321, 321, 326, 330, 331, 332, 333, 335, 337, 341, 343, 345, 346, 349, 349, 352, 352, 352, 352, 353, 356, 356, 361, 364, 365, 368, 369, 370, 371, 372, 374, 375, 379, 379, 379]}
778 {0: [29, 29, 25, 25, 29, 26, 27, 28, 27, 27, 25, 25, 26, 27, 25, 25, 26, 26, 26, 26, 26, 25, 25, 25, 25, 26, 24, 25, 25, 23, 26, 26, 26, 27, 27, 29, 25, 26, 22, 23, 22, 22, 23, 22, 22, 23, 22, 22, 22, 22, 22, 22, 22, 22, 23, 22, 22, 22, 22, 23, 25, 23, 22, 23, 25, 25, 27, 24, 23, 24, 24, 25, 26, 26, 23, 22, 22, 22, 20, 24, 23, 23, 25, 26, 27, 26, 27, 26, 24, 26, 24, 24, 24, 24, 25, 25, 28, 26, 28, 30], 1: [240, 242, 246, 246, 247, 251, 251, 251, 254, 257, 259, 264, 264, 264, 266, 267, 268, 269, 269, 273, 274, 275, 275, 275, 275, 279, 283, 283, 283, 287, 288, 289, 289, 290, 290, 291, 297, 298, 303, 303, 305, 305, 305, 307, 307, 307, 308, 308, 308, 308, 309, 310, 310, 310, 311, 312, 313, 313, 313, 314, 314, 318, 321, 321, 321, 321, 321, 326, 330, 331, 332, 333, 335, 337, 341, 343, 345, 346, 349, 349, 352, 352, 352, 352, 353, 356, 356, 361, 364, 365, 368, 369, 370, 371, 372, 374, 375, 379, 379, 379]}
287 {0: [29, 29, 25, 25, 29, 26, 27, 28, 27, 27, 25, 25, 26, 27, 25, 25, 26, 26, 26, 26, 26, 25, 25, 25, 25, 26, 24, 25, 25, 23, 26, 26, 26, 27, 27, 29, 25, 26, 22, 23, 22, 22, 23, 22, 22, 23, 22, 22, 22, 22, 22, 22, 22, 22, 23, 22, 22, 22, 22, 23, 25, 23, 22, 23, 25, 25, 27, 24, 23, 24, 24, 25, 26, 26, 23, 22, 22, 22, 20, 24, 23, 23, 26, 27, 25, 26, 27, 27, 27, 29, 28, 26, 25, 25, 27, 28, 27, 29, 27, 30], 1: [240, 242, 246, 246, 247, 251, 251, 251, 254, 257, 259, 264, 264, 264, 266, 267, 268, 269, 269, 273, 274, 275, 275, 275, 275, 279, 283, 283, 283, 287, 288, 289, 289, 290, 290, 291, 297, 298, 303, 303, 305, 305, 305, 307, 307, 307, 308, 308, 308, 308, 309, 310, 310, 310, 311, 312, 313, 313, 313, 314, 314, 318, 321, 321, 321, 321, 321, 326, 330, 331, 332, 333, 335, 337, 341, 343, 345, 346, 349, 349, 352, 352, 353, 355, 358, 358, 358, 358, 360, 362, 365, 369, 373, 374, 374, 376, 379, 380, 383, 384]}
535 {0: [29, 29, 25, 25, 29, 26, 27, 28, 27, 27, 25, 25, 26, 27, 25, 25, 26, 26, 26, 26, 26, 25, 25, 25, 25, 26, 24, 25, 25, 23, 26, 26, 26, 27, 27, 29, 25, 26, 22, 23, 22, 22, 23, 22, 22, 23, 22, 22, 22, 22, 22, 22, 22, 22, 23, 22, 22, 22, 22, 23, 25, 23, 22, 23, 25, 25, 27, 24, 23, 24, 24, 25, 26, 26, 23, 22, 22, 22, 20, 24, 23, 23, 25, 26, 27, 26, 27, 26, 24, 26, 24, 24, 24, 24, 25, 25, 28, 26, 28, 30], 1: [240, 242, 246, 246, 247, 251, 251, 251, 254, 257, 259, 264, 264, 264, 266, 267, 268, 269, 269, 273, 274, 275, 275, 275, 275, 279, 283, 283, 283, 287, 288, 289, 289, 290, 290, 291, 297, 298, 303, 303, 305, 305, 305, 307, 307, 307, 308, 308, 308, 308, 309, 310, 310, 310, 311, 312, 313, 313, 313, 314, 314, 318, 321, 321, 321, 321, 321, 326, 330, 331, 332, 333, 335, 337, 341, 343, 345, 346, 349, 349, 352, 352, 352, 352, 353, 356, 356, 361, 364, 365, 368, 369, 370, 371, 372, 374, 375, 379, 379, 379]}
41 {0: [29, 29, 25, 25, 29, 26, 27, 28, 27, 27, 25, 25, 26, 27, 25, 25, 26, 26, 26, 26, 26, 25, 25, 25, 25, 26, 24, 25, 25, 23, 26, 26, 26, 27, 27, 29, 25, 26, 22, 23, 22, 22, 23, 22, 22, 23, 22, 22, 22, 22, 22, 22, 22, 22, 23, 22, 22, 22, 22, 23, 25, 23, 22, 23, 25, 25, 27, 24, 23, 24, 24, 25, 26, 26, 23, 22, 22, 22, 20, 24, 23, 23, 25, 26, 27, 26, 27, 26, 24, 26, 24, 24, 24, 24, 25, 25, 28, 26, 28, 30], 1: [240, 242, 246, 246, 247, 251, 251, 251, 254, 257, 259, 264, 264, 264, 266, 267, 268, 269, 269, 273, 274, 275, 275, 275, 275, 279, 283, 283, 283, 287, 288, 289, 289, 290, 290, 291, 297, 298, 303, 303, 305, 305, 305, 307, 307, 307, 308, 308, 308, 308, 309, 310, 310, 310, 311, 312, 313, 313, 313, 314, 314, 318, 321, 321, 321, 321, 321, 326, 330, 331, 332, 333, 335, 337, 341, 343, 345, 346, 349, 349, 352, 352, 352, 352, 353, 356, 356, 361, 364, 365, 368, 369, 370, 371, 372, 374, 375, 379, 379, 379]}
779 {0: [29, 29, 25, 25, 29, 26, 27, 28, 27, 27, 25, 25, 26, 27, 25, 25, 26, 26, 26, 26, 26, 25, 25, 25, 25, 26, 24, 25, 25, 23, 26, 26, 26, 27, 27, 29, 25, 26, 22, 23, 22, 22, 23, 22, 22, 23, 22, 22, 22, 22, 22, 22, 22, 22, 23, 22, 22, 22, 22, 23, 25, 23, 22, 23, 25, 25, 27, 24, 23, 24, 24, 25, 26, 26, 23, 22, 22, 22, 20, 24, 23, 23, 25, 26, 27, 26, 27, 26, 24, 26, 24, 24, 24, 24, 25, 25, 28, 26, 28, 30], 1: [240, 242, 246, 246, 247, 251, 251, 251, 254, 257, 259, 264, 264, 264, 266, 267, 268, 269, 269, 273, 274, 275, 275, 275, 275, 279, 283, 283, 283, 287, 288, 289, 289, 290, 290, 291, 297, 298, 303, 303, 305, 305, 305, 307, 307, 307, 308, 308, 308, 308, 309, 310, 310, 310, 311, 312, 313, 313, 313, 314, 314, 318, 321, 321, 321, 321, 321, 326, 330, 331, 332, 333, 335, 337, 341, 343, 345, 346, 349, 349, 352, 352, 352, 352, 353, 356, 356, 361, 364, 365, 368, 369, 370, 371, 372, 374, 375, 379, 379, 379]}
288 {0: [29, 29, 25, 25, 29, 26, 27, 28, 27, 27, 25, 25, 26, 27, 25, 25, 26, 26, 26, 26, 26, 25, 25, 25, 25, 26, 24, 25, 25, 23, 26, 26, 26, 27, 27, 29, 25, 26, 22, 23, 22, 22, 23, 22, 22, 23, 22, 22, 22, 22, 22, 22, 22, 22, 23, 22, 22, 22, 22, 23, 25, 23, 22, 23, 25, 25, 27, 24, 23, 24, 24, 25, 26, 26, 23, 22, 22, 22, 20, 24, 23, 23, 25, 26, 27, 26, 27, 26, 24, 26, 24, 24, 24, 24, 25, 25, 28, 26, 28, 30], 1: [240, 242, 246, 246, 247, 251, 251, 251, 254, 257, 259, 264, 264, 264, 266, 267, 268, 269, 269, 273, 274, 275, 275, 275, 275, 279, 283, 283, 283, 287, 288, 289, 289, 290, 290, 291, 297, 298, 303, 303, 305, 305, 305, 307, 307, 307, 308, 308, 308, 308, 309, 310, 310, 310, 311, 312, 313, 313, 313, 314, 314, 318, 321, 321, 321, 321, 321, 326, 330, 331, 332, 333, 335, 337, 341, 343, 345, 346, 349, 349, 352, 352, 352, 352, 353, 356, 356, 361, 364, 365, 368, 369, 370, 371, 372, 374, 375, 379, 379, 379]}
536 {0: [29, 29, 25, 25, 29, 26, 27, 28, 27, 27, 25, 25, 26, 27, 25, 25, 26, 26, 26, 26, 26, 25, 25, 25, 25, 26, 24, 25, 25, 23, 26, 26, 26, 27, 27, 29, 25, 26, 22, 23, 22, 22, 23, 22, 22, 23, 22, 22, 22, 22, 22, 22, 22, 22, 23, 22, 22, 22, 22, 23, 25, 23, 22, 23, 25, 25, 27, 24, 23, 24, 24, 25, 26, 26, 23, 22, 22, 22, 20, 24, 23, 23, 25, 26, 27, 26, 27, 26, 24, 26, 24, 24, 24, 24, 25, 25, 28, 26, 28, 30], 1: [240, 242, 246, 246, 247, 251, 251, 251, 254, 257, 259, 264, 264, 264, 266, 267, 268, 269, 269, 273, 274, 275, 275, 275, 275, 279, 283, 283, 283, 287, 288, 289, 289, 290, 290, 291, 297, 298, 303, 303, 305, 305, 305, 307, 307, 307, 308, 308, 308, 308, 309, 310, 310, 310, 311, 312, 313, 313, 313, 314, 314, 318, 321, 321, 321, 321, 321, 326, 330, 331, 332, 333, 335, 337, 341, 343, 345, 346, 349, 349, 352, 352, 352, 352, 353, 356, 356, 361, 364, 365, 368, 369, 370, 371, 372, 374, 375, 379, 379, 379]}
42 {0: [28, 27, 25, 25, 26, 24, 24, 25, 22, 23, 26, 24, 23, 24, 24, 25, 25, 26, 28, 26, 22, 23, 24, 24, 26, 25, 26, 26, 27, 28, 27, 25, 26, 25, 24, 26, 26, 26, 28, 26, 26, 29, 27, 26, 26, 27, 26, 25, 26, 25, 26, 26, 26, 27, 23, 24, 24, 24, 23, 26, 25, 26, 25, 27, 25, 23, 23, 24, 23, 24, 24, 26, 24, 24, 26, 25, 27, 25, 26, 26, 27, 25, 25, 27, 27, 27, 28, 28, 25, 27, 26, 26, 25, 24, 25, 25, 25, 25, 25, 25], 1: [240, 242, 246, 249, 249, 253, 253, 255, 258, 258, 258, 261, 263, 264, 265, 265, 265, 266, 268, 272, 277, 277, 280, 281, 281, 283, 284, 285, 286, 288, 294, 297, 298, 299, 301, 302, 306, 308, 308, 311, 311, 311, 313, 315, 318, 318, 319, 322, 322, 323, 323, 325, 326, 327, 333, 334, 335, 335, 337, 337, 338, 341, 343, 346, 350, 355, 355, 356, 357, 357, 357, 358, 361, 363, 364, 366, 369, 371, 373, 373, 373, 376, 376, 376, 377, 377, 377, 380, 383, 384, 385, 387, 388, 389, 389, 389, 390, 390, 392, 393]}
780 {0: [29, 29, 25, 25, 29, 26, 27, 28, 27, 27, 25, 25, 26, 27, 25, 25, 26, 26, 26, 26, 26, 25, 25, 25, 25, 26, 24, 25, 25, 23, 26, 26, 26, 27, 27, 29, 25, 26, 22, 23, 22, 22, 23, 22, 22, 23, 22, 22, 22, 22, 22, 22, 22, 22, 23, 22, 22, 22, 22, 23, 25, 23, 22, 23, 25, 25, 27, 24, 23, 24, 24, 25, 26, 26, 23, 22, 22, 22, 20, 24, 23, 23, 25, 26, 27, 26, 27, 26, 24, 26, 24, 24, 24, 24, 25, 25, 28, 26, 28, 30], 1: [240, 242, 246, 246, 247, 251, 251, 251, 254, 257, 259, 264, 264, 264, 266, 267, 268, 269, 269, 273, 274, 275, 275, 275, 275, 279, 283, 283, 283, 287, 288, 289, 289, 290, 290, 291, 297, 298, 303, 303, 305, 305, 305, 307, 307, 307, 308, 308, 308, 308, 309, 310, 310, 310, 311, 312, 313, 313, 313, 314, 314, 318, 321, 321, 321, 321, 321, 326, 330, 331, 332, 333, 335, 337, 341, 343, 345, 346, 349, 349, 352, 352, 352, 352, 353, 356, 356, 361, 364, 365, 368, 369, 370, 371, 372, 374, 375, 379, 379, 379]}
289 {0: [29, 29, 25, 25, 29, 26, 27, 28, 27, 27, 25, 25, 26, 27, 25, 25, 26, 26, 26, 26, 26, 25, 25, 25, 25, 26, 24, 25, 25, 23, 26, 26, 26, 27, 27, 29, 25, 26, 22, 23, 22, 22, 23, 22, 22, 23, 22, 22, 22, 22, 22, 22, 22, 22, 23, 22, 22, 22, 22, 23, 25, 23, 22, 23, 25, 25, 27, 24, 23, 24, 24, 25, 26, 26, 23, 22, 22, 22, 20, 24, 23, 23, 25, 26, 27, 26, 27, 26, 24, 26, 24, 24, 24, 24, 25, 25, 28, 26, 28, 30], 1: [240, 242, 246, 246, 247, 251, 251, 251, 254, 257, 259, 264, 264, 264, 266, 267, 268, 269, 269, 273, 274, 275, 275, 275, 275, 279, 283, 283, 283, 287, 288, 289, 289, 290, 290, 291, 297, 298, 303, 303, 305, 305, 305, 307, 307, 307, 308, 308, 308, 308, 309, 310, 310, 310, 311, 312, 313, 313, 313, 314, 314, 318, 321, 321, 321, 321, 321, 326, 330, 331, 332, 333, 335, 337, 341, 343, 345, 346, 349, 349, 352, 352, 352, 352, 353, 356, 356, 361, 364, 365, 368, 369, 370, 371, 372, 374, 375, 379, 379, 379]}
537 {0: [29, 29, 25, 25, 29, 26, 27, 28, 27, 27, 25, 25, 26, 27, 25, 25, 26, 26, 26, 26, 26, 25, 25, 25, 25, 26, 24, 25, 25, 23, 26, 26, 26, 27, 27, 29, 25, 26, 22, 23, 22, 22, 23, 22, 22, 23, 22, 22, 22, 22, 22, 22, 22, 22, 23, 22, 22, 22, 22, 23, 25, 23, 22, 23, 25, 25, 27, 24, 23, 24, 24, 25, 26, 26, 23, 22, 22, 22, 20, 24, 23, 23, 25, 26, 27, 26, 27, 26, 24, 26, 24, 24, 24, 24, 25, 25, 28, 26, 28, 30], 1: [240, 242, 246, 246, 247, 251, 251, 251, 254, 257, 259, 264, 264, 264, 266, 267, 268, 269, 269, 273, 274, 275, 275, 275, 275, 279, 283, 283, 283, 287, 288, 289, 289, 290, 290, 291, 297, 298, 303, 303, 305, 305, 305, 307, 307, 307, 308, 308, 308, 308, 309, 310, 310, 310, 311, 312, 313, 313, 313, 314, 314, 318, 321, 321, 321, 321, 321, 326, 330, 331, 332, 333, 335, 337, 341, 343, 345, 346, 349, 349, 352, 352, 352, 352, 353, 356, 356, 361, 364, 365, 368, 369, 370, 371, 372, 374, 375, 379, 379, 379]}
43 {0: [29, 29, 25, 25, 29, 26, 27, 28, 27, 27, 25, 25, 26, 27, 25, 25, 26, 26, 26, 26, 26, 25, 25, 25, 25, 26, 24, 25, 25, 23, 26, 26, 26, 27, 27, 29, 25, 26, 22, 23, 22, 22, 23, 22, 22, 23, 22, 22, 22, 22, 22, 22, 22, 22, 23, 22, 22, 22, 22, 23, 25, 23, 22, 23, 25, 25, 27, 24, 23, 24, 24, 25, 26, 26, 23, 22, 22, 22, 20, 24, 23, 23, 25, 26, 27, 26, 27, 26, 24, 26, 24, 24, 24, 24, 25, 25, 28, 26, 28, 30], 1: [240, 242, 246, 246, 247, 251, 251, 251, 254, 257, 259, 264, 264, 264, 266, 267, 268, 269, 269, 273, 274, 275, 275, 275, 275, 279, 283, 283, 283, 287, 288, 289, 289, 290, 290, 291, 297, 298, 303, 303, 305, 305, 305, 307, 307, 307, 308, 308, 308, 308, 309, 310, 310, 310, 311, 312, 313, 313, 313, 314, 314, 318, 321, 321, 321, 321, 321, 326, 330, 331, 332, 333, 335, 337, 341, 343, 345, 346, 349, 349, 352, 352, 352, 352, 353, 356, 356, 361, 364, 365, 368, 369, 370, 371, 372, 374, 375, 379, 379, 379]}
781 {0: [29, 29, 25, 25, 29, 26, 27, 28, 27, 27, 25, 25, 26, 27, 25, 25, 26, 26, 26, 26, 26, 25, 25, 25, 25, 26, 24, 25, 25, 23, 26, 26, 26, 27, 27, 29, 25, 26, 22, 23, 22, 22, 23, 22, 22, 23, 22, 22, 22, 22, 22, 22, 22, 22, 23, 22, 22, 22, 22, 23, 25, 23, 22, 23, 25, 25, 27, 24, 23, 24, 24, 25, 26, 26, 23, 22, 22, 22, 20, 24, 23, 23, 25, 26, 27, 26, 27, 26, 24, 26, 24, 24, 24, 24, 25, 25, 28, 26, 28, 30], 1: [240, 242, 246, 246, 247, 251, 251, 251, 254, 257, 259, 264, 264, 264, 266, 267, 268, 269, 269, 273, 274, 275, 275, 275, 275, 279, 283, 283, 283, 287, 288, 289, 289, 290, 290, 291, 297, 298, 303, 303, 305, 305, 305, 307, 307, 307, 308, 308, 308, 308, 309, 310, 310, 310, 311, 312, 313, 313, 313, 314, 314, 318, 321, 321, 321, 321, 321, 326, 330, 331, 332, 333, 335, 337, 341, 343, 345, 346, 349, 349, 352, 352, 352, 352, 353, 356, 356, 361, 364, 365, 368, 369, 370, 371, 372, 374, 375, 379, 379, 379]}
290 {0: [29, 29, 25, 25, 29, 26, 27, 28, 27, 27, 25, 25, 26, 27, 25, 25, 26, 26, 26, 26, 26, 25, 25, 25, 25, 26, 24, 25, 25, 23, 26, 26, 26, 27, 27, 29, 25, 26, 22, 23, 22, 22, 23, 22, 22, 23, 22, 22, 22, 22, 22, 22, 22, 22, 23, 22, 22, 22, 22, 23, 25, 23, 22, 23, 25, 25, 27, 24, 23, 24, 24, 25, 26, 26, 23, 22, 22, 22, 20, 24, 23, 23, 25, 26, 27, 26, 27, 26, 24, 26, 24, 24, 24, 24, 25, 25, 28, 26, 28, 30], 1: [240, 242, 246, 246, 247, 251, 251, 251, 254, 257, 259, 264, 264, 264, 266, 267, 268, 269, 269, 273, 274, 275, 275, 275, 275, 279, 283, 283, 283, 287, 288, 289, 289, 290, 290, 291, 297, 298, 303, 303, 305, 305, 305, 307, 307, 307, 308, 308, 308, 308, 309, 310, 310, 310, 311, 312, 313, 313, 313, 314, 314, 318, 321, 321, 321, 321, 321, 326, 330, 331, 332, 333, 335, 337, 341, 343, 345, 346, 349, 349, 352, 352, 352, 352, 353, 356, 356, 361, 364, 365, 368, 369, 370, 371, 372, 374, 375, 379, 379, 379]}
538 {0: [29, 29, 25, 25, 29, 26, 27, 28, 27, 27, 25, 25, 26, 27, 25, 25, 26, 26, 26, 26, 26, 25, 25, 25, 25, 26, 24, 25, 25, 23, 26, 26, 26, 27, 27, 29, 25, 26, 22, 23, 22, 22, 23, 22, 22, 23, 22, 22, 22, 22, 22, 22, 22, 22, 23, 22, 22, 22, 22, 23, 25, 23, 22, 23, 25, 25, 27, 24, 23, 24, 24, 25, 26, 26, 23, 22, 22, 22, 20, 24, 23, 23, 25, 26, 27, 26, 27, 26, 24, 26, 24, 24, 24, 24, 25, 25, 28, 26, 28, 30], 1: [240, 242, 246, 246, 247, 251, 251, 251, 254, 257, 259, 264, 264, 264, 266, 267, 268, 269, 269, 273, 274, 275, 275, 275, 275, 279, 283, 283, 283, 287, 288, 289, 289, 290, 290, 291, 297, 298, 303, 303, 305, 305, 305, 307, 307, 307, 308, 308, 308, 308, 309, 310, 310, 310, 311, 312, 313, 313, 313, 314, 314, 318, 321, 321, 321, 321, 321, 326, 330, 331, 332, 333, 335, 337, 341, 343, 345, 346, 349, 349, 352, 352, 352, 352, 353, 356, 356, 361, 364, 365, 368, 369, 370, 371, 372, 374, 375, 379, 379, 379]}
44 {0: [29, 29, 25, 25, 29, 26, 27, 28, 27, 27, 25, 25, 26, 27, 25, 25, 26, 26, 26, 26, 26, 25, 25, 25, 25, 26, 24, 25, 25, 23, 26, 26, 26, 27, 27, 29, 25, 26, 22, 23, 22, 22, 23, 22, 22, 23, 22, 22, 22, 22, 22, 22, 22, 22, 23, 22, 22, 22, 22, 23, 25, 23, 22, 23, 25, 25, 27, 24, 23, 24, 24, 25, 26, 26, 23, 22, 22, 22, 20, 24, 23, 23, 25, 26, 27, 26, 27, 26, 24, 26, 24, 24, 24, 24, 25, 25, 28, 26, 28, 30], 1: [240, 242, 246, 246, 247, 251, 251, 251, 254, 257, 259, 264, 264, 264, 266, 267, 268, 269, 269, 273, 274, 275, 275, 275, 275, 279, 283, 283, 283, 287, 288, 289, 289, 290, 290, 291, 297, 298, 303, 303, 305, 305, 305, 307, 307, 307, 308, 308, 308, 308, 309, 310, 310, 310, 311, 312, 313, 313, 313, 314, 314, 318, 321, 321, 321, 321, 321, 326, 330, 331, 332, 333, 335, 337, 341, 343, 345, 346, 349, 349, 352, 352, 352, 352, 353, 356, 356, 361, 364, 365, 368, 369, 370, 371, 372, 374, 375, 379, 379, 379]}
782 {0: [29, 29, 25, 25, 29, 26, 27, 28, 27, 27, 25, 25, 26, 27, 25, 25, 26, 26, 26, 26, 26, 25, 25, 25, 25, 26, 24, 25, 25, 23, 26, 26, 26, 27, 27, 29, 25, 26, 22, 23, 22, 22, 23, 22, 22, 23, 22, 22, 22, 22, 22, 22, 22, 22, 23, 22, 22, 22, 22, 23, 25, 23, 22, 23, 25, 25, 27, 24, 23, 24, 24, 25, 26, 26, 23, 22, 22, 22, 20, 24, 23, 23, 25, 26, 27, 26, 27, 26, 24, 26, 24, 24, 24, 24, 25, 25, 28, 26, 28, 30], 1: [240, 242, 246, 246, 247, 251, 251, 251, 254, 257, 259, 264, 264, 264, 266, 267, 268, 269, 269, 273, 274, 275, 275, 275, 275, 279, 283, 283, 283, 287, 288, 289, 289, 290, 290, 291, 297, 298, 303, 303, 305, 305, 305, 307, 307, 307, 308, 308, 308, 308, 309, 310, 310, 310, 311, 312, 313, 313, 313, 314, 314, 318, 321, 321, 321, 321, 321, 326, 330, 331, 332, 333, 335, 337, 341, 343, 345, 346, 349, 349, 352, 352, 352, 352, 353, 356, 356, 361, 364, 365, 368, 369, 370, 371, 372, 374, 375, 379, 379, 379]}
291 {0: [29, 29, 25, 25, 29, 26, 27, 28, 27, 27, 25, 25, 26, 27, 25, 25, 26, 26, 26, 26, 26, 25, 25, 25, 25, 26, 24, 25, 25, 23, 26, 26, 26, 27, 27, 29, 25, 26, 22, 23, 22, 22, 23, 22, 22, 23, 22, 22, 22, 22, 22, 22, 22, 22, 23, 22, 22, 22, 22, 23, 25, 23, 22, 23, 25, 25, 27, 24, 23, 24, 24, 25, 26, 26, 23, 22, 22, 22, 20, 24, 23, 23, 25, 26, 27, 26, 27, 26, 24, 26, 24, 24, 24, 24, 25, 25, 28, 26, 28, 30], 1: [240, 242, 246, 246, 247, 251, 251, 251, 254, 257, 259, 264, 264, 264, 266, 267, 268, 269, 269, 273, 274, 275, 275, 275, 275, 279, 283, 283, 283, 287, 288, 289, 289, 290, 290, 291, 297, 298, 303, 303, 305, 305, 305, 307, 307, 307, 308, 308, 308, 308, 309, 310, 310, 310, 311, 312, 313, 313, 313, 314, 314, 318, 321, 321, 321, 321, 321, 326, 330, 331, 332, 333, 335, 337, 341, 343, 345, 346, 349, 349, 352, 352, 352, 352, 353, 356, 356, 361, 364, 365, 368, 369, 370, 371, 372, 374, 375, 379, 379, 379]}
539 {0: [29, 29, 25, 25, 29, 26, 27, 28, 27, 27, 25, 25, 26, 27, 25, 25, 26, 26, 26, 26, 26, 25, 25, 25, 25, 26, 24, 25, 25, 23, 26, 26, 26, 27, 27, 29, 25, 26, 22, 23, 22, 22, 23, 22, 22, 23, 22, 22, 22, 22, 22, 22, 22, 22, 23, 22, 22, 22, 22, 23, 25, 23, 22, 23, 25, 25, 27, 24, 23, 24, 24, 25, 26, 26, 23, 22, 22, 22, 20, 24, 23, 23, 25, 26, 27, 26, 27, 26, 24, 26, 24, 24, 24, 24, 25, 25, 28, 26, 28, 30], 1: [240, 242, 246, 246, 247, 251, 251, 251, 254, 257, 259, 264, 264, 264, 266, 267, 268, 269, 269, 273, 274, 275, 275, 275, 275, 279, 283, 283, 283, 287, 288, 289, 289, 290, 290, 291, 297, 298, 303, 303, 305, 305, 305, 307, 307, 307, 308, 308, 308, 308, 309, 310, 310, 310, 311, 312, 313, 313, 313, 314, 314, 318, 321, 321, 321, 321, 321, 326, 330, 331, 332, 333, 335, 337, 341, 343, 345, 346, 349, 349, 352, 352, 352, 352, 353, 356, 356, 361, 364, 365, 368, 369, 370, 371, 372, 374, 375, 379, 379, 379]}
45 {0: [28, 28, 28, 26, 26, 27, 27, 28, 30, 29, 30, 27, 28, 27, 28, 29, 27, 29, 28, 28, 27, 30, 29, 29, 29, 31, 31, 28, 29, 31, 28, 29, 28, 30, 28, 30, 27, 27, 29, 28, 29, 29, 29, 30, 28, 29, 28, 26, 26, 26, 30, 30, 27, 25, 25, 28, 27, 27, 27, 28, 27, 30, 29, 26, 26, 26, 27, 27, 29, 27, 28, 27, 27, 28, 29, 28, 29, 28, 30, 28, 29, 29, 28, 27, 23, 23, 25, 23, 24, 23, 22, 23, 23, 25, 25, 25, 29, 28, 29, 29], 1: [239, 241, 245, 250, 254, 255, 258, 258, 258, 261, 263, 268, 270, 273, 274, 275, 277, 278, 280, 283, 285, 286, 290, 293, 295, 296, 299, 303, 305, 307, 311, 313, 317, 318, 322, 324, 328, 328, 329, 330, 330, 331, 333, 337, 339, 339, 343, 345, 345, 346, 347, 350, 354, 358, 359, 359, 361, 362, 363, 363, 365, 367, 371, 376, 377, 377, 377, 380, 381, 385, 389, 391, 391, 391, 396, 399, 400, 402, 404, 407, 408, 408, 412, 414, 420, 420, 420, 422, 422, 423, 424, 424, 424, 424, 426, 426, 427, 429, 429, 430]}
783 {0: [29, 29, 25, 25, 29, 26, 27, 28, 27, 27, 25, 25, 26, 27, 25, 25, 26, 26, 26, 26, 26, 25, 25, 25, 25, 26, 24, 25, 25, 23, 26, 26, 26, 27, 27, 29, 25, 26, 22, 23, 22, 22, 23, 22, 22, 23, 22, 22, 22, 22, 22, 22, 22, 22, 23, 22, 22, 22, 22, 23, 25, 23, 22, 23, 25, 25, 27, 24, 23, 24, 24, 25, 26, 26, 23, 22, 22, 22, 20, 24, 23, 23, 25, 26, 27, 26, 27, 26, 24, 26, 24, 24, 24, 24, 25, 25, 28, 26, 28, 30], 1: [240, 242, 246, 246, 247, 251, 251, 251, 254, 257, 259, 264, 264, 264, 266, 267, 268, 269, 269, 273, 274, 275, 275, 275, 275, 279, 283, 283, 283, 287, 288, 289, 289, 290, 290, 291, 297, 298, 303, 303, 305, 305, 305, 307, 307, 307, 308, 308, 308, 308, 309, 310, 310, 310, 311, 312, 313, 313, 313, 314, 314, 318, 321, 321, 321, 321, 321, 326, 330, 331, 332, 333, 335, 337, 341, 343, 345, 346, 349, 349, 352, 352, 352, 352, 353, 356, 356, 361, 364, 365, 368, 369, 370, 371, 372, 374, 375, 379, 379, 379]}
292 {0: [29, 29, 25, 25, 29, 26, 27, 28, 27, 27, 25, 25, 26, 27, 25, 25, 26, 26, 26, 26, 26, 25, 25, 25, 25, 26, 24, 25, 25, 23, 26, 26, 26, 27, 27, 29, 25, 26, 22, 23, 22, 22, 23, 22, 22, 23, 22, 22, 22, 22, 22, 22, 22, 22, 23, 22, 22, 22, 22, 23, 25, 23, 22, 23, 25, 25, 27, 24, 23, 24, 24, 25, 26, 26, 23, 22, 22, 22, 20, 24, 23, 23, 25, 26, 27, 26, 27, 26, 24, 26, 24, 24, 24, 24, 25, 25, 28, 26, 28, 30], 1: [240, 242, 246, 246, 247, 251, 251, 251, 254, 257, 259, 264, 264, 264, 266, 267, 268, 269, 269, 273, 274, 275, 275, 275, 275, 279, 283, 283, 283, 287, 288, 289, 289, 290, 290, 291, 297, 298, 303, 303, 305, 305, 305, 307, 307, 307, 308, 308, 308, 308, 309, 310, 310, 310, 311, 312, 313, 313, 313, 314, 314, 318, 321, 321, 321, 321, 321, 326, 330, 331, 332, 333, 335, 337, 341, 343, 345, 346, 349, 349, 352, 352, 352, 352, 353, 356, 356, 361, 364, 365, 368, 369, 370, 371, 372, 374, 375, 379, 379, 379]}
540 {0: [29, 29, 25, 25, 29, 26, 27, 28, 27, 27, 25, 25, 26, 27, 25, 25, 26, 26, 26, 26, 26, 25, 25, 25, 25, 26, 24, 25, 25, 23, 26, 26, 26, 27, 27, 29, 25, 26, 22, 23, 22, 22, 23, 22, 22, 23, 22, 22, 22, 22, 22, 22, 22, 22, 23, 22, 22, 22, 22, 23, 25, 23, 22, 23, 25, 25, 27, 24, 23, 24, 24, 25, 26, 26, 23, 22, 22, 22, 20, 24, 23, 23, 25, 26, 27, 26, 27, 26, 24, 26, 24, 24, 24, 24, 25, 25, 28, 26, 28, 30], 1: [240, 242, 246, 246, 247, 251, 251, 251, 254, 257, 259, 264, 264, 264, 266, 267, 268, 269, 269, 273, 274, 275, 275, 275, 275, 279, 283, 283, 283, 287, 288, 289, 289, 290, 290, 291, 297, 298, 303, 303, 305, 305, 305, 307, 307, 307, 308, 308, 308, 308, 309, 310, 310, 310, 311, 312, 313, 313, 313, 314, 314, 318, 321, 321, 321, 321, 321, 326, 330, 331, 332, 333, 335, 337, 341, 343, 345, 346, 349, 349, 352, 352, 352, 352, 353, 356, 356, 361, 364, 365, 368, 369, 370, 371, 372, 374, 375, 379, 379, 379]}
46 {0: [29, 29, 25, 25, 29, 26, 27, 28, 27, 27, 25, 25, 26, 27, 25, 25, 26, 26, 26, 26, 26, 25, 25, 25, 25, 26, 24, 25, 25, 23, 26, 26, 26, 27, 27, 29, 25, 26, 22, 23, 22, 22, 23, 22, 22, 23, 22, 22, 22, 22, 22, 22, 22, 22, 23, 22, 22, 22, 22, 23, 25, 23, 22, 23, 25, 25, 27, 24, 23, 24, 24, 25, 26, 26, 23, 22, 22, 22, 20, 24, 23, 23, 25, 26, 27, 26, 27, 26, 24, 26, 24, 24, 24, 24, 25, 25, 28, 26, 28, 30], 1: [240, 242, 246, 246, 247, 251, 251, 251, 254, 257, 259, 264, 264, 264, 266, 267, 268, 269, 269, 273, 274, 275, 275, 275, 275, 279, 283, 283, 283, 287, 288, 289, 289, 290, 290, 291, 297, 298, 303, 303, 305, 305, 305, 307, 307, 307, 308, 308, 308, 308, 309, 310, 310, 310, 311, 312, 313, 313, 313, 314, 314, 318, 321, 321, 321, 321, 321, 326, 330, 331, 332, 333, 335, 337, 341, 343, 345, 346, 349, 349, 352, 352, 352, 352, 353, 356, 356, 361, 364, 365, 368, 369, 370, 371, 372, 374, 375, 379, 379, 379]}
784 {0: [29, 29, 25, 25, 29, 26, 27, 28, 27, 27, 25, 25, 26, 27, 25, 25, 26, 26, 26, 26, 26, 25, 25, 25, 25, 26, 24, 25, 25, 23, 26, 26, 26, 27, 27, 29, 25, 26, 22, 23, 22, 22, 23, 22, 22, 23, 22, 22, 22, 22, 22, 22, 22, 22, 23, 22, 22, 22, 22, 23, 25, 23, 22, 23, 25, 25, 27, 24, 23, 24, 24, 25, 26, 26, 23, 22, 22, 22, 20, 24, 23, 23, 25, 26, 27, 26, 27, 26, 24, 26, 24, 24, 24, 24, 25, 25, 28, 26, 28, 30], 1: [240, 242, 246, 246, 247, 251, 251, 251, 254, 257, 259, 264, 264, 264, 266, 267, 268, 269, 269, 273, 274, 275, 275, 275, 275, 279, 283, 283, 283, 287, 288, 289, 289, 290, 290, 291, 297, 298, 303, 303, 305, 305, 305, 307, 307, 307, 308, 308, 308, 308, 309, 310, 310, 310, 311, 312, 313, 313, 313, 314, 314, 318, 321, 321, 321, 321, 321, 326, 330, 331, 332, 333, 335, 337, 341, 343, 345, 346, 349, 349, 352, 352, 352, 352, 353, 356, 356, 361, 364, 365, 368, 369, 370, 371, 372, 374, 375, 379, 379, 379]}
293 {0: [29, 29, 25, 25, 29, 26, 27, 28, 27, 27, 25, 25, 26, 27, 25, 25, 26, 26, 26, 26, 26, 25, 25, 25, 25, 26, 24, 25, 25, 23, 26, 26, 26, 27, 27, 29, 25, 26, 22, 23, 22, 22, 23, 22, 22, 23, 22, 22, 22, 22, 22, 22, 22, 22, 23, 22, 22, 22, 22, 23, 25, 23, 22, 23, 25, 25, 27, 24, 23, 24, 24, 25, 26, 26, 23, 22, 22, 22, 20, 24, 23, 23, 25, 26, 27, 26, 27, 26, 24, 26, 24, 24, 24, 24, 25, 25, 28, 26, 28, 30], 1: [240, 242, 246, 246, 247, 251, 251, 251, 254, 257, 259, 264, 264, 264, 266, 267, 268, 269, 269, 273, 274, 275, 275, 275, 275, 279, 283, 283, 283, 287, 288, 289, 289, 290, 290, 291, 297, 298, 303, 303, 305, 305, 305, 307, 307, 307, 308, 308, 308, 308, 309, 310, 310, 310, 311, 312, 313, 313, 313, 314, 314, 318, 321, 321, 321, 321, 321, 326, 330, 331, 332, 333, 335, 337, 341, 343, 345, 346, 349, 349, 352, 352, 352, 352, 353, 356, 356, 361, 364, 365, 368, 369, 370, 371, 372, 374, 375, 379, 379, 379]}
541 {0: [29, 29, 25, 25, 29, 26, 27, 28, 27, 27, 25, 25, 26, 27, 25, 25, 26, 26, 26, 26, 26, 25, 25, 25, 25, 26, 24, 25, 25, 23, 26, 26, 26, 27, 27, 29, 25, 26, 22, 23, 22, 22, 23, 22, 22, 23, 22, 22, 22, 22, 22, 22, 22, 22, 23, 22, 22, 22, 22, 23, 25, 23, 22, 23, 25, 25, 27, 24, 23, 24, 24, 25, 26, 26, 23, 22, 22, 22, 20, 24, 23, 23, 25, 26, 27, 26, 27, 26, 24, 26, 24, 24, 24, 24, 25, 25, 28, 26, 28, 30], 1: [240, 242, 246, 246, 247, 251, 251, 251, 254, 257, 259, 264, 264, 264, 266, 267, 268, 269, 269, 273, 274, 275, 275, 275, 275, 279, 283, 283, 283, 287, 288, 289, 289, 290, 290, 291, 297, 298, 303, 303, 305, 305, 305, 307, 307, 307, 308, 308, 308, 308, 309, 310, 310, 310, 311, 312, 313, 313, 313, 314, 314, 318, 321, 321, 321, 321, 321, 326, 330, 331, 332, 333, 335, 337, 341, 343, 345, 346, 349, 349, 352, 352, 352, 352, 353, 356, 356, 361, 364, 365, 368, 369, 370, 371, 372, 374, 375, 379, 379, 379]}
47 {0: [29, 29, 25, 25, 29, 26, 27, 28, 27, 27, 25, 25, 26, 27, 25, 25, 26, 26, 26, 26, 26, 25, 25, 25, 25, 26, 24, 25, 25, 23, 26, 26, 26, 27, 27, 29, 25, 26, 22, 23, 22, 22, 23, 22, 22, 23, 22, 22, 22, 22, 22, 22, 22, 22, 23, 22, 22, 22, 22, 23, 25, 23, 22, 23, 25, 25, 27, 24, 23, 24, 24, 25, 26, 26, 23, 22, 22, 22, 20, 24, 23, 23, 25, 26, 27, 26, 27, 26, 24, 26, 24, 24, 24, 24, 25, 25, 28, 26, 28, 30], 1: [240, 242, 246, 246, 247, 251, 251, 251, 254, 257, 259, 264, 264, 264, 266, 267, 268, 269, 269, 273, 274, 275, 275, 275, 275, 279, 283, 283, 283, 287, 288, 289, 289, 290, 290, 291, 297, 298, 303, 303, 305, 305, 305, 307, 307, 307, 308, 308, 308, 308, 309, 310, 310, 310, 311, 312, 313, 313, 313, 314, 314, 318, 321, 321, 321, 321, 321, 326, 330, 331, 332, 333, 335, 337, 341, 343, 345, 346, 349, 349, 352, 352, 352, 352, 353, 356, 356, 361, 364, 365, 368, 369, 370, 371, 372, 374, 375, 379, 379, 379]}
785 {0: [29, 29, 25, 25, 29, 26, 27, 28, 27, 27, 25, 25, 26, 27, 25, 25, 26, 26, 26, 26, 26, 25, 25, 25, 25, 26, 24, 25, 25, 23, 26, 26, 26, 27, 27, 29, 25, 26, 22, 23, 22, 22, 23, 22, 22, 23, 22, 22, 22, 22, 22, 22, 22, 22, 23, 22, 22, 22, 22, 23, 25, 23, 22, 23, 25, 25, 27, 24, 23, 24, 24, 25, 26, 26, 23, 22, 22, 22, 20, 24, 23, 23, 25, 26, 27, 26, 27, 26, 24, 26, 24, 24, 24, 24, 25, 25, 28, 26, 28, 30], 1: [240, 242, 246, 246, 247, 251, 251, 251, 254, 257, 259, 264, 264, 264, 266, 267, 268, 269, 269, 273, 274, 275, 275, 275, 275, 279, 283, 283, 283, 287, 288, 289, 289, 290, 290, 291, 297, 298, 303, 303, 305, 305, 305, 307, 307, 307, 308, 308, 308, 308, 309, 310, 310, 310, 311, 312, 313, 313, 313, 314, 314, 318, 321, 321, 321, 321, 321, 326, 330, 331, 332, 333, 335, 337, 341, 343, 345, 346, 349, 349, 352, 352, 352, 352, 353, 356, 356, 361, 364, 365, 368, 369, 370, 371, 372, 374, 375, 379, 379, 379]}
294 {0: [29, 29, 25, 25, 29, 26, 27, 28, 27, 27, 25, 25, 26, 27, 25, 25, 26, 26, 26, 26, 26, 25, 25, 25, 25, 26, 24, 25, 25, 23, 26, 26, 26, 27, 27, 29, 25, 26, 22, 23, 22, 22, 23, 22, 22, 23, 22, 22, 22, 22, 22, 22, 22, 22, 23, 22, 22, 22, 22, 23, 25, 23, 22, 23, 25, 25, 27, 24, 23, 24, 24, 25, 26, 26, 23, 22, 22, 22, 20, 24, 23, 23, 25, 26, 27, 26, 27, 26, 24, 26, 24, 24, 24, 24, 25, 25, 28, 26, 28, 30], 1: [240, 242, 246, 246, 247, 251, 251, 251, 254, 257, 259, 264, 264, 264, 266, 267, 268, 269, 269, 273, 274, 275, 275, 275, 275, 279, 283, 283, 283, 287, 288, 289, 289, 290, 290, 291, 297, 298, 303, 303, 305, 305, 305, 307, 307, 307, 308, 308, 308, 308, 309, 310, 310, 310, 311, 312, 313, 313, 313, 314, 314, 318, 321, 321, 321, 321, 321, 326, 330, 331, 332, 333, 335, 337, 341, 343, 345, 346, 349, 349, 352, 352, 352, 352, 353, 356, 356, 361, 364, 365, 368, 369, 370, 371, 372, 374, 375, 379, 379, 379]}
542 {0: [29, 29, 25, 25, 29, 26, 27, 28, 27, 27, 25, 25, 26, 27, 25, 25, 26, 26, 26, 26, 26, 25, 25, 25, 25, 26, 24, 25, 25, 23, 26, 26, 26, 27, 27, 29, 25, 26, 22, 23, 22, 22, 23, 22, 22, 23, 22, 22, 22, 22, 22, 22, 22, 22, 23, 22, 22, 22, 22, 23, 25, 23, 22, 23, 25, 25, 27, 24, 23, 24, 24, 25, 26, 26, 23, 22, 22, 22, 20, 24, 23, 23, 25, 26, 27, 26, 27, 26, 24, 26, 24, 24, 24, 24, 25, 25, 28, 26, 28, 30], 1: [240, 242, 246, 246, 247, 251, 251, 251, 254, 257, 259, 264, 264, 264, 266, 267, 268, 269, 269, 273, 274, 275, 275, 275, 275, 279, 283, 283, 283, 287, 288, 289, 289, 290, 290, 291, 297, 298, 303, 303, 305, 305, 305, 307, 307, 307, 308, 308, 308, 308, 309, 310, 310, 310, 311, 312, 313, 313, 313, 314, 314, 318, 321, 321, 321, 321, 321, 326, 330, 331, 332, 333, 335, 337, 341, 343, 345, 346, 349, 349, 352, 352, 352, 352, 353, 356, 356, 361, 364, 365, 368, 369, 370, 371, 372, 374, 375, 379, 379, 379]}
48 {0: [29, 29, 25, 25, 29, 26, 27, 28, 27, 27, 25, 25, 26, 27, 25, 25, 26, 26, 26, 26, 26, 25, 25, 25, 25, 26, 24, 25, 25, 23, 26, 26, 26, 27, 27, 29, 25, 26, 22, 23, 22, 22, 23, 22, 22, 23, 22, 22, 22, 22, 22, 22, 22, 22, 23, 22, 22, 22, 22, 23, 25, 23, 22, 23, 25, 25, 27, 24, 23, 24, 24, 25, 26, 26, 23, 22, 22, 22, 20, 24, 23, 23, 25, 26, 27, 26, 27, 26, 24, 26, 24, 24, 24, 24, 25, 25, 28, 26, 28, 30], 1: [240, 242, 246, 246, 247, 251, 251, 251, 254, 257, 259, 264, 264, 264, 266, 267, 268, 269, 269, 273, 274, 275, 275, 275, 275, 279, 283, 283, 283, 287, 288, 289, 289, 290, 290, 291, 297, 298, 303, 303, 305, 305, 305, 307, 307, 307, 308, 308, 308, 308, 309, 310, 310, 310, 311, 312, 313, 313, 313, 314, 314, 318, 321, 321, 321, 321, 321, 326, 330, 331, 332, 333, 335, 337, 341, 343, 345, 346, 349, 349, 352, 352, 352, 352, 353, 356, 356, 361, 364, 365, 368, 369, 370, 371, 372, 374, 375, 379, 379, 379]}
786 {0: [29, 29, 25, 25, 29, 26, 27, 28, 27, 27, 25, 25, 26, 27, 25, 25, 26, 26, 26, 26, 26, 25, 25, 25, 25, 26, 24, 25, 25, 23, 26, 26, 26, 27, 27, 29, 25, 26, 22, 23, 22, 22, 23, 22, 22, 23, 22, 22, 22, 22, 22, 22, 22, 22, 23, 22, 22, 22, 22, 23, 25, 23, 22, 23, 25, 25, 27, 24, 23, 24, 24, 25, 26, 26, 23, 22, 22, 22, 20, 24, 23, 23, 25, 26, 27, 26, 27, 26, 24, 26, 24, 24, 24, 24, 25, 25, 28, 26, 28, 30], 1: [240, 242, 246, 246, 247, 251, 251, 251, 254, 257, 259, 264, 264, 264, 266, 267, 268, 269, 269, 273, 274, 275, 275, 275, 275, 279, 283, 283, 283, 287, 288, 289, 289, 290, 290, 291, 297, 298, 303, 303, 305, 305, 305, 307, 307, 307, 308, 308, 308, 308, 309, 310, 310, 310, 311, 312, 313, 313, 313, 314, 314, 318, 321, 321, 321, 321, 321, 326, 330, 331, 332, 333, 335, 337, 341, 343, 345, 346, 349, 349, 352, 352, 352, 352, 353, 356, 356, 361, 364, 365, 368, 369, 370, 371, 372, 374, 375, 379, 379, 379]}
295 {0: [29, 29, 25, 25, 29, 26, 27, 28, 27, 27, 25, 25, 26, 27, 25, 25, 26, 26, 26, 26, 26, 25, 25, 25, 25, 26, 24, 25, 25, 23, 26, 26, 26, 27, 27, 29, 25, 26, 22, 23, 22, 22, 23, 22, 22, 23, 22, 22, 22, 22, 22, 22, 22, 22, 23, 22, 22, 22, 22, 23, 25, 23, 22, 23, 25, 25, 27, 24, 23, 24, 24, 25, 26, 26, 23, 22, 22, 22, 20, 24, 23, 23, 25, 26, 27, 26, 27, 26, 24, 26, 24, 24, 24, 24, 25, 25, 28, 26, 28, 30], 1: [240, 242, 246, 246, 247, 251, 251, 251, 254, 257, 259, 264, 264, 264, 266, 267, 268, 269, 269, 273, 274, 275, 275, 275, 275, 279, 283, 283, 283, 287, 288, 289, 289, 290, 290, 291, 297, 298, 303, 303, 305, 305, 305, 307, 307, 307, 308, 308, 308, 308, 309, 310, 310, 310, 311, 312, 313, 313, 313, 314, 314, 318, 321, 321, 321, 321, 321, 326, 330, 331, 332, 333, 335, 337, 341, 343, 345, 346, 349, 349, 352, 352, 352, 352, 353, 356, 356, 361, 364, 365, 368, 369, 370, 371, 372, 374, 375, 379, 379, 379]}
543 {0: [29, 29, 25, 25, 29, 26, 27, 28, 27, 27, 25, 25, 26, 27, 25, 25, 26, 26, 26, 26, 26, 25, 25, 25, 25, 26, 24, 25, 25, 23, 26, 26, 26, 27, 27, 29, 25, 26, 22, 23, 22, 22, 23, 22, 22, 23, 22, 22, 22, 22, 22, 22, 22, 22, 23, 22, 22, 22, 22, 23, 25, 23, 22, 23, 25, 25, 27, 24, 23, 24, 24, 25, 26, 26, 23, 22, 22, 22, 20, 24, 23, 23, 25, 26, 27, 26, 27, 26, 24, 26, 24, 24, 24, 24, 25, 25, 28, 26, 28, 30], 1: [240, 242, 246, 246, 247, 251, 251, 251, 254, 257, 259, 264, 264, 264, 266, 267, 268, 269, 269, 273, 274, 275, 275, 275, 275, 279, 283, 283, 283, 287, 288, 289, 289, 290, 290, 291, 297, 298, 303, 303, 305, 305, 305, 307, 307, 307, 308, 308, 308, 308, 309, 310, 310, 310, 311, 312, 313, 313, 313, 314, 314, 318, 321, 321, 321, 321, 321, 326, 330, 331, 332, 333, 335, 337, 341, 343, 345, 346, 349, 349, 352, 352, 352, 352, 353, 356, 356, 361, 364, 365, 368, 369, 370, 371, 372, 374, 375, 379, 379, 379]}
49 {0: [29, 29, 25, 25, 29, 26, 27, 28, 27, 27, 25, 25, 26, 27, 25, 25, 26, 26, 26, 26, 26, 25, 25, 25, 25, 26, 24, 25, 25, 23, 26, 26, 26, 27, 27, 29, 25, 26, 22, 23, 22, 22, 23, 22, 22, 23, 22, 22, 22, 22, 22, 22, 22, 22, 23, 22, 22, 22, 22, 23, 25, 23, 22, 23, 25, 25, 27, 24, 23, 24, 24, 25, 26, 26, 23, 22, 22, 22, 20, 24, 23, 23, 25, 26, 27, 26, 27, 26, 24, 26, 24, 24, 24, 24, 25, 25, 28, 26, 28, 30], 1: [240, 242, 246, 246, 247, 251, 251, 251, 254, 257, 259, 264, 264, 264, 266, 267, 268, 269, 269, 273, 274, 275, 275, 275, 275, 279, 283, 283, 283, 287, 288, 289, 289, 290, 290, 291, 297, 298, 303, 303, 305, 305, 305, 307, 307, 307, 308, 308, 308, 308, 309, 310, 310, 310, 311, 312, 313, 313, 313, 314, 314, 318, 321, 321, 321, 321, 321, 326, 330, 331, 332, 333, 335, 337, 341, 343, 345, 346, 349, 349, 352, 352, 352, 352, 353, 356, 356, 361, 364, 365, 368, 369, 370, 371, 372, 374, 375, 379, 379, 379]}
787 {0: [29, 29, 25, 25, 29, 26, 27, 28, 27, 27, 25, 25, 26, 27, 25, 25, 26, 26, 26, 26, 26, 25, 25, 25, 25, 26, 24, 25, 25, 23, 26, 26, 26, 27, 27, 29, 25, 26, 22, 23, 22, 22, 23, 22, 22, 23, 22, 22, 22, 22, 22, 22, 22, 22, 23, 22, 22, 22, 22, 23, 25, 23, 22, 23, 25, 25, 27, 24, 23, 24, 24, 25, 26, 26, 23, 22, 22, 22, 20, 24, 23, 23, 25, 26, 27, 26, 27, 26, 24, 26, 24, 24, 24, 24, 25, 25, 28, 26, 28, 30], 1: [240, 242, 246, 246, 247, 251, 251, 251, 254, 257, 259, 264, 264, 264, 266, 267, 268, 269, 269, 273, 274, 275, 275, 275, 275, 279, 283, 283, 283, 287, 288, 289, 289, 290, 290, 291, 297, 298, 303, 303, 305, 305, 305, 307, 307, 307, 308, 308, 308, 308, 309, 310, 310, 310, 311, 312, 313, 313, 313, 314, 314, 318, 321, 321, 321, 321, 321, 326, 330, 331, 332, 333, 335, 337, 341, 343, 345, 346, 349, 349, 352, 352, 352, 352, 353, 356, 356, 361, 364, 365, 368, 369, 370, 371, 372, 374, 375, 379, 379, 379]}
296 {0: [29, 29, 25, 25, 29, 26, 27, 28, 27, 27, 25, 25, 26, 27, 25, 25, 26, 26, 26, 26, 26, 25, 25, 25, 25, 26, 24, 25, 25, 23, 26, 26, 26, 27, 27, 29, 25, 26, 22, 23, 22, 22, 23, 22, 22, 23, 22, 22, 22, 22, 22, 22, 22, 22, 23, 22, 22, 22, 22, 23, 25, 23, 22, 23, 25, 25, 27, 24, 23, 24, 24, 25, 26, 26, 23, 22, 22, 22, 20, 24, 23, 23, 25, 26, 27, 26, 27, 26, 24, 26, 24, 24, 24, 24, 25, 25, 28, 26, 28, 30], 1: [240, 242, 246, 246, 247, 251, 251, 251, 254, 257, 259, 264, 264, 264, 266, 267, 268, 269, 269, 273, 274, 275, 275, 275, 275, 279, 283, 283, 283, 287, 288, 289, 289, 290, 290, 291, 297, 298, 303, 303, 305, 305, 305, 307, 307, 307, 308, 308, 308, 308, 309, 310, 310, 310, 311, 312, 313, 313, 313, 314, 314, 318, 321, 321, 321, 321, 321, 326, 330, 331, 332, 333, 335, 337, 341, 343, 345, 346, 349, 349, 352, 352, 352, 352, 353, 356, 356, 361, 364, 365, 368, 369, 370, 371, 372, 374, 375, 379, 379, 379]}
544 {0: [29, 29, 25, 25, 29, 26, 27, 28, 27, 27, 25, 25, 26, 27, 25, 25, 26, 26, 26, 26, 26, 25, 25, 25, 25, 26, 24, 25, 25, 23, 26, 26, 26, 27, 27, 29, 25, 26, 22, 23, 22, 22, 23, 22, 22, 23, 22, 22, 22, 22, 22, 22, 22, 22, 23, 22, 22, 22, 22, 23, 25, 23, 22, 23, 25, 25, 27, 24, 23, 24, 24, 25, 26, 26, 23, 22, 22, 22, 20, 24, 23, 23, 25, 26, 27, 26, 27, 26, 24, 26, 24, 24, 24, 24, 25, 25, 28, 26, 28, 30], 1: [240, 242, 246, 246, 247, 251, 251, 251, 254, 257, 259, 264, 264, 264, 266, 267, 268, 269, 269, 273, 274, 275, 275, 275, 275, 279, 283, 283, 283, 287, 288, 289, 289, 290, 290, 291, 297, 298, 303, 303, 305, 305, 305, 307, 307, 307, 308, 308, 308, 308, 309, 310, 310, 310, 311, 312, 313, 313, 313, 314, 314, 318, 321, 321, 321, 321, 321, 326, 330, 331, 332, 333, 335, 337, 341, 343, 345, 346, 349, 349, 352, 352, 352, 352, 353, 356, 356, 361, 364, 365, 368, 369, 370, 371, 372, 374, 375, 379, 379, 379]}
50 {0: [29, 29, 25, 25, 29, 26, 27, 28, 27, 27, 25, 25, 26, 27, 25, 25, 26, 26, 26, 26, 26, 25, 25, 25, 25, 26, 24, 25, 25, 23, 26, 26, 26, 27, 27, 29, 25, 26, 22, 23, 22, 22, 23, 22, 22, 23, 22, 22, 22, 22, 22, 22, 22, 22, 23, 22, 22, 22, 22, 23, 25, 23, 22, 23, 25, 25, 27, 24, 23, 24, 24, 25, 26, 26, 23, 22, 22, 22, 20, 24, 23, 23, 25, 26, 27, 26, 27, 26, 24, 26, 24, 24, 24, 24, 25, 25, 28, 26, 28, 30], 1: [240, 242, 246, 246, 247, 251, 251, 251, 254, 257, 259, 264, 264, 264, 266, 267, 268, 269, 269, 273, 274, 275, 275, 275, 275, 279, 283, 283, 283, 287, 288, 289, 289, 290, 290, 291, 297, 298, 303, 303, 305, 305, 305, 307, 307, 307, 308, 308, 308, 308, 309, 310, 310, 310, 311, 312, 313, 313, 313, 314, 314, 318, 321, 321, 321, 321, 321, 326, 330, 331, 332, 333, 335, 337, 341, 343, 345, 346, 349, 349, 352, 352, 352, 352, 353, 356, 356, 361, 364, 365, 368, 369, 370, 371, 372, 374, 375, 379, 379, 379]}
788 {0: [29, 29, 25, 25, 29, 26, 27, 28, 27, 27, 25, 25, 26, 27, 25, 25, 26, 26, 26, 26, 26, 25, 25, 25, 25, 26, 24, 25, 25, 23, 26, 26, 26, 27, 27, 29, 25, 26, 22, 23, 22, 22, 23, 22, 22, 23, 22, 22, 22, 22, 22, 22, 22, 22, 23, 22, 22, 22, 22, 23, 25, 23, 22, 23, 25, 25, 27, 24, 23, 24, 24, 25, 26, 26, 23, 22, 22, 22, 20, 24, 23, 23, 25, 26, 27, 26, 27, 26, 24, 26, 24, 24, 24, 24, 25, 25, 28, 26, 28, 30], 1: [240, 242, 246, 246, 247, 251, 251, 251, 254, 257, 259, 264, 264, 264, 266, 267, 268, 269, 269, 273, 274, 275, 275, 275, 275, 279, 283, 283, 283, 287, 288, 289, 289, 290, 290, 291, 297, 298, 303, 303, 305, 305, 305, 307, 307, 307, 308, 308, 308, 308, 309, 310, 310, 310, 311, 312, 313, 313, 313, 314, 314, 318, 321, 321, 321, 321, 321, 326, 330, 331, 332, 333, 335, 337, 341, 343, 345, 346, 349, 349, 352, 352, 352, 352, 353, 356, 356, 361, 364, 365, 368, 369, 370, 371, 372, 374, 375, 379, 379, 379]}
297 {0: [29, 29, 25, 25, 29, 26, 27, 28, 27, 27, 25, 25, 26, 27, 25, 25, 26, 26, 26, 26, 26, 25, 25, 25, 25, 26, 24, 25, 25, 23, 26, 26, 26, 27, 27, 29, 25, 26, 22, 23, 22, 22, 23, 22, 22, 23, 22, 22, 22, 22, 22, 22, 22, 22, 23, 22, 22, 22, 22, 23, 25, 23, 22, 23, 25, 25, 27, 24, 23, 24, 24, 25, 26, 26, 23, 22, 22, 22, 20, 24, 23, 23, 25, 26, 27, 26, 27, 26, 24, 26, 24, 24, 24, 24, 25, 25, 28, 26, 28, 30], 1: [240, 242, 246, 246, 247, 251, 251, 251, 254, 257, 259, 264, 264, 264, 266, 267, 268, 269, 269, 273, 274, 275, 275, 275, 275, 279, 283, 283, 283, 287, 288, 289, 289, 290, 290, 291, 297, 298, 303, 303, 305, 305, 305, 307, 307, 307, 308, 308, 308, 308, 309, 310, 310, 310, 311, 312, 313, 313, 313, 314, 314, 318, 321, 321, 321, 321, 321, 326, 330, 331, 332, 333, 335, 337, 341, 343, 345, 346, 349, 349, 352, 352, 352, 352, 353, 356, 356, 361, 364, 365, 368, 369, 370, 371, 372, 374, 375, 379, 379, 379]}
545 {0: [28, 27, 25, 25, 26, 24, 24, 25, 22, 23, 26, 24, 23, 24, 24, 25, 25, 26, 28, 26, 22, 23, 24, 24, 26, 25, 26, 26, 27, 28, 27, 25, 26, 25, 24, 26, 26, 26, 28, 26, 26, 29, 27, 26, 26, 27, 26, 25, 26, 25, 26, 26, 26, 27, 23, 24, 24, 24, 23, 26, 25, 26, 25, 27, 25, 23, 23, 24, 23, 24, 24, 26, 24, 24, 26, 25, 24, 24, 27, 26, 27, 28, 27, 25, 27, 27, 27, 27, 26, 28, 29, 28, 27, 27, 29, 27, 28, 27, 27, 27], 1: [240, 242, 246, 249, 249, 253, 253, 255, 258, 258, 258, 261, 263, 264, 265, 265, 265, 266, 268, 272, 277, 277, 280, 281, 281, 283, 284, 285, 286, 288, 294, 297, 298, 299, 301, 302, 306, 308, 308, 311, 311, 311, 313, 315, 318, 318, 319, 322, 322, 323, 323, 325, 326, 327, 333, 334, 335, 335, 337, 337, 338, 341, 343, 346, 350, 355, 355, 356, 357, 357, 357, 358, 361, 363, 364, 366, 370, 370, 370, 372, 373, 376, 379, 383, 383, 384, 384, 386, 387, 387, 389, 392, 393, 395, 396, 399, 400, 402, 402, 402]}
51 {0: [29, 29, 25, 25, 29, 26, 27, 28, 27, 27, 25, 25, 26, 27, 25, 25, 26, 26, 26, 26, 26, 25, 25, 25, 25, 26, 24, 25, 25, 23, 26, 26, 26, 27, 27, 29, 25, 26, 22, 23, 22, 22, 23, 22, 22, 23, 22, 22, 22, 22, 22, 22, 22, 22, 23, 22, 22, 22, 22, 23, 25, 23, 22, 23, 25, 25, 27, 24, 23, 24, 24, 25, 26, 26, 23, 22, 22, 22, 20, 24, 23, 23, 25, 26, 27, 26, 27, 26, 24, 26, 24, 24, 24, 24, 25, 25, 28, 26, 28, 30], 1: [240, 242, 246, 246, 247, 251, 251, 251, 254, 257, 259, 264, 264, 264, 266, 267, 268, 269, 269, 273, 274, 275, 275, 275, 275, 279, 283, 283, 283, 287, 288, 289, 289, 290, 290, 291, 297, 298, 303, 303, 305, 305, 305, 307, 307, 307, 308, 308, 308, 308, 309, 310, 310, 310, 311, 312, 313, 313, 313, 314, 314, 318, 321, 321, 321, 321, 321, 326, 330, 331, 332, 333, 335, 337, 341, 343, 345, 346, 349, 349, 352, 352, 352, 352, 353, 356, 356, 361, 364, 365, 368, 369, 370, 371, 372, 374, 375, 379, 379, 379]}
789 {0: [29, 29, 25, 25, 29, 26, 27, 28, 27, 27, 25, 25, 26, 27, 25, 25, 26, 26, 26, 26, 26, 25, 25, 25, 25, 26, 24, 25, 25, 23, 26, 26, 26, 27, 27, 29, 25, 26, 22, 23, 22, 22, 23, 22, 22, 23, 22, 22, 22, 22, 22, 22, 22, 22, 23, 22, 22, 22, 22, 23, 25, 23, 22, 23, 25, 25, 27, 24, 23, 24, 24, 25, 26, 26, 23, 22, 22, 22, 20, 24, 23, 23, 25, 26, 27, 26, 27, 26, 24, 26, 24, 24, 24, 24, 25, 25, 28, 26, 28, 30], 1: [240, 242, 246, 246, 247, 251, 251, 251, 254, 257, 259, 264, 264, 264, 266, 267, 268, 269, 269, 273, 274, 275, 275, 275, 275, 279, 283, 283, 283, 287, 288, 289, 289, 290, 290, 291, 297, 298, 303, 303, 305, 305, 305, 307, 307, 307, 308, 308, 308, 308, 309, 310, 310, 310, 311, 312, 313, 313, 313, 314, 314, 318, 321, 321, 321, 321, 321, 326, 330, 331, 332, 333, 335, 337, 341, 343, 345, 346, 349, 349, 352, 352, 352, 352, 353, 356, 356, 361, 364, 365, 368, 369, 370, 371, 372, 374, 375, 379, 379, 379]}
298 {0: [29, 29, 25, 25, 29, 26, 27, 28, 27, 27, 25, 25, 26, 27, 25, 25, 26, 26, 26, 26, 26, 25, 25, 25, 25, 26, 24, 25, 25, 23, 26, 26, 26, 27, 27, 29, 25, 26, 22, 23, 22, 22, 23, 22, 22, 23, 22, 22, 22, 22, 22, 22, 22, 22, 23, 22, 22, 22, 22, 23, 25, 23, 22, 23, 25, 25, 27, 24, 23, 24, 24, 25, 26, 26, 23, 22, 22, 22, 20, 24, 23, 23, 25, 26, 27, 26, 27, 26, 24, 26, 24, 24, 24, 24, 25, 25, 28, 26, 28, 30], 1: [240, 242, 246, 246, 247, 251, 251, 251, 254, 257, 259, 264, 264, 264, 266, 267, 268, 269, 269, 273, 274, 275, 275, 275, 275, 279, 283, 283, 283, 287, 288, 289, 289, 290, 290, 291, 297, 298, 303, 303, 305, 305, 305, 307, 307, 307, 308, 308, 308, 308, 309, 310, 310, 310, 311, 312, 313, 313, 313, 314, 314, 318, 321, 321, 321, 321, 321, 326, 330, 331, 332, 333, 335, 337, 341, 343, 345, 346, 349, 349, 352, 352, 352, 352, 353, 356, 356, 361, 364, 365, 368, 369, 370, 371, 372, 374, 375, 379, 379, 379]}
546 {0: [29, 29, 25, 25, 29, 26, 27, 28, 27, 27, 25, 25, 26, 27, 25, 25, 26, 26, 26, 26, 26, 25, 25, 25, 25, 26, 24, 25, 25, 23, 26, 26, 26, 27, 27, 29, 25, 26, 22, 23, 22, 22, 23, 22, 22, 23, 22, 22, 22, 22, 22, 22, 22, 22, 23, 22, 22, 22, 22, 23, 25, 23, 22, 23, 25, 25, 27, 24, 23, 24, 24, 25, 26, 26, 23, 22, 22, 22, 20, 24, 23, 23, 25, 26, 27, 26, 27, 26, 24, 26, 24, 24, 24, 24, 25, 25, 28, 26, 28, 30], 1: [240, 242, 246, 246, 247, 251, 251, 251, 254, 257, 259, 264, 264, 264, 266, 267, 268, 269, 269, 273, 274, 275, 275, 275, 275, 279, 283, 283, 283, 287, 288, 289, 289, 290, 290, 291, 297, 298, 303, 303, 305, 305, 305, 307, 307, 307, 308, 308, 308, 308, 309, 310, 310, 310, 311, 312, 313, 313, 313, 314, 314, 318, 321, 321, 321, 321, 321, 326, 330, 331, 332, 333, 335, 337, 341, 343, 345, 346, 349, 349, 352, 352, 352, 352, 353, 356, 356, 361, 364, 365, 368, 369, 370, 371, 372, 374, 375, 379, 379, 379]}
52 {0: [29, 29, 25, 25, 29, 26, 27, 28, 27, 27, 25, 25, 26, 27, 25, 25, 26, 26, 26, 26, 26, 25, 25, 25, 25, 26, 24, 25, 25, 23, 26, 26, 26, 27, 27, 29, 25, 26, 22, 23, 22, 22, 23, 22, 22, 23, 22, 22, 22, 22, 22, 22, 22, 22, 23, 22, 22, 22, 22, 23, 25, 23, 22, 23, 25, 25, 27, 24, 23, 24, 24, 25, 26, 26, 23, 22, 22, 22, 20, 24, 23, 23, 25, 26, 27, 26, 27, 26, 24, 26, 24, 24, 24, 24, 25, 25, 28, 26, 28, 30], 1: [240, 242, 246, 246, 247, 251, 251, 251, 254, 257, 259, 264, 264, 264, 266, 267, 268, 269, 269, 273, 274, 275, 275, 275, 275, 279, 283, 283, 283, 287, 288, 289, 289, 290, 290, 291, 297, 298, 303, 303, 305, 305, 305, 307, 307, 307, 308, 308, 308, 308, 309, 310, 310, 310, 311, 312, 313, 313, 313, 314, 314, 318, 321, 321, 321, 321, 321, 326, 330, 331, 332, 333, 335, 337, 341, 343, 345, 346, 349, 349, 352, 352, 352, 352, 353, 356, 356, 361, 364, 365, 368, 369, 370, 371, 372, 374, 375, 379, 379, 379]}
790 {0: [29, 29, 25, 25, 29, 26, 27, 28, 27, 27, 25, 25, 26, 27, 25, 25, 26, 26, 26, 26, 26, 25, 25, 25, 25, 26, 24, 25, 25, 23, 26, 26, 26, 27, 27, 29, 25, 26, 22, 23, 22, 22, 23, 22, 22, 23, 22, 22, 22, 22, 22, 22, 22, 22, 23, 22, 22, 22, 22, 23, 25, 23, 22, 23, 25, 25, 27, 24, 23, 24, 24, 25, 26, 26, 23, 22, 22, 22, 20, 24, 23, 23, 25, 26, 27, 26, 27, 26, 24, 26, 24, 24, 24, 24, 25, 25, 28, 26, 28, 30], 1: [240, 242, 246, 246, 247, 251, 251, 251, 254, 257, 259, 264, 264, 264, 266, 267, 268, 269, 269, 273, 274, 275, 275, 275, 275, 279, 283, 283, 283, 287, 288, 289, 289, 290, 290, 291, 297, 298, 303, 303, 305, 305, 305, 307, 307, 307, 308, 308, 308, 308, 309, 310, 310, 310, 311, 312, 313, 313, 313, 314, 314, 318, 321, 321, 321, 321, 321, 326, 330, 331, 332, 333, 335, 337, 341, 343, 345, 346, 349, 349, 352, 352, 352, 352, 353, 356, 356, 361, 364, 365, 368, 369, 370, 371, 372, 374, 375, 379, 379, 379]}
299 {0: [29, 29, 25, 25, 29, 26, 27, 28, 27, 27, 25, 25, 26, 27, 25, 25, 26, 26, 26, 26, 26, 25, 25, 25, 25, 26, 24, 25, 25, 23, 26, 26, 26, 27, 27, 29, 25, 26, 22, 23, 22, 22, 23, 22, 22, 23, 22, 22, 22, 22, 22, 22, 22, 22, 23, 22, 22, 22, 22, 23, 25, 23, 22, 23, 25, 25, 27, 24, 23, 24, 24, 25, 26, 26, 23, 22, 22, 22, 20, 24, 23, 23, 25, 26, 27, 26, 27, 26, 24, 26, 24, 24, 24, 24, 25, 25, 28, 26, 28, 30], 1: [240, 242, 246, 246, 247, 251, 251, 251, 254, 257, 259, 264, 264, 264, 266, 267, 268, 269, 269, 273, 274, 275, 275, 275, 275, 279, 283, 283, 283, 287, 288, 289, 289, 290, 290, 291, 297, 298, 303, 303, 305, 305, 305, 307, 307, 307, 308, 308, 308, 308, 309, 310, 310, 310, 311, 312, 313, 313, 313, 314, 314, 318, 321, 321, 321, 321, 321, 326, 330, 331, 332, 333, 335, 337, 341, 343, 345, 346, 349, 349, 352, 352, 352, 352, 353, 356, 356, 361, 364, 365, 368, 369, 370, 371, 372, 374, 375, 379, 379, 379]}
547 {0: [29, 29, 25, 25, 29, 26, 27, 28, 27, 27, 25, 25, 26, 27, 25, 25, 26, 26, 26, 26, 26, 25, 25, 25, 25, 26, 24, 25, 25, 23, 26, 26, 26, 27, 27, 29, 25, 26, 22, 23, 22, 22, 23, 22, 22, 23, 22, 22, 22, 22, 22, 22, 22, 22, 23, 22, 22, 22, 22, 23, 25, 23, 22, 23, 25, 25, 27, 24, 23, 24, 24, 25, 26, 26, 23, 22, 22, 22, 20, 24, 23, 23, 25, 26, 27, 26, 27, 26, 24, 26, 24, 24, 24, 24, 25, 25, 28, 26, 28, 30], 1: [240, 242, 246, 246, 247, 251, 251, 251, 254, 257, 259, 264, 264, 264, 266, 267, 268, 269, 269, 273, 274, 275, 275, 275, 275, 279, 283, 283, 283, 287, 288, 289, 289, 290, 290, 291, 297, 298, 303, 303, 305, 305, 305, 307, 307, 307, 308, 308, 308, 308, 309, 310, 310, 310, 311, 312, 313, 313, 313, 314, 314, 318, 321, 321, 321, 321, 321, 326, 330, 331, 332, 333, 335, 337, 341, 343, 345, 346, 349, 349, 352, 352, 352, 352, 353, 356, 356, 361, 364, 365, 368, 369, 370, 371, 372, 374, 375, 379, 379, 379]}
53 {0: [29, 29, 25, 25, 29, 26, 27, 28, 27, 27, 25, 25, 26, 27, 25, 25, 26, 26, 26, 26, 26, 25, 25, 25, 25, 26, 24, 25, 25, 23, 26, 26, 26, 27, 27, 29, 25, 26, 22, 23, 22, 22, 23, 22, 22, 23, 22, 22, 22, 22, 22, 22, 22, 22, 23, 22, 22, 22, 22, 23, 25, 23, 22, 23, 25, 25, 27, 24, 23, 24, 24, 25, 26, 26, 23, 22, 22, 22, 20, 24, 23, 23, 25, 26, 27, 26, 27, 26, 24, 26, 24, 24, 24, 24, 25, 25, 28, 26, 28, 30], 1: [240, 242, 246, 246, 247, 251, 251, 251, 254, 257, 259, 264, 264, 264, 266, 267, 268, 269, 269, 273, 274, 275, 275, 275, 275, 279, 283, 283, 283, 287, 288, 289, 289, 290, 290, 291, 297, 298, 303, 303, 305, 305, 305, 307, 307, 307, 308, 308, 308, 308, 309, 310, 310, 310, 311, 312, 313, 313, 313, 314, 314, 318, 321, 321, 321, 321, 321, 326, 330, 331, 332, 333, 335, 337, 341, 343, 345, 346, 349, 349, 352, 352, 352, 352, 353, 356, 356, 361, 364, 365, 368, 369, 370, 371, 372, 374, 375, 379, 379, 379]}
791 {0: [29, 29, 25, 25, 29, 26, 27, 28, 27, 27, 25, 25, 26, 27, 25, 25, 26, 26, 26, 26, 26, 25, 25, 25, 25, 26, 24, 25, 25, 23, 26, 26, 26, 27, 27, 29, 25, 26, 22, 23, 22, 22, 23, 22, 22, 23, 22, 22, 22, 22, 22, 22, 22, 22, 23, 22, 22, 22, 22, 23, 25, 23, 22, 23, 25, 25, 27, 24, 23, 24, 24, 25, 26, 26, 23, 22, 22, 22, 20, 24, 23, 23, 25, 26, 27, 26, 27, 26, 24, 26, 24, 24, 24, 24, 25, 25, 28, 26, 28, 30], 1: [240, 242, 246, 246, 247, 251, 251, 251, 254, 257, 259, 264, 264, 264, 266, 267, 268, 269, 269, 273, 274, 275, 275, 275, 275, 279, 283, 283, 283, 287, 288, 289, 289, 290, 290, 291, 297, 298, 303, 303, 305, 305, 305, 307, 307, 307, 308, 308, 308, 308, 309, 310, 310, 310, 311, 312, 313, 313, 313, 314, 314, 318, 321, 321, 321, 321, 321, 326, 330, 331, 332, 333, 335, 337, 341, 343, 345, 346, 349, 349, 352, 352, 352, 352, 353, 356, 356, 361, 364, 365, 368, 369, 370, 371, 372, 374, 375, 379, 379, 379]}
300 {0: [29, 29, 25, 25, 29, 26, 27, 28, 27, 27, 25, 25, 26, 27, 25, 25, 26, 26, 26, 26, 26, 25, 25, 25, 25, 26, 24, 25, 25, 23, 26, 26, 26, 27, 27, 29, 25, 26, 22, 23, 22, 22, 23, 22, 22, 23, 22, 22, 22, 22, 22, 22, 22, 22, 23, 22, 22, 22, 22, 23, 25, 23, 22, 23, 25, 25, 27, 24, 23, 24, 24, 25, 26, 26, 23, 22, 22, 22, 20, 24, 23, 23, 25, 26, 27, 26, 27, 26, 24, 26, 24, 24, 24, 24, 25, 25, 28, 26, 28, 30], 1: [240, 242, 246, 246, 247, 251, 251, 251, 254, 257, 259, 264, 264, 264, 266, 267, 268, 269, 269, 273, 274, 275, 275, 275, 275, 279, 283, 283, 283, 287, 288, 289, 289, 290, 290, 291, 297, 298, 303, 303, 305, 305, 305, 307, 307, 307, 308, 308, 308, 308, 309, 310, 310, 310, 311, 312, 313, 313, 313, 314, 314, 318, 321, 321, 321, 321, 321, 326, 330, 331, 332, 333, 335, 337, 341, 343, 345, 346, 349, 349, 352, 352, 352, 352, 353, 356, 356, 361, 364, 365, 368, 369, 370, 371, 372, 374, 375, 379, 379, 379]}
548 {0: [29, 29, 25, 25, 29, 26, 27, 28, 27, 27, 25, 25, 26, 27, 25, 25, 26, 26, 26, 26, 26, 25, 25, 25, 25, 26, 24, 25, 25, 23, 26, 26, 26, 27, 27, 29, 25, 26, 22, 23, 22, 22, 23, 22, 22, 23, 22, 22, 22, 22, 22, 22, 22, 22, 23, 22, 22, 22, 22, 23, 25, 23, 22, 23, 25, 25, 27, 24, 23, 24, 24, 25, 26, 26, 23, 22, 22, 22, 20, 24, 23, 23, 25, 26, 27, 26, 27, 26, 24, 26, 24, 24, 24, 24, 25, 25, 28, 26, 28, 30], 1: [240, 242, 246, 246, 247, 251, 251, 251, 254, 257, 259, 264, 264, 264, 266, 267, 268, 269, 269, 273, 274, 275, 275, 275, 275, 279, 283, 283, 283, 287, 288, 289, 289, 290, 290, 291, 297, 298, 303, 303, 305, 305, 305, 307, 307, 307, 308, 308, 308, 308, 309, 310, 310, 310, 311, 312, 313, 313, 313, 314, 314, 318, 321, 321, 321, 321, 321, 326, 330, 331, 332, 333, 335, 337, 341, 343, 345, 346, 349, 349, 352, 352, 352, 352, 353, 356, 356, 361, 364, 365, 368, 369, 370, 371, 372, 374, 375, 379, 379, 379]}
54 {0: [29, 29, 25, 25, 29, 26, 27, 28, 27, 27, 25, 25, 26, 27, 25, 25, 26, 26, 26, 26, 26, 25, 25, 25, 25, 26, 24, 25, 25, 23, 26, 26, 26, 27, 27, 29, 25, 26, 22, 23, 22, 22, 23, 22, 22, 23, 22, 22, 22, 22, 22, 22, 22, 22, 23, 22, 22, 22, 22, 23, 25, 23, 22, 23, 25, 25, 27, 24, 23, 24, 24, 25, 26, 26, 23, 22, 22, 22, 20, 24, 23, 23, 25, 26, 27, 26, 27, 26, 24, 26, 24, 24, 24, 24, 25, 25, 28, 26, 28, 30], 1: [240, 242, 246, 246, 247, 251, 251, 251, 254, 257, 259, 264, 264, 264, 266, 267, 268, 269, 269, 273, 274, 275, 275, 275, 275, 279, 283, 283, 283, 287, 288, 289, 289, 290, 290, 291, 297, 298, 303, 303, 305, 305, 305, 307, 307, 307, 308, 308, 308, 308, 309, 310, 310, 310, 311, 312, 313, 313, 313, 314, 314, 318, 321, 321, 321, 321, 321, 326, 330, 331, 332, 333, 335, 337, 341, 343, 345, 346, 349, 349, 352, 352, 352, 352, 353, 356, 356, 361, 364, 365, 368, 369, 370, 371, 372, 374, 375, 379, 379, 379]}
792 {0: [29, 29, 25, 25, 29, 26, 27, 28, 27, 27, 25, 25, 26, 27, 25, 25, 26, 26, 26, 26, 26, 25, 25, 25, 25, 26, 24, 25, 25, 23, 26, 26, 26, 27, 27, 29, 25, 26, 22, 23, 22, 22, 23, 22, 22, 23, 22, 22, 22, 22, 22, 22, 22, 22, 23, 22, 22, 22, 22, 23, 25, 23, 22, 23, 25, 25, 27, 24, 23, 24, 24, 25, 26, 26, 23, 22, 22, 22, 20, 24, 23, 23, 25, 26, 27, 26, 27, 26, 24, 26, 24, 24, 24, 24, 25, 25, 28, 26, 28, 30], 1: [240, 242, 246, 246, 247, 251, 251, 251, 254, 257, 259, 264, 264, 264, 266, 267, 268, 269, 269, 273, 274, 275, 275, 275, 275, 279, 283, 283, 283, 287, 288, 289, 289, 290, 290, 291, 297, 298, 303, 303, 305, 305, 305, 307, 307, 307, 308, 308, 308, 308, 309, 310, 310, 310, 311, 312, 313, 313, 313, 314, 314, 318, 321, 321, 321, 321, 321, 326, 330, 331, 332, 333, 335, 337, 341, 343, 345, 346, 349, 349, 352, 352, 352, 352, 353, 356, 356, 361, 364, 365, 368, 369, 370, 371, 372, 374, 375, 379, 379, 379]}
301 {0: [29, 29, 25, 25, 29, 26, 27, 28, 27, 27, 25, 25, 26, 27, 25, 25, 26, 26, 26, 26, 26, 25, 25, 25, 25, 26, 24, 25, 25, 23, 26, 26, 26, 27, 27, 29, 25, 26, 22, 23, 22, 22, 23, 22, 22, 23, 22, 22, 22, 22, 22, 22, 22, 22, 23, 22, 22, 22, 22, 23, 25, 23, 22, 23, 25, 25, 27, 24, 23, 24, 24, 25, 26, 26, 23, 22, 22, 22, 20, 24, 23, 23, 25, 26, 27, 26, 27, 26, 24, 26, 24, 24, 24, 24, 25, 25, 28, 26, 28, 30], 1: [240, 242, 246, 246, 247, 251, 251, 251, 254, 257, 259, 264, 264, 264, 266, 267, 268, 269, 269, 273, 274, 275, 275, 275, 275, 279, 283, 283, 283, 287, 288, 289, 289, 290, 290, 291, 297, 298, 303, 303, 305, 305, 305, 307, 307, 307, 308, 308, 308, 308, 309, 310, 310, 310, 311, 312, 313, 313, 313, 314, 314, 318, 321, 321, 321, 321, 321, 326, 330, 331, 332, 333, 335, 337, 341, 343, 345, 346, 349, 349, 352, 352, 352, 352, 353, 356, 356, 361, 364, 365, 368, 369, 370, 371, 372, 374, 375, 379, 379, 379]}
549 {0: [29, 29, 25, 25, 29, 26, 27, 28, 27, 27, 25, 25, 26, 27, 25, 25, 26, 26, 26, 26, 26, 25, 25, 25, 25, 26, 24, 25, 25, 23, 26, 26, 26, 27, 27, 29, 25, 26, 22, 23, 22, 22, 23, 22, 22, 23, 22, 22, 22, 22, 22, 22, 22, 22, 23, 22, 22, 22, 22, 23, 25, 23, 22, 23, 25, 25, 27, 24, 23, 24, 24, 25, 26, 26, 23, 22, 22, 22, 20, 24, 23, 23, 25, 26, 27, 26, 27, 26, 24, 26, 24, 24, 24, 24, 25, 25, 28, 26, 28, 30], 1: [240, 242, 246, 246, 247, 251, 251, 251, 254, 257, 259, 264, 264, 264, 266, 267, 268, 269, 269, 273, 274, 275, 275, 275, 275, 279, 283, 283, 283, 287, 288, 289, 289, 290, 290, 291, 297, 298, 303, 303, 305, 305, 305, 307, 307, 307, 308, 308, 308, 308, 309, 310, 310, 310, 311, 312, 313, 313, 313, 314, 314, 318, 321, 321, 321, 321, 321, 326, 330, 331, 332, 333, 335, 337, 341, 343, 345, 346, 349, 349, 352, 352, 352, 352, 353, 356, 356, 361, 364, 365, 368, 369, 370, 371, 372, 374, 375, 379, 379, 379]}
55 {0: [29, 29, 25, 25, 29, 26, 27, 28, 27, 27, 25, 25, 26, 27, 25, 25, 26, 26, 26, 26, 26, 25, 25, 25, 25, 26, 24, 25, 25, 23, 26, 26, 26, 27, 27, 29, 25, 26, 22, 23, 22, 22, 23, 22, 22, 23, 22, 22, 22, 22, 22, 22, 22, 22, 23, 22, 22, 22, 22, 23, 25, 23, 22, 23, 25, 25, 27, 24, 23, 24, 24, 25, 26, 26, 23, 22, 22, 22, 20, 24, 23, 23, 25, 26, 27, 26, 27, 26, 24, 26, 24, 24, 24, 24, 25, 25, 28, 26, 28, 30], 1: [240, 242, 246, 246, 247, 251, 251, 251, 254, 257, 259, 264, 264, 264, 266, 267, 268, 269, 269, 273, 274, 275, 275, 275, 275, 279, 283, 283, 283, 287, 288, 289, 289, 290, 290, 291, 297, 298, 303, 303, 305, 305, 305, 307, 307, 307, 308, 308, 308, 308, 309, 310, 310, 310, 311, 312, 313, 313, 313, 314, 314, 318, 321, 321, 321, 321, 321, 326, 330, 331, 332, 333, 335, 337, 341, 343, 345, 346, 349, 349, 352, 352, 352, 352, 353, 356, 356, 361, 364, 365, 368, 369, 370, 371, 372, 374, 375, 379, 379, 379]}
793 {0: [29, 29, 25, 25, 29, 26, 27, 28, 27, 27, 25, 25, 26, 27, 25, 25, 26, 26, 26, 26, 26, 25, 25, 25, 25, 26, 24, 25, 25, 23, 26, 26, 26, 27, 27, 29, 25, 26, 22, 23, 22, 22, 23, 22, 22, 23, 22, 22, 22, 22, 22, 22, 22, 22, 23, 22, 22, 22, 22, 23, 25, 23, 22, 23, 25, 25, 27, 24, 23, 24, 24, 25, 26, 26, 23, 22, 22, 22, 20, 24, 23, 23, 25, 26, 27, 26, 27, 26, 24, 26, 24, 24, 24, 24, 25, 25, 28, 26, 28, 30], 1: [240, 242, 246, 246, 247, 251, 251, 251, 254, 257, 259, 264, 264, 264, 266, 267, 268, 269, 269, 273, 274, 275, 275, 275, 275, 279, 283, 283, 283, 287, 288, 289, 289, 290, 290, 291, 297, 298, 303, 303, 305, 305, 305, 307, 307, 307, 308, 308, 308, 308, 309, 310, 310, 310, 311, 312, 313, 313, 313, 314, 314, 318, 321, 321, 321, 321, 321, 326, 330, 331, 332, 333, 335, 337, 341, 343, 345, 346, 349, 349, 352, 352, 352, 352, 353, 356, 356, 361, 364, 365, 368, 369, 370, 371, 372, 374, 375, 379, 379, 379]}
302 {0: [29, 29, 25, 25, 29, 26, 27, 28, 27, 27, 25, 25, 26, 27, 25, 25, 26, 26, 26, 26, 26, 25, 25, 25, 25, 26, 24, 25, 25, 23, 26, 26, 26, 27, 27, 29, 25, 26, 22, 23, 22, 22, 23, 22, 22, 23, 22, 22, 22, 22, 22, 22, 22, 22, 23, 22, 22, 22, 22, 23, 25, 23, 22, 23, 25, 25, 27, 24, 23, 24, 24, 25, 26, 26, 23, 22, 22, 22, 20, 24, 23, 23, 25, 26, 27, 26, 27, 26, 24, 26, 24, 24, 24, 24, 25, 25, 28, 26, 28, 30], 1: [240, 242, 246, 246, 247, 251, 251, 251, 254, 257, 259, 264, 264, 264, 266, 267, 268, 269, 269, 273, 274, 275, 275, 275, 275, 279, 283, 283, 283, 287, 288, 289, 289, 290, 290, 291, 297, 298, 303, 303, 305, 305, 305, 307, 307, 307, 308, 308, 308, 308, 309, 310, 310, 310, 311, 312, 313, 313, 313, 314, 314, 318, 321, 321, 321, 321, 321, 326, 330, 331, 332, 333, 335, 337, 341, 343, 345, 346, 349, 349, 352, 352, 352, 352, 353, 356, 356, 361, 364, 365, 368, 369, 370, 371, 372, 374, 375, 379, 379, 379]}
550 {0: [29, 31, 28, 28, 24, 26, 26, 26, 26, 26, 27, 28, 27, 28, 27, 28, 28, 30, 28, 28, 29, 27, 27, 26, 29, 25, 26, 28, 29, 28, 28, 28, 28, 27, 27, 27, 25, 26, 28, 28, 28, 25, 26, 27, 26, 27, 28, 25, 25, 25, 26, 26, 26, 25, 23, 23, 24, 24, 24, 23, 24, 24, 26, 24, 24, 24, 23, 23, 28, 26, 25, 26, 27, 27, 22, 22, 22, 22, 23, 25, 24, 26, 25, 26, 28, 24, 23, 22, 22, 21, 22, 21, 22, 23, 25, 26, 25, 27, 28, 25], 1: [239, 242, 247, 250, 255, 255, 257, 258, 259, 261, 262, 263, 264, 264, 267, 268, 270, 271, 276, 278, 281, 285, 287, 290, 291, 296, 297, 299, 300, 304, 307, 309, 309, 311, 311, 312, 315, 315, 315, 316, 318, 321, 324, 327, 330, 330, 333, 336, 341, 341, 343, 345, 348, 352, 354, 354, 357, 358, 360, 362, 362, 365, 365, 369, 370, 370, 373, 373, 373, 377, 378, 378, 380, 382, 388, 390, 392, 393, 394, 397, 398, 398, 401, 401, 402, 407, 412, 413, 414, 415, 415, 417, 419, 422, 423, 425, 428, 428, 429, 433]}
56 {0: [29, 29, 25, 25, 29, 26, 27, 28, 27, 27, 25, 25, 26, 27, 25, 25, 26, 26, 26, 26, 26, 25, 25, 25, 25, 26, 24, 25, 25, 23, 26, 26, 26, 27, 27, 29, 25, 26, 22, 23, 22, 22, 23, 22, 22, 23, 22, 22, 22, 22, 22, 22, 22, 22, 23, 22, 22, 22, 22, 23, 25, 23, 22, 23, 25, 25, 27, 24, 23, 24, 24, 25, 26, 26, 23, 22, 22, 22, 20, 24, 23, 23, 25, 26, 27, 26, 27, 26, 24, 26, 24, 24, 24, 24, 25, 25, 28, 26, 28, 30], 1: [240, 242, 246, 246, 247, 251, 251, 251, 254, 257, 259, 264, 264, 264, 266, 267, 268, 269, 269, 273, 274, 275, 275, 275, 275, 279, 283, 283, 283, 287, 288, 289, 289, 290, 290, 291, 297, 298, 303, 303, 305, 305, 305, 307, 307, 307, 308, 308, 308, 308, 309, 310, 310, 310, 311, 312, 313, 313, 313, 314, 314, 318, 321, 321, 321, 321, 321, 326, 330, 331, 332, 333, 335, 337, 341, 343, 345, 346, 349, 349, 352, 352, 352, 352, 353, 356, 356, 361, 364, 365, 368, 369, 370, 371, 372, 374, 375, 379, 379, 379]}
794 {0: [29, 29, 25, 25, 29, 26, 27, 28, 27, 27, 25, 25, 26, 27, 25, 25, 26, 26, 26, 26, 26, 25, 25, 25, 25, 26, 24, 25, 25, 23, 26, 26, 26, 27, 27, 29, 25, 26, 22, 23, 22, 22, 23, 22, 22, 23, 22, 22, 22, 22, 22, 22, 22, 22, 23, 22, 22, 22, 22, 23, 25, 23, 22, 23, 25, 25, 27, 24, 23, 24, 24, 25, 26, 26, 23, 22, 22, 22, 20, 24, 23, 23, 25, 26, 27, 26, 27, 26, 24, 26, 24, 24, 24, 24, 25, 25, 28, 26, 28, 30], 1: [240, 242, 246, 246, 247, 251, 251, 251, 254, 257, 259, 264, 264, 264, 266, 267, 268, 269, 269, 273, 274, 275, 275, 275, 275, 279, 283, 283, 283, 287, 288, 289, 289, 290, 290, 291, 297, 298, 303, 303, 305, 305, 305, 307, 307, 307, 308, 308, 308, 308, 309, 310, 310, 310, 311, 312, 313, 313, 313, 314, 314, 318, 321, 321, 321, 321, 321, 326, 330, 331, 332, 333, 335, 337, 341, 343, 345, 346, 349, 349, 352, 352, 352, 352, 353, 356, 356, 361, 364, 365, 368, 369, 370, 371, 372, 374, 375, 379, 379, 379]}
303 {0: [28, 27, 25, 25, 26, 24, 24, 25, 22, 23, 26, 24, 23, 24, 24, 25, 25, 26, 28, 26, 22, 23, 24, 24, 26, 25, 26, 26, 27, 28, 27, 25, 26, 25, 24, 26, 26, 26, 28, 26, 26, 29, 27, 26, 26, 27, 26, 25, 26, 25, 26, 26, 26, 27, 23, 24, 24, 24, 23, 26, 25, 26, 25, 27, 25, 23, 23, 24, 23, 24, 24, 26, 24, 24, 26, 25, 24, 24, 27, 26, 27, 28, 27, 25, 27, 27, 27, 27, 26, 28, 29, 28, 27, 27, 29, 27, 28, 27, 27, 27], 1: [240, 242, 246, 249, 249, 253, 253, 255, 258, 258, 258, 261, 263, 264, 265, 265, 265, 266, 268, 272, 277, 277, 280, 281, 281, 283, 284, 285, 286, 288, 294, 297, 298, 299, 301, 302, 306, 308, 308, 311, 311, 311, 313, 315, 318, 318, 319, 322, 322, 323, 323, 325, 326, 327, 333, 334, 335, 335, 337, 337, 338, 341, 343, 346, 350, 355, 355, 356, 357, 357, 357, 358, 361, 363, 364, 366, 370, 370, 370, 372, 373, 376, 379, 383, 383, 384, 384, 386, 387, 387, 389, 392, 393, 395, 396, 399, 400, 402, 402, 402]}
551 {0: [29, 29, 25, 25, 29, 26, 27, 28, 27, 27, 25, 25, 26, 27, 25, 25, 26, 26, 26, 26, 26, 25, 25, 25, 25, 26, 24, 25, 25, 23, 26, 26, 26, 27, 27, 29, 25, 26, 22, 23, 22, 22, 23, 22, 22, 23, 22, 22, 22, 22, 22, 22, 22, 22, 23, 22, 22, 22, 22, 23, 25, 23, 22, 23, 25, 25, 27, 24, 23, 24, 24, 25, 26, 26, 23, 22, 22, 22, 20, 24, 23, 23, 25, 26, 27, 26, 27, 26, 24, 26, 24, 24, 24, 24, 25, 25, 28, 26, 28, 30], 1: [240, 242, 246, 246, 247, 251, 251, 251, 254, 257, 259, 264, 264, 264, 266, 267, 268, 269, 269, 273, 274, 275, 275, 275, 275, 279, 283, 283, 283, 287, 288, 289, 289, 290, 290, 291, 297, 298, 303, 303, 305, 305, 305, 307, 307, 307, 308, 308, 308, 308, 309, 310, 310, 310, 311, 312, 313, 313, 313, 314, 314, 318, 321, 321, 321, 321, 321, 326, 330, 331, 332, 333, 335, 337, 341, 343, 345, 346, 349, 349, 352, 352, 352, 352, 353, 356, 356, 361, 364, 365, 368, 369, 370, 371, 372, 374, 375, 379, 379, 379]}
57 {0: [29, 29, 25, 25, 29, 26, 27, 28, 27, 27, 25, 25, 26, 27, 25, 25, 26, 26, 26, 26, 26, 25, 25, 25, 25, 26, 24, 25, 25, 23, 26, 26, 26, 27, 27, 29, 25, 26, 22, 23, 22, 22, 23, 22, 22, 23, 22, 22, 22, 22, 22, 22, 22, 22, 23, 22, 22, 22, 22, 23, 25, 23, 22, 23, 25, 25, 27, 24, 23, 24, 24, 25, 26, 26, 23, 22, 22, 22, 20, 24, 23, 23, 25, 26, 27, 26, 27, 26, 24, 26, 24, 24, 24, 24, 25, 25, 28, 26, 28, 30], 1: [240, 242, 246, 246, 247, 251, 251, 251, 254, 257, 259, 264, 264, 264, 266, 267, 268, 269, 269, 273, 274, 275, 275, 275, 275, 279, 283, 283, 283, 287, 288, 289, 289, 290, 290, 291, 297, 298, 303, 303, 305, 305, 305, 307, 307, 307, 308, 308, 308, 308, 309, 310, 310, 310, 311, 312, 313, 313, 313, 314, 314, 318, 321, 321, 321, 321, 321, 326, 330, 331, 332, 333, 335, 337, 341, 343, 345, 346, 349, 349, 352, 352, 352, 352, 353, 356, 356, 361, 364, 365, 368, 369, 370, 371, 372, 374, 375, 379, 379, 379]}
795 {0: [29, 29, 25, 25, 29, 26, 27, 28, 27, 27, 25, 25, 26, 27, 25, 25, 26, 26, 26, 26, 26, 25, 25, 25, 25, 26, 24, 25, 25, 23, 26, 26, 26, 27, 27, 29, 25, 26, 22, 23, 22, 22, 23, 22, 22, 23, 22, 22, 22, 22, 22, 22, 22, 22, 23, 22, 22, 22, 22, 23, 25, 23, 22, 23, 25, 25, 27, 24, 23, 24, 24, 25, 26, 26, 23, 22, 22, 22, 20, 24, 23, 23, 25, 26, 27, 26, 27, 26, 24, 26, 24, 24, 24, 24, 25, 25, 28, 26, 28, 30], 1: [240, 242, 246, 246, 247, 251, 251, 251, 254, 257, 259, 264, 264, 264, 266, 267, 268, 269, 269, 273, 274, 275, 275, 275, 275, 279, 283, 283, 283, 287, 288, 289, 289, 290, 290, 291, 297, 298, 303, 303, 305, 305, 305, 307, 307, 307, 308, 308, 308, 308, 309, 310, 310, 310, 311, 312, 313, 313, 313, 314, 314, 318, 321, 321, 321, 321, 321, 326, 330, 331, 332, 333, 335, 337, 341, 343, 345, 346, 349, 349, 352, 352, 352, 352, 353, 356, 356, 361, 364, 365, 368, 369, 370, 371, 372, 374, 375, 379, 379, 379]}
304 {0: [29, 29, 25, 25, 29, 26, 27, 28, 27, 27, 25, 25, 26, 27, 25, 25, 26, 26, 26, 26, 26, 25, 25, 25, 25, 26, 24, 25, 25, 23, 26, 26, 26, 27, 27, 29, 25, 26, 22, 23, 22, 22, 22, 24, 23, 23, 25, 25, 25, 25, 25, 24, 25, 23, 24, 22, 22, 23, 21, 21, 22, 22, 24, 23, 23, 25, 24, 23, 21, 22, 22, 23, 20, 19, 21, 22, 22, 22, 22, 24, 26, 25, 25, 24, 22, 21, 21, 22, 20, 20, 20, 20, 20, 20, 20, 21, 20, 20, 21, 21], 1: [240, 242, 246, 246, 247, 251, 251, 251, 254, 257, 259, 264, 264, 264, 266, 267, 268, 269, 269, 273, 274, 275, 275, 275, 275, 279, 283, 283, 283, 287, 288, 289, 289, 290, 290, 291, 297, 298, 303, 303, 305, 305, 305, 306, 307, 307, 307, 309, 309, 310, 313, 315, 315, 319, 321, 324, 324, 325, 327, 328, 329, 331, 331, 333, 334, 334, 338, 339, 344, 345, 345, 346, 349, 351, 352, 353, 354, 356, 356, 356, 356, 360, 362, 365, 368, 369, 370, 370, 373, 373, 374, 375, 375, 375, 375, 375, 376, 377, 377, 377]}
552 {0: [29, 29, 25, 25, 29, 26, 27, 28, 27, 27, 25, 25, 26, 27, 25, 25, 26, 26, 26, 26, 26, 25, 25, 25, 25, 26, 24, 25, 25, 23, 26, 26, 26, 27, 27, 29, 25, 26, 22, 23, 22, 22, 23, 22, 22, 23, 22, 22, 22, 22, 22, 22, 22, 22, 23, 22, 22, 22, 22, 23, 25, 23, 22, 23, 25, 25, 27, 24, 23, 24, 24, 25, 26, 26, 23, 22, 22, 22, 20, 24, 23, 23, 25, 26, 27, 26, 27, 26, 24, 26, 24, 24, 24, 24, 25, 25, 28, 26, 28, 30], 1: [240, 242, 246, 246, 247, 251, 251, 251, 254, 257, 259, 264, 264, 264, 266, 267, 268, 269, 269, 273, 274, 275, 275, 275, 275, 279, 283, 283, 283, 287, 288, 289, 289, 290, 290, 291, 297, 298, 303, 303, 305, 305, 305, 307, 307, 307, 308, 308, 308, 308, 309, 310, 310, 310, 311, 312, 313, 313, 313, 314, 314, 318, 321, 321, 321, 321, 321, 326, 330, 331, 332, 333, 335, 337, 341, 343, 345, 346, 349, 349, 352, 352, 352, 352, 353, 356, 356, 361, 364, 365, 368, 369, 370, 371, 372, 374, 375, 379, 379, 379]}
58 {0: [29, 29, 25, 25, 29, 26, 27, 28, 27, 27, 25, 25, 26, 27, 25, 25, 26, 26, 26, 26, 26, 25, 25, 25, 25, 26, 24, 25, 25, 23, 26, 26, 26, 27, 27, 29, 25, 26, 22, 23, 22, 22, 23, 22, 22, 23, 22, 22, 22, 22, 22, 22, 22, 22, 23, 22, 22, 22, 22, 23, 25, 23, 22, 23, 25, 25, 27, 24, 23, 24, 24, 25, 26, 26, 23, 22, 22, 22, 20, 24, 23, 23, 25, 26, 27, 26, 27, 26, 24, 26, 24, 24, 24, 24, 25, 25, 28, 26, 28, 30], 1: [240, 242, 246, 246, 247, 251, 251, 251, 254, 257, 259, 264, 264, 264, 266, 267, 268, 269, 269, 273, 274, 275, 275, 275, 275, 279, 283, 283, 283, 287, 288, 289, 289, 290, 290, 291, 297, 298, 303, 303, 305, 305, 305, 307, 307, 307, 308, 308, 308, 308, 309, 310, 310, 310, 311, 312, 313, 313, 313, 314, 314, 318, 321, 321, 321, 321, 321, 326, 330, 331, 332, 333, 335, 337, 341, 343, 345, 346, 349, 349, 352, 352, 352, 352, 353, 356, 356, 361, 364, 365, 368, 369, 370, 371, 372, 374, 375, 379, 379, 379]}
305 {0: [29, 29, 25, 25, 29, 26, 27, 28, 27, 27, 25, 25, 26, 27, 25, 25, 26, 26, 26, 26, 26, 25, 25, 25, 25, 26, 24, 25, 25, 23, 26, 26, 26, 27, 27, 29, 25, 26, 22, 23, 22, 22, 23, 22, 22, 23, 22, 22, 22, 22, 22, 22, 22, 22, 23, 22, 22, 22, 22, 23, 25, 23, 22, 23, 25, 25, 27, 24, 23, 24, 24, 25, 26, 26, 23, 22, 22, 22, 20, 24, 23, 23, 25, 26, 27, 26, 27, 26, 24, 26, 24, 24, 24, 24, 25, 25, 28, 26, 28, 30], 1: [240, 242, 246, 246, 247, 251, 251, 251, 254, 257, 259, 264, 264, 264, 266, 267, 268, 269, 269, 273, 274, 275, 275, 275, 275, 279, 283, 283, 283, 287, 288, 289, 289, 290, 290, 291, 297, 298, 303, 303, 305, 305, 305, 307, 307, 307, 308, 308, 308, 308, 309, 310, 310, 310, 311, 312, 313, 313, 313, 314, 314, 318, 321, 321, 321, 321, 321, 326, 330, 331, 332, 333, 335, 337, 341, 343, 345, 346, 349, 349, 352, 352, 352, 352, 353, 356, 356, 361, 364, 365, 368, 369, 370, 371, 372, 374, 375, 379, 379, 379]}
796 {0: [29, 29, 25, 25, 29, 26, 27, 28, 27, 27, 25, 25, 26, 27, 25, 25, 26, 26, 26, 26, 26, 25, 25, 25, 25, 26, 24, 25, 25, 23, 26, 26, 26, 27, 27, 29, 25, 26, 22, 23, 22, 22, 23, 22, 22, 23, 22, 22, 22, 22, 22, 22, 22, 22, 23, 22, 22, 22, 22, 23, 25, 23, 22, 23, 25, 25, 27, 24, 23, 24, 24, 25, 26, 26, 23, 22, 22, 22, 20, 24, 23, 23, 25, 26, 27, 26, 27, 26, 24, 26, 24, 24, 24, 24, 25, 25, 28, 26, 28, 30], 1: [240, 242, 246, 246, 247, 251, 251, 251, 254, 257, 259, 264, 264, 264, 266, 267, 268, 269, 269, 273, 274, 275, 275, 275, 275, 279, 283, 283, 283, 287, 288, 289, 289, 290, 290, 291, 297, 298, 303, 303, 305, 305, 305, 307, 307, 307, 308, 308, 308, 308, 309, 310, 310, 310, 311, 312, 313, 313, 313, 314, 314, 318, 321, 321, 321, 321, 321, 326, 330, 331, 332, 333, 335, 337, 341, 343, 345, 346, 349, 349, 352, 352, 352, 352, 353, 356, 356, 361, 364, 365, 368, 369, 370, 371, 372, 374, 375, 379, 379, 379]}
553 {0: [29, 29, 25, 25, 29, 26, 27, 28, 27, 27, 25, 25, 26, 27, 25, 25, 26, 26, 26, 26, 26, 25, 25, 25, 25, 26, 24, 25, 25, 23, 26, 26, 26, 27, 27, 29, 25, 26, 22, 23, 22, 22, 23, 22, 22, 23, 22, 22, 22, 22, 22, 22, 22, 22, 23, 22, 22, 22, 22, 23, 25, 23, 22, 23, 25, 25, 27, 24, 23, 24, 24, 25, 26, 26, 23, 22, 22, 22, 20, 24, 23, 23, 25, 26, 27, 26, 27, 26, 24, 26, 24, 24, 24, 24, 25, 25, 28, 26, 28, 30], 1: [240, 242, 246, 246, 247, 251, 251, 251, 254, 257, 259, 264, 264, 264, 266, 267, 268, 269, 269, 273, 274, 275, 275, 275, 275, 279, 283, 283, 283, 287, 288, 289, 289, 290, 290, 291, 297, 298, 303, 303, 305, 305, 305, 307, 307, 307, 308, 308, 308, 308, 309, 310, 310, 310, 311, 312, 313, 313, 313, 314, 314, 318, 321, 321, 321, 321, 321, 326, 330, 331, 332, 333, 335, 337, 341, 343, 345, 346, 349, 349, 352, 352, 352, 352, 353, 356, 356, 361, 364, 365, 368, 369, 370, 371, 372, 374, 375, 379, 379, 379]}
59 {0: [29, 29, 25, 25, 29, 26, 27, 28, 27, 27, 25, 25, 26, 27, 25, 25, 26, 26, 26, 26, 26, 25, 25, 25, 25, 26, 24, 25, 25, 23, 26, 26, 26, 27, 27, 29, 25, 26, 22, 23, 22, 22, 23, 22, 22, 23, 22, 22, 22, 22, 22, 22, 22, 22, 23, 22, 22, 22, 22, 23, 25, 23, 22, 23, 25, 25, 27, 24, 23, 24, 24, 25, 26, 26, 23, 22, 22, 22, 20, 24, 23, 23, 25, 26, 27, 26, 27, 26, 24, 26, 24, 24, 24, 24, 25, 25, 28, 26, 28, 30], 1: [240, 242, 246, 246, 247, 251, 251, 251, 254, 257, 259, 264, 264, 264, 266, 267, 268, 269, 269, 273, 274, 275, 275, 275, 275, 279, 283, 283, 283, 287, 288, 289, 289, 290, 290, 291, 297, 298, 303, 303, 305, 305, 305, 307, 307, 307, 308, 308, 308, 308, 309, 310, 310, 310, 311, 312, 313, 313, 313, 314, 314, 318, 321, 321, 321, 321, 321, 326, 330, 331, 332, 333, 335, 337, 341, 343, 345, 346, 349, 349, 352, 352, 352, 352, 353, 356, 356, 361, 364, 365, 368, 369, 370, 371, 372, 374, 375, 379, 379, 379]}
306 {0: [29, 29, 25, 25, 29, 26, 27, 28, 27, 27, 25, 25, 26, 27, 25, 25, 26, 26, 26, 26, 26, 25, 25, 25, 25, 26, 24, 25, 25, 23, 26, 26, 26, 27, 27, 29, 25, 26, 22, 23, 22, 22, 23, 22, 22, 23, 22, 22, 22, 22, 22, 22, 22, 22, 23, 22, 22, 22, 22, 23, 25, 23, 22, 23, 25, 25, 27, 24, 23, 24, 24, 25, 26, 26, 23, 22, 22, 22, 20, 24, 23, 23, 25, 26, 27, 26, 27, 26, 24, 26, 24, 24, 24, 24, 25, 25, 28, 26, 28, 30], 1: [240, 242, 246, 246, 247, 251, 251, 251, 254, 257, 259, 264, 264, 264, 266, 267, 268, 269, 269, 273, 274, 275, 275, 275, 275, 279, 283, 283, 283, 287, 288, 289, 289, 290, 290, 291, 297, 298, 303, 303, 305, 305, 305, 307, 307, 307, 308, 308, 308, 308, 309, 310, 310, 310, 311, 312, 313, 313, 313, 314, 314, 318, 321, 321, 321, 321, 321, 326, 330, 331, 332, 333, 335, 337, 341, 343, 345, 346, 349, 349, 352, 352, 352, 352, 353, 356, 356, 361, 364, 365, 368, 369, 370, 371, 372, 374, 375, 379, 379, 379]}
797 {0: [29, 29, 25, 25, 29, 26, 27, 28, 27, 27, 25, 25, 26, 27, 25, 25, 26, 26, 26, 26, 26, 25, 25, 25, 25, 26, 24, 25, 25, 23, 26, 26, 26, 27, 27, 29, 25, 26, 22, 23, 22, 22, 23, 22, 22, 23, 22, 22, 22, 22, 22, 22, 22, 22, 23, 22, 22, 22, 22, 23, 25, 23, 22, 23, 25, 25, 27, 24, 23, 24, 24, 25, 26, 26, 23, 22, 22, 22, 20, 24, 23, 23, 25, 26, 27, 26, 27, 26, 24, 26, 24, 24, 24, 24, 25, 25, 28, 26, 28, 30], 1: [240, 242, 246, 246, 247, 251, 251, 251, 254, 257, 259, 264, 264, 264, 266, 267, 268, 269, 269, 273, 274, 275, 275, 275, 275, 279, 283, 283, 283, 287, 288, 289, 289, 290, 290, 291, 297, 298, 303, 303, 305, 305, 305, 307, 307, 307, 308, 308, 308, 308, 309, 310, 310, 310, 311, 312, 313, 313, 313, 314, 314, 318, 321, 321, 321, 321, 321, 326, 330, 331, 332, 333, 335, 337, 341, 343, 345, 346, 349, 349, 352, 352, 352, 352, 353, 356, 356, 361, 364, 365, 368, 369, 370, 371, 372, 374, 375, 379, 379, 379]}
554 {0: [29, 29, 25, 25, 29, 26, 27, 28, 27, 27, 25, 25, 26, 27, 25, 25, 26, 26, 26, 26, 26, 25, 25, 25, 25, 26, 24, 25, 25, 23, 26, 26, 26, 27, 27, 29, 25, 26, 22, 23, 22, 22, 23, 22, 22, 23, 22, 22, 22, 22, 22, 22, 22, 22, 23, 22, 22, 22, 22, 23, 25, 23, 22, 23, 25, 25, 27, 24, 23, 24, 24, 25, 26, 26, 23, 22, 22, 22, 20, 24, 23, 23, 25, 26, 27, 26, 27, 26, 24, 26, 24, 24, 24, 24, 25, 25, 28, 26, 28, 30], 1: [240, 242, 246, 246, 247, 251, 251, 251, 254, 257, 259, 264, 264, 264, 266, 267, 268, 269, 269, 273, 274, 275, 275, 275, 275, 279, 283, 283, 283, 287, 288, 289, 289, 290, 290, 291, 297, 298, 303, 303, 305, 305, 305, 307, 307, 307, 308, 308, 308, 308, 309, 310, 310, 310, 311, 312, 313, 313, 313, 314, 314, 318, 321, 321, 321, 321, 321, 326, 330, 331, 332, 333, 335, 337, 341, 343, 345, 346, 349, 349, 352, 352, 352, 352, 353, 356, 356, 361, 364, 365, 368, 369, 370, 371, 372, 374, 375, 379, 379, 379]}
60 {0: [29, 29, 25, 25, 29, 26, 27, 28, 27, 27, 25, 25, 26, 27, 25, 25, 26, 26, 26, 26, 26, 25, 25, 25, 25, 26, 24, 25, 25, 23, 26, 26, 26, 27, 27, 29, 25, 26, 22, 23, 22, 22, 23, 22, 22, 23, 22, 22, 22, 22, 22, 22, 22, 22, 23, 22, 22, 22, 22, 23, 25, 23, 22, 23, 25, 25, 27, 24, 23, 24, 24, 25, 26, 26, 23, 22, 22, 22, 20, 24, 23, 23, 25, 26, 27, 26, 27, 26, 24, 26, 24, 24, 24, 24, 25, 25, 28, 26, 28, 30], 1: [240, 242, 246, 246, 247, 251, 251, 251, 254, 257, 259, 264, 264, 264, 266, 267, 268, 269, 269, 273, 274, 275, 275, 275, 275, 279, 283, 283, 283, 287, 288, 289, 289, 290, 290, 291, 297, 298, 303, 303, 305, 305, 305, 307, 307, 307, 308, 308, 308, 308, 309, 310, 310, 310, 311, 312, 313, 313, 313, 314, 314, 318, 321, 321, 321, 321, 321, 326, 330, 331, 332, 333, 335, 337, 341, 343, 345, 346, 349, 349, 352, 352, 352, 352, 353, 356, 356, 361, 364, 365, 368, 369, 370, 371, 372, 374, 375, 379, 379, 379]}
307 {0: [29, 29, 25, 25, 29, 26, 27, 28, 27, 27, 25, 25, 26, 27, 25, 25, 26, 26, 26, 26, 26, 25, 25, 25, 25, 26, 24, 25, 25, 23, 26, 26, 26, 27, 27, 29, 25, 26, 22, 23, 22, 22, 23, 22, 22, 23, 22, 22, 22, 22, 22, 22, 22, 22, 23, 22, 22, 22, 22, 23, 25, 23, 22, 23, 25, 25, 27, 24, 23, 24, 24, 25, 26, 26, 23, 22, 22, 22, 20, 24, 23, 23, 25, 26, 27, 26, 27, 26, 24, 26, 24, 24, 24, 24, 25, 25, 28, 26, 28, 30], 1: [240, 242, 246, 246, 247, 251, 251, 251, 254, 257, 259, 264, 264, 264, 266, 267, 268, 269, 269, 273, 274, 275, 275, 275, 275, 279, 283, 283, 283, 287, 288, 289, 289, 290, 290, 291, 297, 298, 303, 303, 305, 305, 305, 307, 307, 307, 308, 308, 308, 308, 309, 310, 310, 310, 311, 312, 313, 313, 313, 314, 314, 318, 321, 321, 321, 321, 321, 326, 330, 331, 332, 333, 335, 337, 341, 343, 345, 346, 349, 349, 352, 352, 352, 352, 353, 356, 356, 361, 364, 365, 368, 369, 370, 371, 372, 374, 375, 379, 379, 379]}
798 {0: [29, 29, 25, 25, 29, 26, 27, 28, 27, 27, 25, 25, 26, 27, 25, 25, 26, 26, 26, 26, 26, 25, 25, 25, 25, 26, 24, 25, 25, 23, 26, 26, 26, 27, 27, 29, 25, 26, 22, 23, 22, 22, 23, 22, 22, 23, 22, 22, 22, 22, 22, 22, 22, 22, 23, 22, 22, 22, 22, 23, 25, 23, 22, 23, 25, 25, 27, 24, 23, 24, 24, 25, 26, 26, 23, 22, 22, 22, 20, 24, 23, 23, 25, 26, 27, 26, 27, 26, 24, 26, 24, 24, 24, 24, 25, 25, 28, 26, 28, 30], 1: [240, 242, 246, 246, 247, 251, 251, 251, 254, 257, 259, 264, 264, 264, 266, 267, 268, 269, 269, 273, 274, 275, 275, 275, 275, 279, 283, 283, 283, 287, 288, 289, 289, 290, 290, 291, 297, 298, 303, 303, 305, 305, 305, 307, 307, 307, 308, 308, 308, 308, 309, 310, 310, 310, 311, 312, 313, 313, 313, 314, 314, 318, 321, 321, 321, 321, 321, 326, 330, 331, 332, 333, 335, 337, 341, 343, 345, 346, 349, 349, 352, 352, 352, 352, 353, 356, 356, 361, 364, 365, 368, 369, 370, 371, 372, 374, 375, 379, 379, 379]}
555 {0: [29, 29, 25, 25, 29, 26, 27, 28, 27, 27, 25, 25, 26, 27, 25, 25, 26, 26, 26, 26, 26, 25, 25, 25, 25, 26, 24, 25, 25, 23, 26, 26, 26, 27, 27, 29, 25, 26, 22, 23, 22, 22, 23, 22, 22, 23, 22, 22, 22, 22, 22, 22, 22, 22, 23, 22, 22, 22, 22, 23, 25, 23, 22, 23, 25, 25, 27, 24, 23, 24, 24, 25, 26, 26, 23, 22, 22, 22, 20, 24, 23, 23, 25, 26, 27, 26, 27, 26, 24, 26, 24, 24, 24, 24, 25, 25, 28, 26, 28, 30], 1: [240, 242, 246, 246, 247, 251, 251, 251, 254, 257, 259, 264, 264, 264, 266, 267, 268, 269, 269, 273, 274, 275, 275, 275, 275, 279, 283, 283, 283, 287, 288, 289, 289, 290, 290, 291, 297, 298, 303, 303, 305, 305, 305, 307, 307, 307, 308, 308, 308, 308, 309, 310, 310, 310, 311, 312, 313, 313, 313, 314, 314, 318, 321, 321, 321, 321, 321, 326, 330, 331, 332, 333, 335, 337, 341, 343, 345, 346, 349, 349, 352, 352, 352, 352, 353, 356, 356, 361, 364, 365, 368, 369, 370, 371, 372, 374, 375, 379, 379, 379]}
61 {0: [29, 29, 25, 25, 29, 26, 27, 28, 27, 27, 25, 25, 26, 27, 25, 25, 26, 26, 26, 26, 26, 25, 25, 25, 25, 26, 24, 25, 25, 23, 26, 26, 26, 27, 27, 29, 25, 26, 22, 23, 22, 22, 23, 22, 22, 23, 22, 22, 22, 22, 22, 22, 22, 22, 23, 22, 22, 22, 22, 23, 25, 23, 22, 23, 25, 25, 27, 24, 23, 24, 24, 25, 26, 26, 23, 22, 22, 22, 20, 24, 23, 23, 25, 26, 27, 26, 27, 26, 24, 26, 24, 24, 24, 24, 25, 25, 28, 26, 28, 30], 1: [240, 242, 246, 246, 247, 251, 251, 251, 254, 257, 259, 264, 264, 264, 266, 267, 268, 269, 269, 273, 274, 275, 275, 275, 275, 279, 283, 283, 283, 287, 288, 289, 289, 290, 290, 291, 297, 298, 303, 303, 305, 305, 305, 307, 307, 307, 308, 308, 308, 308, 309, 310, 310, 310, 311, 312, 313, 313, 313, 314, 314, 318, 321, 321, 321, 321, 321, 326, 330, 331, 332, 333, 335, 337, 341, 343, 345, 346, 349, 349, 352, 352, 352, 352, 353, 356, 356, 361, 364, 365, 368, 369, 370, 371, 372, 374, 375, 379, 379, 379]}
308 {0: [29, 29, 25, 25, 29, 26, 27, 28, 27, 27, 25, 25, 26, 27, 25, 25, 26, 26, 26, 26, 26, 25, 25, 25, 25, 26, 24, 25, 25, 23, 26, 26, 26, 27, 27, 29, 25, 26, 22, 23, 22, 22, 23, 22, 22, 23, 22, 22, 22, 22, 22, 22, 22, 22, 23, 22, 22, 22, 22, 23, 25, 23, 22, 23, 25, 25, 27, 24, 23, 24, 24, 25, 26, 26, 23, 22, 22, 22, 20, 24, 23, 23, 25, 26, 27, 26, 27, 26, 24, 26, 24, 24, 24, 24, 25, 25, 28, 26, 28, 30], 1: [240, 242, 246, 246, 247, 251, 251, 251, 254, 257, 259, 264, 264, 264, 266, 267, 268, 269, 269, 273, 274, 275, 275, 275, 275, 279, 283, 283, 283, 287, 288, 289, 289, 290, 290, 291, 297, 298, 303, 303, 305, 305, 305, 307, 307, 307, 308, 308, 308, 308, 309, 310, 310, 310, 311, 312, 313, 313, 313, 314, 314, 318, 321, 321, 321, 321, 321, 326, 330, 331, 332, 333, 335, 337, 341, 343, 345, 346, 349, 349, 352, 352, 352, 352, 353, 356, 356, 361, 364, 365, 368, 369, 370, 371, 372, 374, 375, 379, 379, 379]}
799 {0: [29, 29, 25, 25, 29, 26, 27, 28, 27, 27, 25, 25, 26, 27, 25, 25, 26, 26, 26, 26, 26, 25, 25, 25, 25, 26, 24, 25, 25, 23, 26, 26, 26, 27, 27, 29, 25, 26, 22, 23, 22, 22, 23, 22, 22, 23, 22, 22, 22, 22, 22, 22, 22, 22, 23, 22, 22, 22, 22, 23, 25, 23, 22, 23, 25, 25, 27, 24, 23, 24, 24, 25, 26, 26, 23, 22, 22, 22, 20, 24, 23, 23, 25, 26, 27, 26, 27, 26, 24, 26, 24, 24, 24, 24, 25, 25, 28, 26, 28, 30], 1: [240, 242, 246, 246, 247, 251, 251, 251, 254, 257, 259, 264, 264, 264, 266, 267, 268, 269, 269, 273, 274, 275, 275, 275, 275, 279, 283, 283, 283, 287, 288, 289, 289, 290, 290, 291, 297, 298, 303, 303, 305, 305, 305, 307, 307, 307, 308, 308, 308, 308, 309, 310, 310, 310, 311, 312, 313, 313, 313, 314, 314, 318, 321, 321, 321, 321, 321, 326, 330, 331, 332, 333, 335, 337, 341, 343, 345, 346, 349, 349, 352, 352, 352, 352, 353, 356, 356, 361, 364, 365, 368, 369, 370, 371, 372, 374, 375, 379, 379, 379]}
556 {0: [29, 29, 25, 25, 29, 26, 27, 28, 27, 27, 25, 25, 26, 27, 25, 25, 26, 26, 26, 26, 26, 25, 25, 25, 25, 26, 24, 25, 25, 23, 26, 26, 26, 27, 27, 29, 25, 26, 22, 23, 22, 22, 23, 22, 22, 23, 22, 22, 22, 22, 22, 22, 22, 22, 23, 22, 22, 22, 22, 23, 25, 23, 22, 23, 25, 25, 27, 24, 23, 24, 24, 25, 26, 26, 23, 22, 22, 22, 20, 24, 23, 23, 25, 26, 27, 26, 27, 26, 24, 26, 24, 24, 24, 24, 25, 25, 28, 26, 28, 30], 1: [240, 242, 246, 246, 247, 251, 251, 251, 254, 257, 259, 264, 264, 264, 266, 267, 268, 269, 269, 273, 274, 275, 275, 275, 275, 279, 283, 283, 283, 287, 288, 289, 289, 290, 290, 291, 297, 298, 303, 303, 305, 305, 305, 307, 307, 307, 308, 308, 308, 308, 309, 310, 310, 310, 311, 312, 313, 313, 313, 314, 314, 318, 321, 321, 321, 321, 321, 326, 330, 331, 332, 333, 335, 337, 341, 343, 345, 346, 349, 349, 352, 352, 352, 352, 353, 356, 356, 361, 364, 365, 368, 369, 370, 371, 372, 374, 375, 379, 379, 379]}
62 {0: [29, 29, 25, 25, 29, 26, 27, 28, 27, 27, 25, 25, 26, 27, 25, 25, 26, 26, 26, 26, 26, 25, 25, 25, 25, 26, 24, 25, 25, 23, 26, 26, 26, 27, 27, 29, 25, 26, 22, 23, 22, 22, 23, 22, 22, 23, 22, 22, 22, 22, 22, 22, 22, 22, 23, 22, 22, 22, 22, 23, 25, 23, 22, 23, 25, 25, 27, 24, 23, 24, 24, 25, 26, 26, 23, 22, 22, 22, 20, 24, 23, 23, 25, 26, 27, 26, 27, 26, 24, 26, 24, 24, 24, 24, 25, 25, 28, 26, 28, 30], 1: [240, 242, 246, 246, 247, 251, 251, 251, 254, 257, 259, 264, 264, 264, 266, 267, 268, 269, 269, 273, 274, 275, 275, 275, 275, 279, 283, 283, 283, 287, 288, 289, 289, 290, 290, 291, 297, 298, 303, 303, 305, 305, 305, 307, 307, 307, 308, 308, 308, 308, 309, 310, 310, 310, 311, 312, 313, 313, 313, 314, 314, 318, 321, 321, 321, 321, 321, 326, 330, 331, 332, 333, 335, 337, 341, 343, 345, 346, 349, 349, 352, 352, 352, 352, 353, 356, 356, 361, 364, 365, 368, 369, 370, 371, 372, 374, 375, 379, 379, 379]}
309 {0: [29, 29, 25, 25, 29, 26, 27, 28, 27, 27, 25, 25, 26, 27, 25, 25, 26, 26, 26, 26, 26, 25, 25, 25, 25, 26, 24, 25, 25, 23, 26, 26, 26, 27, 27, 29, 25, 26, 22, 23, 22, 22, 23, 22, 22, 23, 22, 22, 22, 22, 22, 22, 22, 22, 23, 22, 22, 22, 22, 23, 25, 23, 22, 23, 25, 25, 27, 24, 23, 24, 24, 25, 26, 26, 23, 22, 22, 22, 20, 24, 23, 23, 25, 26, 27, 26, 27, 26, 24, 26, 24, 24, 24, 24, 25, 25, 28, 26, 28, 30], 1: [240, 242, 246, 246, 247, 251, 251, 251, 254, 257, 259, 264, 264, 264, 266, 267, 268, 269, 269, 273, 274, 275, 275, 275, 275, 279, 283, 283, 283, 287, 288, 289, 289, 290, 290, 291, 297, 298, 303, 303, 305, 305, 305, 307, 307, 307, 308, 308, 308, 308, 309, 310, 310, 310, 311, 312, 313, 313, 313, 314, 314, 318, 321, 321, 321, 321, 321, 326, 330, 331, 332, 333, 335, 337, 341, 343, 345, 346, 349, 349, 352, 352, 352, 352, 353, 356, 356, 361, 364, 365, 368, 369, 370, 371, 372, 374, 375, 379, 379, 379]}
800 {0: [29, 29, 25, 25, 29, 26, 27, 28, 27, 27, 25, 25, 26, 27, 25, 25, 26, 26, 26, 26, 26, 25, 25, 25, 25, 26, 24, 25, 25, 23, 26, 26, 26, 27, 27, 29, 25, 26, 22, 23, 22, 22, 23, 22, 22, 23, 22, 22, 22, 22, 22, 22, 22, 22, 23, 22, 22, 22, 22, 23, 25, 23, 22, 23, 25, 25, 27, 24, 23, 24, 24, 25, 26, 26, 23, 22, 22, 22, 20, 24, 23, 23, 25, 26, 27, 26, 27, 26, 24, 26, 24, 24, 24, 24, 25, 25, 28, 26, 28, 30], 1: [240, 242, 246, 246, 247, 251, 251, 251, 254, 257, 259, 264, 264, 264, 266, 267, 268, 269, 269, 273, 274, 275, 275, 275, 275, 279, 283, 283, 283, 287, 288, 289, 289, 290, 290, 291, 297, 298, 303, 303, 305, 305, 305, 307, 307, 307, 308, 308, 308, 308, 309, 310, 310, 310, 311, 312, 313, 313, 313, 314, 314, 318, 321, 321, 321, 321, 321, 326, 330, 331, 332, 333, 335, 337, 341, 343, 345, 346, 349, 349, 352, 352, 352, 352, 353, 356, 356, 361, 364, 365, 368, 369, 370, 371, 372, 374, 375, 379, 379, 379]}
557 {0: [29, 29, 25, 25, 29, 26, 27, 28, 27, 27, 25, 25, 26, 27, 25, 25, 26, 26, 26, 26, 26, 25, 25, 25, 25, 26, 24, 25, 25, 23, 26, 26, 26, 27, 27, 29, 25, 26, 22, 23, 22, 22, 23, 22, 22, 23, 22, 22, 22, 22, 22, 22, 22, 22, 23, 22, 22, 22, 22, 23, 25, 23, 22, 23, 25, 25, 27, 24, 23, 24, 24, 25, 26, 26, 23, 22, 22, 22, 20, 24, 23, 23, 25, 26, 27, 26, 27, 26, 24, 26, 24, 24, 24, 24, 25, 25, 28, 26, 28, 30], 1: [240, 242, 246, 246, 247, 251, 251, 251, 254, 257, 259, 264, 264, 264, 266, 267, 268, 269, 269, 273, 274, 275, 275, 275, 275, 279, 283, 283, 283, 287, 288, 289, 289, 290, 290, 291, 297, 298, 303, 303, 305, 305, 305, 307, 307, 307, 308, 308, 308, 308, 309, 310, 310, 310, 311, 312, 313, 313, 313, 314, 314, 318, 321, 321, 321, 321, 321, 326, 330, 331, 332, 333, 335, 337, 341, 343, 345, 346, 349, 349, 352, 352, 352, 352, 353, 356, 356, 361, 364, 365, 368, 369, 370, 371, 372, 374, 375, 379, 379, 379]}
63 {0: [29, 29, 25, 25, 29, 26, 27, 28, 27, 27, 25, 25, 26, 27, 25, 25, 26, 26, 26, 26, 26, 25, 25, 25, 25, 26, 24, 25, 25, 23, 26, 26, 26, 27, 27, 29, 25, 26, 22, 23, 22, 22, 23, 22, 22, 23, 22, 22, 22, 22, 22, 22, 22, 22, 23, 22, 22, 22, 22, 23, 25, 23, 22, 23, 25, 25, 27, 24, 23, 24, 24, 25, 26, 26, 23, 22, 22, 22, 20, 24, 23, 23, 25, 26, 27, 26, 27, 26, 24, 26, 24, 24, 24, 24, 25, 25, 28, 26, 28, 30], 1: [240, 242, 246, 246, 247, 251, 251, 251, 254, 257, 259, 264, 264, 264, 266, 267, 268, 269, 269, 273, 274, 275, 275, 275, 275, 279, 283, 283, 283, 287, 288, 289, 289, 290, 290, 291, 297, 298, 303, 303, 305, 305, 305, 307, 307, 307, 308, 308, 308, 308, 309, 310, 310, 310, 311, 312, 313, 313, 313, 314, 314, 318, 321, 321, 321, 321, 321, 326, 330, 331, 332, 333, 335, 337, 341, 343, 345, 346, 349, 349, 352, 352, 352, 352, 353, 356, 356, 361, 364, 365, 368, 369, 370, 371, 372, 374, 375, 379, 379, 379]}
310 {0: [29, 29, 25, 25, 29, 26, 27, 28, 27, 27, 25, 25, 26, 27, 25, 25, 26, 26, 26, 26, 26, 25, 25, 25, 25, 26, 24, 25, 25, 23, 26, 26, 26, 27, 27, 29, 25, 26, 22, 23, 22, 22, 23, 22, 22, 23, 22, 22, 22, 22, 22, 22, 22, 22, 23, 22, 22, 22, 22, 23, 25, 23, 22, 23, 25, 25, 27, 24, 23, 24, 24, 25, 26, 26, 23, 22, 22, 22, 20, 24, 23, 23, 25, 26, 27, 26, 27, 26, 24, 26, 24, 24, 24, 24, 25, 25, 28, 26, 28, 30], 1: [240, 242, 246, 246, 247, 251, 251, 251, 254, 257, 259, 264, 264, 264, 266, 267, 268, 269, 269, 273, 274, 275, 275, 275, 275, 279, 283, 283, 283, 287, 288, 289, 289, 290, 290, 291, 297, 298, 303, 303, 305, 305, 305, 307, 307, 307, 308, 308, 308, 308, 309, 310, 310, 310, 311, 312, 313, 313, 313, 314, 314, 318, 321, 321, 321, 321, 321, 326, 330, 331, 332, 333, 335, 337, 341, 343, 345, 346, 349, 349, 352, 352, 352, 352, 353, 356, 356, 361, 364, 365, 368, 369, 370, 371, 372, 374, 375, 379, 379, 379]}
801 {0: [29, 29, 25, 25, 29, 26, 27, 28, 27, 27, 25, 25, 26, 27, 25, 25, 26, 26, 26, 26, 26, 25, 25, 25, 25, 26, 24, 25, 25, 23, 26, 26, 26, 27, 27, 29, 25, 26, 22, 23, 22, 22, 23, 22, 22, 23, 22, 22, 22, 22, 22, 22, 22, 22, 23, 22, 22, 22, 22, 23, 25, 23, 22, 23, 25, 25, 27, 24, 23, 24, 24, 25, 26, 26, 23, 22, 22, 22, 20, 24, 23, 23, 25, 26, 27, 26, 27, 26, 24, 26, 24, 24, 24, 24, 25, 25, 28, 26, 28, 30], 1: [240, 242, 246, 246, 247, 251, 251, 251, 254, 257, 259, 264, 264, 264, 266, 267, 268, 269, 269, 273, 274, 275, 275, 275, 275, 279, 283, 283, 283, 287, 288, 289, 289, 290, 290, 291, 297, 298, 303, 303, 305, 305, 305, 307, 307, 307, 308, 308, 308, 308, 309, 310, 310, 310, 311, 312, 313, 313, 313, 314, 314, 318, 321, 321, 321, 321, 321, 326, 330, 331, 332, 333, 335, 337, 341, 343, 345, 346, 349, 349, 352, 352, 352, 352, 353, 356, 356, 361, 364, 365, 368, 369, 370, 371, 372, 374, 375, 379, 379, 379]}
558 {0: [29, 29, 25, 25, 29, 26, 27, 28, 27, 27, 25, 25, 26, 27, 25, 25, 26, 26, 26, 26, 26, 25, 25, 25, 25, 26, 24, 25, 25, 23, 26, 26, 26, 27, 27, 29, 25, 26, 22, 23, 22, 22, 23, 22, 22, 23, 22, 22, 22, 22, 22, 22, 22, 22, 23, 22, 22, 22, 22, 23, 25, 23, 22, 23, 25, 25, 27, 24, 23, 24, 24, 25, 26, 26, 23, 22, 22, 22, 20, 24, 23, 23, 25, 26, 27, 26, 27, 26, 24, 26, 24, 24, 24, 24, 25, 25, 28, 26, 28, 30], 1: [240, 242, 246, 246, 247, 251, 251, 251, 254, 257, 259, 264, 264, 264, 266, 267, 268, 269, 269, 273, 274, 275, 275, 275, 275, 279, 283, 283, 283, 287, 288, 289, 289, 290, 290, 291, 297, 298, 303, 303, 305, 305, 305, 307, 307, 307, 308, 308, 308, 308, 309, 310, 310, 310, 311, 312, 313, 313, 313, 314, 314, 318, 321, 321, 321, 321, 321, 326, 330, 331, 332, 333, 335, 337, 341, 343, 345, 346, 349, 349, 352, 352, 352, 352, 353, 356, 356, 361, 364, 365, 368, 369, 370, 371, 372, 374, 375, 379, 379, 379]}
64 {0: [29, 29, 25, 25, 29, 26, 27, 28, 27, 27, 25, 25, 26, 27, 25, 25, 26, 26, 26, 26, 26, 25, 25, 25, 25, 26, 24, 25, 25, 23, 26, 26, 26, 27, 27, 29, 25, 26, 22, 23, 22, 22, 23, 22, 22, 23, 22, 22, 22, 22, 22, 22, 22, 22, 23, 22, 22, 22, 22, 23, 25, 23, 22, 23, 25, 25, 27, 24, 23, 24, 24, 25, 26, 26, 23, 22, 22, 22, 20, 24, 23, 23, 25, 26, 27, 26, 27, 26, 24, 26, 24, 24, 24, 24, 25, 25, 28, 26, 28, 30], 1: [240, 242, 246, 246, 247, 251, 251, 251, 254, 257, 259, 264, 264, 264, 266, 267, 268, 269, 269, 273, 274, 275, 275, 275, 275, 279, 283, 283, 283, 287, 288, 289, 289, 290, 290, 291, 297, 298, 303, 303, 305, 305, 305, 307, 307, 307, 308, 308, 308, 308, 309, 310, 310, 310, 311, 312, 313, 313, 313, 314, 314, 318, 321, 321, 321, 321, 321, 326, 330, 331, 332, 333, 335, 337, 341, 343, 345, 346, 349, 349, 352, 352, 352, 352, 353, 356, 356, 361, 364, 365, 368, 369, 370, 371, 372, 374, 375, 379, 379, 379]}
311 {0: [29, 29, 25, 25, 29, 26, 27, 28, 27, 27, 25, 25, 26, 27, 25, 25, 26, 26, 26, 26, 26, 25, 25, 25, 25, 26, 24, 25, 25, 23, 26, 26, 26, 27, 27, 29, 25, 26, 22, 23, 22, 22, 23, 22, 22, 23, 22, 22, 22, 22, 22, 22, 22, 22, 23, 22, 22, 22, 22, 23, 25, 23, 22, 23, 25, 25, 27, 24, 23, 24, 24, 25, 26, 26, 23, 22, 22, 22, 20, 24, 23, 23, 25, 26, 27, 26, 27, 26, 24, 26, 24, 24, 24, 24, 25, 25, 28, 26, 28, 30], 1: [240, 242, 246, 246, 247, 251, 251, 251, 254, 257, 259, 264, 264, 264, 266, 267, 268, 269, 269, 273, 274, 275, 275, 275, 275, 279, 283, 283, 283, 287, 288, 289, 289, 290, 290, 291, 297, 298, 303, 303, 305, 305, 305, 307, 307, 307, 308, 308, 308, 308, 309, 310, 310, 310, 311, 312, 313, 313, 313, 314, 314, 318, 321, 321, 321, 321, 321, 326, 330, 331, 332, 333, 335, 337, 341, 343, 345, 346, 349, 349, 352, 352, 352, 352, 353, 356, 356, 361, 364, 365, 368, 369, 370, 371, 372, 374, 375, 379, 379, 379]}
802 {0: [29, 29, 25, 25, 29, 26, 27, 28, 27, 27, 25, 25, 26, 27, 25, 25, 26, 26, 26, 26, 26, 25, 25, 25, 25, 26, 24, 25, 25, 23, 26, 26, 26, 27, 27, 29, 25, 26, 22, 23, 22, 22, 23, 22, 22, 23, 22, 22, 22, 22, 22, 22, 22, 22, 23, 22, 22, 22, 22, 23, 25, 23, 22, 23, 25, 25, 27, 24, 23, 24, 24, 25, 26, 26, 23, 22, 22, 22, 20, 24, 23, 23, 25, 26, 27, 26, 27, 26, 24, 26, 24, 24, 24, 24, 25, 25, 28, 26, 28, 30], 1: [240, 242, 246, 246, 247, 251, 251, 251, 254, 257, 259, 264, 264, 264, 266, 267, 268, 269, 269, 273, 274, 275, 275, 275, 275, 279, 283, 283, 283, 287, 288, 289, 289, 290, 290, 291, 297, 298, 303, 303, 305, 305, 305, 307, 307, 307, 308, 308, 308, 308, 309, 310, 310, 310, 311, 312, 313, 313, 313, 314, 314, 318, 321, 321, 321, 321, 321, 326, 330, 331, 332, 333, 335, 337, 341, 343, 345, 346, 349, 349, 352, 352, 352, 352, 353, 356, 356, 361, 364, 365, 368, 369, 370, 371, 372, 374, 375, 379, 379, 379]}
559 {0: [29, 29, 25, 25, 29, 26, 27, 28, 27, 27, 25, 25, 26, 27, 25, 25, 26, 26, 26, 26, 26, 25, 25, 25, 25, 26, 24, 25, 25, 23, 26, 26, 26, 27, 27, 29, 25, 26, 22, 23, 22, 22, 23, 22, 22, 23, 22, 22, 22, 22, 22, 22, 22, 22, 23, 22, 22, 22, 22, 23, 25, 23, 22, 23, 25, 25, 27, 24, 23, 24, 24, 25, 26, 26, 23, 22, 22, 22, 20, 24, 23, 23, 25, 26, 27, 26, 27, 26, 24, 26, 24, 24, 24, 24, 25, 25, 28, 26, 28, 30], 1: [240, 242, 246, 246, 247, 251, 251, 251, 254, 257, 259, 264, 264, 264, 266, 267, 268, 269, 269, 273, 274, 275, 275, 275, 275, 279, 283, 283, 283, 287, 288, 289, 289, 290, 290, 291, 297, 298, 303, 303, 305, 305, 305, 307, 307, 307, 308, 308, 308, 308, 309, 310, 310, 310, 311, 312, 313, 313, 313, 314, 314, 318, 321, 321, 321, 321, 321, 326, 330, 331, 332, 333, 335, 337, 341, 343, 345, 346, 349, 349, 352, 352, 352, 352, 353, 356, 356, 361, 364, 365, 368, 369, 370, 371, 372, 374, 375, 379, 379, 379]}
65 {0: [29, 29, 25, 25, 29, 26, 27, 28, 27, 27, 25, 25, 26, 27, 25, 25, 26, 26, 26, 26, 26, 25, 25, 25, 25, 26, 24, 25, 25, 23, 26, 26, 26, 27, 27, 29, 25, 26, 22, 23, 22, 22, 23, 22, 22, 23, 22, 22, 22, 22, 22, 22, 22, 22, 23, 22, 22, 22, 22, 23, 25, 23, 22, 23, 25, 25, 27, 24, 23, 24, 24, 25, 26, 26, 23, 22, 22, 22, 20, 24, 23, 23, 25, 26, 27, 26, 27, 26, 24, 26, 24, 24, 24, 24, 25, 25, 28, 26, 28, 30], 1: [240, 242, 246, 246, 247, 251, 251, 251, 254, 257, 259, 264, 264, 264, 266, 267, 268, 269, 269, 273, 274, 275, 275, 275, 275, 279, 283, 283, 283, 287, 288, 289, 289, 290, 290, 291, 297, 298, 303, 303, 305, 305, 305, 307, 307, 307, 308, 308, 308, 308, 309, 310, 310, 310, 311, 312, 313, 313, 313, 314, 314, 318, 321, 321, 321, 321, 321, 326, 330, 331, 332, 333, 335, 337, 341, 343, 345, 346, 349, 349, 352, 352, 352, 352, 353, 356, 356, 361, 364, 365, 368, 369, 370, 371, 372, 374, 375, 379, 379, 379]}
312 {0: [29, 29, 25, 25, 29, 26, 27, 28, 27, 27, 25, 25, 26, 27, 25, 25, 26, 26, 26, 26, 26, 25, 25, 25, 25, 26, 24, 25, 25, 23, 26, 26, 26, 27, 27, 29, 25, 26, 22, 23, 22, 22, 23, 22, 22, 23, 22, 22, 22, 22, 22, 22, 22, 22, 23, 22, 22, 22, 22, 23, 25, 23, 22, 23, 25, 25, 27, 24, 23, 24, 24, 25, 26, 26, 23, 22, 22, 22, 20, 24, 23, 23, 25, 26, 27, 26, 27, 26, 24, 26, 24, 24, 24, 24, 25, 25, 28, 26, 28, 30], 1: [240, 242, 246, 246, 247, 251, 251, 251, 254, 257, 259, 264, 264, 264, 266, 267, 268, 269, 269, 273, 274, 275, 275, 275, 275, 279, 283, 283, 283, 287, 288, 289, 289, 290, 290, 291, 297, 298, 303, 303, 305, 305, 305, 307, 307, 307, 308, 308, 308, 308, 309, 310, 310, 310, 311, 312, 313, 313, 313, 314, 314, 318, 321, 321, 321, 321, 321, 326, 330, 331, 332, 333, 335, 337, 341, 343, 345, 346, 349, 349, 352, 352, 352, 352, 353, 356, 356, 361, 364, 365, 368, 369, 370, 371, 372, 374, 375, 379, 379, 379]}
803 {0: [29, 29, 25, 25, 29, 26, 27, 28, 27, 27, 25, 25, 26, 27, 25, 25, 26, 26, 26, 26, 26, 25, 25, 25, 25, 26, 24, 25, 25, 23, 26, 26, 26, 27, 27, 29, 25, 26, 22, 23, 22, 22, 23, 22, 22, 23, 22, 22, 22, 22, 22, 22, 22, 22, 23, 22, 22, 22, 22, 23, 25, 23, 22, 23, 25, 25, 27, 24, 23, 24, 24, 25, 26, 26, 23, 22, 22, 22, 20, 24, 23, 23, 25, 26, 27, 26, 27, 26, 24, 26, 24, 24, 24, 24, 25, 25, 28, 26, 28, 30], 1: [240, 242, 246, 246, 247, 251, 251, 251, 254, 257, 259, 264, 264, 264, 266, 267, 268, 269, 269, 273, 274, 275, 275, 275, 275, 279, 283, 283, 283, 287, 288, 289, 289, 290, 290, 291, 297, 298, 303, 303, 305, 305, 305, 307, 307, 307, 308, 308, 308, 308, 309, 310, 310, 310, 311, 312, 313, 313, 313, 314, 314, 318, 321, 321, 321, 321, 321, 326, 330, 331, 332, 333, 335, 337, 341, 343, 345, 346, 349, 349, 352, 352, 352, 352, 353, 356, 356, 361, 364, 365, 368, 369, 370, 371, 372, 374, 375, 379, 379, 379]}
560 {0: [29, 29, 25, 25, 29, 26, 27, 28, 27, 27, 25, 25, 26, 27, 25, 25, 26, 26, 26, 26, 26, 25, 25, 25, 25, 26, 24, 25, 25, 23, 26, 26, 26, 27, 27, 29, 25, 26, 22, 23, 22, 22, 23, 22, 22, 23, 22, 22, 22, 22, 22, 22, 22, 22, 23, 22, 22, 22, 22, 23, 25, 23, 22, 23, 25, 25, 27, 24, 23, 24, 24, 25, 26, 26, 23, 22, 22, 22, 20, 24, 23, 23, 25, 26, 27, 26, 27, 26, 24, 26, 24, 24, 24, 24, 25, 25, 28, 26, 28, 30], 1: [240, 242, 246, 246, 247, 251, 251, 251, 254, 257, 259, 264, 264, 264, 266, 267, 268, 269, 269, 273, 274, 275, 275, 275, 275, 279, 283, 283, 283, 287, 288, 289, 289, 290, 290, 291, 297, 298, 303, 303, 305, 305, 305, 307, 307, 307, 308, 308, 308, 308, 309, 310, 310, 310, 311, 312, 313, 313, 313, 314, 314, 318, 321, 321, 321, 321, 321, 326, 330, 331, 332, 333, 335, 337, 341, 343, 345, 346, 349, 349, 352, 352, 352, 352, 353, 356, 356, 361, 364, 365, 368, 369, 370, 371, 372, 374, 375, 379, 379, 379]}
66 {0: [29, 29, 25, 25, 29, 26, 27, 28, 27, 27, 25, 25, 26, 27, 25, 25, 26, 26, 26, 26, 26, 25, 25, 25, 25, 26, 24, 25, 25, 23, 26, 26, 26, 27, 27, 29, 25, 26, 22, 23, 22, 22, 23, 22, 22, 23, 22, 22, 22, 22, 22, 22, 22, 22, 23, 22, 22, 22, 22, 23, 25, 23, 22, 23, 25, 25, 27, 24, 23, 24, 24, 25, 26, 26, 23, 22, 22, 22, 20, 24, 23, 23, 25, 26, 27, 26, 27, 26, 24, 26, 24, 24, 24, 24, 25, 25, 28, 26, 28, 30], 1: [240, 242, 246, 246, 247, 251, 251, 251, 254, 257, 259, 264, 264, 264, 266, 267, 268, 269, 269, 273, 274, 275, 275, 275, 275, 279, 283, 283, 283, 287, 288, 289, 289, 290, 290, 291, 297, 298, 303, 303, 305, 305, 305, 307, 307, 307, 308, 308, 308, 308, 309, 310, 310, 310, 311, 312, 313, 313, 313, 314, 314, 318, 321, 321, 321, 321, 321, 326, 330, 331, 332, 333, 335, 337, 341, 343, 345, 346, 349, 349, 352, 352, 352, 352, 353, 356, 356, 361, 364, 365, 368, 369, 370, 371, 372, 374, 375, 379, 379, 379]}
313 {0: [28, 28, 28, 26, 26, 27, 27, 28, 30, 29, 30, 27, 28, 27, 28, 29, 27, 29, 28, 28, 27, 30, 29, 29, 29, 31, 31, 28, 29, 31, 28, 29, 28, 30, 28, 30, 27, 27, 29, 28, 29, 29, 29, 30, 28, 29, 28, 26, 26, 26, 30, 30, 27, 25, 25, 28, 27, 27, 27, 28, 27, 30, 29, 26, 26, 26, 27, 27, 29, 27, 28, 27, 27, 28, 29, 28, 29, 28, 30, 28, 29, 29, 28, 27, 23, 23, 25, 23, 24, 23, 22, 23, 23, 25, 25, 25, 29, 28, 29, 29], 1: [239, 241, 245, 250, 254, 255, 258, 258, 258, 261, 263, 268, 270, 273, 274, 275, 277, 278, 280, 283, 285, 286, 290, 293, 295, 296, 299, 303, 305, 307, 311, 313, 317, 318, 322, 324, 328, 328, 329, 330, 330, 331, 333, 337, 339, 339, 343, 345, 345, 346, 347, 350, 354, 358, 359, 359, 361, 362, 363, 363, 365, 367, 371, 376, 377, 377, 377, 380, 381, 385, 389, 391, 391, 391, 396, 399, 400, 402, 404, 407, 408, 408, 412, 414, 420, 420, 420, 422, 422, 423, 424, 424, 424, 424, 426, 426, 427, 429, 429, 430]}
804 {0: [29, 29, 25, 25, 29, 26, 27, 28, 27, 27, 25, 25, 26, 27, 25, 25, 26, 26, 26, 26, 26, 25, 25, 25, 25, 26, 24, 25, 25, 23, 26, 26, 26, 27, 27, 29, 25, 26, 22, 23, 22, 22, 23, 22, 22, 23, 22, 22, 22, 22, 22, 22, 22, 22, 23, 22, 22, 22, 22, 23, 25, 23, 22, 23, 25, 25, 27, 24, 23, 24, 24, 25, 26, 26, 23, 22, 22, 22, 20, 24, 23, 23, 25, 26, 27, 26, 27, 26, 24, 26, 24, 24, 24, 24, 25, 25, 28, 26, 28, 30], 1: [240, 242, 246, 246, 247, 251, 251, 251, 254, 257, 259, 264, 264, 264, 266, 267, 268, 269, 269, 273, 274, 275, 275, 275, 275, 279, 283, 283, 283, 287, 288, 289, 289, 290, 290, 291, 297, 298, 303, 303, 305, 305, 305, 307, 307, 307, 308, 308, 308, 308, 309, 310, 310, 310, 311, 312, 313, 313, 313, 314, 314, 318, 321, 321, 321, 321, 321, 326, 330, 331, 332, 333, 335, 337, 341, 343, 345, 346, 349, 349, 352, 352, 352, 352, 353, 356, 356, 361, 364, 365, 368, 369, 370, 371, 372, 374, 375, 379, 379, 379]}
561 {0: [29, 29, 25, 25, 29, 26, 27, 28, 27, 27, 25, 25, 26, 27, 25, 25, 26, 26, 26, 26, 26, 25, 25, 25, 25, 26, 24, 25, 25, 23, 26, 26, 26, 27, 27, 29, 25, 26, 22, 23, 22, 22, 23, 22, 22, 23, 22, 22, 22, 22, 22, 22, 22, 22, 23, 22, 22, 22, 22, 23, 25, 23, 22, 23, 25, 25, 27, 24, 23, 24, 24, 25, 26, 26, 23, 22, 22, 22, 20, 24, 23, 23, 25, 26, 27, 26, 27, 26, 24, 26, 24, 24, 24, 24, 25, 25, 28, 26, 28, 30], 1: [240, 242, 246, 246, 247, 251, 251, 251, 254, 257, 259, 264, 264, 264, 266, 267, 268, 269, 269, 273, 274, 275, 275, 275, 275, 279, 283, 283, 283, 287, 288, 289, 289, 290, 290, 291, 297, 298, 303, 303, 305, 305, 305, 307, 307, 307, 308, 308, 308, 308, 309, 310, 310, 310, 311, 312, 313, 313, 313, 314, 314, 318, 321, 321, 321, 321, 321, 326, 330, 331, 332, 333, 335, 337, 341, 343, 345, 346, 349, 349, 352, 352, 352, 352, 353, 356, 356, 361, 364, 365, 368, 369, 370, 371, 372, 374, 375, 379, 379, 379]}
67 {0: [29, 29, 25, 25, 29, 26, 27, 28, 27, 27, 25, 25, 26, 27, 25, 25, 26, 26, 26, 26, 26, 25, 25, 25, 25, 26, 24, 25, 25, 23, 26, 26, 26, 27, 27, 29, 25, 26, 22, 23, 22, 22, 23, 22, 22, 23, 22, 22, 22, 22, 22, 22, 22, 22, 23, 22, 22, 22, 22, 23, 25, 23, 22, 23, 25, 25, 27, 24, 23, 24, 24, 25, 26, 26, 23, 22, 22, 22, 20, 24, 23, 23, 25, 26, 27, 26, 27, 26, 24, 26, 24, 24, 24, 24, 25, 25, 28, 26, 28, 30], 1: [240, 242, 246, 246, 247, 251, 251, 251, 254, 257, 259, 264, 264, 264, 266, 267, 268, 269, 269, 273, 274, 275, 275, 275, 275, 279, 283, 283, 283, 287, 288, 289, 289, 290, 290, 291, 297, 298, 303, 303, 305, 305, 305, 307, 307, 307, 308, 308, 308, 308, 309, 310, 310, 310, 311, 312, 313, 313, 313, 314, 314, 318, 321, 321, 321, 321, 321, 326, 330, 331, 332, 333, 335, 337, 341, 343, 345, 346, 349, 349, 352, 352, 352, 352, 353, 356, 356, 361, 364, 365, 368, 369, 370, 371, 372, 374, 375, 379, 379, 379]}
314 {0: [29, 29, 25, 25, 29, 26, 27, 28, 27, 27, 25, 25, 26, 27, 25, 25, 26, 26, 26, 26, 26, 25, 25, 25, 25, 26, 24, 25, 25, 23, 26, 26, 26, 27, 27, 29, 25, 26, 22, 23, 22, 22, 23, 22, 22, 23, 22, 22, 22, 22, 22, 22, 22, 22, 23, 22, 22, 22, 22, 23, 25, 23, 22, 23, 25, 25, 27, 24, 23, 24, 24, 25, 26, 26, 23, 22, 22, 22, 20, 24, 23, 23, 25, 26, 27, 26, 27, 26, 24, 26, 24, 24, 24, 24, 25, 25, 28, 26, 28, 30], 1: [240, 242, 246, 246, 247, 251, 251, 251, 254, 257, 259, 264, 264, 264, 266, 267, 268, 269, 269, 273, 274, 275, 275, 275, 275, 279, 283, 283, 283, 287, 288, 289, 289, 290, 290, 291, 297, 298, 303, 303, 305, 305, 305, 307, 307, 307, 308, 308, 308, 308, 309, 310, 310, 310, 311, 312, 313, 313, 313, 314, 314, 318, 321, 321, 321, 321, 321, 326, 330, 331, 332, 333, 335, 337, 341, 343, 345, 346, 349, 349, 352, 352, 352, 352, 353, 356, 356, 361, 364, 365, 368, 369, 370, 371, 372, 374, 375, 379, 379, 379]}
805 {0: [29, 29, 25, 25, 29, 26, 27, 28, 27, 27, 25, 25, 26, 27, 25, 25, 26, 26, 26, 26, 26, 25, 25, 25, 25, 26, 24, 25, 25, 23, 26, 26, 26, 27, 27, 29, 25, 26, 22, 23, 22, 22, 23, 22, 22, 23, 22, 22, 22, 22, 22, 22, 22, 22, 23, 22, 22, 22, 22, 23, 25, 23, 22, 23, 25, 25, 27, 24, 23, 24, 24, 25, 26, 26, 23, 22, 22, 22, 20, 24, 23, 23, 25, 26, 27, 26, 27, 26, 24, 26, 24, 24, 24, 24, 25, 25, 28, 26, 28, 30], 1: [240, 242, 246, 246, 247, 251, 251, 251, 254, 257, 259, 264, 264, 264, 266, 267, 268, 269, 269, 273, 274, 275, 275, 275, 275, 279, 283, 283, 283, 287, 288, 289, 289, 290, 290, 291, 297, 298, 303, 303, 305, 305, 305, 307, 307, 307, 308, 308, 308, 308, 309, 310, 310, 310, 311, 312, 313, 313, 313, 314, 314, 318, 321, 321, 321, 321, 321, 326, 330, 331, 332, 333, 335, 337, 341, 343, 345, 346, 349, 349, 352, 352, 352, 352, 353, 356, 356, 361, 364, 365, 368, 369, 370, 371, 372, 374, 375, 379, 379, 379]}
562 {0: [27, 27, 25, 25, 24, 23, 23, 24, 24, 24, 24, 26, 25, 27, 25, 26, 25, 26, 27, 29, 24, 25, 26, 26, 24, 28, 28, 28, 29, 30, 29, 28, 28, 30, 28, 27, 27, 25, 24, 25, 26, 25, 27, 26, 26, 26, 26, 28, 28, 26, 25, 26, 27, 27, 28, 27, 27, 26, 26, 28, 26, 25, 25, 26, 25, 27, 28, 28, 29, 27, 28, 28, 29, 26, 26, 27, 27, 30, 29, 29, 26, 26, 27, 24, 25, 24, 26, 24, 26, 28, 29, 27, 28, 28, 28, 27, 28, 30, 29, 29], 1: [239, 243, 246, 248, 250, 251, 252, 252, 252, 252, 252, 253, 256, 257, 260, 261, 263, 263, 263, 265, 271, 271, 275, 277, 280, 280, 284, 285, 288, 289, 292, 293, 293, 293, 298, 299, 300, 304, 307, 308, 309, 310, 310, 311, 313, 314, 315, 318, 321, 324, 327, 327, 327, 328, 328, 329, 329, 331, 331, 332, 336, 338, 338, 338, 340, 340, 342, 344, 345, 349, 349, 350, 351, 356, 359, 359, 362, 363, 366, 369, 373, 374, 375, 381, 382, 385, 387, 390, 392, 393, 396, 398, 399, 401, 405, 407, 408, 409, 411, 414]}
68 {0: [29, 29, 25, 25, 29, 26, 27, 28, 27, 27, 25, 25, 26, 27, 25, 25, 26, 26, 26, 26, 26, 25, 25, 25, 25, 26, 24, 25, 25, 23, 26, 26, 26, 27, 27, 29, 25, 26, 22, 23, 22, 22, 23, 22, 22, 23, 22, 22, 22, 22, 22, 22, 22, 22, 23, 22, 22, 22, 22, 23, 25, 23, 22, 23, 25, 25, 27, 24, 23, 24, 24, 25, 26, 26, 23, 22, 22, 22, 20, 24, 23, 23, 25, 26, 27, 26, 27, 26, 24, 26, 24, 24, 24, 24, 25, 25, 28, 26, 28, 30], 1: [240, 242, 246, 246, 247, 251, 251, 251, 254, 257, 259, 264, 264, 264, 266, 267, 268, 269, 269, 273, 274, 275, 275, 275, 275, 279, 283, 283, 283, 287, 288, 289, 289, 290, 290, 291, 297, 298, 303, 303, 305, 305, 305, 307, 307, 307, 308, 308, 308, 308, 309, 310, 310, 310, 311, 312, 313, 313, 313, 314, 314, 318, 321, 321, 321, 321, 321, 326, 330, 331, 332, 333, 335, 337, 341, 343, 345, 346, 349, 349, 352, 352, 352, 352, 353, 356, 356, 361, 364, 365, 368, 369, 370, 371, 372, 374, 375, 379, 379, 379]}
315 {0: [29, 29, 25, 25, 29, 26, 27, 28, 27, 27, 25, 25, 26, 27, 25, 25, 26, 26, 26, 26, 26, 25, 25, 25, 25, 26, 24, 25, 25, 23, 26, 26, 26, 27, 27, 29, 25, 26, 22, 23, 22, 22, 23, 22, 22, 23, 22, 22, 22, 22, 22, 22, 22, 22, 23, 22, 22, 22, 22, 23, 25, 23, 22, 23, 25, 25, 27, 24, 23, 24, 24, 25, 26, 26, 23, 22, 22, 22, 20, 24, 23, 23, 25, 26, 27, 26, 27, 26, 24, 26, 24, 24, 24, 24, 25, 25, 28, 26, 28, 30], 1: [240, 242, 246, 246, 247, 251, 251, 251, 254, 257, 259, 264, 264, 264, 266, 267, 268, 269, 269, 273, 274, 275, 275, 275, 275, 279, 283, 283, 283, 287, 288, 289, 289, 290, 290, 291, 297, 298, 303, 303, 305, 305, 305, 307, 307, 307, 308, 308, 308, 308, 309, 310, 310, 310, 311, 312, 313, 313, 313, 314, 314, 318, 321, 321, 321, 321, 321, 326, 330, 331, 332, 333, 335, 337, 341, 343, 345, 346, 349, 349, 352, 352, 352, 352, 353, 356, 356, 361, 364, 365, 368, 369, 370, 371, 372, 374, 375, 379, 379, 379]}
806 {0: [29, 31, 28, 28, 24, 26, 26, 26, 26, 26, 27, 28, 27, 28, 27, 28, 28, 30, 28, 28, 29, 27, 27, 26, 29, 25, 26, 28, 29, 28, 28, 28, 28, 27, 27, 27, 25, 26, 28, 28, 28, 25, 26, 27, 26, 27, 28, 25, 25, 25, 26, 26, 26, 25, 23, 23, 24, 24, 24, 23, 24, 24, 26, 24, 24, 24, 23, 24, 27, 27, 26, 26, 26, 25, 23, 24, 22, 22, 25, 25, 25, 24, 24, 24, 24, 24, 24, 24, 24, 27, 22, 22, 24, 24, 24, 23, 22, 21, 23, 22], 1: [239, 242, 247, 250, 255, 255, 257, 258, 259, 261, 262, 263, 264, 264, 267, 268, 270, 271, 276, 278, 281, 285, 287, 290, 291, 296, 297, 299, 300, 304, 307, 309, 309, 311, 311, 312, 315, 315, 315, 316, 318, 321, 324, 327, 330, 330, 333, 336, 341, 341, 343, 345, 348, 352, 354, 354, 357, 358, 360, 362, 362, 365, 365, 369, 370, 370, 373, 373, 374, 375, 378, 378, 378, 381, 384, 384, 387, 387, 387, 388, 390, 392, 392, 392, 392, 392, 392, 392, 392, 394, 400, 400, 400, 400, 402, 407, 408, 409, 409, 412]}
563 {0: [29, 29, 25, 25, 29, 26, 27, 28, 27, 27, 25, 25, 26, 27, 25, 25, 26, 26, 26, 26, 26, 25, 25, 25, 25, 26, 24, 25, 25, 23, 26, 26, 26, 27, 27, 29, 25, 26, 22, 23, 22, 22, 23, 22, 22, 23, 22, 22, 22, 22, 22, 22, 22, 22, 23, 22, 22, 22, 22, 23, 25, 23, 22, 23, 25, 25, 27, 24, 23, 24, 24, 25, 26, 26, 23, 22, 22, 22, 20, 24, 23, 23, 25, 26, 27, 26, 27, 26, 24, 26, 24, 24, 24, 24, 25, 25, 28, 26, 28, 30], 1: [240, 242, 246, 246, 247, 251, 251, 251, 254, 257, 259, 264, 264, 264, 266, 267, 268, 269, 269, 273, 274, 275, 275, 275, 275, 279, 283, 283, 283, 287, 288, 289, 289, 290, 290, 291, 297, 298, 303, 303, 305, 305, 305, 307, 307, 307, 308, 308, 308, 308, 309, 310, 310, 310, 311, 312, 313, 313, 313, 314, 314, 318, 321, 321, 321, 321, 321, 326, 330, 331, 332, 333, 335, 337, 341, 343, 345, 346, 349, 349, 352, 352, 352, 352, 353, 356, 356, 361, 364, 365, 368, 369, 370, 371, 372, 374, 375, 379, 379, 379]}
69 {0: [28, 27, 25, 25, 26, 24, 24, 25, 22, 23, 26, 24, 23, 24, 24, 25, 25, 26, 28, 26, 22, 23, 24, 24, 26, 25, 26, 26, 27, 28, 27, 25, 26, 25, 24, 26, 26, 26, 28, 26, 26, 29, 27, 26, 26, 27, 26, 25, 26, 25, 26, 26, 26, 27, 23, 24, 24, 24, 23, 26, 25, 26, 25, 27, 25, 23, 23, 24, 23, 24, 24, 26, 24, 24, 26, 25, 24, 24, 27, 26, 27, 28, 27, 25, 27, 27, 27, 27, 26, 28, 29, 28, 27, 27, 29, 27, 28, 27, 27, 27], 1: [240, 242, 246, 249, 249, 253, 253, 255, 258, 258, 258, 261, 263, 264, 265, 265, 265, 266, 268, 272, 277, 277, 280, 281, 281, 283, 284, 285, 286, 288, 294, 297, 298, 299, 301, 302, 306, 308, 308, 311, 311, 311, 313, 315, 318, 318, 319, 322, 322, 323, 323, 325, 326, 327, 333, 334, 335, 335, 337, 337, 338, 341, 343, 346, 350, 355, 355, 356, 357, 357, 357, 358, 361, 363, 364, 366, 370, 370, 370, 372, 373, 376, 379, 383, 383, 384, 384, 386, 387, 387, 389, 392, 393, 395, 396, 399, 400, 402, 402, 402]}
316 {0: [28, 27, 25, 25, 26, 24, 24, 25, 22, 23, 26, 24, 23, 24, 24, 25, 25, 26, 28, 26, 22, 23, 24, 24, 26, 25, 26, 26, 27, 28, 27, 25, 26, 25, 24, 26, 26, 26, 28, 26, 26, 29, 27, 26, 26, 27, 26, 25, 26, 25, 26, 26, 26, 27, 23, 24, 24, 24, 23, 26, 25, 26, 25, 27, 25, 23, 23, 24, 23, 24, 24, 26, 24, 24, 26, 25, 24, 24, 27, 26, 27, 28, 27, 25, 27, 27, 27, 27, 26, 28, 29, 28, 27, 27, 29, 27, 28, 27, 27, 27], 1: [240, 242, 246, 249, 249, 253, 253, 255, 258, 258, 258, 261, 263, 264, 265, 265, 265, 266, 268, 272, 277, 277, 280, 281, 281, 283, 284, 285, 286, 288, 294, 297, 298, 299, 301, 302, 306, 308, 308, 311, 311, 311, 313, 315, 318, 318, 319, 322, 322, 323, 323, 325, 326, 327, 333, 334, 335, 335, 337, 337, 338, 341, 343, 346, 350, 355, 355, 356, 357, 357, 357, 358, 361, 363, 364, 366, 370, 370, 370, 372, 373, 376, 379, 383, 383, 384, 384, 386, 387, 387, 389, 392, 393, 395, 396, 399, 400, 402, 402, 402]}
807 {0: [29, 29, 25, 25, 29, 26, 27, 28, 27, 27, 25, 25, 26, 27, 25, 25, 26, 26, 26, 26, 26, 25, 25, 25, 25, 26, 24, 25, 25, 23, 26, 26, 26, 27, 27, 29, 25, 26, 22, 23, 22, 22, 23, 22, 22, 23, 22, 22, 22, 22, 22, 22, 22, 22, 23, 22, 22, 22, 22, 23, 25, 23, 22, 23, 25, 25, 27, 24, 23, 24, 24, 25, 26, 26, 23, 22, 22, 22, 20, 24, 23, 23, 25, 26, 27, 26, 27, 26, 24, 26, 24, 24, 24, 24, 25, 25, 28, 26, 28, 30], 1: [240, 242, 246, 246, 247, 251, 251, 251, 254, 257, 259, 264, 264, 264, 266, 267, 268, 269, 269, 273, 274, 275, 275, 275, 275, 279, 283, 283, 283, 287, 288, 289, 289, 290, 290, 291, 297, 298, 303, 303, 305, 305, 305, 307, 307, 307, 308, 308, 308, 308, 309, 310, 310, 310, 311, 312, 313, 313, 313, 314, 314, 318, 321, 321, 321, 321, 321, 326, 330, 331, 332, 333, 335, 337, 341, 343, 345, 346, 349, 349, 352, 352, 352, 352, 353, 356, 356, 361, 364, 365, 368, 369, 370, 371, 372, 374, 375, 379, 379, 379]}
564 {0: [29, 29, 25, 25, 29, 26, 27, 28, 27, 27, 25, 25, 26, 27, 25, 25, 26, 26, 26, 26, 26, 25, 25, 25, 25, 26, 24, 25, 25, 23, 26, 26, 26, 27, 27, 29, 25, 26, 22, 23, 22, 22, 23, 22, 22, 23, 22, 22, 22, 22, 22, 22, 22, 22, 23, 22, 22, 22, 22, 23, 25, 23, 22, 23, 25, 25, 27, 24, 23, 24, 24, 25, 26, 26, 23, 22, 22, 22, 20, 24, 23, 23, 25, 26, 27, 26, 27, 26, 24, 26, 24, 24, 24, 24, 25, 25, 28, 26, 28, 30], 1: [240, 242, 246, 246, 247, 251, 251, 251, 254, 257, 259, 264, 264, 264, 266, 267, 268, 269, 269, 273, 274, 275, 275, 275, 275, 279, 283, 283, 283, 287, 288, 289, 289, 290, 290, 291, 297, 298, 303, 303, 305, 305, 305, 307, 307, 307, 308, 308, 308, 308, 309, 310, 310, 310, 311, 312, 313, 313, 313, 314, 314, 318, 321, 321, 321, 321, 321, 326, 330, 331, 332, 333, 335, 337, 341, 343, 345, 346, 349, 349, 352, 352, 352, 352, 353, 356, 356, 361, 364, 365, 368, 369, 370, 371, 372, 374, 375, 379, 379, 379]}
70 {0: [29, 29, 25, 25, 29, 26, 27, 28, 27, 27, 25, 25, 26, 27, 25, 25, 26, 26, 26, 26, 26, 25, 25, 25, 25, 26, 24, 25, 25, 23, 26, 26, 26, 27, 27, 29, 25, 26, 22, 23, 22, 22, 23, 22, 22, 23, 22, 22, 22, 22, 22, 22, 22, 22, 23, 22, 22, 22, 22, 23, 25, 23, 22, 23, 25, 25, 27, 24, 23, 24, 24, 25, 26, 26, 23, 22, 22, 22, 20, 24, 23, 23, 25, 26, 27, 26, 27, 26, 24, 26, 24, 24, 24, 24, 25, 25, 28, 26, 28, 30], 1: [240, 242, 246, 246, 247, 251, 251, 251, 254, 257, 259, 264, 264, 264, 266, 267, 268, 269, 269, 273, 274, 275, 275, 275, 275, 279, 283, 283, 283, 287, 288, 289, 289, 290, 290, 291, 297, 298, 303, 303, 305, 305, 305, 307, 307, 307, 308, 308, 308, 308, 309, 310, 310, 310, 311, 312, 313, 313, 313, 314, 314, 318, 321, 321, 321, 321, 321, 326, 330, 331, 332, 333, 335, 337, 341, 343, 345, 346, 349, 349, 352, 352, 352, 352, 353, 356, 356, 361, 364, 365, 368, 369, 370, 371, 372, 374, 375, 379, 379, 379]}
317 {0: [29, 29, 25, 25, 29, 26, 27, 28, 27, 27, 25, 25, 26, 27, 25, 25, 26, 26, 26, 26, 26, 25, 25, 25, 25, 26, 24, 25, 25, 23, 26, 26, 26, 27, 27, 29, 25, 26, 22, 23, 22, 22, 23, 22, 22, 23, 22, 22, 22, 22, 22, 22, 22, 22, 23, 22, 22, 22, 22, 23, 25, 23, 22, 23, 25, 25, 27, 24, 23, 24, 24, 25, 26, 26, 23, 22, 22, 22, 20, 24, 23, 23, 25, 26, 27, 26, 27, 26, 24, 26, 24, 24, 24, 24, 25, 25, 28, 26, 28, 30], 1: [240, 242, 246, 246, 247, 251, 251, 251, 254, 257, 259, 264, 264, 264, 266, 267, 268, 269, 269, 273, 274, 275, 275, 275, 275, 279, 283, 283, 283, 287, 288, 289, 289, 290, 290, 291, 297, 298, 303, 303, 305, 305, 305, 307, 307, 307, 308, 308, 308, 308, 309, 310, 310, 310, 311, 312, 313, 313, 313, 314, 314, 318, 321, 321, 321, 321, 321, 326, 330, 331, 332, 333, 335, 337, 341, 343, 345, 346, 349, 349, 352, 352, 352, 352, 353, 356, 356, 361, 364, 365, 368, 369, 370, 371, 372, 374, 375, 379, 379, 379]}
808 {0: [29, 29, 25, 25, 29, 26, 27, 28, 27, 27, 25, 25, 26, 27, 25, 25, 26, 26, 26, 26, 26, 25, 25, 25, 25, 26, 24, 25, 25, 23, 26, 26, 26, 27, 27, 29, 25, 26, 22, 23, 22, 22, 23, 22, 22, 23, 22, 22, 22, 22, 22, 22, 22, 22, 23, 22, 22, 22, 22, 23, 25, 23, 22, 23, 25, 25, 27, 24, 23, 24, 24, 25, 26, 26, 23, 22, 22, 22, 20, 24, 23, 23, 25, 26, 27, 26, 27, 26, 24, 26, 24, 24, 24, 24, 25, 25, 28, 26, 28, 30], 1: [240, 242, 246, 246, 247, 251, 251, 251, 254, 257, 259, 264, 264, 264, 266, 267, 268, 269, 269, 273, 274, 275, 275, 275, 275, 279, 283, 283, 283, 287, 288, 289, 289, 290, 290, 291, 297, 298, 303, 303, 305, 305, 305, 307, 307, 307, 308, 308, 308, 308, 309, 310, 310, 310, 311, 312, 313, 313, 313, 314, 314, 318, 321, 321, 321, 321, 321, 326, 330, 331, 332, 333, 335, 337, 341, 343, 345, 346, 349, 349, 352, 352, 352, 352, 353, 356, 356, 361, 364, 365, 368, 369, 370, 371, 372, 374, 375, 379, 379, 379]}
565 {0: [28, 27, 25, 25, 26, 24, 24, 25, 22, 23, 26, 24, 23, 24, 24, 25, 25, 26, 28, 26, 22, 23, 24, 24, 26, 25, 26, 26, 27, 28, 27, 25, 26, 25, 24, 26, 26, 26, 28, 26, 26, 29, 27, 26, 26, 27, 26, 25, 26, 25, 26, 26, 26, 27, 23, 24, 24, 24, 23, 26, 25, 26, 25, 27, 25, 23, 23, 24, 23, 24, 24, 26, 24, 24, 26, 25, 24, 24, 27, 26, 27, 28, 27, 25, 27, 27, 27, 27, 26, 28, 29, 28, 27, 27, 29, 27, 28, 27, 27, 27], 1: [240, 242, 246, 249, 249, 253, 253, 255, 258, 258, 258, 261, 263, 264, 265, 265, 265, 266, 268, 272, 277, 277, 280, 281, 281, 283, 284, 285, 286, 288, 294, 297, 298, 299, 301, 302, 306, 308, 308, 311, 311, 311, 313, 315, 318, 318, 319, 322, 322, 323, 323, 325, 326, 327, 333, 334, 335, 335, 337, 337, 338, 341, 343, 346, 350, 355, 355, 356, 357, 357, 357, 358, 361, 363, 364, 366, 370, 370, 370, 372, 373, 376, 379, 383, 383, 384, 384, 386, 387, 387, 389, 392, 393, 395, 396, 399, 400, 402, 402, 402]}
71 {0: [29, 29, 25, 25, 29, 26, 27, 28, 27, 27, 25, 25, 26, 27, 25, 25, 26, 26, 26, 26, 26, 25, 25, 25, 25, 26, 24, 25, 25, 23, 26, 26, 26, 27, 27, 29, 25, 26, 22, 23, 22, 22, 23, 22, 22, 23, 22, 22, 22, 22, 22, 22, 22, 22, 23, 22, 22, 22, 22, 23, 25, 23, 22, 23, 25, 25, 27, 24, 23, 24, 24, 25, 26, 26, 23, 22, 22, 22, 20, 24, 23, 23, 25, 26, 27, 26, 27, 26, 24, 26, 24, 24, 24, 24, 25, 25, 28, 26, 28, 30], 1: [240, 242, 246, 246, 247, 251, 251, 251, 254, 257, 259, 264, 264, 264, 266, 267, 268, 269, 269, 273, 274, 275, 275, 275, 275, 279, 283, 283, 283, 287, 288, 289, 289, 290, 290, 291, 297, 298, 303, 303, 305, 305, 305, 307, 307, 307, 308, 308, 308, 308, 309, 310, 310, 310, 311, 312, 313, 313, 313, 314, 314, 318, 321, 321, 321, 321, 321, 326, 330, 331, 332, 333, 335, 337, 341, 343, 345, 346, 349, 349, 352, 352, 352, 352, 353, 356, 356, 361, 364, 365, 368, 369, 370, 371, 372, 374, 375, 379, 379, 379]}
318 {0: [29, 29, 25, 25, 29, 26, 27, 28, 27, 27, 25, 25, 26, 27, 25, 25, 26, 26, 26, 26, 26, 25, 25, 25, 25, 26, 24, 25, 25, 23, 26, 26, 26, 27, 27, 29, 25, 26, 22, 23, 22, 22, 23, 22, 22, 23, 22, 22, 22, 22, 22, 22, 22, 22, 23, 22, 22, 22, 22, 23, 25, 23, 22, 23, 25, 25, 27, 24, 23, 24, 24, 25, 26, 26, 23, 22, 22, 22, 20, 24, 23, 23, 25, 26, 27, 26, 27, 26, 24, 26, 24, 24, 24, 24, 25, 25, 28, 26, 28, 30], 1: [240, 242, 246, 246, 247, 251, 251, 251, 254, 257, 259, 264, 264, 264, 266, 267, 268, 269, 269, 273, 274, 275, 275, 275, 275, 279, 283, 283, 283, 287, 288, 289, 289, 290, 290, 291, 297, 298, 303, 303, 305, 305, 305, 307, 307, 307, 308, 308, 308, 308, 309, 310, 310, 310, 311, 312, 313, 313, 313, 314, 314, 318, 321, 321, 321, 321, 321, 326, 330, 331, 332, 333, 335, 337, 341, 343, 345, 346, 349, 349, 352, 352, 352, 352, 353, 356, 356, 361, 364, 365, 368, 369, 370, 371, 372, 374, 375, 379, 379, 379]}
809 {0: [29, 29, 25, 25, 29, 26, 27, 28, 27, 27, 25, 25, 26, 27, 25, 25, 26, 26, 26, 26, 26, 25, 25, 25, 25, 26, 24, 25, 25, 23, 26, 26, 26, 27, 27, 29, 25, 26, 22, 23, 22, 22, 23, 22, 22, 23, 22, 22, 22, 22, 22, 22, 22, 22, 23, 22, 22, 22, 22, 23, 25, 23, 22, 23, 25, 25, 27, 24, 23, 24, 24, 25, 26, 26, 23, 22, 22, 22, 20, 24, 23, 23, 25, 26, 27, 26, 27, 26, 24, 26, 24, 24, 24, 24, 25, 25, 28, 26, 28, 30], 1: [240, 242, 246, 246, 247, 251, 251, 251, 254, 257, 259, 264, 264, 264, 266, 267, 268, 269, 269, 273, 274, 275, 275, 275, 275, 279, 283, 283, 283, 287, 288, 289, 289, 290, 290, 291, 297, 298, 303, 303, 305, 305, 305, 307, 307, 307, 308, 308, 308, 308, 309, 310, 310, 310, 311, 312, 313, 313, 313, 314, 314, 318, 321, 321, 321, 321, 321, 326, 330, 331, 332, 333, 335, 337, 341, 343, 345, 346, 349, 349, 352, 352, 352, 352, 353, 356, 356, 361, 364, 365, 368, 369, 370, 371, 372, 374, 375, 379, 379, 379]}
566 {0: [29, 29, 25, 25, 29, 26, 27, 28, 27, 27, 25, 25, 26, 27, 25, 25, 26, 26, 26, 26, 26, 25, 25, 25, 25, 26, 24, 25, 25, 23, 26, 26, 26, 27, 27, 29, 25, 26, 22, 23, 22, 22, 23, 22, 22, 23, 22, 22, 22, 22, 22, 22, 22, 22, 23, 22, 22, 22, 22, 23, 25, 23, 22, 23, 25, 25, 27, 24, 23, 24, 24, 25, 26, 26, 23, 22, 22, 22, 20, 24, 23, 23, 25, 26, 27, 26, 27, 26, 24, 26, 24, 24, 24, 24, 25, 25, 28, 26, 28, 30], 1: [240, 242, 246, 246, 247, 251, 251, 251, 254, 257, 259, 264, 264, 264, 266, 267, 268, 269, 269, 273, 274, 275, 275, 275, 275, 279, 283, 283, 283, 287, 288, 289, 289, 290, 290, 291, 297, 298, 303, 303, 305, 305, 305, 307, 307, 307, 308, 308, 308, 308, 309, 310, 310, 310, 311, 312, 313, 313, 313, 314, 314, 318, 321, 321, 321, 321, 321, 326, 330, 331, 332, 333, 335, 337, 341, 343, 345, 346, 349, 349, 352, 352, 352, 352, 353, 356, 356, 361, 364, 365, 368, 369, 370, 371, 372, 374, 375, 379, 379, 379]}
72 {0: [29, 29, 25, 25, 29, 26, 27, 28, 27, 27, 25, 25, 26, 27, 25, 25, 26, 26, 26, 26, 26, 25, 25, 25, 25, 26, 24, 25, 25, 23, 26, 26, 26, 27, 27, 29, 25, 26, 22, 23, 22, 22, 23, 22, 22, 23, 22, 22, 22, 22, 22, 22, 22, 22, 23, 22, 22, 22, 22, 23, 25, 23, 22, 23, 25, 25, 27, 24, 23, 24, 24, 25, 26, 26, 23, 22, 22, 22, 20, 24, 23, 23, 25, 26, 27, 26, 27, 26, 24, 26, 24, 24, 24, 24, 25, 25, 28, 26, 28, 30], 1: [240, 242, 246, 246, 247, 251, 251, 251, 254, 257, 259, 264, 264, 264, 266, 267, 268, 269, 269, 273, 274, 275, 275, 275, 275, 279, 283, 283, 283, 287, 288, 289, 289, 290, 290, 291, 297, 298, 303, 303, 305, 305, 305, 307, 307, 307, 308, 308, 308, 308, 309, 310, 310, 310, 311, 312, 313, 313, 313, 314, 314, 318, 321, 321, 321, 321, 321, 326, 330, 331, 332, 333, 335, 337, 341, 343, 345, 346, 349, 349, 352, 352, 352, 352, 353, 356, 356, 361, 364, 365, 368, 369, 370, 371, 372, 374, 375, 379, 379, 379]}
319 {0: [29, 29, 25, 25, 29, 26, 27, 28, 27, 27, 25, 25, 26, 27, 25, 25, 26, 26, 26, 26, 26, 25, 25, 25, 25, 26, 24, 25, 25, 23, 26, 26, 26, 27, 27, 29, 25, 26, 22, 23, 22, 22, 23, 22, 22, 23, 22, 22, 22, 22, 22, 22, 22, 22, 23, 22, 22, 22, 22, 23, 25, 23, 22, 23, 25, 25, 27, 24, 23, 24, 24, 25, 26, 26, 23, 22, 22, 22, 20, 24, 23, 23, 25, 26, 27, 26, 27, 26, 24, 26, 24, 24, 24, 24, 25, 25, 28, 26, 28, 30], 1: [240, 242, 246, 246, 247, 251, 251, 251, 254, 257, 259, 264, 264, 264, 266, 267, 268, 269, 269, 273, 274, 275, 275, 275, 275, 279, 283, 283, 283, 287, 288, 289, 289, 290, 290, 291, 297, 298, 303, 303, 305, 305, 305, 307, 307, 307, 308, 308, 308, 308, 309, 310, 310, 310, 311, 312, 313, 313, 313, 314, 314, 318, 321, 321, 321, 321, 321, 326, 330, 331, 332, 333, 335, 337, 341, 343, 345, 346, 349, 349, 352, 352, 352, 352, 353, 356, 356, 361, 364, 365, 368, 369, 370, 371, 372, 374, 375, 379, 379, 379]}
810 {0: [29, 29, 25, 25, 29, 26, 27, 28, 27, 27, 25, 25, 26, 27, 25, 25, 26, 26, 26, 26, 26, 25, 25, 25, 25, 26, 24, 25, 25, 23, 26, 26, 26, 27, 27, 29, 25, 26, 22, 23, 22, 22, 23, 22, 22, 23, 22, 22, 22, 22, 22, 22, 22, 22, 23, 22, 22, 22, 22, 23, 25, 23, 22, 23, 25, 25, 27, 24, 23, 24, 24, 25, 26, 26, 23, 22, 22, 22, 20, 24, 23, 23, 25, 26, 27, 26, 27, 26, 24, 26, 24, 24, 24, 24, 25, 25, 28, 26, 28, 30], 1: [240, 242, 246, 246, 247, 251, 251, 251, 254, 257, 259, 264, 264, 264, 266, 267, 268, 269, 269, 273, 274, 275, 275, 275, 275, 279, 283, 283, 283, 287, 288, 289, 289, 290, 290, 291, 297, 298, 303, 303, 305, 305, 305, 307, 307, 307, 308, 308, 308, 308, 309, 310, 310, 310, 311, 312, 313, 313, 313, 314, 314, 318, 321, 321, 321, 321, 321, 326, 330, 331, 332, 333, 335, 337, 341, 343, 345, 346, 349, 349, 352, 352, 352, 352, 353, 356, 356, 361, 364, 365, 368, 369, 370, 371, 372, 374, 375, 379, 379, 379]}
567 {0: [29, 29, 25, 25, 29, 26, 27, 28, 27, 27, 25, 25, 26, 27, 25, 25, 26, 26, 26, 26, 26, 25, 25, 25, 25, 26, 24, 25, 25, 23, 26, 26, 26, 27, 27, 29, 25, 26, 22, 23, 22, 22, 23, 22, 22, 23, 22, 22, 22, 22, 22, 22, 22, 22, 23, 22, 22, 22, 22, 23, 25, 23, 22, 23, 25, 25, 27, 24, 23, 24, 24, 25, 26, 26, 23, 22, 22, 22, 20, 24, 23, 23, 25, 26, 27, 26, 27, 26, 24, 26, 24, 24, 24, 24, 25, 25, 28, 26, 28, 30], 1: [240, 242, 246, 246, 247, 251, 251, 251, 254, 257, 259, 264, 264, 264, 266, 267, 268, 269, 269, 273, 274, 275, 275, 275, 275, 279, 283, 283, 283, 287, 288, 289, 289, 290, 290, 291, 297, 298, 303, 303, 305, 305, 305, 307, 307, 307, 308, 308, 308, 308, 309, 310, 310, 310, 311, 312, 313, 313, 313, 314, 314, 318, 321, 321, 321, 321, 321, 326, 330, 331, 332, 333, 335, 337, 341, 343, 345, 346, 349, 349, 352, 352, 352, 352, 353, 356, 356, 361, 364, 365, 368, 369, 370, 371, 372, 374, 375, 379, 379, 379]}
73 {0: [29, 29, 25, 25, 29, 26, 27, 28, 27, 27, 25, 25, 26, 27, 25, 25, 26, 26, 26, 26, 26, 25, 25, 25, 25, 26, 24, 25, 25, 23, 26, 26, 26, 27, 27, 29, 25, 26, 22, 23, 22, 22, 23, 22, 22, 23, 22, 22, 22, 22, 22, 22, 22, 22, 23, 22, 22, 22, 22, 23, 25, 23, 22, 23, 25, 25, 27, 24, 23, 24, 24, 25, 26, 26, 23, 22, 22, 22, 20, 24, 23, 23, 25, 26, 27, 26, 27, 26, 24, 26, 24, 24, 24, 24, 25, 25, 28, 26, 28, 30], 1: [240, 242, 246, 246, 247, 251, 251, 251, 254, 257, 259, 264, 264, 264, 266, 267, 268, 269, 269, 273, 274, 275, 275, 275, 275, 279, 283, 283, 283, 287, 288, 289, 289, 290, 290, 291, 297, 298, 303, 303, 305, 305, 305, 307, 307, 307, 308, 308, 308, 308, 309, 310, 310, 310, 311, 312, 313, 313, 313, 314, 314, 318, 321, 321, 321, 321, 321, 326, 330, 331, 332, 333, 335, 337, 341, 343, 345, 346, 349, 349, 352, 352, 352, 352, 353, 356, 356, 361, 364, 365, 368, 369, 370, 371, 372, 374, 375, 379, 379, 379]}
320 {0: [29, 29, 25, 25, 29, 26, 27, 28, 27, 27, 25, 25, 26, 27, 25, 25, 26, 26, 26, 26, 26, 25, 25, 25, 25, 26, 24, 25, 25, 23, 26, 26, 26, 27, 27, 29, 25, 26, 22, 23, 22, 22, 23, 22, 22, 23, 22, 22, 22, 22, 22, 22, 22, 22, 23, 22, 22, 22, 22, 23, 25, 23, 22, 23, 25, 25, 27, 24, 23, 24, 24, 25, 26, 26, 23, 22, 22, 22, 20, 24, 23, 23, 25, 26, 27, 26, 27, 26, 24, 26, 24, 24, 24, 24, 25, 25, 28, 26, 28, 30], 1: [240, 242, 246, 246, 247, 251, 251, 251, 254, 257, 259, 264, 264, 264, 266, 267, 268, 269, 269, 273, 274, 275, 275, 275, 275, 279, 283, 283, 283, 287, 288, 289, 289, 290, 290, 291, 297, 298, 303, 303, 305, 305, 305, 307, 307, 307, 308, 308, 308, 308, 309, 310, 310, 310, 311, 312, 313, 313, 313, 314, 314, 318, 321, 321, 321, 321, 321, 326, 330, 331, 332, 333, 335, 337, 341, 343, 345, 346, 349, 349, 352, 352, 352, 352, 353, 356, 356, 361, 364, 365, 368, 369, 370, 371, 372, 374, 375, 379, 379, 379]}
811 {0: [29, 29, 25, 25, 29, 26, 27, 28, 27, 27, 25, 25, 26, 27, 25, 25, 26, 26, 26, 26, 26, 25, 25, 25, 25, 26, 24, 25, 25, 23, 26, 26, 26, 27, 27, 29, 25, 26, 22, 23, 22, 22, 23, 22, 22, 23, 22, 22, 22, 22, 22, 22, 22, 22, 23, 22, 22, 22, 22, 23, 25, 23, 22, 23, 25, 25, 27, 24, 23, 24, 24, 25, 26, 26, 23, 22, 22, 22, 20, 24, 23, 23, 25, 26, 27, 26, 27, 26, 24, 26, 24, 24, 24, 24, 25, 25, 28, 26, 28, 30], 1: [240, 242, 246, 246, 247, 251, 251, 251, 254, 257, 259, 264, 264, 264, 266, 267, 268, 269, 269, 273, 274, 275, 275, 275, 275, 279, 283, 283, 283, 287, 288, 289, 289, 290, 290, 291, 297, 298, 303, 303, 305, 305, 305, 307, 307, 307, 308, 308, 308, 308, 309, 310, 310, 310, 311, 312, 313, 313, 313, 314, 314, 318, 321, 321, 321, 321, 321, 326, 330, 331, 332, 333, 335, 337, 341, 343, 345, 346, 349, 349, 352, 352, 352, 352, 353, 356, 356, 361, 364, 365, 368, 369, 370, 371, 372, 374, 375, 379, 379, 379]}
568 {0: [29, 29, 25, 25, 29, 26, 27, 28, 27, 27, 25, 25, 26, 27, 25, 25, 26, 26, 26, 26, 26, 25, 25, 25, 25, 26, 24, 25, 25, 23, 26, 26, 26, 27, 27, 29, 25, 26, 22, 23, 22, 22, 23, 22, 22, 23, 22, 22, 22, 22, 22, 22, 22, 22, 23, 22, 22, 22, 22, 23, 25, 23, 22, 23, 25, 25, 27, 24, 23, 24, 24, 25, 26, 26, 23, 22, 22, 22, 20, 24, 23, 23, 25, 26, 27, 26, 27, 26, 24, 26, 24, 24, 24, 24, 25, 25, 28, 26, 28, 30], 1: [240, 242, 246, 246, 247, 251, 251, 251, 254, 257, 259, 264, 264, 264, 266, 267, 268, 269, 269, 273, 274, 275, 275, 275, 275, 279, 283, 283, 283, 287, 288, 289, 289, 290, 290, 291, 297, 298, 303, 303, 305, 305, 305, 307, 307, 307, 308, 308, 308, 308, 309, 310, 310, 310, 311, 312, 313, 313, 313, 314, 314, 318, 321, 321, 321, 321, 321, 326, 330, 331, 332, 333, 335, 337, 341, 343, 345, 346, 349, 349, 352, 352, 352, 352, 353, 356, 356, 361, 364, 365, 368, 369, 370, 371, 372, 374, 375, 379, 379, 379]}
74 {0: [29, 29, 25, 25, 29, 26, 27, 28, 27, 27, 25, 25, 26, 27, 25, 25, 26, 26, 26, 26, 26, 25, 25, 25, 25, 26, 24, 25, 25, 23, 26, 26, 26, 27, 27, 29, 25, 26, 22, 23, 22, 22, 23, 22, 22, 23, 22, 22, 22, 22, 22, 22, 22, 22, 23, 22, 22, 22, 22, 23, 25, 23, 22, 23, 25, 25, 27, 24, 23, 24, 24, 25, 26, 26, 23, 22, 22, 22, 20, 24, 23, 23, 25, 26, 27, 26, 27, 26, 24, 26, 24, 24, 24, 24, 25, 25, 28, 26, 28, 30], 1: [240, 242, 246, 246, 247, 251, 251, 251, 254, 257, 259, 264, 264, 264, 266, 267, 268, 269, 269, 273, 274, 275, 275, 275, 275, 279, 283, 283, 283, 287, 288, 289, 289, 290, 290, 291, 297, 298, 303, 303, 305, 305, 305, 307, 307, 307, 308, 308, 308, 308, 309, 310, 310, 310, 311, 312, 313, 313, 313, 314, 314, 318, 321, 321, 321, 321, 321, 326, 330, 331, 332, 333, 335, 337, 341, 343, 345, 346, 349, 349, 352, 352, 352, 352, 353, 356, 356, 361, 364, 365, 368, 369, 370, 371, 372, 374, 375, 379, 379, 379]}
321 {0: [29, 29, 25, 25, 29, 26, 27, 28, 27, 27, 25, 25, 26, 27, 25, 25, 26, 26, 26, 26, 26, 25, 25, 25, 25, 26, 24, 25, 25, 23, 26, 26, 26, 27, 27, 29, 25, 26, 22, 23, 22, 22, 23, 22, 22, 23, 22, 22, 22, 22, 22, 22, 22, 22, 23, 22, 22, 22, 22, 23, 25, 23, 22, 23, 25, 25, 27, 24, 23, 24, 24, 25, 26, 26, 23, 22, 22, 22, 20, 24, 23, 23, 25, 26, 27, 26, 27, 26, 24, 26, 24, 24, 24, 24, 25, 25, 28, 26, 28, 30], 1: [240, 242, 246, 246, 247, 251, 251, 251, 254, 257, 259, 264, 264, 264, 266, 267, 268, 269, 269, 273, 274, 275, 275, 275, 275, 279, 283, 283, 283, 287, 288, 289, 289, 290, 290, 291, 297, 298, 303, 303, 305, 305, 305, 307, 307, 307, 308, 308, 308, 308, 309, 310, 310, 310, 311, 312, 313, 313, 313, 314, 314, 318, 321, 321, 321, 321, 321, 326, 330, 331, 332, 333, 335, 337, 341, 343, 345, 346, 349, 349, 352, 352, 352, 352, 353, 356, 356, 361, 364, 365, 368, 369, 370, 371, 372, 374, 375, 379, 379, 379]}
812 {0: [28, 28, 28, 26, 26, 27, 27, 28, 30, 29, 30, 27, 28, 27, 28, 29, 27, 29, 28, 28, 27, 30, 29, 29, 29, 31, 31, 28, 29, 31, 28, 29, 28, 30, 28, 30, 27, 27, 29, 28, 29, 29, 29, 30, 28, 29, 28, 26, 26, 26, 30, 30, 27, 25, 25, 28, 27, 27, 27, 28, 27, 30, 29, 26, 26, 26, 27, 27, 29, 27, 28, 27, 27, 28, 29, 28, 29, 28, 30, 28, 29, 29, 28, 27, 23, 23, 25, 23, 24, 23, 22, 23, 23, 25, 25, 25, 29, 28, 29, 29], 1: [239, 241, 245, 250, 254, 255, 258, 258, 258, 261, 263, 268, 270, 273, 274, 275, 277, 278, 280, 283, 285, 286, 290, 293, 295, 296, 299, 303, 305, 307, 311, 313, 317, 318, 322, 324, 328, 328, 329, 330, 330, 331, 333, 337, 339, 339, 343, 345, 345, 346, 347, 350, 354, 358, 359, 359, 361, 362, 363, 363, 365, 367, 371, 376, 377, 377, 377, 380, 381, 385, 389, 391, 391, 391, 396, 399, 400, 402, 404, 407, 408, 408, 412, 414, 420, 420, 420, 422, 422, 423, 424, 424, 424, 424, 426, 426, 427, 429, 429, 430]}
569 {0: [29, 29, 25, 25, 29, 26, 27, 28, 27, 27, 25, 25, 26, 27, 25, 25, 26, 26, 26, 26, 26, 25, 25, 25, 25, 26, 24, 25, 25, 23, 26, 26, 26, 27, 27, 29, 25, 26, 22, 23, 22, 22, 23, 22, 22, 23, 22, 22, 22, 22, 22, 22, 22, 22, 23, 22, 22, 22, 22, 23, 25, 23, 22, 23, 25, 25, 27, 24, 23, 24, 24, 25, 26, 26, 23, 22, 22, 22, 20, 24, 23, 23, 25, 26, 27, 26, 27, 26, 24, 26, 24, 24, 24, 24, 25, 25, 28, 26, 28, 30], 1: [240, 242, 246, 246, 247, 251, 251, 251, 254, 257, 259, 264, 264, 264, 266, 267, 268, 269, 269, 273, 274, 275, 275, 275, 275, 279, 283, 283, 283, 287, 288, 289, 289, 290, 290, 291, 297, 298, 303, 303, 305, 305, 305, 307, 307, 307, 308, 308, 308, 308, 309, 310, 310, 310, 311, 312, 313, 313, 313, 314, 314, 318, 321, 321, 321, 321, 321, 326, 330, 331, 332, 333, 335, 337, 341, 343, 345, 346, 349, 349, 352, 352, 352, 352, 353, 356, 356, 361, 364, 365, 368, 369, 370, 371, 372, 374, 375, 379, 379, 379]}
75 {0: [28, 27, 27, 27, 27, 27, 26, 24, 24, 24, 25, 25, 24, 25, 27, 27, 27, 25, 26, 22, 21, 22, 24, 22, 24, 25, 23, 23, 23, 24, 22, 21, 21, 22, 20, 21, 22, 23, 24, 22, 22, 22, 22, 22, 23, 22, 23, 22, 23, 22, 21, 21, 23, 21, 22, 21, 22, 21, 19, 23, 22, 21, 21, 21, 21, 21, 21, 23, 23, 22, 23, 25, 25, 25, 25, 23, 24, 23, 23, 23, 25, 24, 25, 24, 25, 25, 25, 24, 26, 26, 27, 26, 25, 23, 24, 23, 23, 24, 25, 24], 1: [240, 242, 242, 243, 244, 244, 246, 248, 248, 250, 252, 256, 258, 260, 262, 263, 264, 270, 271, 275, 276, 276, 276, 278, 278, 278, 280, 280, 280, 283, 288, 290, 293, 294, 296, 298, 298, 299, 300, 305, 306, 309, 309, 309, 309, 312, 314, 316, 317, 320, 321, 321, 323, 326, 327, 330, 331, 332, 335, 335, 337, 338, 338, 338, 339, 339, 339, 339, 342, 346, 347, 348, 349, 351, 353, 357, 357, 358, 358, 358, 358, 361, 362, 363, 364, 364, 365, 368, 369, 371, 372, 375, 377, 379, 380, 382, 384, 384, 384, 386]}
322 {0: [29, 29, 25, 25, 29, 26, 27, 28, 27, 27, 25, 25, 26, 27, 25, 25, 26, 26, 26, 26, 26, 25, 25, 25, 25, 26, 24, 25, 25, 23, 26, 26, 26, 27, 27, 29, 25, 26, 22, 23, 22, 22, 23, 22, 22, 23, 22, 22, 22, 22, 22, 22, 22, 22, 23, 22, 22, 22, 22, 23, 25, 23, 22, 23, 25, 25, 27, 24, 23, 24, 24, 25, 26, 26, 23, 22, 22, 22, 20, 24, 23, 23, 25, 26, 27, 26, 27, 26, 24, 26, 24, 24, 24, 24, 25, 25, 28, 26, 28, 30], 1: [240, 242, 246, 246, 247, 251, 251, 251, 254, 257, 259, 264, 264, 264, 266, 267, 268, 269, 269, 273, 274, 275, 275, 275, 275, 279, 283, 283, 283, 287, 288, 289, 289, 290, 290, 291, 297, 298, 303, 303, 305, 305, 305, 307, 307, 307, 308, 308, 308, 308, 309, 310, 310, 310, 311, 312, 313, 313, 313, 314, 314, 318, 321, 321, 321, 321, 321, 326, 330, 331, 332, 333, 335, 337, 341, 343, 345, 346, 349, 349, 352, 352, 352, 352, 353, 356, 356, 361, 364, 365, 368, 369, 370, 371, 372, 374, 375, 379, 379, 379]}
813 {0: [29, 29, 25, 25, 29, 26, 27, 28, 27, 27, 25, 25, 26, 27, 25, 25, 26, 26, 26, 26, 26, 25, 25, 25, 25, 26, 24, 25, 25, 23, 26, 26, 26, 27, 27, 29, 25, 26, 22, 23, 22, 22, 23, 22, 22, 23, 22, 22, 22, 22, 22, 22, 22, 22, 23, 22, 22, 22, 22, 23, 25, 23, 22, 23, 25, 25, 27, 24, 23, 24, 24, 25, 26, 26, 23, 22, 22, 22, 20, 24, 23, 23, 25, 26, 27, 26, 27, 26, 24, 26, 24, 24, 24, 24, 25, 25, 28, 26, 28, 30], 1: [240, 242, 246, 246, 247, 251, 251, 251, 254, 257, 259, 264, 264, 264, 266, 267, 268, 269, 269, 273, 274, 275, 275, 275, 275, 279, 283, 283, 283, 287, 288, 289, 289, 290, 290, 291, 297, 298, 303, 303, 305, 305, 305, 307, 307, 307, 308, 308, 308, 308, 309, 310, 310, 310, 311, 312, 313, 313, 313, 314, 314, 318, 321, 321, 321, 321, 321, 326, 330, 331, 332, 333, 335, 337, 341, 343, 345, 346, 349, 349, 352, 352, 352, 352, 353, 356, 356, 361, 364, 365, 368, 369, 370, 371, 372, 374, 375, 379, 379, 379]}
570 {0: [29, 29, 25, 25, 29, 26, 27, 28, 27, 27, 25, 25, 26, 27, 25, 25, 26, 26, 26, 26, 26, 25, 25, 25, 25, 26, 24, 25, 25, 23, 26, 26, 26, 27, 27, 29, 25, 26, 22, 23, 22, 22, 23, 22, 22, 23, 22, 22, 22, 22, 22, 22, 22, 22, 23, 22, 22, 22, 22, 23, 25, 23, 22, 23, 25, 25, 27, 24, 23, 24, 24, 25, 26, 26, 23, 22, 22, 22, 20, 24, 23, 23, 25, 26, 27, 26, 27, 26, 24, 26, 24, 24, 24, 24, 25, 25, 28, 26, 28, 30], 1: [240, 242, 246, 246, 247, 251, 251, 251, 254, 257, 259, 264, 264, 264, 266, 267, 268, 269, 269, 273, 274, 275, 275, 275, 275, 279, 283, 283, 283, 287, 288, 289, 289, 290, 290, 291, 297, 298, 303, 303, 305, 305, 305, 307, 307, 307, 308, 308, 308, 308, 309, 310, 310, 310, 311, 312, 313, 313, 313, 314, 314, 318, 321, 321, 321, 321, 321, 326, 330, 331, 332, 333, 335, 337, 341, 343, 345, 346, 349, 349, 352, 352, 352, 352, 353, 356, 356, 361, 364, 365, 368, 369, 370, 371, 372, 374, 375, 379, 379, 379]}
76 {0: [29, 29, 25, 25, 29, 26, 27, 28, 27, 27, 25, 25, 26, 27, 25, 25, 26, 26, 26, 26, 26, 25, 25, 25, 25, 26, 24, 25, 25, 23, 26, 26, 26, 27, 27, 29, 25, 26, 22, 23, 22, 22, 23, 22, 22, 23, 22, 22, 22, 22, 22, 22, 22, 22, 23, 22, 22, 22, 22, 23, 25, 23, 22, 23, 25, 25, 27, 24, 23, 24, 24, 25, 26, 26, 23, 22, 22, 22, 20, 24, 23, 23, 25, 26, 27, 26, 27, 26, 24, 26, 24, 24, 24, 24, 25, 25, 28, 26, 28, 30], 1: [240, 242, 246, 246, 247, 251, 251, 251, 254, 257, 259, 264, 264, 264, 266, 267, 268, 269, 269, 273, 274, 275, 275, 275, 275, 279, 283, 283, 283, 287, 288, 289, 289, 290, 290, 291, 297, 298, 303, 303, 305, 305, 305, 307, 307, 307, 308, 308, 308, 308, 309, 310, 310, 310, 311, 312, 313, 313, 313, 314, 314, 318, 321, 321, 321, 321, 321, 326, 330, 331, 332, 333, 335, 337, 341, 343, 345, 346, 349, 349, 352, 352, 352, 352, 353, 356, 356, 361, 364, 365, 368, 369, 370, 371, 372, 374, 375, 379, 379, 379]}
323 {0: [29, 29, 25, 25, 29, 26, 27, 28, 27, 27, 25, 25, 26, 27, 25, 25, 26, 26, 26, 26, 26, 25, 25, 25, 25, 26, 24, 25, 25, 23, 26, 26, 26, 27, 27, 29, 25, 26, 22, 23, 22, 22, 23, 22, 22, 23, 22, 22, 22, 22, 22, 22, 22, 22, 23, 22, 22, 22, 22, 23, 25, 23, 22, 23, 25, 25, 27, 24, 23, 24, 24, 25, 26, 26, 23, 22, 22, 22, 20, 24, 23, 23, 25, 26, 27, 26, 27, 26, 24, 26, 24, 24, 24, 24, 25, 25, 28, 26, 28, 30], 1: [240, 242, 246, 246, 247, 251, 251, 251, 254, 257, 259, 264, 264, 264, 266, 267, 268, 269, 269, 273, 274, 275, 275, 275, 275, 279, 283, 283, 283, 287, 288, 289, 289, 290, 290, 291, 297, 298, 303, 303, 305, 305, 305, 307, 307, 307, 308, 308, 308, 308, 309, 310, 310, 310, 311, 312, 313, 313, 313, 314, 314, 318, 321, 321, 321, 321, 321, 326, 330, 331, 332, 333, 335, 337, 341, 343, 345, 346, 349, 349, 352, 352, 352, 352, 353, 356, 356, 361, 364, 365, 368, 369, 370, 371, 372, 374, 375, 379, 379, 379]}
814 {0: [29, 29, 25, 25, 29, 26, 27, 28, 27, 27, 25, 25, 26, 27, 25, 25, 26, 26, 26, 26, 26, 25, 25, 25, 25, 26, 24, 25, 25, 23, 26, 26, 26, 27, 27, 29, 25, 26, 22, 23, 22, 22, 23, 22, 22, 23, 22, 22, 22, 22, 22, 22, 22, 22, 23, 22, 22, 22, 22, 23, 25, 23, 22, 23, 25, 25, 27, 24, 23, 24, 24, 25, 26, 26, 23, 22, 22, 22, 20, 24, 23, 23, 25, 26, 27, 26, 27, 26, 24, 26, 24, 24, 24, 24, 25, 25, 28, 26, 28, 30], 1: [240, 242, 246, 246, 247, 251, 251, 251, 254, 257, 259, 264, 264, 264, 266, 267, 268, 269, 269, 273, 274, 275, 275, 275, 275, 279, 283, 283, 283, 287, 288, 289, 289, 290, 290, 291, 297, 298, 303, 303, 305, 305, 305, 307, 307, 307, 308, 308, 308, 308, 309, 310, 310, 310, 311, 312, 313, 313, 313, 314, 314, 318, 321, 321, 321, 321, 321, 326, 330, 331, 332, 333, 335, 337, 341, 343, 345, 346, 349, 349, 352, 352, 352, 352, 353, 356, 356, 361, 364, 365, 368, 369, 370, 371, 372, 374, 375, 379, 379, 379]}
77 {0: [29, 29, 25, 25, 29, 26, 27, 28, 27, 27, 25, 25, 26, 27, 25, 25, 26, 26, 26, 26, 26, 25, 25, 25, 25, 26, 24, 25, 25, 23, 26, 26, 26, 27, 27, 29, 25, 26, 22, 23, 22, 22, 23, 22, 22, 23, 22, 22, 22, 22, 22, 22, 22, 22, 23, 22, 22, 22, 22, 23, 25, 23, 22, 23, 25, 25, 27, 24, 23, 24, 24, 25, 26, 26, 23, 22, 22, 22, 20, 24, 23, 23, 25, 26, 27, 26, 27, 26, 24, 26, 24, 24, 24, 24, 25, 25, 28, 26, 28, 30], 1: [240, 242, 246, 246, 247, 251, 251, 251, 254, 257, 259, 264, 264, 264, 266, 267, 268, 269, 269, 273, 274, 275, 275, 275, 275, 279, 283, 283, 283, 287, 288, 289, 289, 290, 290, 291, 297, 298, 303, 303, 305, 305, 305, 307, 307, 307, 308, 308, 308, 308, 309, 310, 310, 310, 311, 312, 313, 313, 313, 314, 314, 318, 321, 321, 321, 321, 321, 326, 330, 331, 332, 333, 335, 337, 341, 343, 345, 346, 349, 349, 352, 352, 352, 352, 353, 356, 356, 361, 364, 365, 368, 369, 370, 371, 372, 374, 375, 379, 379, 379]}
571 {0: [29, 29, 25, 25, 29, 26, 27, 28, 27, 27, 25, 25, 26, 27, 25, 25, 26, 26, 26, 26, 26, 25, 25, 25, 25, 26, 24, 25, 25, 23, 26, 26, 26, 27, 27, 29, 25, 26, 22, 23, 22, 22, 23, 22, 22, 23, 22, 22, 22, 22, 22, 22, 22, 22, 23, 22, 22, 22, 22, 23, 25, 23, 22, 23, 25, 25, 27, 24, 23, 24, 24, 25, 26, 26, 23, 22, 22, 22, 20, 24, 23, 23, 25, 26, 27, 26, 27, 26, 24, 26, 24, 24, 24, 24, 25, 25, 28, 26, 28, 30], 1: [240, 242, 246, 246, 247, 251, 251, 251, 254, 257, 259, 264, 264, 264, 266, 267, 268, 269, 269, 273, 274, 275, 275, 275, 275, 279, 283, 283, 283, 287, 288, 289, 289, 290, 290, 291, 297, 298, 303, 303, 305, 305, 305, 307, 307, 307, 308, 308, 308, 308, 309, 310, 310, 310, 311, 312, 313, 313, 313, 314, 314, 318, 321, 321, 321, 321, 321, 326, 330, 331, 332, 333, 335, 337, 341, 343, 345, 346, 349, 349, 352, 352, 352, 352, 353, 356, 356, 361, 364, 365, 368, 369, 370, 371, 372, 374, 375, 379, 379, 379]}
324 {0: [29, 29, 25, 25, 29, 26, 27, 28, 27, 27, 25, 25, 26, 27, 25, 25, 26, 26, 26, 26, 26, 25, 25, 25, 25, 26, 24, 25, 25, 23, 26, 26, 26, 27, 27, 29, 25, 26, 22, 23, 22, 22, 23, 22, 22, 23, 22, 22, 22, 22, 22, 22, 22, 22, 23, 22, 22, 22, 22, 23, 25, 23, 22, 23, 25, 25, 27, 24, 23, 24, 24, 25, 26, 26, 23, 22, 22, 22, 20, 24, 23, 23, 25, 26, 27, 26, 27, 26, 24, 26, 24, 24, 24, 24, 25, 25, 28, 26, 28, 30], 1: [240, 242, 246, 246, 247, 251, 251, 251, 254, 257, 259, 264, 264, 264, 266, 267, 268, 269, 269, 273, 274, 275, 275, 275, 275, 279, 283, 283, 283, 287, 288, 289, 289, 290, 290, 291, 297, 298, 303, 303, 305, 305, 305, 307, 307, 307, 308, 308, 308, 308, 309, 310, 310, 310, 311, 312, 313, 313, 313, 314, 314, 318, 321, 321, 321, 321, 321, 326, 330, 331, 332, 333, 335, 337, 341, 343, 345, 346, 349, 349, 352, 352, 352, 352, 353, 356, 356, 361, 364, 365, 368, 369, 370, 371, 372, 374, 375, 379, 379, 379]}
815 {0: [29, 29, 25, 25, 29, 26, 27, 28, 27, 27, 25, 25, 26, 27, 25, 25, 26, 26, 26, 26, 26, 25, 25, 25, 25, 26, 24, 25, 25, 23, 26, 26, 26, 27, 27, 29, 25, 26, 22, 23, 22, 22, 23, 22, 22, 23, 22, 22, 22, 22, 22, 22, 22, 22, 23, 22, 22, 22, 22, 23, 25, 23, 22, 23, 25, 25, 27, 24, 23, 24, 24, 25, 26, 26, 23, 22, 22, 22, 20, 24, 23, 23, 25, 26, 27, 26, 27, 26, 24, 26, 24, 24, 24, 24, 25, 25, 28, 26, 28, 30], 1: [240, 242, 246, 246, 247, 251, 251, 251, 254, 257, 259, 264, 264, 264, 266, 267, 268, 269, 269, 273, 274, 275, 275, 275, 275, 279, 283, 283, 283, 287, 288, 289, 289, 290, 290, 291, 297, 298, 303, 303, 305, 305, 305, 307, 307, 307, 308, 308, 308, 308, 309, 310, 310, 310, 311, 312, 313, 313, 313, 314, 314, 318, 321, 321, 321, 321, 321, 326, 330, 331, 332, 333, 335, 337, 341, 343, 345, 346, 349, 349, 352, 352, 352, 352, 353, 356, 356, 361, 364, 365, 368, 369, 370, 371, 372, 374, 375, 379, 379, 379]}
572 {0: [29, 29, 25, 25, 29, 26, 27, 28, 27, 27, 25, 25, 26, 27, 25, 25, 26, 26, 26, 26, 26, 25, 25, 25, 25, 26, 24, 25, 25, 23, 26, 26, 26, 27, 27, 29, 25, 26, 22, 23, 22, 22, 23, 22, 22, 23, 22, 22, 22, 22, 22, 22, 22, 22, 23, 22, 22, 22, 22, 23, 25, 23, 22, 23, 25, 25, 27, 24, 23, 24, 24, 25, 26, 26, 23, 22, 22, 22, 20, 24, 23, 23, 25, 26, 27, 26, 27, 26, 24, 26, 24, 24, 24, 24, 25, 25, 28, 26, 28, 30], 1: [240, 242, 246, 246, 247, 251, 251, 251, 254, 257, 259, 264, 264, 264, 266, 267, 268, 269, 269, 273, 274, 275, 275, 275, 275, 279, 283, 283, 283, 287, 288, 289, 289, 290, 290, 291, 297, 298, 303, 303, 305, 305, 305, 307, 307, 307, 308, 308, 308, 308, 309, 310, 310, 310, 311, 312, 313, 313, 313, 314, 314, 318, 321, 321, 321, 321, 321, 326, 330, 331, 332, 333, 335, 337, 341, 343, 345, 346, 349, 349, 352, 352, 352, 352, 353, 356, 356, 361, 364, 365, 368, 369, 370, 371, 372, 374, 375, 379, 379, 379]}
78 {0: [29, 29, 25, 25, 29, 26, 27, 28, 27, 27, 25, 25, 26, 27, 25, 25, 26, 26, 26, 26, 26, 25, 25, 25, 25, 26, 24, 25, 25, 23, 26, 26, 26, 27, 27, 29, 25, 26, 22, 23, 22, 22, 23, 22, 22, 23, 22, 22, 22, 22, 22, 22, 22, 22, 23, 22, 22, 22, 22, 23, 25, 23, 22, 23, 25, 25, 27, 24, 23, 24, 24, 25, 26, 26, 23, 22, 22, 22, 20, 24, 23, 23, 25, 26, 27, 26, 27, 26, 24, 26, 24, 24, 24, 24, 25, 25, 28, 26, 28, 30], 1: [240, 242, 246, 246, 247, 251, 251, 251, 254, 257, 259, 264, 264, 264, 266, 267, 268, 269, 269, 273, 274, 275, 275, 275, 275, 279, 283, 283, 283, 287, 288, 289, 289, 290, 290, 291, 297, 298, 303, 303, 305, 305, 305, 307, 307, 307, 308, 308, 308, 308, 309, 310, 310, 310, 311, 312, 313, 313, 313, 314, 314, 318, 321, 321, 321, 321, 321, 326, 330, 331, 332, 333, 335, 337, 341, 343, 345, 346, 349, 349, 352, 352, 352, 352, 353, 356, 356, 361, 364, 365, 368, 369, 370, 371, 372, 374, 375, 379, 379, 379]}
325 {0: [29, 31, 28, 28, 24, 26, 26, 26, 26, 26, 27, 28, 27, 28, 27, 28, 28, 30, 28, 28, 29, 27, 27, 26, 29, 25, 26, 28, 29, 28, 28, 28, 28, 27, 27, 27, 25, 26, 28, 28, 28, 25, 26, 27, 26, 27, 28, 25, 25, 25, 26, 26, 26, 25, 23, 23, 24, 24, 24, 23, 24, 24, 26, 24, 24, 24, 23, 24, 27, 27, 26, 26, 26, 25, 23, 24, 22, 22, 25, 25, 25, 24, 24, 24, 24, 24, 24, 24, 24, 27, 22, 22, 24, 24, 24, 23, 22, 21, 23, 22], 1: [239, 242, 247, 250, 255, 255, 257, 258, 259, 261, 262, 263, 264, 264, 267, 268, 270, 271, 276, 278, 281, 285, 287, 290, 291, 296, 297, 299, 300, 304, 307, 309, 309, 311, 311, 312, 315, 315, 315, 316, 318, 321, 324, 327, 330, 330, 333, 336, 341, 341, 343, 345, 348, 352, 354, 354, 357, 358, 360, 362, 362, 365, 365, 369, 370, 370, 373, 373, 374, 375, 378, 378, 378, 381, 384, 384, 387, 387, 387, 388, 390, 392, 392, 392, 392, 392, 392, 392, 392, 394, 400, 400, 400, 400, 402, 407, 408, 409, 409, 412]}
816 {0: [29, 29, 25, 25, 29, 26, 27, 28, 27, 27, 25, 25, 26, 27, 25, 25, 26, 26, 26, 26, 26, 25, 25, 25, 25, 26, 24, 25, 25, 23, 26, 26, 26, 27, 27, 29, 25, 26, 22, 23, 22, 22, 23, 22, 22, 23, 22, 22, 22, 22, 22, 22, 22, 22, 23, 22, 22, 22, 22, 23, 25, 23, 22, 23, 25, 25, 27, 24, 23, 24, 24, 25, 26, 26, 23, 22, 22, 22, 20, 24, 23, 23, 25, 26, 27, 26, 27, 26, 24, 26, 24, 24, 24, 24, 25, 25, 28, 26, 28, 30], 1: [240, 242, 246, 246, 247, 251, 251, 251, 254, 257, 259, 264, 264, 264, 266, 267, 268, 269, 269, 273, 274, 275, 275, 275, 275, 279, 283, 283, 283, 287, 288, 289, 289, 290, 290, 291, 297, 298, 303, 303, 305, 305, 305, 307, 307, 307, 308, 308, 308, 308, 309, 310, 310, 310, 311, 312, 313, 313, 313, 314, 314, 318, 321, 321, 321, 321, 321, 326, 330, 331, 332, 333, 335, 337, 341, 343, 345, 346, 349, 349, 352, 352, 352, 352, 353, 356, 356, 361, 364, 365, 368, 369, 370, 371, 372, 374, 375, 379, 379, 379]}
79 {0: [29, 29, 25, 25, 29, 26, 27, 28, 27, 27, 25, 25, 26, 27, 25, 25, 26, 26, 26, 26, 26, 25, 25, 25, 25, 26, 24, 25, 25, 23, 26, 26, 26, 27, 27, 29, 25, 26, 22, 23, 22, 22, 23, 22, 22, 23, 22, 22, 22, 22, 22, 22, 22, 22, 23, 22, 22, 22, 22, 23, 25, 23, 22, 23, 25, 25, 27, 24, 23, 24, 24, 25, 26, 26, 23, 22, 22, 22, 20, 24, 23, 23, 25, 26, 27, 26, 27, 26, 24, 26, 24, 24, 24, 24, 25, 25, 28, 26, 28, 30], 1: [240, 242, 246, 246, 247, 251, 251, 251, 254, 257, 259, 264, 264, 264, 266, 267, 268, 269, 269, 273, 274, 275, 275, 275, 275, 279, 283, 283, 283, 287, 288, 289, 289, 290, 290, 291, 297, 298, 303, 303, 305, 305, 305, 307, 307, 307, 308, 308, 308, 308, 309, 310, 310, 310, 311, 312, 313, 313, 313, 314, 314, 318, 321, 321, 321, 321, 321, 326, 330, 331, 332, 333, 335, 337, 341, 343, 345, 346, 349, 349, 352, 352, 352, 352, 353, 356, 356, 361, 364, 365, 368, 369, 370, 371, 372, 374, 375, 379, 379, 379]}
573 {0: [29, 29, 25, 25, 29, 26, 27, 28, 27, 27, 25, 25, 26, 27, 25, 25, 26, 26, 26, 26, 26, 25, 25, 25, 25, 26, 24, 25, 25, 23, 26, 26, 26, 27, 27, 29, 25, 26, 22, 23, 22, 22, 23, 22, 22, 23, 22, 22, 22, 22, 22, 22, 22, 22, 23, 22, 22, 22, 22, 23, 25, 23, 22, 23, 25, 25, 27, 24, 23, 24, 24, 25, 26, 26, 23, 22, 22, 22, 20, 24, 23, 23, 25, 26, 27, 26, 27, 26, 24, 26, 24, 24, 24, 24, 25, 25, 28, 26, 28, 30], 1: [240, 242, 246, 246, 247, 251, 251, 251, 254, 257, 259, 264, 264, 264, 266, 267, 268, 269, 269, 273, 274, 275, 275, 275, 275, 279, 283, 283, 283, 287, 288, 289, 289, 290, 290, 291, 297, 298, 303, 303, 305, 305, 305, 307, 307, 307, 308, 308, 308, 308, 309, 310, 310, 310, 311, 312, 313, 313, 313, 314, 314, 318, 321, 321, 321, 321, 321, 326, 330, 331, 332, 333, 335, 337, 341, 343, 345, 346, 349, 349, 352, 352, 352, 352, 353, 356, 356, 361, 364, 365, 368, 369, 370, 371, 372, 374, 375, 379, 379, 379]}
326 {0: [29, 29, 25, 25, 29, 26, 27, 28, 27, 27, 25, 25, 26, 27, 25, 25, 26, 26, 26, 26, 26, 25, 25, 25, 25, 26, 24, 25, 25, 23, 26, 26, 26, 27, 27, 29, 25, 26, 22, 23, 22, 22, 23, 22, 22, 23, 22, 22, 22, 22, 22, 22, 22, 22, 23, 22, 22, 22, 22, 23, 25, 23, 22, 23, 25, 25, 27, 24, 23, 24, 24, 25, 26, 26, 23, 22, 22, 22, 20, 24, 23, 23, 25, 26, 27, 26, 27, 26, 24, 26, 24, 24, 24, 24, 25, 25, 28, 26, 28, 30], 1: [240, 242, 246, 246, 247, 251, 251, 251, 254, 257, 259, 264, 264, 264, 266, 267, 268, 269, 269, 273, 274, 275, 275, 275, 275, 279, 283, 283, 283, 287, 288, 289, 289, 290, 290, 291, 297, 298, 303, 303, 305, 305, 305, 307, 307, 307, 308, 308, 308, 308, 309, 310, 310, 310, 311, 312, 313, 313, 313, 314, 314, 318, 321, 321, 321, 321, 321, 326, 330, 331, 332, 333, 335, 337, 341, 343, 345, 346, 349, 349, 352, 352, 352, 352, 353, 356, 356, 361, 364, 365, 368, 369, 370, 371, 372, 374, 375, 379, 379, 379]}
817 {0: [29, 29, 25, 25, 29, 26, 27, 28, 27, 27, 25, 25, 26, 27, 25, 25, 26, 26, 26, 26, 26, 25, 25, 25, 25, 26, 24, 25, 25, 23, 26, 26, 26, 27, 27, 29, 25, 26, 22, 23, 22, 22, 23, 22, 22, 23, 22, 22, 22, 22, 22, 22, 22, 22, 23, 22, 22, 22, 22, 23, 25, 23, 22, 23, 25, 25, 27, 24, 23, 24, 24, 25, 26, 26, 23, 22, 22, 22, 20, 24, 23, 23, 25, 26, 27, 26, 27, 26, 24, 26, 24, 24, 24, 24, 25, 25, 28, 26, 28, 30], 1: [240, 242, 246, 246, 247, 251, 251, 251, 254, 257, 259, 264, 264, 264, 266, 267, 268, 269, 269, 273, 274, 275, 275, 275, 275, 279, 283, 283, 283, 287, 288, 289, 289, 290, 290, 291, 297, 298, 303, 303, 305, 305, 305, 307, 307, 307, 308, 308, 308, 308, 309, 310, 310, 310, 311, 312, 313, 313, 313, 314, 314, 318, 321, 321, 321, 321, 321, 326, 330, 331, 332, 333, 335, 337, 341, 343, 345, 346, 349, 349, 352, 352, 352, 352, 353, 356, 356, 361, 364, 365, 368, 369, 370, 371, 372, 374, 375, 379, 379, 379]}
574 {0: [29, 29, 25, 25, 29, 26, 27, 28, 27, 27, 25, 25, 26, 27, 25, 25, 26, 26, 26, 26, 26, 25, 25, 25, 25, 26, 24, 25, 25, 23, 26, 26, 26, 27, 27, 29, 25, 26, 22, 23, 22, 22, 23, 22, 22, 23, 22, 22, 22, 22, 22, 22, 22, 22, 23, 22, 22, 22, 22, 23, 25, 23, 22, 23, 25, 25, 27, 24, 23, 24, 24, 25, 26, 26, 23, 22, 22, 22, 20, 24, 23, 23, 25, 26, 27, 26, 27, 26, 24, 26, 24, 24, 24, 24, 25, 25, 28, 26, 28, 30], 1: [240, 242, 246, 246, 247, 251, 251, 251, 254, 257, 259, 264, 264, 264, 266, 267, 268, 269, 269, 273, 274, 275, 275, 275, 275, 279, 283, 283, 283, 287, 288, 289, 289, 290, 290, 291, 297, 298, 303, 303, 305, 305, 305, 307, 307, 307, 308, 308, 308, 308, 309, 310, 310, 310, 311, 312, 313, 313, 313, 314, 314, 318, 321, 321, 321, 321, 321, 326, 330, 331, 332, 333, 335, 337, 341, 343, 345, 346, 349, 349, 352, 352, 352, 352, 353, 356, 356, 361, 364, 365, 368, 369, 370, 371, 372, 374, 375, 379, 379, 379]}
80 {0: [29, 27, 27, 26, 27, 26, 28, 25, 25, 26, 24, 25, 24, 23, 24, 25, 25, 25, 25, 25, 21, 21, 20, 20, 21, 21, 19, 19, 20, 21, 22, 24, 23, 22, 22, 22, 24, 24, 23, 23, 25, 24, 24, 24, 24, 24, 24, 25, 23, 23, 23, 25, 26, 23, 24, 24, 24, 25, 25, 23, 23, 23, 24, 25, 24, 24, 25, 28, 31, 26, 27, 25, 25, 23, 23, 23, 24, 24, 26, 26, 27, 28, 27, 28, 29, 30, 29, 27, 26, 27, 28, 26, 26, 27, 28, 28, 27, 29, 28, 29], 1: [240, 245, 245, 246, 246, 248, 248, 253, 253, 255, 258, 259, 263, 265, 265, 265, 267, 268, 270, 271, 277, 277, 278, 278, 278, 280, 282, 283, 283, 284, 286, 287, 289, 291, 291, 291, 292, 293, 294, 295, 295, 298, 299, 300, 302, 303, 305, 306, 308, 308, 308, 309, 312, 315, 315, 318, 318, 318, 320, 322, 325, 326, 329, 330, 331, 331, 332, 332, 334, 342, 343, 349, 351, 354, 354, 354, 354, 354, 354, 355, 355, 357, 360, 360, 361, 361, 367, 371, 374, 376, 376, 378, 378, 378, 378, 381, 382, 383, 386, 387]}
327 {0: [29, 29, 25, 25, 29, 26, 27, 28, 27, 27, 25, 25, 26, 27, 25, 25, 26, 26, 26, 26, 26, 25, 25, 25, 25, 26, 24, 25, 25, 23, 26, 26, 26, 27, 27, 29, 25, 26, 22, 23, 22, 22, 23, 22, 22, 23, 22, 22, 22, 22, 22, 22, 22, 22, 23, 22, 22, 22, 22, 23, 25, 23, 22, 23, 25, 25, 27, 24, 23, 24, 24, 25, 26, 26, 23, 22, 22, 22, 20, 24, 23, 23, 25, 26, 27, 26, 27, 26, 24, 26, 24, 24, 24, 24, 25, 25, 28, 26, 28, 30], 1: [240, 242, 246, 246, 247, 251, 251, 251, 254, 257, 259, 264, 264, 264, 266, 267, 268, 269, 269, 273, 274, 275, 275, 275, 275, 279, 283, 283, 283, 287, 288, 289, 289, 290, 290, 291, 297, 298, 303, 303, 305, 305, 305, 307, 307, 307, 308, 308, 308, 308, 309, 310, 310, 310, 311, 312, 313, 313, 313, 314, 314, 318, 321, 321, 321, 321, 321, 326, 330, 331, 332, 333, 335, 337, 341, 343, 345, 346, 349, 349, 352, 352, 352, 352, 353, 356, 356, 361, 364, 365, 368, 369, 370, 371, 372, 374, 375, 379, 379, 379]}
818 {0: [29, 29, 25, 25, 29, 26, 27, 28, 27, 27, 25, 25, 26, 27, 25, 25, 26, 26, 26, 26, 26, 25, 25, 25, 25, 26, 24, 25, 25, 23, 26, 26, 26, 27, 27, 29, 25, 26, 22, 23, 22, 22, 23, 22, 22, 23, 22, 22, 22, 22, 22, 22, 22, 22, 23, 22, 22, 22, 22, 23, 25, 23, 22, 23, 25, 25, 27, 24, 23, 24, 24, 25, 26, 26, 23, 22, 22, 22, 20, 24, 23, 23, 25, 26, 27, 26, 27, 26, 24, 26, 24, 24, 24, 24, 25, 25, 28, 26, 28, 30], 1: [240, 242, 246, 246, 247, 251, 251, 251, 254, 257, 259, 264, 264, 264, 266, 267, 268, 269, 269, 273, 274, 275, 275, 275, 275, 279, 283, 283, 283, 287, 288, 289, 289, 290, 290, 291, 297, 298, 303, 303, 305, 305, 305, 307, 307, 307, 308, 308, 308, 308, 309, 310, 310, 310, 311, 312, 313, 313, 313, 314, 314, 318, 321, 321, 321, 321, 321, 326, 330, 331, 332, 333, 335, 337, 341, 343, 345, 346, 349, 349, 352, 352, 352, 352, 353, 356, 356, 361, 364, 365, 368, 369, 370, 371, 372, 374, 375, 379, 379, 379]}
81 {0: [29, 29, 25, 25, 29, 26, 27, 28, 27, 27, 25, 25, 26, 27, 25, 25, 26, 26, 26, 26, 26, 25, 25, 25, 25, 26, 24, 25, 25, 23, 26, 26, 26, 27, 27, 29, 25, 26, 22, 23, 22, 22, 23, 22, 22, 23, 22, 22, 22, 22, 22, 22, 22, 22, 23, 22, 22, 22, 22, 23, 25, 23, 22, 23, 25, 25, 27, 24, 23, 24, 24, 25, 26, 26, 23, 22, 22, 22, 20, 24, 23, 23, 25, 26, 27, 26, 27, 26, 24, 26, 24, 24, 24, 24, 25, 25, 28, 26, 28, 30], 1: [240, 242, 246, 246, 247, 251, 251, 251, 254, 257, 259, 264, 264, 264, 266, 267, 268, 269, 269, 273, 274, 275, 275, 275, 275, 279, 283, 283, 283, 287, 288, 289, 289, 290, 290, 291, 297, 298, 303, 303, 305, 305, 305, 307, 307, 307, 308, 308, 308, 308, 309, 310, 310, 310, 311, 312, 313, 313, 313, 314, 314, 318, 321, 321, 321, 321, 321, 326, 330, 331, 332, 333, 335, 337, 341, 343, 345, 346, 349, 349, 352, 352, 352, 352, 353, 356, 356, 361, 364, 365, 368, 369, 370, 371, 372, 374, 375, 379, 379, 379]}
575 {0: [29, 29, 25, 25, 29, 26, 27, 28, 27, 27, 25, 25, 26, 27, 25, 25, 26, 26, 26, 26, 26, 25, 25, 25, 25, 26, 24, 25, 25, 23, 26, 26, 26, 27, 27, 29, 25, 26, 22, 23, 22, 22, 23, 22, 22, 23, 22, 22, 22, 22, 22, 22, 22, 22, 23, 22, 22, 22, 22, 23, 25, 23, 22, 23, 25, 25, 27, 24, 23, 24, 24, 25, 26, 26, 23, 22, 22, 22, 20, 24, 23, 23, 25, 26, 27, 26, 27, 26, 24, 26, 24, 24, 24, 24, 25, 25, 28, 26, 28, 30], 1: [240, 242, 246, 246, 247, 251, 251, 251, 254, 257, 259, 264, 264, 264, 266, 267, 268, 269, 269, 273, 274, 275, 275, 275, 275, 279, 283, 283, 283, 287, 288, 289, 289, 290, 290, 291, 297, 298, 303, 303, 305, 305, 305, 307, 307, 307, 308, 308, 308, 308, 309, 310, 310, 310, 311, 312, 313, 313, 313, 314, 314, 318, 321, 321, 321, 321, 321, 326, 330, 331, 332, 333, 335, 337, 341, 343, 345, 346, 349, 349, 352, 352, 352, 352, 353, 356, 356, 361, 364, 365, 368, 369, 370, 371, 372, 374, 375, 379, 379, 379]}
328 {0: [29, 29, 25, 25, 29, 26, 27, 28, 27, 27, 25, 25, 26, 27, 25, 25, 26, 26, 26, 26, 26, 25, 25, 25, 25, 26, 24, 25, 25, 23, 26, 26, 26, 27, 27, 29, 25, 26, 22, 23, 22, 22, 23, 22, 22, 23, 22, 22, 22, 22, 22, 22, 22, 22, 23, 22, 22, 22, 22, 23, 25, 23, 22, 23, 25, 25, 27, 24, 23, 24, 24, 25, 26, 26, 23, 22, 22, 22, 20, 24, 23, 23, 25, 26, 27, 26, 27, 26, 24, 26, 24, 24, 24, 24, 25, 25, 28, 26, 28, 30], 1: [240, 242, 246, 246, 247, 251, 251, 251, 254, 257, 259, 264, 264, 264, 266, 267, 268, 269, 269, 273, 274, 275, 275, 275, 275, 279, 283, 283, 283, 287, 288, 289, 289, 290, 290, 291, 297, 298, 303, 303, 305, 305, 305, 307, 307, 307, 308, 308, 308, 308, 309, 310, 310, 310, 311, 312, 313, 313, 313, 314, 314, 318, 321, 321, 321, 321, 321, 326, 330, 331, 332, 333, 335, 337, 341, 343, 345, 346, 349, 349, 352, 352, 352, 352, 353, 356, 356, 361, 364, 365, 368, 369, 370, 371, 372, 374, 375, 379, 379, 379]}
819 {0: [29, 29, 25, 25, 29, 26, 27, 28, 27, 27, 25, 25, 26, 27, 25, 25, 26, 26, 26, 26, 26, 25, 25, 25, 25, 26, 24, 25, 25, 23, 26, 26, 26, 27, 27, 29, 25, 26, 22, 23, 22, 22, 23, 22, 22, 23, 22, 22, 22, 22, 22, 22, 22, 22, 23, 22, 22, 22, 22, 23, 25, 23, 22, 23, 25, 25, 27, 24, 23, 24, 24, 25, 26, 26, 23, 22, 22, 22, 20, 24, 23, 23, 25, 26, 27, 26, 27, 26, 24, 26, 24, 24, 24, 24, 25, 25, 28, 26, 28, 30], 1: [240, 242, 246, 246, 247, 251, 251, 251, 254, 257, 259, 264, 264, 264, 266, 267, 268, 269, 269, 273, 274, 275, 275, 275, 275, 279, 283, 283, 283, 287, 288, 289, 289, 290, 290, 291, 297, 298, 303, 303, 305, 305, 305, 307, 307, 307, 308, 308, 308, 308, 309, 310, 310, 310, 311, 312, 313, 313, 313, 314, 314, 318, 321, 321, 321, 321, 321, 326, 330, 331, 332, 333, 335, 337, 341, 343, 345, 346, 349, 349, 352, 352, 352, 352, 353, 356, 356, 361, 364, 365, 368, 369, 370, 371, 372, 374, 375, 379, 379, 379]}
82 {0: [29, 29, 25, 25, 29, 26, 27, 28, 27, 27, 25, 25, 26, 27, 25, 25, 26, 26, 26, 26, 26, 25, 25, 25, 25, 26, 24, 25, 25, 23, 26, 26, 26, 27, 27, 29, 25, 26, 22, 23, 22, 22, 23, 22, 22, 23, 22, 22, 22, 22, 22, 22, 22, 22, 23, 22, 22, 22, 22, 23, 25, 23, 22, 23, 25, 25, 27, 24, 23, 24, 24, 25, 26, 26, 23, 22, 22, 22, 20, 24, 23, 23, 25, 26, 27, 26, 27, 26, 24, 26, 24, 24, 24, 24, 25, 25, 28, 26, 28, 30], 1: [240, 242, 246, 246, 247, 251, 251, 251, 254, 257, 259, 264, 264, 264, 266, 267, 268, 269, 269, 273, 274, 275, 275, 275, 275, 279, 283, 283, 283, 287, 288, 289, 289, 290, 290, 291, 297, 298, 303, 303, 305, 305, 305, 307, 307, 307, 308, 308, 308, 308, 309, 310, 310, 310, 311, 312, 313, 313, 313, 314, 314, 318, 321, 321, 321, 321, 321, 326, 330, 331, 332, 333, 335, 337, 341, 343, 345, 346, 349, 349, 352, 352, 352, 352, 353, 356, 356, 361, 364, 365, 368, 369, 370, 371, 372, 374, 375, 379, 379, 379]}
576 {0: [29, 29, 25, 25, 29, 26, 27, 28, 27, 27, 25, 25, 26, 27, 25, 25, 26, 26, 26, 26, 26, 25, 25, 25, 25, 26, 24, 25, 25, 23, 26, 26, 26, 27, 27, 29, 25, 26, 22, 23, 22, 22, 23, 22, 22, 23, 22, 22, 22, 22, 22, 22, 22, 22, 23, 22, 22, 22, 22, 23, 25, 23, 22, 23, 25, 25, 27, 24, 23, 24, 24, 25, 26, 26, 23, 22, 22, 22, 20, 24, 23, 23, 25, 26, 27, 26, 27, 26, 24, 26, 24, 24, 24, 24, 25, 25, 28, 26, 28, 30], 1: [240, 242, 246, 246, 247, 251, 251, 251, 254, 257, 259, 264, 264, 264, 266, 267, 268, 269, 269, 273, 274, 275, 275, 275, 275, 279, 283, 283, 283, 287, 288, 289, 289, 290, 290, 291, 297, 298, 303, 303, 305, 305, 305, 307, 307, 307, 308, 308, 308, 308, 309, 310, 310, 310, 311, 312, 313, 313, 313, 314, 314, 318, 321, 321, 321, 321, 321, 326, 330, 331, 332, 333, 335, 337, 341, 343, 345, 346, 349, 349, 352, 352, 352, 352, 353, 356, 356, 361, 364, 365, 368, 369, 370, 371, 372, 374, 375, 379, 379, 379]}
329 {0: [29, 29, 25, 25, 29, 26, 27, 28, 27, 27, 25, 25, 26, 27, 25, 25, 26, 26, 26, 26, 26, 25, 25, 25, 25, 26, 24, 25, 25, 23, 26, 26, 26, 27, 27, 29, 25, 26, 22, 23, 22, 22, 23, 22, 22, 23, 22, 22, 22, 22, 22, 22, 22, 22, 23, 22, 22, 22, 22, 23, 25, 23, 22, 23, 25, 25, 27, 24, 23, 24, 24, 25, 26, 26, 23, 22, 22, 22, 20, 24, 23, 23, 25, 26, 27, 26, 27, 26, 24, 26, 24, 24, 24, 24, 25, 25, 28, 26, 28, 30], 1: [240, 242, 246, 246, 247, 251, 251, 251, 254, 257, 259, 264, 264, 264, 266, 267, 268, 269, 269, 273, 274, 275, 275, 275, 275, 279, 283, 283, 283, 287, 288, 289, 289, 290, 290, 291, 297, 298, 303, 303, 305, 305, 305, 307, 307, 307, 308, 308, 308, 308, 309, 310, 310, 310, 311, 312, 313, 313, 313, 314, 314, 318, 321, 321, 321, 321, 321, 326, 330, 331, 332, 333, 335, 337, 341, 343, 345, 346, 349, 349, 352, 352, 352, 352, 353, 356, 356, 361, 364, 365, 368, 369, 370, 371, 372, 374, 375, 379, 379, 379]}
820 {0: [29, 29, 25, 25, 29, 26, 27, 28, 27, 27, 25, 25, 26, 27, 25, 25, 26, 26, 26, 26, 26, 25, 25, 25, 25, 26, 24, 25, 25, 23, 26, 26, 26, 27, 27, 29, 25, 26, 22, 23, 22, 22, 23, 22, 22, 23, 22, 22, 22, 22, 22, 22, 22, 22, 23, 22, 22, 22, 22, 23, 25, 23, 22, 23, 25, 25, 27, 24, 23, 24, 24, 25, 26, 26, 23, 22, 22, 22, 20, 24, 23, 23, 25, 26, 27, 26, 27, 26, 24, 26, 24, 24, 24, 24, 25, 25, 28, 26, 28, 30], 1: [240, 242, 246, 246, 247, 251, 251, 251, 254, 257, 259, 264, 264, 264, 266, 267, 268, 269, 269, 273, 274, 275, 275, 275, 275, 279, 283, 283, 283, 287, 288, 289, 289, 290, 290, 291, 297, 298, 303, 303, 305, 305, 305, 307, 307, 307, 308, 308, 308, 308, 309, 310, 310, 310, 311, 312, 313, 313, 313, 314, 314, 318, 321, 321, 321, 321, 321, 326, 330, 331, 332, 333, 335, 337, 341, 343, 345, 346, 349, 349, 352, 352, 352, 352, 353, 356, 356, 361, 364, 365, 368, 369, 370, 371, 372, 374, 375, 379, 379, 379]}
83 {0: [29, 29, 25, 25, 29, 26, 27, 28, 27, 27, 25, 25, 26, 27, 25, 25, 26, 26, 26, 26, 26, 25, 25, 25, 25, 26, 24, 25, 25, 23, 26, 26, 26, 27, 27, 29, 25, 26, 22, 23, 22, 22, 23, 22, 22, 23, 22, 22, 22, 22, 22, 22, 22, 22, 23, 22, 22, 22, 22, 23, 25, 23, 22, 23, 25, 25, 27, 24, 23, 24, 24, 25, 26, 26, 23, 22, 22, 22, 20, 24, 23, 23, 25, 26, 27, 26, 27, 26, 24, 26, 24, 24, 24, 24, 25, 25, 28, 26, 28, 30], 1: [240, 242, 246, 246, 247, 251, 251, 251, 254, 257, 259, 264, 264, 264, 266, 267, 268, 269, 269, 273, 274, 275, 275, 275, 275, 279, 283, 283, 283, 287, 288, 289, 289, 290, 290, 291, 297, 298, 303, 303, 305, 305, 305, 307, 307, 307, 308, 308, 308, 308, 309, 310, 310, 310, 311, 312, 313, 313, 313, 314, 314, 318, 321, 321, 321, 321, 321, 326, 330, 331, 332, 333, 335, 337, 341, 343, 345, 346, 349, 349, 352, 352, 352, 352, 353, 356, 356, 361, 364, 365, 368, 369, 370, 371, 372, 374, 375, 379, 379, 379]}
577 {0: [29, 29, 25, 25, 29, 26, 27, 28, 27, 27, 25, 25, 26, 27, 25, 25, 26, 26, 26, 26, 26, 25, 25, 25, 25, 26, 24, 25, 25, 23, 26, 26, 26, 27, 27, 29, 25, 26, 22, 23, 22, 22, 23, 22, 22, 23, 22, 22, 22, 22, 22, 22, 22, 22, 23, 22, 22, 22, 22, 23, 25, 23, 22, 23, 25, 25, 27, 24, 23, 24, 24, 25, 26, 26, 23, 22, 22, 22, 20, 24, 23, 23, 25, 26, 27, 26, 27, 26, 24, 26, 24, 24, 24, 24, 25, 25, 28, 26, 28, 30], 1: [240, 242, 246, 246, 247, 251, 251, 251, 254, 257, 259, 264, 264, 264, 266, 267, 268, 269, 269, 273, 274, 275, 275, 275, 275, 279, 283, 283, 283, 287, 288, 289, 289, 290, 290, 291, 297, 298, 303, 303, 305, 305, 305, 307, 307, 307, 308, 308, 308, 308, 309, 310, 310, 310, 311, 312, 313, 313, 313, 314, 314, 318, 321, 321, 321, 321, 321, 326, 330, 331, 332, 333, 335, 337, 341, 343, 345, 346, 349, 349, 352, 352, 352, 352, 353, 356, 356, 361, 364, 365, 368, 369, 370, 371, 372, 374, 375, 379, 379, 379]}
330 {0: [29, 29, 25, 25, 29, 26, 27, 28, 27, 27, 25, 25, 26, 27, 25, 25, 26, 26, 26, 26, 26, 25, 25, 25, 25, 26, 24, 25, 25, 23, 26, 26, 26, 27, 27, 29, 25, 26, 22, 23, 22, 22, 23, 22, 22, 23, 22, 22, 22, 22, 22, 22, 22, 22, 23, 22, 22, 22, 22, 23, 25, 23, 22, 23, 25, 25, 27, 24, 23, 24, 24, 25, 26, 26, 23, 22, 22, 22, 20, 24, 23, 23, 25, 26, 27, 26, 27, 26, 24, 26, 24, 24, 24, 24, 25, 25, 28, 26, 28, 30], 1: [240, 242, 246, 246, 247, 251, 251, 251, 254, 257, 259, 264, 264, 264, 266, 267, 268, 269, 269, 273, 274, 275, 275, 275, 275, 279, 283, 283, 283, 287, 288, 289, 289, 290, 290, 291, 297, 298, 303, 303, 305, 305, 305, 307, 307, 307, 308, 308, 308, 308, 309, 310, 310, 310, 311, 312, 313, 313, 313, 314, 314, 318, 321, 321, 321, 321, 321, 326, 330, 331, 332, 333, 335, 337, 341, 343, 345, 346, 349, 349, 352, 352, 352, 352, 353, 356, 356, 361, 364, 365, 368, 369, 370, 371, 372, 374, 375, 379, 379, 379]}
821 {0: [29, 29, 25, 25, 29, 26, 27, 28, 27, 27, 25, 25, 26, 27, 25, 25, 26, 26, 26, 26, 26, 25, 25, 25, 25, 26, 24, 25, 25, 23, 26, 26, 26, 27, 27, 29, 25, 26, 22, 23, 22, 22, 23, 22, 22, 23, 22, 22, 22, 22, 22, 22, 22, 22, 23, 22, 22, 22, 22, 23, 25, 23, 22, 23, 25, 25, 27, 24, 23, 24, 24, 25, 26, 26, 23, 22, 22, 22, 20, 24, 23, 23, 25, 26, 27, 26, 27, 26, 24, 26, 24, 24, 24, 24, 25, 25, 28, 26, 28, 30], 1: [240, 242, 246, 246, 247, 251, 251, 251, 254, 257, 259, 264, 264, 264, 266, 267, 268, 269, 269, 273, 274, 275, 275, 275, 275, 279, 283, 283, 283, 287, 288, 289, 289, 290, 290, 291, 297, 298, 303, 303, 305, 305, 305, 307, 307, 307, 308, 308, 308, 308, 309, 310, 310, 310, 311, 312, 313, 313, 313, 314, 314, 318, 321, 321, 321, 321, 321, 326, 330, 331, 332, 333, 335, 337, 341, 343, 345, 346, 349, 349, 352, 352, 352, 352, 353, 356, 356, 361, 364, 365, 368, 369, 370, 371, 372, 374, 375, 379, 379, 379]}
84 {0: [29, 29, 25, 25, 29, 26, 27, 28, 27, 27, 25, 25, 26, 27, 25, 25, 26, 26, 26, 26, 26, 25, 25, 25, 25, 26, 24, 25, 25, 23, 26, 26, 26, 27, 27, 29, 25, 26, 22, 23, 22, 22, 23, 22, 22, 23, 22, 22, 22, 22, 22, 22, 22, 22, 23, 22, 22, 22, 22, 23, 25, 23, 22, 23, 25, 25, 27, 24, 23, 24, 24, 25, 26, 26, 23, 22, 22, 22, 20, 24, 23, 23, 25, 26, 27, 26, 27, 26, 24, 26, 24, 24, 24, 24, 25, 25, 28, 26, 28, 30], 1: [240, 242, 246, 246, 247, 251, 251, 251, 254, 257, 259, 264, 264, 264, 266, 267, 268, 269, 269, 273, 274, 275, 275, 275, 275, 279, 283, 283, 283, 287, 288, 289, 289, 290, 290, 291, 297, 298, 303, 303, 305, 305, 305, 307, 307, 307, 308, 308, 308, 308, 309, 310, 310, 310, 311, 312, 313, 313, 313, 314, 314, 318, 321, 321, 321, 321, 321, 326, 330, 331, 332, 333, 335, 337, 341, 343, 345, 346, 349, 349, 352, 352, 352, 352, 353, 356, 356, 361, 364, 365, 368, 369, 370, 371, 372, 374, 375, 379, 379, 379]}
578 {0: [29, 29, 25, 25, 29, 26, 27, 28, 27, 27, 25, 25, 26, 27, 25, 25, 26, 26, 26, 26, 26, 25, 25, 25, 25, 26, 24, 25, 25, 23, 26, 26, 26, 27, 27, 29, 25, 26, 22, 23, 22, 22, 23, 22, 22, 23, 22, 22, 22, 22, 22, 22, 22, 22, 23, 22, 22, 22, 22, 23, 25, 23, 22, 23, 25, 25, 27, 24, 23, 24, 24, 25, 26, 26, 23, 22, 22, 22, 20, 24, 23, 23, 25, 26, 27, 26, 27, 26, 24, 26, 24, 24, 24, 24, 25, 25, 28, 26, 28, 30], 1: [240, 242, 246, 246, 247, 251, 251, 251, 254, 257, 259, 264, 264, 264, 266, 267, 268, 269, 269, 273, 274, 275, 275, 275, 275, 279, 283, 283, 283, 287, 288, 289, 289, 290, 290, 291, 297, 298, 303, 303, 305, 305, 305, 307, 307, 307, 308, 308, 308, 308, 309, 310, 310, 310, 311, 312, 313, 313, 313, 314, 314, 318, 321, 321, 321, 321, 321, 326, 330, 331, 332, 333, 335, 337, 341, 343, 345, 346, 349, 349, 352, 352, 352, 352, 353, 356, 356, 361, 364, 365, 368, 369, 370, 371, 372, 374, 375, 379, 379, 379]}
331 {0: [29, 29, 25, 25, 29, 26, 27, 28, 27, 27, 25, 25, 26, 27, 25, 25, 26, 26, 26, 26, 26, 25, 25, 25, 25, 26, 24, 25, 25, 23, 26, 26, 26, 27, 27, 29, 25, 26, 22, 23, 22, 22, 23, 22, 22, 23, 22, 22, 22, 22, 22, 22, 22, 22, 23, 22, 22, 22, 22, 23, 25, 23, 22, 23, 25, 25, 27, 24, 23, 24, 24, 25, 26, 26, 23, 22, 22, 22, 20, 24, 23, 23, 25, 26, 27, 26, 27, 26, 24, 26, 24, 24, 24, 24, 25, 25, 28, 26, 28, 30], 1: [240, 242, 246, 246, 247, 251, 251, 251, 254, 257, 259, 264, 264, 264, 266, 267, 268, 269, 269, 273, 274, 275, 275, 275, 275, 279, 283, 283, 283, 287, 288, 289, 289, 290, 290, 291, 297, 298, 303, 303, 305, 305, 305, 307, 307, 307, 308, 308, 308, 308, 309, 310, 310, 310, 311, 312, 313, 313, 313, 314, 314, 318, 321, 321, 321, 321, 321, 326, 330, 331, 332, 333, 335, 337, 341, 343, 345, 346, 349, 349, 352, 352, 352, 352, 353, 356, 356, 361, 364, 365, 368, 369, 370, 371, 372, 374, 375, 379, 379, 379]}
822 {0: [29, 29, 25, 25, 29, 26, 27, 28, 27, 27, 25, 25, 26, 27, 25, 25, 26, 26, 26, 26, 26, 25, 25, 25, 25, 26, 24, 25, 25, 23, 26, 26, 26, 27, 27, 29, 25, 26, 22, 23, 22, 22, 23, 22, 22, 23, 22, 22, 22, 22, 22, 22, 22, 22, 23, 22, 22, 22, 22, 23, 25, 23, 22, 23, 25, 25, 27, 24, 23, 24, 24, 25, 26, 26, 23, 22, 22, 22, 20, 24, 23, 23, 25, 26, 27, 26, 27, 26, 24, 26, 24, 24, 24, 24, 25, 25, 28, 26, 28, 30], 1: [240, 242, 246, 246, 247, 251, 251, 251, 254, 257, 259, 264, 264, 264, 266, 267, 268, 269, 269, 273, 274, 275, 275, 275, 275, 279, 283, 283, 283, 287, 288, 289, 289, 290, 290, 291, 297, 298, 303, 303, 305, 305, 305, 307, 307, 307, 308, 308, 308, 308, 309, 310, 310, 310, 311, 312, 313, 313, 313, 314, 314, 318, 321, 321, 321, 321, 321, 326, 330, 331, 332, 333, 335, 337, 341, 343, 345, 346, 349, 349, 352, 352, 352, 352, 353, 356, 356, 361, 364, 365, 368, 369, 370, 371, 372, 374, 375, 379, 379, 379]}
579 {0: [29, 29, 25, 25, 29, 26, 27, 28, 27, 27, 25, 25, 26, 27, 25, 25, 26, 26, 26, 26, 26, 25, 25, 25, 25, 26, 24, 25, 25, 23, 26, 26, 26, 27, 27, 29, 25, 26, 22, 23, 22, 22, 23, 22, 22, 23, 22, 22, 22, 22, 22, 22, 22, 22, 23, 22, 22, 22, 22, 23, 25, 23, 22, 23, 25, 25, 27, 24, 23, 24, 24, 25, 26, 26, 23, 22, 22, 22, 20, 24, 23, 23, 25, 26, 27, 26, 27, 26, 24, 26, 24, 24, 24, 24, 25, 25, 28, 26, 28, 30], 1: [240, 242, 246, 246, 247, 251, 251, 251, 254, 257, 259, 264, 264, 264, 266, 267, 268, 269, 269, 273, 274, 275, 275, 275, 275, 279, 283, 283, 283, 287, 288, 289, 289, 290, 290, 291, 297, 298, 303, 303, 305, 305, 305, 307, 307, 307, 308, 308, 308, 308, 309, 310, 310, 310, 311, 312, 313, 313, 313, 314, 314, 318, 321, 321, 321, 321, 321, 326, 330, 331, 332, 333, 335, 337, 341, 343, 345, 346, 349, 349, 352, 352, 352, 352, 353, 356, 356, 361, 364, 365, 368, 369, 370, 371, 372, 374, 375, 379, 379, 379]}
85 {0: [29, 29, 25, 25, 29, 26, 27, 28, 27, 27, 25, 25, 26, 27, 25, 25, 26, 26, 26, 26, 26, 25, 25, 25, 25, 26, 24, 25, 25, 23, 26, 26, 26, 27, 27, 29, 25, 26, 22, 23, 22, 22, 23, 22, 22, 23, 22, 22, 22, 22, 22, 22, 22, 22, 23, 22, 22, 22, 22, 23, 25, 23, 22, 23, 25, 25, 27, 24, 23, 24, 24, 25, 26, 26, 23, 22, 22, 22, 20, 24, 23, 23, 25, 26, 27, 26, 27, 26, 24, 26, 24, 24, 24, 24, 25, 25, 28, 26, 28, 30], 1: [240, 242, 246, 246, 247, 251, 251, 251, 254, 257, 259, 264, 264, 264, 266, 267, 268, 269, 269, 273, 274, 275, 275, 275, 275, 279, 283, 283, 283, 287, 288, 289, 289, 290, 290, 291, 297, 298, 303, 303, 305, 305, 305, 307, 307, 307, 308, 308, 308, 308, 309, 310, 310, 310, 311, 312, 313, 313, 313, 314, 314, 318, 321, 321, 321, 321, 321, 326, 330, 331, 332, 333, 335, 337, 341, 343, 345, 346, 349, 349, 352, 352, 352, 352, 353, 356, 356, 361, 364, 365, 368, 369, 370, 371, 372, 374, 375, 379, 379, 379]}
332 {0: [29, 29, 25, 25, 29, 26, 27, 28, 27, 27, 25, 25, 26, 27, 25, 25, 26, 26, 26, 26, 26, 25, 25, 25, 25, 26, 24, 25, 25, 23, 26, 26, 26, 27, 27, 29, 25, 26, 22, 23, 22, 22, 23, 22, 22, 23, 22, 22, 22, 22, 22, 22, 22, 22, 23, 22, 22, 22, 22, 23, 25, 23, 22, 23, 25, 25, 27, 24, 23, 24, 24, 25, 26, 26, 23, 22, 22, 22, 20, 24, 23, 23, 25, 26, 27, 26, 27, 26, 24, 26, 24, 24, 24, 24, 25, 25, 28, 26, 28, 30], 1: [240, 242, 246, 246, 247, 251, 251, 251, 254, 257, 259, 264, 264, 264, 266, 267, 268, 269, 269, 273, 274, 275, 275, 275, 275, 279, 283, 283, 283, 287, 288, 289, 289, 290, 290, 291, 297, 298, 303, 303, 305, 305, 305, 307, 307, 307, 308, 308, 308, 308, 309, 310, 310, 310, 311, 312, 313, 313, 313, 314, 314, 318, 321, 321, 321, 321, 321, 326, 330, 331, 332, 333, 335, 337, 341, 343, 345, 346, 349, 349, 352, 352, 352, 352, 353, 356, 356, 361, 364, 365, 368, 369, 370, 371, 372, 374, 375, 379, 379, 379]}
823 {0: [29, 29, 25, 25, 29, 26, 27, 28, 27, 27, 25, 25, 26, 27, 25, 25, 26, 26, 26, 26, 26, 25, 25, 25, 25, 26, 24, 25, 25, 23, 26, 26, 26, 27, 27, 29, 25, 26, 22, 23, 22, 22, 23, 22, 22, 23, 22, 22, 22, 22, 22, 22, 22, 22, 23, 22, 22, 22, 22, 23, 25, 23, 22, 23, 25, 25, 27, 24, 23, 24, 24, 25, 26, 26, 23, 22, 22, 22, 20, 24, 23, 23, 25, 26, 27, 26, 27, 26, 24, 26, 24, 24, 24, 24, 25, 25, 28, 26, 28, 30], 1: [240, 242, 246, 246, 247, 251, 251, 251, 254, 257, 259, 264, 264, 264, 266, 267, 268, 269, 269, 273, 274, 275, 275, 275, 275, 279, 283, 283, 283, 287, 288, 289, 289, 290, 290, 291, 297, 298, 303, 303, 305, 305, 305, 307, 307, 307, 308, 308, 308, 308, 309, 310, 310, 310, 311, 312, 313, 313, 313, 314, 314, 318, 321, 321, 321, 321, 321, 326, 330, 331, 332, 333, 335, 337, 341, 343, 345, 346, 349, 349, 352, 352, 352, 352, 353, 356, 356, 361, 364, 365, 368, 369, 370, 371, 372, 374, 375, 379, 379, 379]}
580 {0: [29, 29, 25, 25, 29, 26, 27, 28, 27, 27, 25, 25, 26, 27, 25, 25, 26, 26, 26, 26, 26, 25, 25, 25, 25, 26, 24, 25, 25, 23, 26, 26, 26, 27, 27, 29, 25, 26, 22, 23, 22, 22, 23, 22, 22, 23, 22, 22, 22, 22, 22, 22, 22, 22, 23, 22, 22, 22, 22, 23, 25, 23, 22, 23, 25, 25, 27, 24, 23, 24, 24, 25, 26, 26, 23, 22, 22, 22, 20, 24, 23, 23, 25, 26, 27, 26, 27, 26, 24, 26, 24, 24, 24, 24, 25, 25, 28, 26, 28, 30], 1: [240, 242, 246, 246, 247, 251, 251, 251, 254, 257, 259, 264, 264, 264, 266, 267, 268, 269, 269, 273, 274, 275, 275, 275, 275, 279, 283, 283, 283, 287, 288, 289, 289, 290, 290, 291, 297, 298, 303, 303, 305, 305, 305, 307, 307, 307, 308, 308, 308, 308, 309, 310, 310, 310, 311, 312, 313, 313, 313, 314, 314, 318, 321, 321, 321, 321, 321, 326, 330, 331, 332, 333, 335, 337, 341, 343, 345, 346, 349, 349, 352, 352, 352, 352, 353, 356, 356, 361, 364, 365, 368, 369, 370, 371, 372, 374, 375, 379, 379, 379]}
86 {0: [29, 29, 25, 25, 29, 26, 27, 28, 27, 27, 25, 25, 26, 27, 25, 25, 26, 26, 26, 26, 26, 25, 25, 25, 25, 26, 24, 25, 25, 23, 26, 26, 26, 27, 27, 29, 25, 26, 22, 23, 22, 22, 23, 22, 22, 23, 22, 22, 22, 22, 22, 22, 22, 22, 23, 22, 22, 22, 22, 23, 25, 23, 22, 23, 25, 25, 27, 24, 23, 24, 24, 25, 26, 26, 23, 22, 22, 22, 20, 24, 23, 23, 25, 26, 27, 26, 27, 26, 24, 26, 24, 24, 24, 24, 25, 25, 28, 26, 28, 30], 1: [240, 242, 246, 246, 247, 251, 251, 251, 254, 257, 259, 264, 264, 264, 266, 267, 268, 269, 269, 273, 274, 275, 275, 275, 275, 279, 283, 283, 283, 287, 288, 289, 289, 290, 290, 291, 297, 298, 303, 303, 305, 305, 305, 307, 307, 307, 308, 308, 308, 308, 309, 310, 310, 310, 311, 312, 313, 313, 313, 314, 314, 318, 321, 321, 321, 321, 321, 326, 330, 331, 332, 333, 335, 337, 341, 343, 345, 346, 349, 349, 352, 352, 352, 352, 353, 356, 356, 361, 364, 365, 368, 369, 370, 371, 372, 374, 375, 379, 379, 379]}
333 {0: [29, 29, 25, 25, 29, 26, 27, 28, 27, 27, 25, 25, 26, 27, 25, 25, 26, 26, 26, 26, 26, 25, 25, 25, 25, 26, 24, 25, 25, 23, 26, 26, 26, 27, 27, 29, 25, 26, 22, 23, 22, 22, 23, 22, 22, 23, 22, 22, 22, 22, 22, 22, 22, 22, 23, 22, 22, 22, 22, 23, 25, 23, 22, 23, 25, 25, 27, 24, 23, 24, 24, 25, 26, 26, 23, 22, 22, 22, 20, 24, 23, 23, 25, 26, 27, 26, 27, 26, 24, 26, 24, 24, 24, 24, 25, 25, 28, 26, 28, 30], 1: [240, 242, 246, 246, 247, 251, 251, 251, 254, 257, 259, 264, 264, 264, 266, 267, 268, 269, 269, 273, 274, 275, 275, 275, 275, 279, 283, 283, 283, 287, 288, 289, 289, 290, 290, 291, 297, 298, 303, 303, 305, 305, 305, 307, 307, 307, 308, 308, 308, 308, 309, 310, 310, 310, 311, 312, 313, 313, 313, 314, 314, 318, 321, 321, 321, 321, 321, 326, 330, 331, 332, 333, 335, 337, 341, 343, 345, 346, 349, 349, 352, 352, 352, 352, 353, 356, 356, 361, 364, 365, 368, 369, 370, 371, 372, 374, 375, 379, 379, 379]}
87 {0: [29, 29, 25, 25, 29, 26, 27, 28, 27, 27, 25, 25, 26, 27, 25, 25, 26, 26, 26, 26, 26, 25, 25, 25, 25, 26, 24, 25, 25, 23, 26, 26, 26, 27, 27, 29, 25, 26, 22, 23, 22, 22, 23, 22, 22, 23, 22, 22, 22, 22, 22, 22, 22, 22, 23, 22, 22, 22, 22, 23, 25, 23, 22, 23, 25, 25, 27, 24, 23, 24, 24, 25, 26, 26, 23, 22, 22, 22, 20, 24, 23, 23, 25, 26, 27, 26, 27, 26, 24, 26, 24, 24, 24, 24, 25, 25, 28, 26, 28, 30], 1: [240, 242, 246, 246, 247, 251, 251, 251, 254, 257, 259, 264, 264, 264, 266, 267, 268, 269, 269, 273, 274, 275, 275, 275, 275, 279, 283, 283, 283, 287, 288, 289, 289, 290, 290, 291, 297, 298, 303, 303, 305, 305, 305, 307, 307, 307, 308, 308, 308, 308, 309, 310, 310, 310, 311, 312, 313, 313, 313, 314, 314, 318, 321, 321, 321, 321, 321, 326, 330, 331, 332, 333, 335, 337, 341, 343, 345, 346, 349, 349, 352, 352, 352, 352, 353, 356, 356, 361, 364, 365, 368, 369, 370, 371, 372, 374, 375, 379, 379, 379]}
581 {0: [29, 29, 25, 25, 29, 26, 27, 28, 27, 27, 25, 25, 26, 27, 25, 25, 26, 26, 26, 26, 26, 25, 25, 25, 25, 26, 24, 25, 25, 23, 26, 26, 26, 27, 27, 29, 25, 26, 22, 23, 22, 22, 23, 22, 22, 23, 22, 22, 22, 22, 22, 22, 22, 22, 23, 22, 22, 22, 22, 23, 25, 23, 22, 23, 25, 25, 27, 24, 23, 24, 24, 25, 26, 26, 23, 22, 22, 22, 20, 24, 23, 23, 25, 26, 27, 26, 27, 26, 24, 26, 24, 24, 24, 24, 25, 25, 28, 26, 28, 30], 1: [240, 242, 246, 246, 247, 251, 251, 251, 254, 257, 259, 264, 264, 264, 266, 267, 268, 269, 269, 273, 274, 275, 275, 275, 275, 279, 283, 283, 283, 287, 288, 289, 289, 290, 290, 291, 297, 298, 303, 303, 305, 305, 305, 307, 307, 307, 308, 308, 308, 308, 309, 310, 310, 310, 311, 312, 313, 313, 313, 314, 314, 318, 321, 321, 321, 321, 321, 326, 330, 331, 332, 333, 335, 337, 341, 343, 345, 346, 349, 349, 352, 352, 352, 352, 353, 356, 356, 361, 364, 365, 368, 369, 370, 371, 372, 374, 375, 379, 379, 379]}
824 {0: [29, 29, 25, 25, 29, 26, 27, 28, 27, 27, 25, 25, 26, 27, 25, 25, 26, 26, 26, 26, 26, 25, 25, 25, 25, 26, 24, 25, 25, 23, 26, 26, 26, 27, 27, 29, 25, 26, 22, 23, 22, 22, 23, 22, 22, 23, 22, 22, 22, 22, 22, 22, 22, 22, 23, 22, 22, 22, 22, 23, 25, 23, 22, 23, 25, 25, 27, 24, 23, 24, 24, 25, 26, 26, 23, 22, 22, 22, 20, 24, 23, 23, 25, 26, 27, 26, 27, 26, 24, 26, 24, 24, 24, 24, 25, 25, 28, 26, 28, 30], 1: [240, 242, 246, 246, 247, 251, 251, 251, 254, 257, 259, 264, 264, 264, 266, 267, 268, 269, 269, 273, 274, 275, 275, 275, 275, 279, 283, 283, 283, 287, 288, 289, 289, 290, 290, 291, 297, 298, 303, 303, 305, 305, 305, 307, 307, 307, 308, 308, 308, 308, 309, 310, 310, 310, 311, 312, 313, 313, 313, 314, 314, 318, 321, 321, 321, 321, 321, 326, 330, 331, 332, 333, 335, 337, 341, 343, 345, 346, 349, 349, 352, 352, 352, 352, 353, 356, 356, 361, 364, 365, 368, 369, 370, 371, 372, 374, 375, 379, 379, 379]}
334 {0: [29, 29, 25, 25, 29, 26, 27, 28, 27, 27, 25, 25, 26, 27, 25, 25, 26, 26, 26, 26, 26, 25, 25, 25, 25, 26, 24, 25, 25, 23, 26, 26, 26, 27, 27, 29, 25, 26, 22, 23, 22, 22, 23, 22, 22, 23, 22, 22, 22, 22, 22, 22, 22, 22, 23, 22, 22, 22, 22, 23, 25, 23, 22, 23, 25, 25, 27, 24, 23, 24, 24, 25, 26, 26, 23, 22, 22, 22, 20, 24, 23, 23, 25, 26, 27, 26, 27, 26, 24, 26, 24, 24, 24, 24, 25, 25, 28, 26, 28, 30], 1: [240, 242, 246, 246, 247, 251, 251, 251, 254, 257, 259, 264, 264, 264, 266, 267, 268, 269, 269, 273, 274, 275, 275, 275, 275, 279, 283, 283, 283, 287, 288, 289, 289, 290, 290, 291, 297, 298, 303, 303, 305, 305, 305, 307, 307, 307, 308, 308, 308, 308, 309, 310, 310, 310, 311, 312, 313, 313, 313, 314, 314, 318, 321, 321, 321, 321, 321, 326, 330, 331, 332, 333, 335, 337, 341, 343, 345, 346, 349, 349, 352, 352, 352, 352, 353, 356, 356, 361, 364, 365, 368, 369, 370, 371, 372, 374, 375, 379, 379, 379]}
88 {0: [28, 29, 27, 25, 25, 26, 27, 28, 24, 25, 25, 26, 25, 26, 25, 26, 26, 26, 27, 26, 25, 25, 26, 25, 25, 26, 25, 28, 27, 28, 27, 25, 27, 26, 25, 28, 24, 22, 23, 22, 24, 24, 24, 24, 23, 25, 24, 24, 24, 25, 24, 26, 26, 26, 25, 28, 29, 29, 24, 25, 25, 25, 27, 26, 27, 27, 25, 27, 29, 27, 28, 28, 28, 29, 29, 29, 27, 27, 28, 29, 30, 30, 30, 30, 29, 27, 27, 28, 30, 31, 31, 29, 29, 29, 31, 31, 34, 28, 31, 34], 1: [239, 240, 243, 246, 246, 246, 246, 250, 256, 256, 257, 257, 260, 262, 266, 266, 267, 268, 270, 272, 276, 277, 277, 279, 280, 280, 281, 281, 283, 286, 291, 296, 298, 300, 301, 302, 308, 310, 310, 311, 313, 313, 313, 314, 315, 315, 317, 319, 321, 322, 323, 323, 325, 327, 328, 328, 331, 335, 340, 342, 343, 346, 347, 350, 353, 357, 360, 361, 363, 367, 368, 368, 369, 369, 370, 373, 376, 376, 377, 378, 383, 384, 385, 386, 388, 391, 394, 395, 396, 399, 402, 404, 406, 406, 407, 408, 409, 418, 418, 422]}
582 {0: [29, 29, 25, 25, 29, 26, 27, 28, 27, 27, 25, 25, 26, 27, 25, 25, 26, 26, 26, 26, 26, 25, 25, 25, 25, 26, 24, 25, 25, 23, 26, 26, 26, 27, 27, 29, 25, 26, 22, 23, 22, 22, 23, 22, 22, 23, 22, 22, 22, 22, 22, 22, 22, 22, 23, 22, 22, 22, 22, 23, 25, 23, 22, 23, 25, 25, 27, 24, 23, 24, 24, 25, 26, 26, 23, 22, 22, 22, 20, 24, 23, 23, 25, 26, 27, 26, 27, 26, 24, 26, 24, 24, 24, 24, 25, 25, 28, 26, 28, 30], 1: [240, 242, 246, 246, 247, 251, 251, 251, 254, 257, 259, 264, 264, 264, 266, 267, 268, 269, 269, 273, 274, 275, 275, 275, 275, 279, 283, 283, 283, 287, 288, 289, 289, 290, 290, 291, 297, 298, 303, 303, 305, 305, 305, 307, 307, 307, 308, 308, 308, 308, 309, 310, 310, 310, 311, 312, 313, 313, 313, 314, 314, 318, 321, 321, 321, 321, 321, 326, 330, 331, 332, 333, 335, 337, 341, 343, 345, 346, 349, 349, 352, 352, 352, 352, 353, 356, 356, 361, 364, 365, 368, 369, 370, 371, 372, 374, 375, 379, 379, 379]}
825 {0: [29, 29, 25, 25, 29, 26, 27, 28, 27, 27, 25, 25, 26, 27, 25, 25, 26, 26, 26, 26, 26, 25, 25, 25, 25, 26, 24, 25, 25, 23, 26, 26, 26, 27, 27, 29, 25, 26, 22, 23, 22, 22, 23, 22, 22, 23, 22, 22, 22, 22, 22, 22, 22, 22, 23, 22, 22, 22, 22, 23, 25, 23, 22, 23, 25, 25, 27, 24, 23, 24, 24, 25, 26, 26, 23, 22, 22, 22, 20, 24, 23, 23, 25, 26, 27, 26, 27, 26, 24, 26, 24, 24, 24, 24, 25, 25, 28, 26, 28, 30], 1: [240, 242, 246, 246, 247, 251, 251, 251, 254, 257, 259, 264, 264, 264, 266, 267, 268, 269, 269, 273, 274, 275, 275, 275, 275, 279, 283, 283, 283, 287, 288, 289, 289, 290, 290, 291, 297, 298, 303, 303, 305, 305, 305, 307, 307, 307, 308, 308, 308, 308, 309, 310, 310, 310, 311, 312, 313, 313, 313, 314, 314, 318, 321, 321, 321, 321, 321, 326, 330, 331, 332, 333, 335, 337, 341, 343, 345, 346, 349, 349, 352, 352, 352, 352, 353, 356, 356, 361, 364, 365, 368, 369, 370, 371, 372, 374, 375, 379, 379, 379]}
335 {0: [26, 28, 26, 25, 24, 26, 26, 24, 26, 23, 23, 24, 24, 25, 28, 26, 27, 26, 26, 24, 23, 23, 23, 23, 23, 24, 26, 26, 25, 25, 25, 25, 27, 27, 27, 29, 28, 25, 25, 26, 26, 27, 28, 28, 27, 27, 28, 29, 27, 26, 25, 23, 23, 26, 27, 26, 28, 30, 28, 29, 29, 30, 29, 29, 29, 29, 28, 28, 32, 30, 31, 32, 30, 29, 30, 28, 28, 29, 30, 30, 31, 29, 29, 29, 28, 30, 30, 28, 30, 31, 31, 30, 29, 29, 29, 29, 31, 32, 30, 31], 1: [240, 240, 243, 244, 245, 247, 248, 250, 250, 254, 254, 254, 256, 256, 258, 262, 262, 265, 266, 271, 273, 273, 273, 274, 276, 277, 277, 279, 281, 281, 281, 284, 284, 284, 286, 287, 291, 295, 295, 296, 297, 299, 301, 302, 306, 306, 306, 306, 310, 311, 314, 317, 318, 319, 323, 326, 327, 329, 332, 332, 335, 339, 345, 348, 351, 354, 356, 359, 360, 363, 366, 366, 372, 373, 373, 376, 377, 377, 380, 383, 388, 393, 394, 396, 398, 399, 401, 403, 403, 405, 406, 410, 412, 414, 417, 419, 420, 421, 424, 425]}
89 {0: [29, 29, 25, 25, 29, 26, 27, 28, 27, 27, 25, 25, 26, 27, 25, 25, 26, 26, 26, 26, 26, 25, 25, 25, 25, 26, 24, 25, 25, 23, 26, 26, 26, 27, 27, 29, 25, 26, 22, 23, 22, 22, 23, 22, 22, 23, 22, 22, 22, 22, 22, 22, 22, 22, 23, 22, 22, 22, 22, 23, 25, 23, 22, 23, 25, 25, 27, 24, 23, 24, 24, 25, 26, 26, 23, 22, 22, 22, 20, 24, 23, 23, 25, 26, 27, 26, 27, 26, 24, 26, 24, 24, 24, 24, 25, 25, 28, 26, 28, 30], 1: [240, 242, 246, 246, 247, 251, 251, 251, 254, 257, 259, 264, 264, 264, 266, 267, 268, 269, 269, 273, 274, 275, 275, 275, 275, 279, 283, 283, 283, 287, 288, 289, 289, 290, 290, 291, 297, 298, 303, 303, 305, 305, 305, 307, 307, 307, 308, 308, 308, 308, 309, 310, 310, 310, 311, 312, 313, 313, 313, 314, 314, 318, 321, 321, 321, 321, 321, 326, 330, 331, 332, 333, 335, 337, 341, 343, 345, 346, 349, 349, 352, 352, 352, 352, 353, 356, 356, 361, 364, 365, 368, 369, 370, 371, 372, 374, 375, 379, 379, 379]}
583 {0: [29, 29, 25, 25, 29, 26, 27, 28, 27, 27, 25, 25, 26, 27, 25, 25, 26, 26, 26, 26, 26, 25, 25, 25, 25, 26, 24, 25, 25, 23, 26, 26, 26, 27, 27, 29, 25, 26, 22, 23, 22, 22, 23, 22, 22, 23, 22, 22, 22, 22, 22, 22, 22, 22, 23, 22, 22, 22, 22, 23, 25, 23, 22, 23, 25, 25, 27, 24, 23, 24, 24, 25, 26, 26, 23, 22, 22, 22, 20, 24, 23, 23, 25, 26, 27, 26, 27, 26, 24, 26, 24, 24, 24, 24, 25, 25, 28, 26, 28, 30], 1: [240, 242, 246, 246, 247, 251, 251, 251, 254, 257, 259, 264, 264, 264, 266, 267, 268, 269, 269, 273, 274, 275, 275, 275, 275, 279, 283, 283, 283, 287, 288, 289, 289, 290, 290, 291, 297, 298, 303, 303, 305, 305, 305, 307, 307, 307, 308, 308, 308, 308, 309, 310, 310, 310, 311, 312, 313, 313, 313, 314, 314, 318, 321, 321, 321, 321, 321, 326, 330, 331, 332, 333, 335, 337, 341, 343, 345, 346, 349, 349, 352, 352, 352, 352, 353, 356, 356, 361, 364, 365, 368, 369, 370, 371, 372, 374, 375, 379, 379, 379]}
826 {0: [29, 29, 25, 25, 29, 26, 27, 28, 27, 27, 25, 25, 26, 27, 25, 25, 26, 26, 26, 26, 26, 25, 25, 25, 25, 26, 24, 25, 25, 23, 26, 26, 26, 27, 27, 29, 25, 26, 22, 23, 22, 22, 23, 22, 22, 23, 22, 22, 22, 22, 22, 22, 22, 22, 23, 22, 22, 22, 22, 23, 25, 23, 22, 23, 25, 25, 27, 24, 23, 24, 24, 25, 26, 26, 23, 22, 22, 22, 20, 24, 23, 23, 25, 26, 27, 26, 27, 26, 24, 26, 24, 24, 24, 24, 25, 25, 28, 26, 28, 30], 1: [240, 242, 246, 246, 247, 251, 251, 251, 254, 257, 259, 264, 264, 264, 266, 267, 268, 269, 269, 273, 274, 275, 275, 275, 275, 279, 283, 283, 283, 287, 288, 289, 289, 290, 290, 291, 297, 298, 303, 303, 305, 305, 305, 307, 307, 307, 308, 308, 308, 308, 309, 310, 310, 310, 311, 312, 313, 313, 313, 314, 314, 318, 321, 321, 321, 321, 321, 326, 330, 331, 332, 333, 335, 337, 341, 343, 345, 346, 349, 349, 352, 352, 352, 352, 353, 356, 356, 361, 364, 365, 368, 369, 370, 371, 372, 374, 375, 379, 379, 379]}
336 {0: [29, 29, 25, 25, 29, 26, 27, 28, 27, 27, 25, 25, 26, 27, 25, 25, 26, 26, 26, 26, 26, 25, 25, 25, 25, 26, 24, 25, 25, 23, 26, 26, 26, 27, 27, 29, 25, 26, 22, 23, 22, 22, 23, 22, 22, 23, 22, 22, 22, 22, 22, 22, 22, 22, 23, 22, 22, 22, 22, 23, 25, 23, 22, 23, 25, 25, 27, 24, 23, 24, 24, 25, 26, 26, 23, 22, 22, 22, 20, 24, 23, 23, 26, 27, 25, 26, 27, 27, 27, 29, 28, 26, 25, 25, 27, 28, 27, 29, 27, 30], 1: [240, 242, 246, 246, 247, 251, 251, 251, 254, 257, 259, 264, 264, 264, 266, 267, 268, 269, 269, 273, 274, 275, 275, 275, 275, 279, 283, 283, 283, 287, 288, 289, 289, 290, 290, 291, 297, 298, 303, 303, 305, 305, 305, 307, 307, 307, 308, 308, 308, 308, 309, 310, 310, 310, 311, 312, 313, 313, 313, 314, 314, 318, 321, 321, 321, 321, 321, 326, 330, 331, 332, 333, 335, 337, 341, 343, 345, 346, 349, 349, 352, 352, 353, 355, 358, 358, 358, 358, 360, 362, 365, 369, 373, 374, 374, 376, 379, 380, 383, 384]}
584 {0: [29, 29, 25, 25, 29, 26, 27, 28, 27, 27, 25, 25, 26, 27, 25, 25, 26, 26, 26, 26, 26, 25, 25, 25, 25, 26, 24, 25, 25, 23, 26, 26, 26, 27, 27, 29, 25, 26, 22, 23, 22, 22, 23, 22, 22, 23, 22, 22, 22, 22, 22, 22, 22, 22, 23, 22, 22, 22, 22, 23, 25, 23, 22, 23, 25, 25, 27, 24, 23, 24, 24, 25, 26, 26, 23, 22, 22, 22, 20, 24, 23, 23, 25, 26, 27, 26, 27, 26, 24, 26, 24, 24, 24, 24, 25, 25, 28, 26, 28, 30], 1: [240, 242, 246, 246, 247, 251, 251, 251, 254, 257, 259, 264, 264, 264, 266, 267, 268, 269, 269, 273, 274, 275, 275, 275, 275, 279, 283, 283, 283, 287, 288, 289, 289, 290, 290, 291, 297, 298, 303, 303, 305, 305, 305, 307, 307, 307, 308, 308, 308, 308, 309, 310, 310, 310, 311, 312, 313, 313, 313, 314, 314, 318, 321, 321, 321, 321, 321, 326, 330, 331, 332, 333, 335, 337, 341, 343, 345, 346, 349, 349, 352, 352, 352, 352, 353, 356, 356, 361, 364, 365, 368, 369, 370, 371, 372, 374, 375, 379, 379, 379]}
90 {0: [29, 29, 25, 25, 29, 26, 27, 28, 27, 27, 25, 25, 26, 27, 25, 25, 26, 26, 26, 26, 26, 25, 25, 25, 25, 26, 24, 25, 25, 23, 26, 26, 26, 27, 27, 29, 25, 26, 22, 23, 22, 22, 23, 22, 22, 23, 22, 22, 22, 22, 22, 22, 22, 22, 23, 22, 22, 22, 22, 23, 25, 23, 22, 23, 25, 25, 27, 24, 23, 24, 24, 25, 26, 26, 23, 22, 22, 22, 20, 24, 23, 23, 25, 26, 27, 26, 27, 26, 24, 26, 24, 24, 24, 24, 25, 25, 28, 26, 28, 30], 1: [240, 242, 246, 246, 247, 251, 251, 251, 254, 257, 259, 264, 264, 264, 266, 267, 268, 269, 269, 273, 274, 275, 275, 275, 275, 279, 283, 283, 283, 287, 288, 289, 289, 290, 290, 291, 297, 298, 303, 303, 305, 305, 305, 307, 307, 307, 308, 308, 308, 308, 309, 310, 310, 310, 311, 312, 313, 313, 313, 314, 314, 318, 321, 321, 321, 321, 321, 326, 330, 331, 332, 333, 335, 337, 341, 343, 345, 346, 349, 349, 352, 352, 352, 352, 353, 356, 356, 361, 364, 365, 368, 369, 370, 371, 372, 374, 375, 379, 379, 379]}
827 {0: [29, 29, 25, 25, 29, 26, 27, 28, 27, 27, 25, 25, 26, 27, 25, 25, 26, 26, 26, 26, 26, 25, 25, 25, 25, 26, 24, 25, 25, 23, 26, 26, 26, 27, 27, 29, 25, 26, 22, 23, 22, 22, 23, 22, 22, 23, 22, 22, 22, 22, 22, 22, 22, 22, 23, 22, 22, 22, 22, 23, 25, 23, 22, 23, 25, 25, 27, 24, 23, 24, 24, 25, 26, 26, 23, 22, 22, 22, 20, 24, 23, 23, 25, 26, 27, 26, 27, 26, 24, 26, 24, 24, 24, 24, 25, 25, 28, 26, 28, 30], 1: [240, 242, 246, 246, 247, 251, 251, 251, 254, 257, 259, 264, 264, 264, 266, 267, 268, 269, 269, 273, 274, 275, 275, 275, 275, 279, 283, 283, 283, 287, 288, 289, 289, 290, 290, 291, 297, 298, 303, 303, 305, 305, 305, 307, 307, 307, 308, 308, 308, 308, 309, 310, 310, 310, 311, 312, 313, 313, 313, 314, 314, 318, 321, 321, 321, 321, 321, 326, 330, 331, 332, 333, 335, 337, 341, 343, 345, 346, 349, 349, 352, 352, 352, 352, 353, 356, 356, 361, 364, 365, 368, 369, 370, 371, 372, 374, 375, 379, 379, 379]}
337 {0: [29, 29, 25, 25, 29, 26, 27, 28, 27, 27, 25, 25, 26, 27, 25, 25, 26, 26, 26, 26, 26, 25, 25, 25, 25, 26, 24, 25, 25, 23, 26, 26, 26, 27, 27, 29, 25, 26, 22, 23, 22, 22, 23, 22, 22, 23, 22, 22, 22, 22, 22, 22, 22, 22, 23, 22, 22, 22, 22, 23, 25, 23, 22, 23, 25, 25, 27, 24, 23, 24, 24, 25, 26, 26, 23, 22, 22, 22, 20, 24, 23, 23, 25, 26, 27, 26, 27, 26, 24, 26, 24, 24, 24, 24, 25, 25, 28, 26, 28, 30], 1: [240, 242, 246, 246, 247, 251, 251, 251, 254, 257, 259, 264, 264, 264, 266, 267, 268, 269, 269, 273, 274, 275, 275, 275, 275, 279, 283, 283, 283, 287, 288, 289, 289, 290, 290, 291, 297, 298, 303, 303, 305, 305, 305, 307, 307, 307, 308, 308, 308, 308, 309, 310, 310, 310, 311, 312, 313, 313, 313, 314, 314, 318, 321, 321, 321, 321, 321, 326, 330, 331, 332, 333, 335, 337, 341, 343, 345, 346, 349, 349, 352, 352, 352, 352, 353, 356, 356, 361, 364, 365, 368, 369, 370, 371, 372, 374, 375, 379, 379, 379]}
91 {0: [29, 29, 25, 25, 29, 26, 27, 28, 27, 27, 25, 25, 26, 27, 25, 25, 26, 26, 26, 26, 26, 25, 25, 25, 25, 26, 24, 25, 25, 23, 26, 26, 26, 27, 27, 29, 25, 26, 22, 23, 22, 22, 23, 22, 22, 23, 22, 22, 22, 22, 22, 22, 22, 22, 23, 22, 22, 22, 22, 23, 25, 23, 22, 23, 25, 25, 27, 24, 23, 24, 24, 25, 26, 26, 23, 22, 22, 22, 20, 24, 23, 23, 25, 26, 27, 26, 27, 26, 24, 26, 24, 24, 24, 24, 25, 25, 28, 26, 28, 30], 1: [240, 242, 246, 246, 247, 251, 251, 251, 254, 257, 259, 264, 264, 264, 266, 267, 268, 269, 269, 273, 274, 275, 275, 275, 275, 279, 283, 283, 283, 287, 288, 289, 289, 290, 290, 291, 297, 298, 303, 303, 305, 305, 305, 307, 307, 307, 308, 308, 308, 308, 309, 310, 310, 310, 311, 312, 313, 313, 313, 314, 314, 318, 321, 321, 321, 321, 321, 326, 330, 331, 332, 333, 335, 337, 341, 343, 345, 346, 349, 349, 352, 352, 352, 352, 353, 356, 356, 361, 364, 365, 368, 369, 370, 371, 372, 374, 375, 379, 379, 379]}
585 {0: [29, 29, 25, 25, 29, 26, 27, 28, 27, 27, 25, 25, 26, 27, 25, 25, 26, 26, 26, 26, 26, 25, 25, 25, 25, 26, 24, 25, 25, 23, 26, 26, 26, 27, 27, 29, 25, 26, 22, 23, 22, 22, 23, 22, 22, 23, 22, 22, 22, 22, 22, 22, 22, 22, 23, 22, 22, 22, 22, 23, 25, 23, 22, 23, 25, 25, 27, 24, 23, 24, 24, 25, 26, 26, 23, 22, 22, 22, 20, 24, 23, 23, 25, 26, 27, 26, 27, 26, 24, 26, 24, 24, 24, 24, 25, 25, 28, 26, 28, 30], 1: [240, 242, 246, 246, 247, 251, 251, 251, 254, 257, 259, 264, 264, 264, 266, 267, 268, 269, 269, 273, 274, 275, 275, 275, 275, 279, 283, 283, 283, 287, 288, 289, 289, 290, 290, 291, 297, 298, 303, 303, 305, 305, 305, 307, 307, 307, 308, 308, 308, 308, 309, 310, 310, 310, 311, 312, 313, 313, 313, 314, 314, 318, 321, 321, 321, 321, 321, 326, 330, 331, 332, 333, 335, 337, 341, 343, 345, 346, 349, 349, 352, 352, 352, 352, 353, 356, 356, 361, 364, 365, 368, 369, 370, 371, 372, 374, 375, 379, 379, 379]}
828 {0: [29, 29, 25, 25, 29, 26, 27, 28, 27, 27, 25, 25, 26, 27, 25, 25, 26, 26, 26, 26, 26, 25, 25, 25, 25, 26, 24, 25, 25, 23, 26, 26, 26, 27, 27, 29, 25, 26, 22, 23, 22, 22, 23, 22, 22, 23, 22, 22, 22, 22, 22, 22, 22, 22, 23, 22, 22, 22, 22, 23, 25, 23, 22, 23, 25, 25, 27, 24, 23, 24, 24, 25, 26, 26, 23, 22, 22, 22, 20, 24, 23, 23, 25, 26, 27, 26, 27, 26, 24, 26, 24, 24, 24, 24, 25, 25, 28, 26, 28, 30], 1: [240, 242, 246, 246, 247, 251, 251, 251, 254, 257, 259, 264, 264, 264, 266, 267, 268, 269, 269, 273, 274, 275, 275, 275, 275, 279, 283, 283, 283, 287, 288, 289, 289, 290, 290, 291, 297, 298, 303, 303, 305, 305, 305, 307, 307, 307, 308, 308, 308, 308, 309, 310, 310, 310, 311, 312, 313, 313, 313, 314, 314, 318, 321, 321, 321, 321, 321, 326, 330, 331, 332, 333, 335, 337, 341, 343, 345, 346, 349, 349, 352, 352, 352, 352, 353, 356, 356, 361, 364, 365, 368, 369, 370, 371, 372, 374, 375, 379, 379, 379]}
338 {0: [29, 29, 25, 25, 29, 26, 27, 28, 27, 27, 25, 25, 26, 27, 25, 25, 26, 26, 26, 26, 26, 25, 25, 25, 25, 26, 24, 25, 25, 23, 26, 26, 26, 27, 27, 29, 25, 26, 22, 23, 22, 22, 23, 22, 22, 23, 22, 22, 22, 22, 22, 22, 22, 22, 23, 22, 22, 22, 22, 23, 25, 23, 22, 23, 25, 25, 27, 24, 23, 24, 24, 25, 26, 26, 23, 22, 22, 22, 20, 24, 23, 23, 26, 27, 25, 26, 27, 27, 27, 29, 28, 26, 25, 25, 27, 28, 27, 29, 27, 30], 1: [240, 242, 246, 246, 247, 251, 251, 251, 254, 257, 259, 264, 264, 264, 266, 267, 268, 269, 269, 273, 274, 275, 275, 275, 275, 279, 283, 283, 283, 287, 288, 289, 289, 290, 290, 291, 297, 298, 303, 303, 305, 305, 305, 307, 307, 307, 308, 308, 308, 308, 309, 310, 310, 310, 311, 312, 313, 313, 313, 314, 314, 318, 321, 321, 321, 321, 321, 326, 330, 331, 332, 333, 335, 337, 341, 343, 345, 346, 349, 349, 352, 352, 353, 355, 358, 358, 358, 358, 360, 362, 365, 369, 373, 374, 374, 376, 379, 380, 383, 384]}
92 {0: [29, 29, 25, 25, 29, 26, 27, 28, 27, 27, 25, 25, 26, 27, 25, 25, 26, 26, 26, 26, 26, 25, 25, 25, 25, 26, 24, 25, 25, 23, 26, 26, 26, 27, 27, 29, 25, 26, 22, 23, 22, 22, 23, 22, 22, 23, 22, 22, 22, 22, 22, 22, 22, 22, 23, 22, 22, 22, 22, 23, 25, 23, 22, 23, 25, 25, 27, 24, 23, 24, 24, 25, 26, 26, 23, 22, 22, 22, 20, 24, 23, 23, 25, 26, 27, 26, 27, 26, 24, 26, 24, 24, 24, 24, 25, 25, 28, 26, 28, 30], 1: [240, 242, 246, 246, 247, 251, 251, 251, 254, 257, 259, 264, 264, 264, 266, 267, 268, 269, 269, 273, 274, 275, 275, 275, 275, 279, 283, 283, 283, 287, 288, 289, 289, 290, 290, 291, 297, 298, 303, 303, 305, 305, 305, 307, 307, 307, 308, 308, 308, 308, 309, 310, 310, 310, 311, 312, 313, 313, 313, 314, 314, 318, 321, 321, 321, 321, 321, 326, 330, 331, 332, 333, 335, 337, 341, 343, 345, 346, 349, 349, 352, 352, 352, 352, 353, 356, 356, 361, 364, 365, 368, 369, 370, 371, 372, 374, 375, 379, 379, 379]}
586 {0: [29, 29, 25, 25, 29, 26, 27, 28, 27, 27, 25, 25, 26, 27, 25, 25, 26, 26, 26, 26, 26, 25, 25, 25, 25, 26, 24, 25, 25, 23, 26, 26, 26, 27, 27, 29, 25, 26, 22, 23, 22, 22, 23, 22, 22, 23, 22, 22, 22, 22, 22, 22, 22, 22, 23, 22, 22, 22, 22, 23, 25, 23, 22, 23, 25, 25, 27, 24, 23, 24, 24, 25, 26, 26, 23, 22, 22, 22, 20, 24, 23, 23, 25, 26, 27, 26, 27, 26, 24, 26, 24, 24, 24, 24, 25, 25, 28, 26, 28, 30], 1: [240, 242, 246, 246, 247, 251, 251, 251, 254, 257, 259, 264, 264, 264, 266, 267, 268, 269, 269, 273, 274, 275, 275, 275, 275, 279, 283, 283, 283, 287, 288, 289, 289, 290, 290, 291, 297, 298, 303, 303, 305, 305, 305, 307, 307, 307, 308, 308, 308, 308, 309, 310, 310, 310, 311, 312, 313, 313, 313, 314, 314, 318, 321, 321, 321, 321, 321, 326, 330, 331, 332, 333, 335, 337, 341, 343, 345, 346, 349, 349, 352, 352, 352, 352, 353, 356, 356, 361, 364, 365, 368, 369, 370, 371, 372, 374, 375, 379, 379, 379]}
829 {0: [29, 29, 25, 25, 29, 26, 27, 28, 27, 27, 25, 25, 26, 27, 25, 25, 26, 26, 26, 26, 26, 25, 25, 25, 25, 26, 24, 25, 25, 23, 26, 26, 26, 27, 27, 29, 25, 26, 22, 23, 22, 22, 23, 22, 22, 23, 22, 22, 22, 22, 22, 22, 22, 22, 23, 22, 22, 22, 22, 23, 25, 23, 22, 23, 25, 25, 27, 24, 23, 24, 24, 25, 26, 26, 23, 22, 22, 22, 20, 24, 23, 23, 25, 26, 27, 26, 27, 26, 24, 26, 24, 24, 24, 24, 25, 25, 28, 26, 28, 30], 1: [240, 242, 246, 246, 247, 251, 251, 251, 254, 257, 259, 264, 264, 264, 266, 267, 268, 269, 269, 273, 274, 275, 275, 275, 275, 279, 283, 283, 283, 287, 288, 289, 289, 290, 290, 291, 297, 298, 303, 303, 305, 305, 305, 307, 307, 307, 308, 308, 308, 308, 309, 310, 310, 310, 311, 312, 313, 313, 313, 314, 314, 318, 321, 321, 321, 321, 321, 326, 330, 331, 332, 333, 335, 337, 341, 343, 345, 346, 349, 349, 352, 352, 352, 352, 353, 356, 356, 361, 364, 365, 368, 369, 370, 371, 372, 374, 375, 379, 379, 379]}
339 {0: [29, 29, 25, 25, 29, 26, 27, 28, 27, 27, 25, 25, 26, 27, 25, 25, 26, 26, 26, 26, 26, 25, 25, 25, 25, 26, 24, 25, 25, 23, 26, 26, 26, 27, 27, 29, 25, 26, 22, 23, 22, 22, 23, 22, 22, 23, 22, 22, 22, 22, 22, 22, 22, 22, 23, 22, 22, 22, 22, 23, 25, 23, 22, 23, 25, 25, 27, 24, 23, 24, 24, 25, 26, 26, 23, 22, 22, 22, 20, 24, 23, 23, 26, 27, 25, 26, 27, 27, 27, 29, 28, 26, 25, 25, 27, 28, 27, 29, 27, 30], 1: [240, 242, 246, 246, 247, 251, 251, 251, 254, 257, 259, 264, 264, 264, 266, 267, 268, 269, 269, 273, 274, 275, 275, 275, 275, 279, 283, 283, 283, 287, 288, 289, 289, 290, 290, 291, 297, 298, 303, 303, 305, 305, 305, 307, 307, 307, 308, 308, 308, 308, 309, 310, 310, 310, 311, 312, 313, 313, 313, 314, 314, 318, 321, 321, 321, 321, 321, 326, 330, 331, 332, 333, 335, 337, 341, 343, 345, 346, 349, 349, 352, 352, 353, 355, 358, 358, 358, 358, 360, 362, 365, 369, 373, 374, 374, 376, 379, 380, 383, 384]}
93 {0: [29, 29, 25, 25, 29, 26, 27, 28, 27, 27, 25, 25, 26, 27, 25, 25, 26, 26, 26, 26, 26, 25, 25, 25, 25, 26, 24, 25, 25, 23, 26, 26, 26, 27, 27, 29, 25, 26, 22, 23, 22, 22, 23, 22, 22, 23, 22, 22, 22, 22, 22, 22, 22, 22, 23, 22, 22, 22, 22, 23, 25, 23, 22, 23, 25, 25, 27, 24, 23, 24, 24, 25, 26, 26, 23, 22, 22, 22, 20, 24, 23, 23, 25, 26, 27, 26, 27, 26, 24, 26, 24, 24, 24, 24, 25, 25, 28, 26, 28, 30], 1: [240, 242, 246, 246, 247, 251, 251, 251, 254, 257, 259, 264, 264, 264, 266, 267, 268, 269, 269, 273, 274, 275, 275, 275, 275, 279, 283, 283, 283, 287, 288, 289, 289, 290, 290, 291, 297, 298, 303, 303, 305, 305, 305, 307, 307, 307, 308, 308, 308, 308, 309, 310, 310, 310, 311, 312, 313, 313, 313, 314, 314, 318, 321, 321, 321, 321, 321, 326, 330, 331, 332, 333, 335, 337, 341, 343, 345, 346, 349, 349, 352, 352, 352, 352, 353, 356, 356, 361, 364, 365, 368, 369, 370, 371, 372, 374, 375, 379, 379, 379]}
587 {0: [29, 29, 25, 25, 29, 26, 27, 28, 27, 27, 25, 25, 26, 27, 25, 25, 26, 26, 26, 26, 26, 25, 25, 25, 25, 26, 24, 25, 25, 23, 26, 26, 26, 27, 27, 29, 25, 26, 22, 23, 22, 22, 23, 22, 22, 23, 22, 22, 22, 22, 22, 22, 22, 22, 23, 22, 22, 22, 22, 23, 25, 23, 22, 23, 25, 25, 27, 24, 23, 24, 24, 25, 26, 26, 23, 22, 22, 22, 20, 24, 23, 23, 25, 26, 27, 26, 27, 26, 24, 26, 24, 24, 24, 24, 25, 25, 28, 26, 28, 30], 1: [240, 242, 246, 246, 247, 251, 251, 251, 254, 257, 259, 264, 264, 264, 266, 267, 268, 269, 269, 273, 274, 275, 275, 275, 275, 279, 283, 283, 283, 287, 288, 289, 289, 290, 290, 291, 297, 298, 303, 303, 305, 305, 305, 307, 307, 307, 308, 308, 308, 308, 309, 310, 310, 310, 311, 312, 313, 313, 313, 314, 314, 318, 321, 321, 321, 321, 321, 326, 330, 331, 332, 333, 335, 337, 341, 343, 345, 346, 349, 349, 352, 352, 352, 352, 353, 356, 356, 361, 364, 365, 368, 369, 370, 371, 372, 374, 375, 379, 379, 379]}
830 {0: [29, 29, 25, 25, 29, 26, 27, 28, 27, 27, 25, 25, 26, 27, 25, 25, 26, 26, 26, 26, 26, 25, 25, 25, 25, 26, 24, 25, 25, 23, 26, 26, 26, 27, 27, 29, 25, 26, 22, 23, 22, 22, 23, 22, 22, 23, 22, 22, 22, 22, 22, 22, 22, 22, 23, 22, 22, 22, 22, 23, 25, 23, 22, 23, 25, 25, 27, 24, 23, 24, 24, 25, 26, 26, 23, 22, 22, 22, 20, 24, 23, 23, 25, 26, 27, 26, 27, 26, 24, 26, 24, 24, 24, 24, 25, 25, 28, 26, 28, 30], 1: [240, 242, 246, 246, 247, 251, 251, 251, 254, 257, 259, 264, 264, 264, 266, 267, 268, 269, 269, 273, 274, 275, 275, 275, 275, 279, 283, 283, 283, 287, 288, 289, 289, 290, 290, 291, 297, 298, 303, 303, 305, 305, 305, 307, 307, 307, 308, 308, 308, 308, 309, 310, 310, 310, 311, 312, 313, 313, 313, 314, 314, 318, 321, 321, 321, 321, 321, 326, 330, 331, 332, 333, 335, 337, 341, 343, 345, 346, 349, 349, 352, 352, 352, 352, 353, 356, 356, 361, 364, 365, 368, 369, 370, 371, 372, 374, 375, 379, 379, 379]}
340 {0: [29, 31, 28, 28, 24, 26, 26, 26, 26, 26, 27, 28, 27, 28, 27, 28, 28, 30, 28, 28, 29, 27, 27, 26, 29, 25, 26, 28, 29, 28, 28, 28, 28, 27, 27, 27, 25, 26, 28, 28, 28, 25, 26, 27, 26, 27, 28, 25, 25, 25, 26, 26, 26, 25, 23, 23, 24, 24, 24, 23, 24, 24, 26, 24, 24, 24, 23, 23, 28, 26, 25, 26, 27, 27, 22, 22, 22, 22, 23, 25, 24, 26, 25, 26, 28, 24, 23, 22, 22, 21, 22, 21, 22, 23, 25, 26, 25, 27, 28, 25], 1: [239, 242, 247, 250, 255, 255, 257, 258, 259, 261, 262, 263, 264, 264, 267, 268, 270, 271, 276, 278, 281, 285, 287, 290, 291, 296, 297, 299, 300, 304, 307, 309, 309, 311, 311, 312, 315, 315, 315, 316, 318, 321, 324, 327, 330, 330, 333, 336, 341, 341, 343, 345, 348, 352, 354, 354, 357, 358, 360, 362, 362, 365, 365, 369, 370, 370, 373, 373, 373, 377, 378, 378, 380, 382, 388, 390, 392, 393, 394, 397, 398, 398, 401, 401, 402, 407, 412, 413, 414, 415, 415, 417, 419, 422, 423, 425, 428, 428, 429, 433]}
94 {0: [29, 29, 25, 25, 29, 26, 27, 28, 27, 27, 25, 25, 26, 27, 25, 25, 26, 26, 26, 26, 26, 25, 25, 25, 25, 26, 24, 25, 25, 23, 26, 26, 26, 27, 27, 29, 25, 26, 22, 23, 22, 22, 23, 22, 22, 23, 22, 22, 22, 22, 22, 22, 22, 22, 23, 22, 22, 22, 22, 23, 25, 23, 22, 23, 25, 25, 27, 24, 23, 24, 24, 25, 26, 26, 23, 22, 22, 22, 20, 24, 23, 23, 25, 26, 27, 26, 27, 26, 24, 26, 24, 24, 24, 24, 25, 25, 28, 26, 28, 30], 1: [240, 242, 246, 246, 247, 251, 251, 251, 254, 257, 259, 264, 264, 264, 266, 267, 268, 269, 269, 273, 274, 275, 275, 275, 275, 279, 283, 283, 283, 287, 288, 289, 289, 290, 290, 291, 297, 298, 303, 303, 305, 305, 305, 307, 307, 307, 308, 308, 308, 308, 309, 310, 310, 310, 311, 312, 313, 313, 313, 314, 314, 318, 321, 321, 321, 321, 321, 326, 330, 331, 332, 333, 335, 337, 341, 343, 345, 346, 349, 349, 352, 352, 352, 352, 353, 356, 356, 361, 364, 365, 368, 369, 370, 371, 372, 374, 375, 379, 379, 379]}
588 {0: [29, 29, 25, 25, 29, 26, 27, 28, 27, 27, 25, 25, 26, 27, 25, 25, 26, 26, 26, 26, 26, 25, 25, 25, 25, 26, 24, 25, 25, 23, 26, 26, 26, 27, 27, 29, 25, 26, 22, 23, 22, 22, 23, 22, 22, 23, 22, 22, 22, 22, 22, 22, 22, 22, 23, 22, 22, 22, 22, 23, 25, 23, 22, 23, 25, 25, 27, 24, 23, 24, 24, 25, 26, 26, 23, 22, 22, 22, 20, 24, 23, 23, 25, 26, 27, 26, 27, 26, 24, 26, 24, 24, 24, 24, 25, 25, 28, 26, 28, 30], 1: [240, 242, 246, 246, 247, 251, 251, 251, 254, 257, 259, 264, 264, 264, 266, 267, 268, 269, 269, 273, 274, 275, 275, 275, 275, 279, 283, 283, 283, 287, 288, 289, 289, 290, 290, 291, 297, 298, 303, 303, 305, 305, 305, 307, 307, 307, 308, 308, 308, 308, 309, 310, 310, 310, 311, 312, 313, 313, 313, 314, 314, 318, 321, 321, 321, 321, 321, 326, 330, 331, 332, 333, 335, 337, 341, 343, 345, 346, 349, 349, 352, 352, 352, 352, 353, 356, 356, 361, 364, 365, 368, 369, 370, 371, 372, 374, 375, 379, 379, 379]}
831 {0: [29, 29, 25, 25, 29, 26, 27, 28, 27, 27, 25, 25, 26, 27, 25, 25, 26, 26, 26, 26, 26, 25, 25, 25, 25, 26, 24, 25, 25, 23, 26, 26, 26, 27, 27, 29, 25, 26, 22, 23, 22, 22, 23, 22, 22, 23, 22, 22, 22, 22, 22, 22, 22, 22, 23, 22, 22, 22, 22, 23, 25, 23, 22, 23, 25, 25, 27, 24, 23, 24, 24, 25, 26, 26, 23, 22, 22, 22, 20, 24, 23, 23, 25, 26, 27, 26, 27, 26, 24, 26, 24, 24, 24, 24, 25, 25, 28, 26, 28, 30], 1: [240, 242, 246, 246, 247, 251, 251, 251, 254, 257, 259, 264, 264, 264, 266, 267, 268, 269, 269, 273, 274, 275, 275, 275, 275, 279, 283, 283, 283, 287, 288, 289, 289, 290, 290, 291, 297, 298, 303, 303, 305, 305, 305, 307, 307, 307, 308, 308, 308, 308, 309, 310, 310, 310, 311, 312, 313, 313, 313, 314, 314, 318, 321, 321, 321, 321, 321, 326, 330, 331, 332, 333, 335, 337, 341, 343, 345, 346, 349, 349, 352, 352, 352, 352, 353, 356, 356, 361, 364, 365, 368, 369, 370, 371, 372, 374, 375, 379, 379, 379]}
341 {0: [29, 29, 25, 25, 29, 26, 27, 28, 27, 27, 25, 25, 26, 27, 25, 25, 26, 26, 26, 26, 26, 25, 25, 25, 25, 26, 24, 25, 25, 23, 26, 26, 26, 27, 27, 29, 25, 26, 22, 23, 22, 22, 23, 22, 22, 23, 22, 22, 22, 22, 22, 22, 22, 22, 23, 22, 22, 22, 22, 23, 25, 23, 22, 23, 25, 25, 27, 24, 23, 24, 24, 25, 26, 26, 23, 22, 22, 22, 20, 24, 23, 23, 25, 26, 27, 26, 27, 26, 24, 26, 24, 24, 24, 24, 25, 25, 28, 26, 28, 30], 1: [240, 242, 246, 246, 247, 251, 251, 251, 254, 257, 259, 264, 264, 264, 266, 267, 268, 269, 269, 273, 274, 275, 275, 275, 275, 279, 283, 283, 283, 287, 288, 289, 289, 290, 290, 291, 297, 298, 303, 303, 305, 305, 305, 307, 307, 307, 308, 308, 308, 308, 309, 310, 310, 310, 311, 312, 313, 313, 313, 314, 314, 318, 321, 321, 321, 321, 321, 326, 330, 331, 332, 333, 335, 337, 341, 343, 345, 346, 349, 349, 352, 352, 352, 352, 353, 356, 356, 361, 364, 365, 368, 369, 370, 371, 372, 374, 375, 379, 379, 379]}
95 {0: [29, 29, 25, 25, 29, 26, 27, 28, 27, 27, 25, 25, 26, 27, 25, 25, 26, 26, 26, 26, 26, 25, 25, 25, 25, 26, 24, 25, 25, 23, 26, 26, 26, 27, 27, 29, 25, 26, 22, 23, 22, 22, 23, 22, 22, 23, 22, 22, 22, 22, 22, 22, 22, 22, 23, 22, 22, 22, 22, 23, 25, 23, 22, 23, 25, 25, 27, 24, 23, 24, 24, 25, 26, 26, 23, 22, 22, 22, 20, 24, 23, 23, 25, 26, 27, 26, 27, 26, 24, 26, 24, 24, 24, 24, 25, 25, 28, 26, 28, 30], 1: [240, 242, 246, 246, 247, 251, 251, 251, 254, 257, 259, 264, 264, 264, 266, 267, 268, 269, 269, 273, 274, 275, 275, 275, 275, 279, 283, 283, 283, 287, 288, 289, 289, 290, 290, 291, 297, 298, 303, 303, 305, 305, 305, 307, 307, 307, 308, 308, 308, 308, 309, 310, 310, 310, 311, 312, 313, 313, 313, 314, 314, 318, 321, 321, 321, 321, 321, 326, 330, 331, 332, 333, 335, 337, 341, 343, 345, 346, 349, 349, 352, 352, 352, 352, 353, 356, 356, 361, 364, 365, 368, 369, 370, 371, 372, 374, 375, 379, 379, 379]}
589 {0: [29, 29, 25, 25, 29, 26, 27, 28, 27, 27, 25, 25, 26, 27, 25, 25, 26, 26, 26, 26, 26, 25, 25, 25, 25, 26, 24, 25, 25, 23, 26, 26, 26, 27, 27, 29, 25, 26, 22, 23, 22, 22, 23, 22, 22, 23, 22, 22, 22, 22, 22, 22, 22, 22, 23, 22, 22, 22, 22, 23, 25, 23, 22, 23, 25, 25, 27, 24, 23, 24, 24, 25, 26, 26, 23, 22, 22, 22, 20, 24, 23, 23, 25, 26, 27, 26, 27, 26, 24, 26, 24, 24, 24, 24, 25, 25, 28, 26, 28, 30], 1: [240, 242, 246, 246, 247, 251, 251, 251, 254, 257, 259, 264, 264, 264, 266, 267, 268, 269, 269, 273, 274, 275, 275, 275, 275, 279, 283, 283, 283, 287, 288, 289, 289, 290, 290, 291, 297, 298, 303, 303, 305, 305, 305, 307, 307, 307, 308, 308, 308, 308, 309, 310, 310, 310, 311, 312, 313, 313, 313, 314, 314, 318, 321, 321, 321, 321, 321, 326, 330, 331, 332, 333, 335, 337, 341, 343, 345, 346, 349, 349, 352, 352, 352, 352, 353, 356, 356, 361, 364, 365, 368, 369, 370, 371, 372, 374, 375, 379, 379, 379]}
832 {0: [29, 29, 25, 25, 29, 26, 27, 28, 27, 27, 25, 25, 26, 27, 25, 25, 26, 26, 26, 26, 26, 25, 25, 25, 25, 26, 24, 25, 25, 23, 26, 26, 26, 27, 27, 29, 25, 26, 22, 23, 22, 22, 23, 22, 22, 23, 22, 22, 22, 22, 22, 22, 22, 22, 23, 22, 22, 22, 22, 23, 25, 23, 22, 23, 25, 25, 27, 24, 23, 24, 24, 25, 26, 26, 23, 22, 22, 22, 20, 24, 23, 23, 25, 26, 27, 26, 27, 26, 24, 26, 24, 24, 24, 24, 25, 25, 28, 26, 28, 30], 1: [240, 242, 246, 246, 247, 251, 251, 251, 254, 257, 259, 264, 264, 264, 266, 267, 268, 269, 269, 273, 274, 275, 275, 275, 275, 279, 283, 283, 283, 287, 288, 289, 289, 290, 290, 291, 297, 298, 303, 303, 305, 305, 305, 307, 307, 307, 308, 308, 308, 308, 309, 310, 310, 310, 311, 312, 313, 313, 313, 314, 314, 318, 321, 321, 321, 321, 321, 326, 330, 331, 332, 333, 335, 337, 341, 343, 345, 346, 349, 349, 352, 352, 352, 352, 353, 356, 356, 361, 364, 365, 368, 369, 370, 371, 372, 374, 375, 379, 379, 379]}
342 {0: [29, 29, 25, 25, 29, 26, 27, 28, 27, 27, 25, 25, 26, 27, 25, 25, 26, 26, 26, 26, 26, 25, 25, 25, 25, 26, 24, 25, 25, 23, 26, 26, 26, 27, 27, 29, 25, 26, 22, 23, 22, 22, 23, 22, 22, 23, 22, 22, 22, 22, 22, 22, 22, 22, 23, 22, 22, 22, 22, 23, 25, 23, 22, 23, 25, 25, 27, 24, 23, 24, 24, 25, 26, 26, 23, 22, 22, 22, 20, 24, 23, 23, 25, 26, 27, 26, 27, 26, 24, 26, 24, 24, 24, 24, 25, 25, 28, 26, 28, 30], 1: [240, 242, 246, 246, 247, 251, 251, 251, 254, 257, 259, 264, 264, 264, 266, 267, 268, 269, 269, 273, 274, 275, 275, 275, 275, 279, 283, 283, 283, 287, 288, 289, 289, 290, 290, 291, 297, 298, 303, 303, 305, 305, 305, 307, 307, 307, 308, 308, 308, 308, 309, 310, 310, 310, 311, 312, 313, 313, 313, 314, 314, 318, 321, 321, 321, 321, 321, 326, 330, 331, 332, 333, 335, 337, 341, 343, 345, 346, 349, 349, 352, 352, 352, 352, 353, 356, 356, 361, 364, 365, 368, 369, 370, 371, 372, 374, 375, 379, 379, 379]}
96 {0: [29, 29, 25, 25, 29, 26, 27, 28, 27, 27, 25, 25, 26, 27, 25, 25, 26, 26, 26, 26, 26, 25, 25, 25, 25, 26, 24, 25, 25, 23, 26, 26, 26, 27, 27, 29, 25, 26, 22, 23, 22, 22, 23, 22, 22, 23, 22, 22, 22, 22, 22, 22, 22, 22, 23, 22, 22, 22, 22, 23, 25, 23, 22, 23, 25, 25, 27, 24, 23, 24, 24, 25, 26, 26, 23, 22, 22, 22, 20, 24, 23, 23, 25, 26, 27, 26, 27, 26, 24, 26, 24, 24, 24, 24, 25, 25, 28, 26, 28, 30], 1: [240, 242, 246, 246, 247, 251, 251, 251, 254, 257, 259, 264, 264, 264, 266, 267, 268, 269, 269, 273, 274, 275, 275, 275, 275, 279, 283, 283, 283, 287, 288, 289, 289, 290, 290, 291, 297, 298, 303, 303, 305, 305, 305, 307, 307, 307, 308, 308, 308, 308, 309, 310, 310, 310, 311, 312, 313, 313, 313, 314, 314, 318, 321, 321, 321, 321, 321, 326, 330, 331, 332, 333, 335, 337, 341, 343, 345, 346, 349, 349, 352, 352, 352, 352, 353, 356, 356, 361, 364, 365, 368, 369, 370, 371, 372, 374, 375, 379, 379, 379]}
590 {0: [29, 29, 25, 25, 29, 26, 27, 28, 27, 27, 25, 25, 26, 27, 25, 25, 26, 26, 26, 26, 26, 25, 25, 25, 25, 26, 24, 25, 25, 23, 26, 26, 26, 27, 27, 29, 25, 26, 22, 23, 22, 22, 23, 22, 22, 23, 22, 22, 22, 22, 22, 22, 22, 22, 23, 22, 22, 22, 22, 23, 25, 23, 22, 23, 25, 25, 27, 24, 23, 24, 24, 25, 26, 26, 23, 22, 22, 22, 20, 24, 23, 23, 25, 26, 27, 26, 27, 26, 24, 26, 24, 24, 24, 24, 25, 25, 28, 26, 28, 30], 1: [240, 242, 246, 246, 247, 251, 251, 251, 254, 257, 259, 264, 264, 264, 266, 267, 268, 269, 269, 273, 274, 275, 275, 275, 275, 279, 283, 283, 283, 287, 288, 289, 289, 290, 290, 291, 297, 298, 303, 303, 305, 305, 305, 307, 307, 307, 308, 308, 308, 308, 309, 310, 310, 310, 311, 312, 313, 313, 313, 314, 314, 318, 321, 321, 321, 321, 321, 326, 330, 331, 332, 333, 335, 337, 341, 343, 345, 346, 349, 349, 352, 352, 352, 352, 353, 356, 356, 361, 364, 365, 368, 369, 370, 371, 372, 374, 375, 379, 379, 379]}
343 {0: [29, 29, 25, 25, 29, 26, 27, 28, 27, 27, 25, 25, 26, 27, 25, 25, 26, 26, 26, 26, 26, 25, 25, 25, 25, 26, 24, 25, 25, 23, 26, 26, 26, 27, 27, 29, 25, 26, 22, 23, 22, 22, 23, 22, 22, 23, 22, 22, 22, 22, 22, 22, 22, 22, 23, 22, 22, 22, 22, 23, 25, 23, 22, 23, 25, 25, 27, 24, 23, 24, 24, 25, 26, 26, 23, 22, 22, 22, 20, 24, 23, 23, 25, 26, 27, 26, 27, 26, 24, 26, 24, 24, 24, 24, 25, 25, 28, 26, 28, 30], 1: [240, 242, 246, 246, 247, 251, 251, 251, 254, 257, 259, 264, 264, 264, 266, 267, 268, 269, 269, 273, 274, 275, 275, 275, 275, 279, 283, 283, 283, 287, 288, 289, 289, 290, 290, 291, 297, 298, 303, 303, 305, 305, 305, 307, 307, 307, 308, 308, 308, 308, 309, 310, 310, 310, 311, 312, 313, 313, 313, 314, 314, 318, 321, 321, 321, 321, 321, 326, 330, 331, 332, 333, 335, 337, 341, 343, 345, 346, 349, 349, 352, 352, 352, 352, 353, 356, 356, 361, 364, 365, 368, 369, 370, 371, 372, 374, 375, 379, 379, 379]}
833 {0: [29, 29, 25, 25, 29, 26, 27, 28, 27, 27, 25, 25, 26, 27, 25, 25, 26, 26, 26, 26, 26, 25, 25, 25, 25, 26, 24, 25, 25, 23, 26, 26, 26, 27, 27, 29, 25, 26, 22, 23, 22, 22, 23, 22, 22, 23, 22, 22, 22, 22, 22, 22, 22, 22, 23, 22, 22, 22, 22, 23, 25, 23, 22, 23, 25, 25, 27, 24, 23, 24, 24, 25, 26, 26, 23, 22, 22, 22, 20, 24, 23, 23, 25, 26, 27, 26, 27, 26, 24, 26, 24, 24, 24, 24, 25, 25, 28, 26, 28, 30], 1: [240, 242, 246, 246, 247, 251, 251, 251, 254, 257, 259, 264, 264, 264, 266, 267, 268, 269, 269, 273, 274, 275, 275, 275, 275, 279, 283, 283, 283, 287, 288, 289, 289, 290, 290, 291, 297, 298, 303, 303, 305, 305, 305, 307, 307, 307, 308, 308, 308, 308, 309, 310, 310, 310, 311, 312, 313, 313, 313, 314, 314, 318, 321, 321, 321, 321, 321, 326, 330, 331, 332, 333, 335, 337, 341, 343, 345, 346, 349, 349, 352, 352, 352, 352, 353, 356, 356, 361, 364, 365, 368, 369, 370, 371, 372, 374, 375, 379, 379, 379]}
97 {0: [29, 29, 25, 25, 29, 26, 27, 28, 27, 27, 25, 25, 26, 27, 25, 25, 26, 26, 26, 26, 26, 25, 25, 25, 25, 26, 24, 25, 25, 23, 26, 26, 26, 27, 27, 29, 25, 26, 22, 23, 22, 22, 23, 22, 22, 23, 22, 22, 22, 22, 22, 22, 22, 22, 23, 22, 22, 22, 22, 23, 25, 23, 22, 23, 25, 25, 27, 24, 23, 24, 24, 25, 26, 26, 23, 22, 22, 22, 20, 24, 23, 23, 25, 26, 27, 26, 27, 26, 24, 26, 24, 24, 24, 24, 25, 25, 28, 26, 28, 30], 1: [240, 242, 246, 246, 247, 251, 251, 251, 254, 257, 259, 264, 264, 264, 266, 267, 268, 269, 269, 273, 274, 275, 275, 275, 275, 279, 283, 283, 283, 287, 288, 289, 289, 290, 290, 291, 297, 298, 303, 303, 305, 305, 305, 307, 307, 307, 308, 308, 308, 308, 309, 310, 310, 310, 311, 312, 313, 313, 313, 314, 314, 318, 321, 321, 321, 321, 321, 326, 330, 331, 332, 333, 335, 337, 341, 343, 345, 346, 349, 349, 352, 352, 352, 352, 353, 356, 356, 361, 364, 365, 368, 369, 370, 371, 372, 374, 375, 379, 379, 379]}
591 {0: [29, 29, 25, 25, 29, 26, 27, 28, 27, 27, 25, 25, 26, 27, 25, 25, 26, 26, 26, 26, 26, 25, 25, 25, 25, 26, 24, 25, 25, 23, 26, 26, 26, 27, 27, 29, 25, 26, 22, 23, 22, 22, 23, 22, 22, 23, 22, 22, 22, 22, 22, 22, 22, 22, 23, 22, 22, 22, 22, 23, 25, 23, 22, 23, 25, 25, 27, 24, 23, 24, 24, 25, 26, 26, 23, 22, 22, 22, 20, 24, 23, 23, 25, 26, 27, 26, 27, 26, 24, 26, 24, 24, 24, 24, 25, 25, 28, 26, 28, 30], 1: [240, 242, 246, 246, 247, 251, 251, 251, 254, 257, 259, 264, 264, 264, 266, 267, 268, 269, 269, 273, 274, 275, 275, 275, 275, 279, 283, 283, 283, 287, 288, 289, 289, 290, 290, 291, 297, 298, 303, 303, 305, 305, 305, 307, 307, 307, 308, 308, 308, 308, 309, 310, 310, 310, 311, 312, 313, 313, 313, 314, 314, 318, 321, 321, 321, 321, 321, 326, 330, 331, 332, 333, 335, 337, 341, 343, 345, 346, 349, 349, 352, 352, 352, 352, 353, 356, 356, 361, 364, 365, 368, 369, 370, 371, 372, 374, 375, 379, 379, 379]}
834 {0: [29, 29, 25, 25, 29, 26, 27, 28, 27, 27, 25, 25, 26, 27, 25, 25, 26, 26, 26, 26, 26, 25, 25, 25, 25, 26, 24, 25, 25, 23, 26, 26, 26, 27, 27, 29, 25, 26, 22, 23, 22, 22, 23, 22, 22, 23, 22, 22, 22, 22, 22, 22, 22, 22, 23, 22, 22, 22, 22, 23, 25, 23, 22, 23, 25, 25, 27, 24, 23, 24, 24, 25, 26, 26, 23, 22, 22, 22, 20, 24, 23, 23, 25, 26, 27, 26, 27, 26, 24, 26, 24, 24, 24, 24, 25, 25, 28, 26, 28, 30], 1: [240, 242, 246, 246, 247, 251, 251, 251, 254, 257, 259, 264, 264, 264, 266, 267, 268, 269, 269, 273, 274, 275, 275, 275, 275, 279, 283, 283, 283, 287, 288, 289, 289, 290, 290, 291, 297, 298, 303, 303, 305, 305, 305, 307, 307, 307, 308, 308, 308, 308, 309, 310, 310, 310, 311, 312, 313, 313, 313, 314, 314, 318, 321, 321, 321, 321, 321, 326, 330, 331, 332, 333, 335, 337, 341, 343, 345, 346, 349, 349, 352, 352, 352, 352, 353, 356, 356, 361, 364, 365, 368, 369, 370, 371, 372, 374, 375, 379, 379, 379]}
344 {0: [29, 29, 25, 25, 29, 26, 27, 28, 27, 27, 25, 25, 26, 27, 25, 25, 26, 26, 26, 26, 26, 25, 25, 25, 25, 26, 24, 25, 25, 23, 26, 26, 26, 27, 27, 29, 25, 26, 22, 23, 22, 22, 23, 22, 22, 23, 22, 22, 22, 22, 22, 22, 22, 22, 23, 22, 22, 22, 22, 23, 25, 23, 22, 23, 25, 25, 27, 24, 23, 24, 24, 25, 26, 26, 23, 22, 22, 22, 20, 24, 23, 23, 25, 26, 27, 26, 27, 26, 24, 26, 24, 24, 24, 24, 25, 25, 28, 26, 28, 30], 1: [240, 242, 246, 246, 247, 251, 251, 251, 254, 257, 259, 264, 264, 264, 266, 267, 268, 269, 269, 273, 274, 275, 275, 275, 275, 279, 283, 283, 283, 287, 288, 289, 289, 290, 290, 291, 297, 298, 303, 303, 305, 305, 305, 307, 307, 307, 308, 308, 308, 308, 309, 310, 310, 310, 311, 312, 313, 313, 313, 314, 314, 318, 321, 321, 321, 321, 321, 326, 330, 331, 332, 333, 335, 337, 341, 343, 345, 346, 349, 349, 352, 352, 352, 352, 353, 356, 356, 361, 364, 365, 368, 369, 370, 371, 372, 374, 375, 379, 379, 379]}
98 {0: [29, 29, 25, 25, 29, 26, 27, 28, 27, 27, 25, 25, 26, 27, 25, 25, 26, 26, 26, 26, 26, 25, 25, 25, 25, 26, 24, 25, 25, 23, 26, 26, 26, 27, 27, 29, 25, 26, 22, 23, 22, 22, 23, 22, 22, 23, 22, 22, 22, 22, 22, 22, 22, 22, 23, 22, 22, 22, 22, 23, 25, 23, 22, 23, 25, 25, 27, 24, 23, 24, 24, 25, 26, 26, 23, 22, 22, 22, 20, 24, 23, 23, 25, 26, 27, 26, 27, 26, 24, 26, 24, 24, 24, 24, 25, 25, 28, 26, 28, 30], 1: [240, 242, 246, 246, 247, 251, 251, 251, 254, 257, 259, 264, 264, 264, 266, 267, 268, 269, 269, 273, 274, 275, 275, 275, 275, 279, 283, 283, 283, 287, 288, 289, 289, 290, 290, 291, 297, 298, 303, 303, 305, 305, 305, 307, 307, 307, 308, 308, 308, 308, 309, 310, 310, 310, 311, 312, 313, 313, 313, 314, 314, 318, 321, 321, 321, 321, 321, 326, 330, 331, 332, 333, 335, 337, 341, 343, 345, 346, 349, 349, 352, 352, 352, 352, 353, 356, 356, 361, 364, 365, 368, 369, 370, 371, 372, 374, 375, 379, 379, 379]}
592 {0: [29, 29, 25, 25, 29, 26, 27, 28, 27, 27, 25, 25, 26, 27, 25, 25, 26, 26, 26, 26, 26, 25, 25, 25, 25, 26, 24, 25, 25, 23, 26, 26, 26, 27, 27, 29, 25, 26, 22, 23, 22, 22, 23, 22, 22, 23, 22, 22, 22, 22, 22, 22, 22, 22, 23, 22, 22, 22, 22, 23, 25, 23, 22, 23, 25, 25, 27, 24, 23, 24, 24, 25, 26, 26, 23, 22, 22, 22, 20, 24, 23, 23, 26, 27, 25, 26, 27, 27, 27, 29, 28, 26, 25, 25, 27, 28, 27, 29, 27, 30], 1: [240, 242, 246, 246, 247, 251, 251, 251, 254, 257, 259, 264, 264, 264, 266, 267, 268, 269, 269, 273, 274, 275, 275, 275, 275, 279, 283, 283, 283, 287, 288, 289, 289, 290, 290, 291, 297, 298, 303, 303, 305, 305, 305, 307, 307, 307, 308, 308, 308, 308, 309, 310, 310, 310, 311, 312, 313, 313, 313, 314, 314, 318, 321, 321, 321, 321, 321, 326, 330, 331, 332, 333, 335, 337, 341, 343, 345, 346, 349, 349, 352, 352, 353, 355, 358, 358, 358, 358, 360, 362, 365, 369, 373, 374, 374, 376, 379, 380, 383, 384]}
835 {0: [29, 29, 25, 25, 29, 26, 27, 28, 27, 27, 25, 25, 26, 27, 25, 25, 26, 26, 26, 26, 26, 25, 25, 25, 25, 26, 24, 25, 25, 23, 26, 26, 26, 27, 27, 29, 25, 26, 22, 23, 22, 22, 23, 22, 22, 23, 22, 22, 22, 22, 22, 22, 22, 22, 23, 22, 22, 22, 22, 23, 25, 23, 22, 23, 25, 25, 27, 24, 23, 24, 24, 25, 26, 26, 23, 22, 22, 22, 20, 24, 23, 23, 25, 26, 27, 26, 27, 26, 24, 26, 24, 24, 24, 24, 25, 25, 28, 26, 28, 30], 1: [240, 242, 246, 246, 247, 251, 251, 251, 254, 257, 259, 264, 264, 264, 266, 267, 268, 269, 269, 273, 274, 275, 275, 275, 275, 279, 283, 283, 283, 287, 288, 289, 289, 290, 290, 291, 297, 298, 303, 303, 305, 305, 305, 307, 307, 307, 308, 308, 308, 308, 309, 310, 310, 310, 311, 312, 313, 313, 313, 314, 314, 318, 321, 321, 321, 321, 321, 326, 330, 331, 332, 333, 335, 337, 341, 343, 345, 346, 349, 349, 352, 352, 352, 352, 353, 356, 356, 361, 364, 365, 368, 369, 370, 371, 372, 374, 375, 379, 379, 379]}
345 {0: [29, 29, 25, 25, 29, 26, 27, 28, 27, 27, 25, 25, 26, 27, 25, 25, 26, 26, 26, 26, 26, 25, 25, 25, 25, 26, 24, 25, 25, 23, 26, 26, 26, 27, 27, 29, 25, 26, 22, 23, 22, 22, 23, 22, 22, 23, 22, 22, 22, 22, 22, 22, 22, 22, 23, 22, 22, 22, 22, 23, 25, 23, 22, 23, 25, 25, 27, 24, 23, 24, 24, 25, 26, 26, 23, 22, 22, 22, 20, 24, 23, 23, 25, 26, 27, 26, 27, 26, 24, 26, 24, 24, 24, 24, 25, 25, 28, 26, 28, 30], 1: [240, 242, 246, 246, 247, 251, 251, 251, 254, 257, 259, 264, 264, 264, 266, 267, 268, 269, 269, 273, 274, 275, 275, 275, 275, 279, 283, 283, 283, 287, 288, 289, 289, 290, 290, 291, 297, 298, 303, 303, 305, 305, 305, 307, 307, 307, 308, 308, 308, 308, 309, 310, 310, 310, 311, 312, 313, 313, 313, 314, 314, 318, 321, 321, 321, 321, 321, 326, 330, 331, 332, 333, 335, 337, 341, 343, 345, 346, 349, 349, 352, 352, 352, 352, 353, 356, 356, 361, 364, 365, 368, 369, 370, 371, 372, 374, 375, 379, 379, 379]}
99 {0: [29, 29, 25, 25, 29, 26, 27, 28, 27, 27, 25, 25, 26, 27, 25, 25, 26, 26, 26, 26, 26, 25, 25, 25, 25, 26, 24, 25, 25, 23, 26, 26, 26, 27, 27, 29, 25, 26, 22, 23, 22, 22, 23, 22, 22, 23, 22, 22, 22, 22, 22, 22, 22, 22, 23, 22, 22, 22, 22, 23, 25, 23, 22, 23, 25, 25, 27, 24, 23, 24, 24, 25, 26, 26, 23, 22, 22, 22, 20, 24, 23, 23, 25, 26, 27, 26, 27, 26, 24, 26, 24, 24, 24, 24, 25, 25, 28, 26, 28, 30], 1: [240, 242, 246, 246, 247, 251, 251, 251, 254, 257, 259, 264, 264, 264, 266, 267, 268, 269, 269, 273, 274, 275, 275, 275, 275, 279, 283, 283, 283, 287, 288, 289, 289, 290, 290, 291, 297, 298, 303, 303, 305, 305, 305, 307, 307, 307, 308, 308, 308, 308, 309, 310, 310, 310, 311, 312, 313, 313, 313, 314, 314, 318, 321, 321, 321, 321, 321, 326, 330, 331, 332, 333, 335, 337, 341, 343, 345, 346, 349, 349, 352, 352, 352, 352, 353, 356, 356, 361, 364, 365, 368, 369, 370, 371, 372, 374, 375, 379, 379, 379]}
593 {0: [29, 29, 25, 25, 29, 26, 27, 28, 27, 27, 25, 25, 26, 27, 25, 25, 26, 26, 26, 26, 26, 25, 25, 25, 25, 26, 24, 25, 25, 23, 26, 26, 26, 27, 27, 29, 25, 26, 22, 23, 22, 22, 23, 22, 22, 23, 22, 22, 22, 22, 22, 22, 22, 22, 23, 22, 22, 22, 22, 23, 25, 23, 22, 23, 25, 25, 27, 24, 23, 24, 24, 25, 26, 26, 23, 22, 22, 22, 20, 24, 23, 23, 25, 26, 27, 26, 27, 26, 24, 26, 24, 24, 24, 24, 25, 25, 28, 26, 28, 30], 1: [240, 242, 246, 246, 247, 251, 251, 251, 254, 257, 259, 264, 264, 264, 266, 267, 268, 269, 269, 273, 274, 275, 275, 275, 275, 279, 283, 283, 283, 287, 288, 289, 289, 290, 290, 291, 297, 298, 303, 303, 305, 305, 305, 307, 307, 307, 308, 308, 308, 308, 309, 310, 310, 310, 311, 312, 313, 313, 313, 314, 314, 318, 321, 321, 321, 321, 321, 326, 330, 331, 332, 333, 335, 337, 341, 343, 345, 346, 349, 349, 352, 352, 352, 352, 353, 356, 356, 361, 364, 365, 368, 369, 370, 371, 372, 374, 375, 379, 379, 379]}
836 {0: [29, 29, 25, 25, 29, 26, 27, 28, 27, 27, 25, 25, 26, 27, 25, 25, 26, 26, 26, 26, 26, 25, 25, 25, 25, 26, 24, 25, 25, 23, 26, 26, 26, 27, 27, 29, 25, 26, 22, 23, 22, 22, 23, 22, 22, 23, 22, 22, 22, 22, 22, 22, 22, 22, 23, 22, 22, 22, 22, 23, 25, 23, 22, 23, 25, 25, 27, 24, 23, 24, 24, 25, 26, 26, 23, 22, 22, 22, 20, 24, 23, 23, 25, 26, 27, 26, 27, 26, 24, 26, 24, 24, 24, 24, 25, 25, 28, 26, 28, 30], 1: [240, 242, 246, 246, 247, 251, 251, 251, 254, 257, 259, 264, 264, 264, 266, 267, 268, 269, 269, 273, 274, 275, 275, 275, 275, 279, 283, 283, 283, 287, 288, 289, 289, 290, 290, 291, 297, 298, 303, 303, 305, 305, 305, 307, 307, 307, 308, 308, 308, 308, 309, 310, 310, 310, 311, 312, 313, 313, 313, 314, 314, 318, 321, 321, 321, 321, 321, 326, 330, 331, 332, 333, 335, 337, 341, 343, 345, 346, 349, 349, 352, 352, 352, 352, 353, 356, 356, 361, 364, 365, 368, 369, 370, 371, 372, 374, 375, 379, 379, 379]}
346 {0: [29, 29, 25, 25, 29, 26, 27, 28, 27, 27, 25, 25, 26, 27, 25, 25, 26, 26, 26, 26, 26, 25, 25, 25, 25, 26, 24, 25, 25, 23, 26, 26, 26, 27, 27, 29, 25, 26, 22, 23, 22, 22, 23, 22, 22, 23, 22, 22, 22, 22, 22, 22, 22, 22, 23, 22, 22, 22, 22, 23, 25, 23, 22, 23, 25, 25, 27, 24, 23, 24, 24, 25, 26, 26, 23, 22, 22, 22, 20, 24, 23, 23, 25, 26, 27, 26, 27, 26, 24, 26, 24, 24, 24, 24, 25, 25, 28, 26, 28, 30], 1: [240, 242, 246, 246, 247, 251, 251, 251, 254, 257, 259, 264, 264, 264, 266, 267, 268, 269, 269, 273, 274, 275, 275, 275, 275, 279, 283, 283, 283, 287, 288, 289, 289, 290, 290, 291, 297, 298, 303, 303, 305, 305, 305, 307, 307, 307, 308, 308, 308, 308, 309, 310, 310, 310, 311, 312, 313, 313, 313, 314, 314, 318, 321, 321, 321, 321, 321, 326, 330, 331, 332, 333, 335, 337, 341, 343, 345, 346, 349, 349, 352, 352, 352, 352, 353, 356, 356, 361, 364, 365, 368, 369, 370, 371, 372, 374, 375, 379, 379, 379]}
100 {0: [29, 29, 25, 25, 29, 26, 27, 28, 27, 27, 25, 25, 26, 27, 25, 25, 26, 26, 26, 26, 26, 25, 25, 25, 25, 26, 24, 25, 25, 23, 26, 26, 26, 27, 27, 29, 25, 26, 22, 23, 22, 22, 23, 22, 22, 23, 22, 22, 22, 22, 22, 22, 22, 22, 23, 22, 22, 22, 22, 23, 25, 23, 22, 23, 25, 25, 27, 24, 23, 24, 24, 25, 26, 26, 23, 22, 22, 22, 20, 24, 23, 23, 25, 26, 27, 26, 27, 26, 24, 26, 24, 24, 24, 24, 25, 25, 28, 26, 28, 30], 1: [240, 242, 246, 246, 247, 251, 251, 251, 254, 257, 259, 264, 264, 264, 266, 267, 268, 269, 269, 273, 274, 275, 275, 275, 275, 279, 283, 283, 283, 287, 288, 289, 289, 290, 290, 291, 297, 298, 303, 303, 305, 305, 305, 307, 307, 307, 308, 308, 308, 308, 309, 310, 310, 310, 311, 312, 313, 313, 313, 314, 314, 318, 321, 321, 321, 321, 321, 326, 330, 331, 332, 333, 335, 337, 341, 343, 345, 346, 349, 349, 352, 352, 352, 352, 353, 356, 356, 361, 364, 365, 368, 369, 370, 371, 372, 374, 375, 379, 379, 379]}
594 {0: [28, 27, 25, 25, 26, 24, 24, 25, 22, 23, 26, 24, 23, 24, 24, 25, 25, 26, 28, 26, 22, 23, 24, 24, 26, 25, 26, 26, 27, 28, 27, 25, 26, 25, 24, 26, 26, 26, 28, 26, 26, 29, 27, 26, 26, 27, 26, 25, 26, 25, 26, 26, 26, 27, 23, 24, 24, 24, 23, 26, 25, 26, 25, 27, 28, 25, 27, 29, 27, 27, 27, 26, 27, 28, 26, 25, 25, 26, 25, 25, 24, 27, 27, 28, 26, 27, 28, 29, 29, 29, 30, 28, 29, 29, 29, 28, 28, 28, 28, 28], 1: [240, 242, 246, 249, 249, 253, 253, 255, 258, 258, 258, 261, 263, 264, 265, 265, 265, 266, 268, 272, 277, 277, 280, 281, 281, 283, 284, 285, 286, 288, 294, 297, 298, 299, 301, 302, 306, 308, 308, 311, 311, 311, 313, 315, 318, 318, 319, 322, 322, 323, 323, 325, 326, 327, 333, 334, 335, 335, 337, 337, 338, 341, 343, 346, 351, 355, 356, 356, 361, 362, 364, 366, 368, 370, 375, 378, 378, 379, 382, 382, 383, 384, 386, 387, 393, 394, 396, 398, 400, 403, 403, 406, 407, 408, 408, 412, 415, 416, 417, 419]}
347 {0: [29, 29, 25, 25, 29, 26, 27, 28, 27, 27, 25, 25, 26, 27, 25, 25, 26, 26, 26, 26, 26, 25, 25, 25, 25, 26, 24, 25, 25, 23, 26, 26, 26, 27, 27, 29, 25, 26, 22, 23, 22, 22, 23, 22, 22, 23, 22, 22, 22, 22, 22, 22, 22, 22, 23, 22, 22, 22, 22, 23, 25, 23, 22, 23, 25, 25, 27, 24, 23, 24, 24, 25, 26, 26, 23, 22, 22, 22, 20, 24, 23, 23, 25, 26, 27, 26, 27, 26, 24, 26, 24, 24, 24, 24, 25, 25, 28, 26, 28, 30], 1: [240, 242, 246, 246, 247, 251, 251, 251, 254, 257, 259, 264, 264, 264, 266, 267, 268, 269, 269, 273, 274, 275, 275, 275, 275, 279, 283, 283, 283, 287, 288, 289, 289, 290, 290, 291, 297, 298, 303, 303, 305, 305, 305, 307, 307, 307, 308, 308, 308, 308, 309, 310, 310, 310, 311, 312, 313, 313, 313, 314, 314, 318, 321, 321, 321, 321, 321, 326, 330, 331, 332, 333, 335, 337, 341, 343, 345, 346, 349, 349, 352, 352, 352, 352, 353, 356, 356, 361, 364, 365, 368, 369, 370, 371, 372, 374, 375, 379, 379, 379]}
837 {0: [29, 29, 25, 25, 29, 26, 27, 28, 27, 27, 25, 25, 26, 27, 25, 25, 26, 26, 26, 26, 26, 25, 25, 25, 25, 26, 24, 25, 25, 23, 26, 26, 26, 27, 27, 29, 25, 26, 22, 23, 22, 22, 23, 22, 22, 23, 22, 22, 22, 22, 22, 22, 22, 22, 23, 22, 22, 22, 22, 23, 25, 23, 22, 23, 25, 25, 27, 24, 23, 24, 24, 25, 26, 26, 23, 22, 22, 22, 20, 24, 23, 23, 25, 26, 27, 26, 27, 26, 24, 26, 24, 24, 24, 24, 25, 25, 28, 26, 28, 30], 1: [240, 242, 246, 246, 247, 251, 251, 251, 254, 257, 259, 264, 264, 264, 266, 267, 268, 269, 269, 273, 274, 275, 275, 275, 275, 279, 283, 283, 283, 287, 288, 289, 289, 290, 290, 291, 297, 298, 303, 303, 305, 305, 305, 307, 307, 307, 308, 308, 308, 308, 309, 310, 310, 310, 311, 312, 313, 313, 313, 314, 314, 318, 321, 321, 321, 321, 321, 326, 330, 331, 332, 333, 335, 337, 341, 343, 345, 346, 349, 349, 352, 352, 352, 352, 353, 356, 356, 361, 364, 365, 368, 369, 370, 371, 372, 374, 375, 379, 379, 379]}
101 {0: [29, 29, 25, 25, 29, 26, 27, 28, 27, 27, 25, 25, 26, 27, 25, 25, 26, 26, 26, 26, 26, 25, 25, 25, 25, 26, 24, 25, 25, 23, 26, 26, 26, 27, 27, 29, 25, 26, 22, 23, 22, 22, 23, 22, 22, 23, 22, 22, 22, 22, 22, 22, 22, 22, 23, 22, 22, 22, 22, 23, 25, 23, 22, 23, 25, 25, 27, 24, 23, 24, 24, 25, 26, 26, 23, 22, 22, 22, 20, 24, 23, 23, 25, 26, 27, 26, 27, 26, 24, 26, 24, 24, 24, 24, 25, 25, 28, 26, 28, 30], 1: [240, 242, 246, 246, 247, 251, 251, 251, 254, 257, 259, 264, 264, 264, 266, 267, 268, 269, 269, 273, 274, 275, 275, 275, 275, 279, 283, 283, 283, 287, 288, 289, 289, 290, 290, 291, 297, 298, 303, 303, 305, 305, 305, 307, 307, 307, 308, 308, 308, 308, 309, 310, 310, 310, 311, 312, 313, 313, 313, 314, 314, 318, 321, 321, 321, 321, 321, 326, 330, 331, 332, 333, 335, 337, 341, 343, 345, 346, 349, 349, 352, 352, 352, 352, 353, 356, 356, 361, 364, 365, 368, 369, 370, 371, 372, 374, 375, 379, 379, 379]}
595 {0: [29, 29, 25, 25, 29, 26, 27, 28, 27, 27, 25, 25, 26, 27, 25, 25, 26, 26, 26, 26, 26, 25, 25, 25, 25, 26, 24, 25, 25, 23, 26, 26, 26, 27, 27, 29, 25, 26, 22, 23, 22, 22, 23, 22, 22, 23, 22, 22, 22, 22, 22, 22, 22, 22, 23, 22, 22, 22, 22, 23, 25, 23, 22, 23, 25, 25, 27, 24, 23, 24, 24, 25, 26, 26, 23, 22, 22, 22, 20, 24, 23, 23, 26, 27, 25, 26, 27, 27, 27, 29, 28, 26, 25, 25, 27, 28, 27, 29, 27, 30], 1: [240, 242, 246, 246, 247, 251, 251, 251, 254, 257, 259, 264, 264, 264, 266, 267, 268, 269, 269, 273, 274, 275, 275, 275, 275, 279, 283, 283, 283, 287, 288, 289, 289, 290, 290, 291, 297, 298, 303, 303, 305, 305, 305, 307, 307, 307, 308, 308, 308, 308, 309, 310, 310, 310, 311, 312, 313, 313, 313, 314, 314, 318, 321, 321, 321, 321, 321, 326, 330, 331, 332, 333, 335, 337, 341, 343, 345, 346, 349, 349, 352, 352, 353, 355, 358, 358, 358, 358, 360, 362, 365, 369, 373, 374, 374, 376, 379, 380, 383, 384]}
348 {0: [29, 29, 25, 25, 29, 26, 27, 28, 27, 27, 25, 25, 26, 27, 25, 25, 26, 26, 26, 26, 26, 25, 25, 25, 25, 26, 24, 25, 25, 23, 26, 26, 26, 27, 27, 29, 25, 26, 22, 23, 22, 22, 23, 22, 22, 23, 22, 22, 22, 22, 22, 22, 22, 22, 23, 22, 22, 22, 22, 23, 25, 23, 22, 23, 25, 25, 27, 24, 23, 24, 24, 25, 26, 26, 23, 22, 22, 22, 20, 24, 23, 23, 25, 26, 27, 26, 27, 26, 24, 26, 24, 24, 24, 24, 25, 25, 28, 26, 28, 30], 1: [240, 242, 246, 246, 247, 251, 251, 251, 254, 257, 259, 264, 264, 264, 266, 267, 268, 269, 269, 273, 274, 275, 275, 275, 275, 279, 283, 283, 283, 287, 288, 289, 289, 290, 290, 291, 297, 298, 303, 303, 305, 305, 305, 307, 307, 307, 308, 308, 308, 308, 309, 310, 310, 310, 311, 312, 313, 313, 313, 314, 314, 318, 321, 321, 321, 321, 321, 326, 330, 331, 332, 333, 335, 337, 341, 343, 345, 346, 349, 349, 352, 352, 352, 352, 353, 356, 356, 361, 364, 365, 368, 369, 370, 371, 372, 374, 375, 379, 379, 379]}
838 {0: [29, 29, 25, 25, 29, 26, 27, 28, 27, 27, 25, 25, 26, 27, 25, 25, 26, 26, 26, 26, 26, 25, 25, 25, 25, 26, 24, 25, 25, 23, 26, 26, 26, 27, 27, 29, 25, 26, 22, 23, 22, 22, 23, 22, 22, 23, 22, 22, 22, 22, 22, 22, 22, 22, 23, 22, 22, 22, 22, 23, 25, 23, 22, 23, 25, 25, 27, 24, 23, 24, 24, 25, 26, 26, 23, 22, 22, 22, 20, 24, 23, 23, 25, 26, 27, 26, 27, 26, 24, 26, 24, 24, 24, 24, 25, 25, 28, 26, 28, 30], 1: [240, 242, 246, 246, 247, 251, 251, 251, 254, 257, 259, 264, 264, 264, 266, 267, 268, 269, 269, 273, 274, 275, 275, 275, 275, 279, 283, 283, 283, 287, 288, 289, 289, 290, 290, 291, 297, 298, 303, 303, 305, 305, 305, 307, 307, 307, 308, 308, 308, 308, 309, 310, 310, 310, 311, 312, 313, 313, 313, 314, 314, 318, 321, 321, 321, 321, 321, 326, 330, 331, 332, 333, 335, 337, 341, 343, 345, 346, 349, 349, 352, 352, 352, 352, 353, 356, 356, 361, 364, 365, 368, 369, 370, 371, 372, 374, 375, 379, 379, 379]}
102 {0: [29, 29, 25, 25, 29, 26, 27, 28, 27, 27, 25, 25, 26, 27, 25, 25, 26, 26, 26, 26, 26, 25, 25, 25, 25, 26, 24, 25, 25, 23, 26, 26, 26, 27, 27, 29, 25, 26, 22, 23, 22, 22, 23, 22, 22, 23, 22, 22, 22, 22, 22, 22, 22, 22, 23, 22, 22, 22, 22, 23, 25, 23, 22, 23, 25, 25, 27, 24, 23, 24, 24, 25, 26, 26, 23, 22, 22, 22, 20, 24, 23, 23, 25, 26, 27, 26, 27, 26, 24, 26, 24, 24, 24, 24, 25, 25, 28, 26, 28, 30], 1: [240, 242, 246, 246, 247, 251, 251, 251, 254, 257, 259, 264, 264, 264, 266, 267, 268, 269, 269, 273, 274, 275, 275, 275, 275, 279, 283, 283, 283, 287, 288, 289, 289, 290, 290, 291, 297, 298, 303, 303, 305, 305, 305, 307, 307, 307, 308, 308, 308, 308, 309, 310, 310, 310, 311, 312, 313, 313, 313, 314, 314, 318, 321, 321, 321, 321, 321, 326, 330, 331, 332, 333, 335, 337, 341, 343, 345, 346, 349, 349, 352, 352, 352, 352, 353, 356, 356, 361, 364, 365, 368, 369, 370, 371, 372, 374, 375, 379, 379, 379]}
596 {0: [29, 29, 25, 25, 29, 26, 27, 28, 27, 27, 25, 25, 26, 27, 25, 25, 26, 26, 26, 26, 26, 25, 25, 25, 25, 26, 24, 25, 25, 23, 26, 26, 26, 27, 27, 29, 25, 26, 22, 23, 22, 22, 23, 22, 22, 23, 22, 22, 22, 22, 22, 22, 22, 22, 23, 22, 22, 22, 22, 23, 25, 23, 22, 23, 25, 25, 27, 24, 23, 24, 24, 25, 26, 26, 23, 22, 22, 22, 20, 24, 23, 23, 26, 27, 25, 26, 27, 27, 27, 29, 28, 26, 25, 25, 27, 28, 27, 29, 27, 30], 1: [240, 242, 246, 246, 247, 251, 251, 251, 254, 257, 259, 264, 264, 264, 266, 267, 268, 269, 269, 273, 274, 275, 275, 275, 275, 279, 283, 283, 283, 287, 288, 289, 289, 290, 290, 291, 297, 298, 303, 303, 305, 305, 305, 307, 307, 307, 308, 308, 308, 308, 309, 310, 310, 310, 311, 312, 313, 313, 313, 314, 314, 318, 321, 321, 321, 321, 321, 326, 330, 331, 332, 333, 335, 337, 341, 343, 345, 346, 349, 349, 352, 352, 353, 355, 358, 358, 358, 358, 360, 362, 365, 369, 373, 374, 374, 376, 379, 380, 383, 384]}
349 {0: [29, 29, 25, 25, 29, 26, 27, 28, 27, 27, 25, 25, 26, 27, 25, 25, 26, 26, 26, 26, 26, 25, 25, 25, 25, 26, 24, 25, 25, 23, 26, 26, 26, 27, 27, 29, 25, 26, 22, 23, 22, 22, 23, 22, 22, 23, 22, 22, 22, 22, 22, 22, 22, 22, 23, 22, 22, 22, 22, 23, 25, 23, 22, 23, 25, 25, 27, 24, 23, 24, 24, 25, 26, 26, 23, 22, 22, 22, 20, 24, 23, 23, 25, 26, 27, 26, 27, 26, 24, 26, 24, 24, 24, 24, 25, 25, 28, 26, 28, 30], 1: [240, 242, 246, 246, 247, 251, 251, 251, 254, 257, 259, 264, 264, 264, 266, 267, 268, 269, 269, 273, 274, 275, 275, 275, 275, 279, 283, 283, 283, 287, 288, 289, 289, 290, 290, 291, 297, 298, 303, 303, 305, 305, 305, 307, 307, 307, 308, 308, 308, 308, 309, 310, 310, 310, 311, 312, 313, 313, 313, 314, 314, 318, 321, 321, 321, 321, 321, 326, 330, 331, 332, 333, 335, 337, 341, 343, 345, 346, 349, 349, 352, 352, 352, 352, 353, 356, 356, 361, 364, 365, 368, 369, 370, 371, 372, 374, 375, 379, 379, 379]}
839 {0: [29, 29, 25, 25, 29, 26, 27, 28, 27, 27, 25, 25, 26, 27, 25, 25, 26, 26, 26, 26, 26, 25, 25, 25, 25, 26, 24, 25, 25, 23, 26, 26, 26, 27, 27, 29, 25, 26, 22, 23, 22, 22, 23, 22, 22, 23, 22, 22, 22, 22, 22, 22, 22, 22, 23, 22, 22, 22, 22, 23, 25, 23, 22, 23, 25, 25, 27, 24, 23, 24, 24, 25, 26, 26, 23, 22, 22, 22, 20, 24, 23, 23, 25, 26, 27, 26, 27, 26, 24, 26, 24, 24, 24, 24, 25, 25, 28, 26, 28, 30], 1: [240, 242, 246, 246, 247, 251, 251, 251, 254, 257, 259, 264, 264, 264, 266, 267, 268, 269, 269, 273, 274, 275, 275, 275, 275, 279, 283, 283, 283, 287, 288, 289, 289, 290, 290, 291, 297, 298, 303, 303, 305, 305, 305, 307, 307, 307, 308, 308, 308, 308, 309, 310, 310, 310, 311, 312, 313, 313, 313, 314, 314, 318, 321, 321, 321, 321, 321, 326, 330, 331, 332, 333, 335, 337, 341, 343, 345, 346, 349, 349, 352, 352, 352, 352, 353, 356, 356, 361, 364, 365, 368, 369, 370, 371, 372, 374, 375, 379, 379, 379]}
103 {0: [29, 29, 25, 25, 29, 26, 27, 28, 27, 27, 25, 25, 26, 27, 25, 25, 26, 26, 26, 26, 26, 25, 25, 25, 25, 26, 24, 25, 25, 23, 26, 26, 26, 27, 27, 29, 25, 26, 22, 23, 22, 22, 23, 22, 22, 23, 22, 22, 22, 22, 22, 22, 22, 22, 23, 22, 22, 22, 22, 23, 25, 23, 22, 23, 25, 25, 27, 24, 23, 24, 24, 25, 26, 26, 23, 22, 22, 22, 20, 24, 23, 23, 25, 26, 27, 26, 27, 26, 24, 26, 24, 24, 24, 24, 25, 25, 28, 26, 28, 30], 1: [240, 242, 246, 246, 247, 251, 251, 251, 254, 257, 259, 264, 264, 264, 266, 267, 268, 269, 269, 273, 274, 275, 275, 275, 275, 279, 283, 283, 283, 287, 288, 289, 289, 290, 290, 291, 297, 298, 303, 303, 305, 305, 305, 307, 307, 307, 308, 308, 308, 308, 309, 310, 310, 310, 311, 312, 313, 313, 313, 314, 314, 318, 321, 321, 321, 321, 321, 326, 330, 331, 332, 333, 335, 337, 341, 343, 345, 346, 349, 349, 352, 352, 352, 352, 353, 356, 356, 361, 364, 365, 368, 369, 370, 371, 372, 374, 375, 379, 379, 379]}
597 {0: [28, 27, 25, 25, 26, 24, 24, 25, 22, 23, 26, 24, 23, 24, 24, 25, 25, 26, 28, 26, 22, 23, 24, 24, 26, 25, 26, 26, 27, 28, 27, 25, 26, 25, 24, 26, 26, 26, 28, 26, 26, 29, 27, 26, 26, 27, 26, 25, 26, 25, 26, 26, 26, 27, 23, 24, 24, 24, 23, 26, 25, 26, 25, 27, 25, 23, 23, 24, 23, 24, 24, 26, 24, 24, 26, 25, 24, 24, 27, 26, 27, 28, 27, 25, 27, 27, 27, 27, 26, 28, 29, 28, 27, 27, 29, 27, 28, 27, 27, 27], 1: [240, 242, 246, 249, 249, 253, 253, 255, 258, 258, 258, 261, 263, 264, 265, 265, 265, 266, 268, 272, 277, 277, 280, 281, 281, 283, 284, 285, 286, 288, 294, 297, 298, 299, 301, 302, 306, 308, 308, 311, 311, 311, 313, 315, 318, 318, 319, 322, 322, 323, 323, 325, 326, 327, 333, 334, 335, 335, 337, 337, 338, 341, 343, 346, 350, 355, 355, 356, 357, 357, 357, 358, 361, 363, 364, 366, 370, 370, 370, 372, 373, 376, 379, 383, 383, 384, 384, 386, 387, 387, 389, 392, 393, 395, 396, 399, 400, 402, 402, 402]}
350 {0: [29, 29, 25, 25, 29, 26, 27, 28, 27, 27, 25, 25, 26, 27, 25, 25, 26, 26, 26, 26, 26, 25, 25, 25, 25, 26, 24, 25, 25, 23, 26, 26, 26, 27, 27, 29, 25, 26, 22, 23, 22, 22, 23, 22, 22, 23, 22, 22, 22, 22, 22, 22, 22, 22, 23, 22, 22, 22, 22, 23, 25, 23, 22, 23, 25, 25, 27, 24, 23, 24, 24, 25, 26, 26, 23, 22, 22, 22, 20, 24, 23, 23, 25, 26, 27, 26, 27, 26, 24, 26, 24, 24, 24, 24, 25, 25, 28, 26, 28, 30], 1: [240, 242, 246, 246, 247, 251, 251, 251, 254, 257, 259, 264, 264, 264, 266, 267, 268, 269, 269, 273, 274, 275, 275, 275, 275, 279, 283, 283, 283, 287, 288, 289, 289, 290, 290, 291, 297, 298, 303, 303, 305, 305, 305, 307, 307, 307, 308, 308, 308, 308, 309, 310, 310, 310, 311, 312, 313, 313, 313, 314, 314, 318, 321, 321, 321, 321, 321, 326, 330, 331, 332, 333, 335, 337, 341, 343, 345, 346, 349, 349, 352, 352, 352, 352, 353, 356, 356, 361, 364, 365, 368, 369, 370, 371, 372, 374, 375, 379, 379, 379]}
840 {0: [29, 29, 25, 25, 29, 26, 27, 28, 27, 27, 25, 25, 26, 27, 25, 25, 26, 26, 26, 26, 26, 25, 25, 25, 25, 26, 24, 25, 25, 23, 26, 26, 26, 27, 27, 29, 25, 26, 22, 23, 22, 22, 23, 22, 22, 23, 22, 22, 22, 22, 22, 22, 22, 22, 23, 22, 22, 22, 22, 23, 25, 23, 22, 23, 25, 25, 27, 24, 23, 24, 24, 25, 26, 26, 23, 22, 22, 22, 20, 24, 23, 23, 25, 26, 27, 26, 27, 26, 24, 26, 24, 24, 24, 24, 25, 25, 28, 26, 28, 30], 1: [240, 242, 246, 246, 247, 251, 251, 251, 254, 257, 259, 264, 264, 264, 266, 267, 268, 269, 269, 273, 274, 275, 275, 275, 275, 279, 283, 283, 283, 287, 288, 289, 289, 290, 290, 291, 297, 298, 303, 303, 305, 305, 305, 307, 307, 307, 308, 308, 308, 308, 309, 310, 310, 310, 311, 312, 313, 313, 313, 314, 314, 318, 321, 321, 321, 321, 321, 326, 330, 331, 332, 333, 335, 337, 341, 343, 345, 346, 349, 349, 352, 352, 352, 352, 353, 356, 356, 361, 364, 365, 368, 369, 370, 371, 372, 374, 375, 379, 379, 379]}
104 {0: [29, 29, 25, 25, 29, 26, 27, 28, 27, 27, 25, 25, 26, 27, 25, 25, 26, 26, 26, 26, 26, 25, 25, 25, 25, 26, 24, 25, 25, 23, 26, 26, 26, 27, 27, 29, 25, 26, 22, 23, 22, 22, 23, 22, 22, 23, 22, 22, 22, 22, 22, 22, 22, 22, 23, 22, 22, 22, 22, 23, 25, 23, 22, 23, 25, 25, 27, 24, 23, 24, 24, 25, 26, 26, 23, 22, 22, 22, 20, 24, 23, 23, 25, 26, 27, 26, 27, 26, 24, 26, 24, 24, 24, 24, 25, 25, 28, 26, 28, 30], 1: [240, 242, 246, 246, 247, 251, 251, 251, 254, 257, 259, 264, 264, 264, 266, 267, 268, 269, 269, 273, 274, 275, 275, 275, 275, 279, 283, 283, 283, 287, 288, 289, 289, 290, 290, 291, 297, 298, 303, 303, 305, 305, 305, 307, 307, 307, 308, 308, 308, 308, 309, 310, 310, 310, 311, 312, 313, 313, 313, 314, 314, 318, 321, 321, 321, 321, 321, 326, 330, 331, 332, 333, 335, 337, 341, 343, 345, 346, 349, 349, 352, 352, 352, 352, 353, 356, 356, 361, 364, 365, 368, 369, 370, 371, 372, 374, 375, 379, 379, 379]}
598 {0: [29, 29, 25, 25, 29, 26, 27, 28, 27, 27, 25, 25, 26, 27, 25, 25, 26, 26, 26, 26, 26, 25, 25, 25, 25, 26, 24, 25, 25, 23, 26, 26, 26, 27, 27, 29, 25, 26, 22, 23, 22, 22, 23, 22, 22, 23, 22, 22, 22, 22, 22, 22, 22, 22, 23, 22, 22, 22, 22, 23, 25, 23, 22, 23, 25, 25, 27, 24, 23, 24, 24, 25, 26, 26, 23, 22, 22, 22, 20, 24, 23, 23, 25, 26, 27, 26, 27, 26, 24, 26, 24, 24, 24, 24, 25, 25, 28, 26, 28, 30], 1: [240, 242, 246, 246, 247, 251, 251, 251, 254, 257, 259, 264, 264, 264, 266, 267, 268, 269, 269, 273, 274, 275, 275, 275, 275, 279, 283, 283, 283, 287, 288, 289, 289, 290, 290, 291, 297, 298, 303, 303, 305, 305, 305, 307, 307, 307, 308, 308, 308, 308, 309, 310, 310, 310, 311, 312, 313, 313, 313, 314, 314, 318, 321, 321, 321, 321, 321, 326, 330, 331, 332, 333, 335, 337, 341, 343, 345, 346, 349, 349, 352, 352, 352, 352, 353, 356, 356, 361, 364, 365, 368, 369, 370, 371, 372, 374, 375, 379, 379, 379]}
351 {0: [29, 29, 25, 25, 29, 26, 27, 28, 27, 27, 25, 25, 26, 27, 25, 25, 26, 26, 26, 26, 26, 25, 25, 25, 25, 26, 24, 25, 25, 23, 26, 26, 26, 27, 27, 29, 25, 26, 22, 23, 22, 22, 23, 22, 22, 23, 22, 22, 22, 22, 22, 22, 22, 22, 23, 22, 22, 22, 22, 23, 25, 23, 22, 23, 25, 25, 27, 24, 23, 24, 24, 25, 26, 26, 23, 22, 22, 22, 20, 24, 23, 23, 25, 26, 27, 26, 27, 26, 24, 26, 24, 24, 24, 24, 25, 25, 28, 26, 28, 30], 1: [240, 242, 246, 246, 247, 251, 251, 251, 254, 257, 259, 264, 264, 264, 266, 267, 268, 269, 269, 273, 274, 275, 275, 275, 275, 279, 283, 283, 283, 287, 288, 289, 289, 290, 290, 291, 297, 298, 303, 303, 305, 305, 305, 307, 307, 307, 308, 308, 308, 308, 309, 310, 310, 310, 311, 312, 313, 313, 313, 314, 314, 318, 321, 321, 321, 321, 321, 326, 330, 331, 332, 333, 335, 337, 341, 343, 345, 346, 349, 349, 352, 352, 352, 352, 353, 356, 356, 361, 364, 365, 368, 369, 370, 371, 372, 374, 375, 379, 379, 379]}
841 {0: [29, 29, 25, 25, 29, 26, 27, 28, 27, 27, 25, 25, 26, 27, 25, 25, 26, 26, 26, 26, 26, 25, 25, 25, 25, 26, 24, 25, 25, 23, 26, 26, 26, 27, 27, 29, 25, 26, 22, 23, 22, 22, 23, 22, 22, 23, 22, 22, 22, 22, 22, 22, 22, 22, 23, 22, 22, 22, 22, 23, 25, 23, 22, 23, 25, 25, 27, 24, 23, 24, 24, 25, 26, 26, 23, 22, 22, 22, 20, 24, 23, 23, 25, 26, 27, 26, 27, 26, 24, 26, 24, 24, 24, 24, 25, 25, 28, 26, 28, 30], 1: [240, 242, 246, 246, 247, 251, 251, 251, 254, 257, 259, 264, 264, 264, 266, 267, 268, 269, 269, 273, 274, 275, 275, 275, 275, 279, 283, 283, 283, 287, 288, 289, 289, 290, 290, 291, 297, 298, 303, 303, 305, 305, 305, 307, 307, 307, 308, 308, 308, 308, 309, 310, 310, 310, 311, 312, 313, 313, 313, 314, 314, 318, 321, 321, 321, 321, 321, 326, 330, 331, 332, 333, 335, 337, 341, 343, 345, 346, 349, 349, 352, 352, 352, 352, 353, 356, 356, 361, 364, 365, 368, 369, 370, 371, 372, 374, 375, 379, 379, 379]}
105 {0: [29, 29, 25, 25, 29, 26, 27, 28, 27, 27, 25, 25, 26, 27, 25, 25, 26, 26, 26, 26, 26, 25, 25, 25, 25, 26, 24, 25, 25, 23, 26, 26, 26, 27, 27, 29, 25, 26, 22, 23, 22, 22, 23, 22, 22, 23, 22, 22, 22, 22, 22, 22, 22, 22, 23, 22, 22, 22, 22, 23, 25, 23, 22, 23, 25, 25, 27, 24, 23, 24, 24, 25, 26, 26, 23, 22, 22, 22, 20, 24, 23, 23, 25, 26, 27, 26, 27, 26, 24, 26, 24, 24, 24, 24, 25, 25, 28, 26, 28, 30], 1: [240, 242, 246, 246, 247, 251, 251, 251, 254, 257, 259, 264, 264, 264, 266, 267, 268, 269, 269, 273, 274, 275, 275, 275, 275, 279, 283, 283, 283, 287, 288, 289, 289, 290, 290, 291, 297, 298, 303, 303, 305, 305, 305, 307, 307, 307, 308, 308, 308, 308, 309, 310, 310, 310, 311, 312, 313, 313, 313, 314, 314, 318, 321, 321, 321, 321, 321, 326, 330, 331, 332, 333, 335, 337, 341, 343, 345, 346, 349, 349, 352, 352, 352, 352, 353, 356, 356, 361, 364, 365, 368, 369, 370, 371, 372, 374, 375, 379, 379, 379]}
599 {0: [29, 29, 25, 25, 29, 26, 27, 28, 27, 27, 25, 25, 26, 27, 25, 25, 26, 26, 26, 26, 26, 25, 25, 25, 25, 26, 24, 25, 25, 23, 26, 26, 26, 27, 27, 29, 25, 26, 22, 23, 22, 22, 23, 22, 22, 23, 22, 22, 22, 22, 22, 22, 22, 22, 23, 22, 22, 22, 22, 23, 25, 23, 22, 23, 25, 25, 27, 24, 23, 24, 24, 25, 26, 26, 23, 22, 22, 22, 20, 24, 23, 23, 25, 26, 27, 26, 27, 26, 24, 26, 24, 24, 24, 24, 25, 25, 28, 26, 28, 30], 1: [240, 242, 246, 246, 247, 251, 251, 251, 254, 257, 259, 264, 264, 264, 266, 267, 268, 269, 269, 273, 274, 275, 275, 275, 275, 279, 283, 283, 283, 287, 288, 289, 289, 290, 290, 291, 297, 298, 303, 303, 305, 305, 305, 307, 307, 307, 308, 308, 308, 308, 309, 310, 310, 310, 311, 312, 313, 313, 313, 314, 314, 318, 321, 321, 321, 321, 321, 326, 330, 331, 332, 333, 335, 337, 341, 343, 345, 346, 349, 349, 352, 352, 352, 352, 353, 356, 356, 361, 364, 365, 368, 369, 370, 371, 372, 374, 375, 379, 379, 379]}
352 {0: [29, 29, 25, 25, 29, 26, 27, 28, 27, 27, 25, 25, 26, 27, 25, 25, 26, 26, 26, 26, 26, 25, 25, 25, 25, 26, 24, 25, 25, 23, 26, 26, 26, 27, 27, 29, 25, 26, 22, 23, 22, 22, 23, 22, 22, 23, 22, 22, 22, 22, 22, 22, 22, 22, 23, 22, 22, 22, 22, 23, 25, 23, 22, 23, 25, 25, 27, 24, 23, 24, 24, 25, 26, 26, 23, 22, 22, 22, 20, 24, 23, 23, 25, 26, 27, 26, 27, 26, 24, 26, 24, 24, 24, 24, 25, 25, 28, 26, 28, 30], 1: [240, 242, 246, 246, 247, 251, 251, 251, 254, 257, 259, 264, 264, 264, 266, 267, 268, 269, 269, 273, 274, 275, 275, 275, 275, 279, 283, 283, 283, 287, 288, 289, 289, 290, 290, 291, 297, 298, 303, 303, 305, 305, 305, 307, 307, 307, 308, 308, 308, 308, 309, 310, 310, 310, 311, 312, 313, 313, 313, 314, 314, 318, 321, 321, 321, 321, 321, 326, 330, 331, 332, 333, 335, 337, 341, 343, 345, 346, 349, 349, 352, 352, 352, 352, 353, 356, 356, 361, 364, 365, 368, 369, 370, 371, 372, 374, 375, 379, 379, 379]}
842 {0: [29, 29, 25, 25, 29, 26, 27, 28, 27, 27, 25, 25, 26, 27, 25, 25, 26, 26, 26, 26, 26, 25, 25, 25, 25, 26, 24, 25, 25, 23, 26, 26, 26, 27, 27, 29, 25, 26, 22, 23, 22, 22, 23, 22, 22, 23, 22, 22, 22, 22, 22, 22, 22, 22, 23, 22, 22, 22, 22, 23, 25, 23, 22, 23, 25, 25, 27, 24, 23, 24, 24, 25, 26, 26, 23, 22, 22, 22, 20, 24, 23, 23, 25, 26, 27, 26, 27, 26, 24, 26, 24, 24, 24, 24, 25, 25, 28, 26, 28, 30], 1: [240, 242, 246, 246, 247, 251, 251, 251, 254, 257, 259, 264, 264, 264, 266, 267, 268, 269, 269, 273, 274, 275, 275, 275, 275, 279, 283, 283, 283, 287, 288, 289, 289, 290, 290, 291, 297, 298, 303, 303, 305, 305, 305, 307, 307, 307, 308, 308, 308, 308, 309, 310, 310, 310, 311, 312, 313, 313, 313, 314, 314, 318, 321, 321, 321, 321, 321, 326, 330, 331, 332, 333, 335, 337, 341, 343, 345, 346, 349, 349, 352, 352, 352, 352, 353, 356, 356, 361, 364, 365, 368, 369, 370, 371, 372, 374, 375, 379, 379, 379]}
106 {0: [29, 29, 25, 25, 29, 26, 27, 28, 27, 27, 25, 25, 26, 27, 25, 25, 26, 26, 26, 26, 26, 25, 25, 25, 25, 26, 24, 25, 25, 23, 26, 26, 26, 27, 27, 29, 25, 26, 22, 23, 22, 22, 23, 22, 22, 23, 22, 22, 22, 22, 22, 22, 22, 22, 23, 22, 22, 22, 22, 23, 25, 23, 22, 23, 25, 25, 27, 24, 23, 24, 24, 25, 26, 26, 23, 22, 22, 22, 20, 24, 23, 23, 25, 26, 27, 26, 27, 26, 24, 26, 24, 24, 24, 24, 25, 25, 28, 26, 28, 30], 1: [240, 242, 246, 246, 247, 251, 251, 251, 254, 257, 259, 264, 264, 264, 266, 267, 268, 269, 269, 273, 274, 275, 275, 275, 275, 279, 283, 283, 283, 287, 288, 289, 289, 290, 290, 291, 297, 298, 303, 303, 305, 305, 305, 307, 307, 307, 308, 308, 308, 308, 309, 310, 310, 310, 311, 312, 313, 313, 313, 314, 314, 318, 321, 321, 321, 321, 321, 326, 330, 331, 332, 333, 335, 337, 341, 343, 345, 346, 349, 349, 352, 352, 352, 352, 353, 356, 356, 361, 364, 365, 368, 369, 370, 371, 372, 374, 375, 379, 379, 379]}
600 {0: [29, 29, 25, 25, 29, 26, 27, 28, 27, 27, 25, 25, 26, 27, 25, 25, 26, 26, 26, 26, 26, 25, 25, 25, 25, 26, 24, 25, 25, 23, 26, 26, 26, 27, 27, 29, 25, 26, 22, 23, 22, 22, 23, 22, 22, 23, 22, 22, 22, 22, 22, 22, 22, 22, 23, 22, 22, 22, 22, 23, 25, 23, 22, 23, 25, 25, 27, 24, 23, 24, 24, 25, 26, 26, 23, 22, 22, 22, 20, 24, 23, 23, 25, 26, 27, 26, 27, 26, 24, 26, 24, 24, 24, 24, 25, 25, 28, 26, 28, 30], 1: [240, 242, 246, 246, 247, 251, 251, 251, 254, 257, 259, 264, 264, 264, 266, 267, 268, 269, 269, 273, 274, 275, 275, 275, 275, 279, 283, 283, 283, 287, 288, 289, 289, 290, 290, 291, 297, 298, 303, 303, 305, 305, 305, 307, 307, 307, 308, 308, 308, 308, 309, 310, 310, 310, 311, 312, 313, 313, 313, 314, 314, 318, 321, 321, 321, 321, 321, 326, 330, 331, 332, 333, 335, 337, 341, 343, 345, 346, 349, 349, 352, 352, 352, 352, 353, 356, 356, 361, 364, 365, 368, 369, 370, 371, 372, 374, 375, 379, 379, 379]}
843 {0: [29, 29, 25, 25, 29, 26, 27, 28, 27, 27, 25, 25, 26, 27, 25, 25, 26, 26, 26, 26, 26, 25, 25, 25, 25, 26, 24, 25, 25, 23, 26, 26, 26, 27, 27, 29, 25, 26, 22, 23, 22, 22, 23, 22, 22, 23, 22, 22, 22, 22, 22, 22, 22, 22, 23, 22, 22, 22, 22, 23, 25, 23, 22, 23, 25, 25, 27, 24, 23, 24, 24, 25, 26, 26, 23, 22, 22, 22, 20, 24, 23, 23, 25, 26, 27, 26, 27, 26, 24, 26, 24, 24, 24, 24, 25, 25, 28, 26, 28, 30], 1: [240, 242, 246, 246, 247, 251, 251, 251, 254, 257, 259, 264, 264, 264, 266, 267, 268, 269, 269, 273, 274, 275, 275, 275, 275, 279, 283, 283, 283, 287, 288, 289, 289, 290, 290, 291, 297, 298, 303, 303, 305, 305, 305, 307, 307, 307, 308, 308, 308, 308, 309, 310, 310, 310, 311, 312, 313, 313, 313, 314, 314, 318, 321, 321, 321, 321, 321, 326, 330, 331, 332, 333, 335, 337, 341, 343, 345, 346, 349, 349, 352, 352, 352, 352, 353, 356, 356, 361, 364, 365, 368, 369, 370, 371, 372, 374, 375, 379, 379, 379]}
353 {0: [29, 29, 25, 25, 29, 26, 27, 28, 27, 27, 25, 25, 26, 27, 25, 25, 26, 26, 26, 26, 26, 25, 25, 25, 25, 26, 24, 25, 25, 23, 26, 26, 26, 27, 27, 29, 25, 26, 22, 23, 22, 22, 23, 22, 22, 23, 22, 22, 22, 22, 22, 22, 22, 22, 23, 22, 22, 22, 22, 23, 25, 23, 22, 23, 25, 25, 27, 24, 23, 24, 24, 25, 26, 26, 23, 22, 22, 22, 20, 24, 23, 23, 25, 26, 27, 26, 27, 26, 24, 26, 24, 24, 24, 24, 25, 25, 28, 26, 28, 30], 1: [240, 242, 246, 246, 247, 251, 251, 251, 254, 257, 259, 264, 264, 264, 266, 267, 268, 269, 269, 273, 274, 275, 275, 275, 275, 279, 283, 283, 283, 287, 288, 289, 289, 290, 290, 291, 297, 298, 303, 303, 305, 305, 305, 307, 307, 307, 308, 308, 308, 308, 309, 310, 310, 310, 311, 312, 313, 313, 313, 314, 314, 318, 321, 321, 321, 321, 321, 326, 330, 331, 332, 333, 335, 337, 341, 343, 345, 346, 349, 349, 352, 352, 352, 352, 353, 356, 356, 361, 364, 365, 368, 369, 370, 371, 372, 374, 375, 379, 379, 379]}
107 {0: [29, 29, 25, 25, 29, 26, 27, 28, 27, 27, 25, 25, 26, 27, 25, 25, 26, 26, 26, 26, 26, 25, 25, 25, 25, 26, 24, 25, 25, 23, 26, 26, 26, 27, 27, 29, 25, 26, 22, 23, 22, 22, 23, 22, 22, 23, 22, 22, 22, 22, 22, 22, 22, 22, 23, 22, 22, 22, 22, 23, 25, 23, 22, 23, 25, 25, 27, 24, 23, 24, 24, 25, 26, 26, 23, 22, 22, 22, 20, 24, 23, 23, 25, 26, 27, 26, 27, 26, 24, 26, 24, 24, 24, 24, 25, 25, 28, 26, 28, 30], 1: [240, 242, 246, 246, 247, 251, 251, 251, 254, 257, 259, 264, 264, 264, 266, 267, 268, 269, 269, 273, 274, 275, 275, 275, 275, 279, 283, 283, 283, 287, 288, 289, 289, 290, 290, 291, 297, 298, 303, 303, 305, 305, 305, 307, 307, 307, 308, 308, 308, 308, 309, 310, 310, 310, 311, 312, 313, 313, 313, 314, 314, 318, 321, 321, 321, 321, 321, 326, 330, 331, 332, 333, 335, 337, 341, 343, 345, 346, 349, 349, 352, 352, 352, 352, 353, 356, 356, 361, 364, 365, 368, 369, 370, 371, 372, 374, 375, 379, 379, 379]}
601 {0: [29, 29, 25, 25, 29, 26, 27, 28, 27, 27, 25, 25, 26, 27, 25, 25, 26, 26, 26, 26, 26, 25, 25, 25, 25, 26, 24, 25, 25, 23, 26, 26, 26, 27, 27, 29, 25, 26, 22, 23, 22, 22, 23, 22, 22, 23, 22, 22, 22, 22, 22, 22, 22, 22, 23, 22, 22, 22, 22, 23, 25, 23, 22, 23, 25, 25, 27, 24, 23, 24, 24, 25, 26, 26, 23, 22, 22, 22, 20, 24, 23, 23, 25, 26, 27, 26, 27, 26, 24, 26, 24, 24, 24, 24, 25, 25, 28, 26, 28, 30], 1: [240, 242, 246, 246, 247, 251, 251, 251, 254, 257, 259, 264, 264, 264, 266, 267, 268, 269, 269, 273, 274, 275, 275, 275, 275, 279, 283, 283, 283, 287, 288, 289, 289, 290, 290, 291, 297, 298, 303, 303, 305, 305, 305, 307, 307, 307, 308, 308, 308, 308, 309, 310, 310, 310, 311, 312, 313, 313, 313, 314, 314, 318, 321, 321, 321, 321, 321, 326, 330, 331, 332, 333, 335, 337, 341, 343, 345, 346, 349, 349, 352, 352, 352, 352, 353, 356, 356, 361, 364, 365, 368, 369, 370, 371, 372, 374, 375, 379, 379, 379]}
844 {0: [29, 29, 25, 25, 29, 26, 27, 28, 27, 27, 25, 25, 26, 27, 25, 25, 26, 26, 26, 26, 26, 25, 25, 25, 25, 26, 24, 25, 25, 23, 26, 26, 26, 27, 27, 29, 25, 26, 22, 23, 22, 22, 23, 22, 22, 23, 22, 22, 22, 22, 22, 22, 22, 22, 23, 22, 22, 22, 22, 23, 25, 23, 22, 23, 25, 25, 27, 24, 23, 24, 24, 25, 26, 26, 23, 22, 22, 22, 20, 24, 23, 23, 25, 26, 27, 26, 27, 26, 24, 26, 24, 24, 24, 24, 25, 25, 28, 26, 28, 30], 1: [240, 242, 246, 246, 247, 251, 251, 251, 254, 257, 259, 264, 264, 264, 266, 267, 268, 269, 269, 273, 274, 275, 275, 275, 275, 279, 283, 283, 283, 287, 288, 289, 289, 290, 290, 291, 297, 298, 303, 303, 305, 305, 305, 307, 307, 307, 308, 308, 308, 308, 309, 310, 310, 310, 311, 312, 313, 313, 313, 314, 314, 318, 321, 321, 321, 321, 321, 326, 330, 331, 332, 333, 335, 337, 341, 343, 345, 346, 349, 349, 352, 352, 352, 352, 353, 356, 356, 361, 364, 365, 368, 369, 370, 371, 372, 374, 375, 379, 379, 379]}
354 {0: [29, 29, 25, 25, 29, 26, 27, 28, 27, 27, 25, 25, 26, 27, 25, 25, 26, 26, 26, 26, 26, 25, 25, 25, 25, 26, 24, 25, 25, 23, 26, 26, 26, 27, 27, 29, 25, 26, 22, 23, 22, 22, 23, 22, 22, 23, 22, 22, 22, 22, 22, 22, 22, 22, 23, 22, 22, 22, 22, 23, 25, 23, 22, 23, 25, 25, 27, 24, 23, 24, 24, 25, 26, 26, 23, 22, 22, 22, 20, 24, 23, 23, 25, 26, 27, 26, 27, 26, 24, 26, 24, 24, 24, 24, 25, 25, 28, 26, 28, 30], 1: [240, 242, 246, 246, 247, 251, 251, 251, 254, 257, 259, 264, 264, 264, 266, 267, 268, 269, 269, 273, 274, 275, 275, 275, 275, 279, 283, 283, 283, 287, 288, 289, 289, 290, 290, 291, 297, 298, 303, 303, 305, 305, 305, 307, 307, 307, 308, 308, 308, 308, 309, 310, 310, 310, 311, 312, 313, 313, 313, 314, 314, 318, 321, 321, 321, 321, 321, 326, 330, 331, 332, 333, 335, 337, 341, 343, 345, 346, 349, 349, 352, 352, 352, 352, 353, 356, 356, 361, 364, 365, 368, 369, 370, 371, 372, 374, 375, 379, 379, 379]}
108 {0: [29, 29, 25, 25, 29, 26, 27, 28, 27, 27, 25, 25, 26, 27, 25, 25, 26, 26, 26, 26, 26, 25, 25, 25, 25, 26, 24, 25, 25, 23, 26, 26, 26, 27, 27, 29, 25, 26, 22, 23, 22, 22, 23, 22, 22, 23, 22, 22, 22, 22, 22, 22, 22, 22, 23, 22, 22, 22, 22, 23, 25, 23, 22, 23, 25, 25, 27, 24, 23, 24, 24, 25, 26, 26, 23, 22, 22, 22, 20, 24, 23, 23, 25, 26, 27, 26, 27, 26, 24, 26, 24, 24, 24, 24, 25, 25, 28, 26, 28, 30], 1: [240, 242, 246, 246, 247, 251, 251, 251, 254, 257, 259, 264, 264, 264, 266, 267, 268, 269, 269, 273, 274, 275, 275, 275, 275, 279, 283, 283, 283, 287, 288, 289, 289, 290, 290, 291, 297, 298, 303, 303, 305, 305, 305, 307, 307, 307, 308, 308, 308, 308, 309, 310, 310, 310, 311, 312, 313, 313, 313, 314, 314, 318, 321, 321, 321, 321, 321, 326, 330, 331, 332, 333, 335, 337, 341, 343, 345, 346, 349, 349, 352, 352, 352, 352, 353, 356, 356, 361, 364, 365, 368, 369, 370, 371, 372, 374, 375, 379, 379, 379]}
602 {0: [29, 29, 25, 25, 29, 26, 27, 28, 27, 27, 25, 25, 26, 27, 25, 25, 26, 26, 26, 26, 26, 25, 25, 25, 25, 26, 24, 25, 25, 23, 26, 26, 26, 27, 27, 29, 25, 26, 22, 23, 22, 22, 23, 22, 22, 23, 22, 22, 22, 22, 22, 22, 22, 22, 23, 22, 22, 22, 22, 23, 25, 23, 22, 23, 25, 25, 27, 24, 23, 24, 24, 25, 26, 26, 23, 22, 22, 22, 20, 24, 23, 23, 25, 26, 27, 26, 27, 26, 24, 26, 24, 24, 24, 24, 25, 25, 28, 26, 28, 30], 1: [240, 242, 246, 246, 247, 251, 251, 251, 254, 257, 259, 264, 264, 264, 266, 267, 268, 269, 269, 273, 274, 275, 275, 275, 275, 279, 283, 283, 283, 287, 288, 289, 289, 290, 290, 291, 297, 298, 303, 303, 305, 305, 305, 307, 307, 307, 308, 308, 308, 308, 309, 310, 310, 310, 311, 312, 313, 313, 313, 314, 314, 318, 321, 321, 321, 321, 321, 326, 330, 331, 332, 333, 335, 337, 341, 343, 345, 346, 349, 349, 352, 352, 352, 352, 353, 356, 356, 361, 364, 365, 368, 369, 370, 371, 372, 374, 375, 379, 379, 379]}
845 {0: [29, 29, 25, 25, 29, 26, 27, 28, 27, 27, 25, 25, 26, 27, 25, 25, 26, 26, 26, 26, 26, 25, 25, 25, 25, 26, 24, 25, 25, 23, 26, 26, 26, 27, 27, 29, 25, 26, 22, 23, 22, 22, 23, 22, 22, 23, 22, 22, 22, 22, 22, 22, 22, 22, 23, 22, 22, 22, 22, 23, 25, 23, 22, 23, 25, 25, 27, 24, 23, 24, 24, 25, 26, 26, 23, 22, 22, 22, 20, 24, 23, 23, 25, 26, 27, 26, 27, 26, 24, 26, 24, 24, 24, 24, 25, 25, 28, 26, 28, 30], 1: [240, 242, 246, 246, 247, 251, 251, 251, 254, 257, 259, 264, 264, 264, 266, 267, 268, 269, 269, 273, 274, 275, 275, 275, 275, 279, 283, 283, 283, 287, 288, 289, 289, 290, 290, 291, 297, 298, 303, 303, 305, 305, 305, 307, 307, 307, 308, 308, 308, 308, 309, 310, 310, 310, 311, 312, 313, 313, 313, 314, 314, 318, 321, 321, 321, 321, 321, 326, 330, 331, 332, 333, 335, 337, 341, 343, 345, 346, 349, 349, 352, 352, 352, 352, 353, 356, 356, 361, 364, 365, 368, 369, 370, 371, 372, 374, 375, 379, 379, 379]}
355 {0: [29, 29, 25, 25, 29, 26, 27, 28, 27, 27, 25, 25, 26, 27, 25, 25, 26, 26, 26, 26, 26, 25, 25, 25, 25, 26, 24, 25, 25, 23, 26, 26, 26, 27, 27, 29, 25, 26, 22, 23, 22, 22, 23, 22, 22, 23, 22, 22, 22, 22, 22, 22, 22, 22, 23, 22, 22, 22, 22, 23, 25, 23, 22, 23, 25, 25, 27, 24, 23, 24, 24, 25, 26, 26, 23, 22, 22, 22, 20, 24, 23, 23, 25, 26, 27, 26, 27, 26, 24, 26, 24, 24, 24, 24, 25, 25, 28, 26, 28, 30], 1: [240, 242, 246, 246, 247, 251, 251, 251, 254, 257, 259, 264, 264, 264, 266, 267, 268, 269, 269, 273, 274, 275, 275, 275, 275, 279, 283, 283, 283, 287, 288, 289, 289, 290, 290, 291, 297, 298, 303, 303, 305, 305, 305, 307, 307, 307, 308, 308, 308, 308, 309, 310, 310, 310, 311, 312, 313, 313, 313, 314, 314, 318, 321, 321, 321, 321, 321, 326, 330, 331, 332, 333, 335, 337, 341, 343, 345, 346, 349, 349, 352, 352, 352, 352, 353, 356, 356, 361, 364, 365, 368, 369, 370, 371, 372, 374, 375, 379, 379, 379]}
109 {0: [29, 29, 25, 25, 29, 26, 27, 28, 27, 27, 25, 25, 26, 27, 25, 25, 26, 26, 26, 26, 26, 25, 25, 25, 25, 26, 24, 25, 25, 23, 26, 26, 26, 27, 27, 29, 25, 26, 22, 23, 22, 22, 23, 22, 22, 23, 22, 22, 22, 22, 22, 22, 22, 22, 23, 22, 22, 22, 22, 23, 25, 23, 22, 23, 25, 25, 27, 24, 23, 24, 24, 25, 26, 26, 23, 22, 22, 22, 20, 24, 23, 23, 25, 26, 27, 26, 27, 26, 24, 26, 24, 24, 24, 24, 25, 25, 28, 26, 28, 30], 1: [240, 242, 246, 246, 247, 251, 251, 251, 254, 257, 259, 264, 264, 264, 266, 267, 268, 269, 269, 273, 274, 275, 275, 275, 275, 279, 283, 283, 283, 287, 288, 289, 289, 290, 290, 291, 297, 298, 303, 303, 305, 305, 305, 307, 307, 307, 308, 308, 308, 308, 309, 310, 310, 310, 311, 312, 313, 313, 313, 314, 314, 318, 321, 321, 321, 321, 321, 326, 330, 331, 332, 333, 335, 337, 341, 343, 345, 346, 349, 349, 352, 352, 352, 352, 353, 356, 356, 361, 364, 365, 368, 369, 370, 371, 372, 374, 375, 379, 379, 379]}
603 {0: [29, 29, 25, 25, 29, 26, 27, 28, 27, 27, 25, 25, 26, 27, 25, 25, 26, 26, 26, 26, 26, 25, 25, 25, 25, 26, 24, 25, 25, 23, 26, 26, 26, 27, 27, 29, 25, 26, 22, 23, 22, 22, 23, 22, 22, 23, 22, 22, 22, 22, 22, 22, 22, 22, 23, 22, 22, 22, 22, 23, 25, 23, 22, 23, 25, 25, 27, 24, 23, 24, 24, 25, 26, 26, 23, 22, 22, 22, 20, 24, 23, 23, 25, 26, 27, 26, 27, 26, 24, 26, 24, 24, 24, 24, 25, 25, 28, 26, 28, 30], 1: [240, 242, 246, 246, 247, 251, 251, 251, 254, 257, 259, 264, 264, 264, 266, 267, 268, 269, 269, 273, 274, 275, 275, 275, 275, 279, 283, 283, 283, 287, 288, 289, 289, 290, 290, 291, 297, 298, 303, 303, 305, 305, 305, 307, 307, 307, 308, 308, 308, 308, 309, 310, 310, 310, 311, 312, 313, 313, 313, 314, 314, 318, 321, 321, 321, 321, 321, 326, 330, 331, 332, 333, 335, 337, 341, 343, 345, 346, 349, 349, 352, 352, 352, 352, 353, 356, 356, 361, 364, 365, 368, 369, 370, 371, 372, 374, 375, 379, 379, 379]}
846 {0: [29, 29, 25, 25, 29, 26, 27, 28, 27, 27, 25, 25, 26, 27, 25, 25, 26, 26, 26, 26, 26, 25, 25, 25, 25, 26, 24, 25, 25, 23, 26, 26, 26, 27, 27, 29, 25, 26, 22, 23, 22, 22, 23, 22, 22, 23, 22, 22, 22, 22, 22, 22, 22, 22, 23, 22, 22, 22, 22, 23, 25, 23, 22, 23, 25, 25, 27, 24, 23, 24, 24, 25, 26, 26, 23, 22, 22, 22, 20, 24, 23, 23, 25, 26, 27, 26, 27, 26, 24, 26, 24, 24, 24, 24, 25, 25, 28, 26, 28, 30], 1: [240, 242, 246, 246, 247, 251, 251, 251, 254, 257, 259, 264, 264, 264, 266, 267, 268, 269, 269, 273, 274, 275, 275, 275, 275, 279, 283, 283, 283, 287, 288, 289, 289, 290, 290, 291, 297, 298, 303, 303, 305, 305, 305, 307, 307, 307, 308, 308, 308, 308, 309, 310, 310, 310, 311, 312, 313, 313, 313, 314, 314, 318, 321, 321, 321, 321, 321, 326, 330, 331, 332, 333, 335, 337, 341, 343, 345, 346, 349, 349, 352, 352, 352, 352, 353, 356, 356, 361, 364, 365, 368, 369, 370, 371, 372, 374, 375, 379, 379, 379]}
356 {0: [29, 29, 25, 25, 29, 26, 27, 28, 27, 27, 25, 25, 26, 27, 25, 25, 26, 26, 26, 26, 26, 25, 25, 25, 25, 26, 24, 25, 25, 23, 26, 26, 26, 27, 27, 29, 25, 26, 22, 23, 22, 22, 23, 22, 22, 23, 22, 22, 22, 22, 22, 22, 22, 22, 23, 22, 22, 22, 22, 23, 25, 23, 22, 23, 25, 25, 27, 24, 23, 24, 24, 25, 26, 26, 23, 22, 22, 22, 20, 24, 23, 23, 25, 26, 27, 26, 27, 26, 24, 26, 24, 24, 24, 24, 25, 25, 28, 26, 28, 30], 1: [240, 242, 246, 246, 247, 251, 251, 251, 254, 257, 259, 264, 264, 264, 266, 267, 268, 269, 269, 273, 274, 275, 275, 275, 275, 279, 283, 283, 283, 287, 288, 289, 289, 290, 290, 291, 297, 298, 303, 303, 305, 305, 305, 307, 307, 307, 308, 308, 308, 308, 309, 310, 310, 310, 311, 312, 313, 313, 313, 314, 314, 318, 321, 321, 321, 321, 321, 326, 330, 331, 332, 333, 335, 337, 341, 343, 345, 346, 349, 349, 352, 352, 352, 352, 353, 356, 356, 361, 364, 365, 368, 369, 370, 371, 372, 374, 375, 379, 379, 379]}
110 {0: [29, 29, 25, 25, 29, 26, 27, 28, 27, 27, 25, 25, 26, 27, 25, 25, 26, 26, 26, 26, 26, 25, 25, 25, 25, 26, 24, 25, 25, 23, 26, 26, 26, 27, 27, 29, 25, 26, 22, 23, 22, 22, 23, 22, 22, 23, 22, 22, 22, 22, 22, 22, 22, 22, 23, 22, 22, 22, 22, 23, 25, 23, 22, 23, 25, 25, 27, 24, 23, 24, 24, 25, 26, 26, 23, 22, 22, 22, 20, 24, 23, 23, 25, 26, 27, 26, 27, 26, 24, 26, 24, 24, 24, 24, 25, 25, 28, 26, 28, 30], 1: [240, 242, 246, 246, 247, 251, 251, 251, 254, 257, 259, 264, 264, 264, 266, 267, 268, 269, 269, 273, 274, 275, 275, 275, 275, 279, 283, 283, 283, 287, 288, 289, 289, 290, 290, 291, 297, 298, 303, 303, 305, 305, 305, 307, 307, 307, 308, 308, 308, 308, 309, 310, 310, 310, 311, 312, 313, 313, 313, 314, 314, 318, 321, 321, 321, 321, 321, 326, 330, 331, 332, 333, 335, 337, 341, 343, 345, 346, 349, 349, 352, 352, 352, 352, 353, 356, 356, 361, 364, 365, 368, 369, 370, 371, 372, 374, 375, 379, 379, 379]}
604 {0: [29, 29, 25, 25, 29, 26, 27, 28, 27, 27, 25, 25, 26, 27, 25, 25, 26, 26, 26, 26, 26, 25, 25, 25, 25, 26, 24, 25, 25, 23, 26, 26, 26, 27, 27, 29, 25, 26, 22, 23, 22, 22, 23, 22, 22, 23, 22, 22, 22, 22, 22, 22, 22, 22, 23, 22, 22, 22, 22, 23, 25, 23, 22, 23, 25, 25, 27, 24, 23, 24, 24, 25, 26, 26, 23, 22, 22, 22, 20, 24, 23, 23, 25, 26, 27, 26, 27, 26, 24, 26, 24, 24, 24, 24, 25, 25, 28, 26, 28, 30], 1: [240, 242, 246, 246, 247, 251, 251, 251, 254, 257, 259, 264, 264, 264, 266, 267, 268, 269, 269, 273, 274, 275, 275, 275, 275, 279, 283, 283, 283, 287, 288, 289, 289, 290, 290, 291, 297, 298, 303, 303, 305, 305, 305, 307, 307, 307, 308, 308, 308, 308, 309, 310, 310, 310, 311, 312, 313, 313, 313, 314, 314, 318, 321, 321, 321, 321, 321, 326, 330, 331, 332, 333, 335, 337, 341, 343, 345, 346, 349, 349, 352, 352, 352, 352, 353, 356, 356, 361, 364, 365, 368, 369, 370, 371, 372, 374, 375, 379, 379, 379]}
847 {0: [29, 29, 25, 25, 29, 26, 27, 28, 27, 27, 25, 25, 26, 27, 25, 25, 26, 26, 26, 26, 26, 25, 25, 25, 25, 26, 24, 25, 25, 23, 26, 26, 26, 27, 27, 29, 25, 26, 22, 23, 22, 22, 23, 22, 22, 23, 22, 22, 22, 22, 22, 22, 22, 22, 23, 22, 22, 22, 22, 23, 25, 23, 22, 23, 25, 25, 27, 24, 23, 24, 24, 25, 26, 26, 23, 22, 22, 22, 20, 24, 23, 23, 25, 26, 27, 26, 27, 26, 24, 26, 24, 24, 24, 24, 25, 25, 28, 26, 28, 30], 1: [240, 242, 246, 246, 247, 251, 251, 251, 254, 257, 259, 264, 264, 264, 266, 267, 268, 269, 269, 273, 274, 275, 275, 275, 275, 279, 283, 283, 283, 287, 288, 289, 289, 290, 290, 291, 297, 298, 303, 303, 305, 305, 305, 307, 307, 307, 308, 308, 308, 308, 309, 310, 310, 310, 311, 312, 313, 313, 313, 314, 314, 318, 321, 321, 321, 321, 321, 326, 330, 331, 332, 333, 335, 337, 341, 343, 345, 346, 349, 349, 352, 352, 352, 352, 353, 356, 356, 361, 364, 365, 368, 369, 370, 371, 372, 374, 375, 379, 379, 379]}
357 {0: [29, 29, 25, 25, 29, 26, 27, 28, 27, 27, 25, 25, 26, 27, 25, 25, 26, 26, 26, 26, 26, 25, 25, 25, 25, 26, 24, 25, 25, 23, 26, 26, 26, 27, 27, 29, 25, 26, 22, 23, 22, 22, 23, 22, 22, 23, 22, 22, 22, 22, 22, 22, 22, 22, 23, 22, 22, 22, 22, 23, 25, 23, 22, 23, 25, 25, 27, 24, 23, 24, 24, 25, 26, 26, 23, 22, 22, 22, 20, 24, 23, 23, 25, 26, 27, 26, 27, 26, 24, 26, 24, 24, 24, 24, 25, 25, 28, 26, 28, 30], 1: [240, 242, 246, 246, 247, 251, 251, 251, 254, 257, 259, 264, 264, 264, 266, 267, 268, 269, 269, 273, 274, 275, 275, 275, 275, 279, 283, 283, 283, 287, 288, 289, 289, 290, 290, 291, 297, 298, 303, 303, 305, 305, 305, 307, 307, 307, 308, 308, 308, 308, 309, 310, 310, 310, 311, 312, 313, 313, 313, 314, 314, 318, 321, 321, 321, 321, 321, 326, 330, 331, 332, 333, 335, 337, 341, 343, 345, 346, 349, 349, 352, 352, 352, 352, 353, 356, 356, 361, 364, 365, 368, 369, 370, 371, 372, 374, 375, 379, 379, 379]}
111 {0: [29, 29, 25, 25, 29, 26, 27, 28, 27, 27, 25, 25, 26, 27, 25, 25, 26, 26, 26, 26, 26, 25, 25, 25, 25, 26, 24, 25, 25, 23, 26, 26, 26, 27, 27, 29, 25, 26, 22, 23, 22, 22, 23, 22, 22, 23, 22, 22, 22, 22, 22, 22, 22, 22, 23, 22, 22, 22, 22, 23, 25, 23, 22, 23, 25, 25, 27, 24, 23, 24, 24, 25, 26, 26, 23, 22, 22, 22, 20, 24, 23, 23, 25, 26, 27, 26, 27, 26, 24, 26, 24, 24, 24, 24, 25, 25, 28, 26, 28, 30], 1: [240, 242, 246, 246, 247, 251, 251, 251, 254, 257, 259, 264, 264, 264, 266, 267, 268, 269, 269, 273, 274, 275, 275, 275, 275, 279, 283, 283, 283, 287, 288, 289, 289, 290, 290, 291, 297, 298, 303, 303, 305, 305, 305, 307, 307, 307, 308, 308, 308, 308, 309, 310, 310, 310, 311, 312, 313, 313, 313, 314, 314, 318, 321, 321, 321, 321, 321, 326, 330, 331, 332, 333, 335, 337, 341, 343, 345, 346, 349, 349, 352, 352, 352, 352, 353, 356, 356, 361, 364, 365, 368, 369, 370, 371, 372, 374, 375, 379, 379, 379]}
605 {0: [29, 29, 25, 25, 29, 26, 27, 28, 27, 27, 25, 25, 26, 27, 25, 25, 26, 26, 26, 26, 26, 25, 25, 25, 25, 26, 24, 25, 25, 23, 26, 26, 26, 27, 27, 29, 25, 26, 22, 23, 22, 22, 23, 22, 22, 23, 22, 22, 22, 22, 22, 22, 22, 22, 23, 22, 22, 22, 22, 23, 25, 23, 22, 23, 25, 25, 27, 24, 23, 24, 24, 25, 26, 26, 23, 22, 22, 22, 20, 24, 23, 23, 25, 26, 27, 26, 27, 26, 24, 26, 24, 24, 24, 24, 25, 25, 28, 26, 28, 30], 1: [240, 242, 246, 246, 247, 251, 251, 251, 254, 257, 259, 264, 264, 264, 266, 267, 268, 269, 269, 273, 274, 275, 275, 275, 275, 279, 283, 283, 283, 287, 288, 289, 289, 290, 290, 291, 297, 298, 303, 303, 305, 305, 305, 307, 307, 307, 308, 308, 308, 308, 309, 310, 310, 310, 311, 312, 313, 313, 313, 314, 314, 318, 321, 321, 321, 321, 321, 326, 330, 331, 332, 333, 335, 337, 341, 343, 345, 346, 349, 349, 352, 352, 352, 352, 353, 356, 356, 361, 364, 365, 368, 369, 370, 371, 372, 374, 375, 379, 379, 379]}
848 {0: [29, 29, 25, 25, 29, 26, 27, 28, 27, 27, 25, 25, 26, 27, 25, 25, 26, 26, 26, 26, 26, 25, 25, 25, 25, 26, 24, 25, 25, 23, 26, 26, 26, 27, 27, 29, 25, 26, 22, 23, 22, 22, 23, 22, 22, 23, 22, 22, 22, 22, 22, 22, 22, 22, 23, 22, 22, 22, 22, 24, 23, 24, 25, 22, 22, 22, 22, 23, 23, 26, 24, 24, 24, 24, 24, 24, 24, 23, 24, 24, 25, 25, 23, 23, 24, 25, 27, 27, 26, 26, 28, 29, 27, 28, 26, 26, 26, 25, 25, 26], 1: [240, 242, 246, 246, 247, 251, 251, 251, 254, 257, 259, 264, 264, 264, 266, 267, 268, 269, 269, 273, 274, 275, 275, 275, 275, 279, 283, 283, 283, 287, 288, 289, 289, 290, 290, 291, 297, 298, 303, 303, 305, 305, 305, 307, 307, 307, 308, 308, 308, 308, 309, 310, 310, 310, 311, 312, 313, 313, 313, 314, 319, 319, 321, 328, 328, 328, 328, 328, 329, 330, 334, 334, 335, 335, 335, 335, 338, 342, 343, 345, 347, 348, 350, 350, 350, 350, 351, 354, 358, 358, 359, 361, 364, 365, 367, 369, 372, 378, 379, 380]}
358 {0: [29, 29, 25, 25, 29, 26, 27, 28, 27, 27, 25, 25, 26, 27, 25, 25, 26, 26, 26, 26, 26, 25, 25, 25, 25, 26, 24, 25, 25, 23, 26, 26, 26, 27, 27, 29, 25, 26, 22, 23, 22, 22, 23, 22, 22, 23, 22, 22, 22, 22, 22, 22, 22, 22, 23, 22, 22, 22, 22, 23, 25, 23, 22, 23, 25, 25, 27, 24, 23, 24, 24, 25, 26, 26, 23, 22, 22, 22, 20, 24, 23, 23, 25, 26, 27, 26, 27, 26, 24, 26, 24, 24, 24, 24, 25, 25, 28, 26, 28, 30], 1: [240, 242, 246, 246, 247, 251, 251, 251, 254, 257, 259, 264, 264, 264, 266, 267, 268, 269, 269, 273, 274, 275, 275, 275, 275, 279, 283, 283, 283, 287, 288, 289, 289, 290, 290, 291, 297, 298, 303, 303, 305, 305, 305, 307, 307, 307, 308, 308, 308, 308, 309, 310, 310, 310, 311, 312, 313, 313, 313, 314, 314, 318, 321, 321, 321, 321, 321, 326, 330, 331, 332, 333, 335, 337, 341, 343, 345, 346, 349, 349, 352, 352, 352, 352, 353, 356, 356, 361, 364, 365, 368, 369, 370, 371, 372, 374, 375, 379, 379, 379]}
112 {0: [29, 29, 25, 25, 29, 26, 27, 28, 27, 27, 25, 25, 26, 27, 25, 25, 26, 26, 26, 26, 26, 25, 25, 25, 25, 26, 24, 25, 25, 23, 26, 26, 26, 27, 27, 29, 25, 26, 22, 23, 22, 22, 23, 22, 22, 23, 22, 22, 22, 22, 22, 22, 22, 22, 23, 22, 22, 22, 22, 23, 25, 23, 22, 23, 25, 25, 27, 24, 23, 24, 24, 25, 26, 26, 23, 22, 22, 22, 20, 24, 23, 23, 25, 26, 27, 26, 27, 26, 24, 26, 24, 24, 24, 24, 25, 25, 28, 26, 28, 30], 1: [240, 242, 246, 246, 247, 251, 251, 251, 254, 257, 259, 264, 264, 264, 266, 267, 268, 269, 269, 273, 274, 275, 275, 275, 275, 279, 283, 283, 283, 287, 288, 289, 289, 290, 290, 291, 297, 298, 303, 303, 305, 305, 305, 307, 307, 307, 308, 308, 308, 308, 309, 310, 310, 310, 311, 312, 313, 313, 313, 314, 314, 318, 321, 321, 321, 321, 321, 326, 330, 331, 332, 333, 335, 337, 341, 343, 345, 346, 349, 349, 352, 352, 352, 352, 353, 356, 356, 361, 364, 365, 368, 369, 370, 371, 372, 374, 375, 379, 379, 379]}
606 {0: [29, 29, 25, 25, 29, 26, 27, 28, 27, 27, 25, 25, 26, 27, 25, 25, 26, 26, 26, 26, 26, 25, 25, 25, 25, 26, 24, 25, 25, 23, 26, 26, 26, 27, 27, 29, 25, 26, 22, 23, 22, 22, 23, 22, 22, 23, 22, 22, 22, 22, 22, 22, 22, 22, 23, 22, 22, 22, 22, 23, 25, 23, 22, 23, 25, 25, 27, 24, 23, 24, 24, 25, 26, 26, 23, 22, 22, 22, 20, 24, 23, 23, 25, 26, 27, 26, 27, 26, 24, 26, 24, 24, 24, 24, 25, 25, 28, 26, 28, 30], 1: [240, 242, 246, 246, 247, 251, 251, 251, 254, 257, 259, 264, 264, 264, 266, 267, 268, 269, 269, 273, 274, 275, 275, 275, 275, 279, 283, 283, 283, 287, 288, 289, 289, 290, 290, 291, 297, 298, 303, 303, 305, 305, 305, 307, 307, 307, 308, 308, 308, 308, 309, 310, 310, 310, 311, 312, 313, 313, 313, 314, 314, 318, 321, 321, 321, 321, 321, 326, 330, 331, 332, 333, 335, 337, 341, 343, 345, 346, 349, 349, 352, 352, 352, 352, 353, 356, 356, 361, 364, 365, 368, 369, 370, 371, 372, 374, 375, 379, 379, 379]}
849 {0: [29, 29, 25, 25, 29, 26, 27, 28, 27, 27, 25, 25, 26, 27, 25, 25, 26, 26, 26, 26, 26, 25, 25, 25, 25, 26, 24, 25, 25, 23, 26, 26, 26, 27, 27, 29, 25, 26, 22, 23, 22, 22, 23, 22, 22, 23, 22, 22, 22, 22, 22, 22, 22, 22, 23, 22, 22, 22, 22, 23, 25, 23, 22, 23, 25, 25, 27, 24, 23, 24, 24, 25, 26, 26, 23, 22, 22, 22, 20, 24, 23, 23, 25, 26, 27, 26, 27, 26, 24, 26, 24, 24, 24, 24, 25, 25, 28, 26, 28, 30], 1: [240, 242, 246, 246, 247, 251, 251, 251, 254, 257, 259, 264, 264, 264, 266, 267, 268, 269, 269, 273, 274, 275, 275, 275, 275, 279, 283, 283, 283, 287, 288, 289, 289, 290, 290, 291, 297, 298, 303, 303, 305, 305, 305, 307, 307, 307, 308, 308, 308, 308, 309, 310, 310, 310, 311, 312, 313, 313, 313, 314, 314, 318, 321, 321, 321, 321, 321, 326, 330, 331, 332, 333, 335, 337, 341, 343, 345, 346, 349, 349, 352, 352, 352, 352, 353, 356, 356, 361, 364, 365, 368, 369, 370, 371, 372, 374, 375, 379, 379, 379]}
359 {0: [29, 29, 25, 25, 29, 26, 27, 28, 27, 27, 25, 25, 26, 27, 25, 25, 26, 26, 26, 26, 26, 25, 25, 25, 25, 26, 24, 25, 25, 23, 26, 26, 26, 27, 27, 29, 25, 26, 22, 23, 22, 22, 23, 22, 22, 23, 22, 22, 22, 22, 22, 22, 22, 22, 23, 22, 22, 22, 22, 23, 25, 23, 22, 23, 25, 25, 27, 24, 23, 24, 24, 25, 26, 26, 23, 22, 22, 22, 20, 24, 23, 23, 25, 26, 27, 26, 27, 26, 24, 26, 24, 24, 24, 24, 25, 25, 28, 26, 28, 30], 1: [240, 242, 246, 246, 247, 251, 251, 251, 254, 257, 259, 264, 264, 264, 266, 267, 268, 269, 269, 273, 274, 275, 275, 275, 275, 279, 283, 283, 283, 287, 288, 289, 289, 290, 290, 291, 297, 298, 303, 303, 305, 305, 305, 307, 307, 307, 308, 308, 308, 308, 309, 310, 310, 310, 311, 312, 313, 313, 313, 314, 314, 318, 321, 321, 321, 321, 321, 326, 330, 331, 332, 333, 335, 337, 341, 343, 345, 346, 349, 349, 352, 352, 352, 352, 353, 356, 356, 361, 364, 365, 368, 369, 370, 371, 372, 374, 375, 379, 379, 379]}
113 {0: [28, 30, 27, 24, 22, 22, 22, 22, 22, 22, 22, 23, 23, 24, 24, 25, 25, 28, 27, 26, 27, 28, 26, 24, 24, 24, 24, 25, 26, 24, 25, 24, 26, 25, 26, 28, 25, 26, 26, 25, 24, 24, 23, 24, 24, 25, 27, 27, 26, 28, 26, 28, 28, 28, 28, 27, 27, 28, 27, 27, 27, 27, 28, 26, 26, 26, 26, 25, 24, 25, 25, 27, 27, 29, 26, 28, 27, 25, 25, 24, 26, 25, 24, 25, 25, 25, 24, 25, 25, 24, 24, 24, 26, 28, 25, 24, 24, 24, 27, 26], 1: [239, 241, 246, 249, 252, 252, 252, 253, 254, 256, 256, 256, 256, 258, 260, 262, 263, 264, 266, 268, 268, 270, 274, 276, 277, 278, 278, 278, 279, 282, 284, 287, 287, 288, 288, 289, 294, 297, 299, 301, 303, 306, 307, 308, 310, 312, 312, 313, 317, 317, 319, 320, 321, 322, 322, 324, 324, 326, 328, 329, 330, 330, 330, 332, 334, 336, 337, 338, 339, 340, 341, 343, 344, 347, 354, 354, 357, 359, 360, 362, 362, 364, 365, 365, 365, 366, 368, 368, 370, 373, 374, 374, 375, 375, 379, 381, 381, 381, 381, 386]}
607 {0: [29, 29, 25, 25, 29, 26, 27, 28, 27, 27, 25, 25, 26, 27, 25, 25, 26, 26, 26, 26, 26, 25, 25, 25, 25, 26, 24, 25, 25, 23, 26, 26, 26, 27, 27, 29, 25, 26, 22, 23, 22, 22, 23, 22, 22, 23, 22, 22, 22, 22, 22, 22, 22, 22, 23, 22, 22, 22, 22, 23, 25, 23, 22, 23, 25, 25, 27, 24, 23, 24, 24, 25, 26, 26, 23, 22, 22, 22, 20, 24, 23, 23, 25, 26, 27, 26, 27, 26, 24, 26, 24, 24, 24, 24, 25, 25, 28, 26, 28, 30], 1: [240, 242, 246, 246, 247, 251, 251, 251, 254, 257, 259, 264, 264, 264, 266, 267, 268, 269, 269, 273, 274, 275, 275, 275, 275, 279, 283, 283, 283, 287, 288, 289, 289, 290, 290, 291, 297, 298, 303, 303, 305, 305, 305, 307, 307, 307, 308, 308, 308, 308, 309, 310, 310, 310, 311, 312, 313, 313, 313, 314, 314, 318, 321, 321, 321, 321, 321, 326, 330, 331, 332, 333, 335, 337, 341, 343, 345, 346, 349, 349, 352, 352, 352, 352, 353, 356, 356, 361, 364, 365, 368, 369, 370, 371, 372, 374, 375, 379, 379, 379]}
850 {0: [29, 29, 25, 25, 29, 26, 27, 28, 27, 27, 25, 25, 26, 27, 25, 25, 26, 26, 26, 26, 26, 25, 25, 25, 25, 26, 24, 25, 25, 23, 26, 26, 26, 27, 27, 29, 25, 26, 22, 23, 22, 22, 23, 22, 22, 23, 22, 22, 22, 22, 22, 22, 22, 22, 23, 22, 22, 22, 22, 24, 23, 24, 25, 22, 22, 22, 22, 23, 23, 26, 24, 24, 24, 24, 24, 24, 24, 23, 24, 24, 25, 25, 23, 23, 24, 25, 27, 27, 26, 26, 28, 29, 27, 28, 26, 26, 26, 25, 25, 26], 1: [240, 242, 246, 246, 247, 251, 251, 251, 254, 257, 259, 264, 264, 264, 266, 267, 268, 269, 269, 273, 274, 275, 275, 275, 275, 279, 283, 283, 283, 287, 288, 289, 289, 290, 290, 291, 297, 298, 303, 303, 305, 305, 305, 307, 307, 307, 308, 308, 308, 308, 309, 310, 310, 310, 311, 312, 313, 313, 313, 314, 319, 319, 321, 328, 328, 328, 328, 328, 329, 330, 334, 334, 335, 335, 335, 335, 338, 342, 343, 345, 347, 348, 350, 350, 350, 350, 351, 354, 358, 358, 359, 361, 364, 365, 367, 369, 372, 378, 379, 380]}
360 {0: [29, 29, 25, 25, 29, 26, 27, 28, 27, 27, 25, 25, 26, 27, 25, 25, 26, 26, 26, 26, 26, 25, 25, 25, 25, 26, 24, 25, 25, 23, 26, 26, 26, 27, 27, 29, 25, 26, 22, 23, 22, 22, 23, 22, 22, 23, 22, 22, 22, 22, 22, 22, 22, 22, 23, 22, 22, 22, 22, 23, 25, 23, 22, 23, 25, 25, 27, 24, 23, 24, 24, 25, 26, 26, 23, 22, 22, 22, 20, 24, 23, 23, 25, 26, 27, 26, 27, 26, 24, 26, 24, 24, 24, 24, 25, 25, 28, 26, 28, 30], 1: [240, 242, 246, 246, 247, 251, 251, 251, 254, 257, 259, 264, 264, 264, 266, 267, 268, 269, 269, 273, 274, 275, 275, 275, 275, 279, 283, 283, 283, 287, 288, 289, 289, 290, 290, 291, 297, 298, 303, 303, 305, 305, 305, 307, 307, 307, 308, 308, 308, 308, 309, 310, 310, 310, 311, 312, 313, 313, 313, 314, 314, 318, 321, 321, 321, 321, 321, 326, 330, 331, 332, 333, 335, 337, 341, 343, 345, 346, 349, 349, 352, 352, 352, 352, 353, 356, 356, 361, 364, 365, 368, 369, 370, 371, 372, 374, 375, 379, 379, 379]}
114 {0: [29, 29, 25, 25, 29, 26, 27, 28, 27, 27, 25, 25, 26, 27, 25, 25, 26, 26, 26, 26, 26, 25, 25, 25, 25, 26, 24, 25, 25, 23, 26, 26, 26, 27, 27, 29, 25, 26, 22, 23, 22, 22, 23, 22, 22, 23, 22, 22, 22, 22, 22, 22, 22, 22, 23, 22, 22, 22, 22, 23, 25, 23, 22, 23, 25, 25, 27, 24, 23, 24, 24, 25, 26, 26, 23, 22, 22, 22, 20, 24, 23, 23, 25, 26, 27, 26, 27, 26, 24, 26, 24, 24, 24, 24, 25, 25, 28, 26, 28, 30], 1: [240, 242, 246, 246, 247, 251, 251, 251, 254, 257, 259, 264, 264, 264, 266, 267, 268, 269, 269, 273, 274, 275, 275, 275, 275, 279, 283, 283, 283, 287, 288, 289, 289, 290, 290, 291, 297, 298, 303, 303, 305, 305, 305, 307, 307, 307, 308, 308, 308, 308, 309, 310, 310, 310, 311, 312, 313, 313, 313, 314, 314, 318, 321, 321, 321, 321, 321, 326, 330, 331, 332, 333, 335, 337, 341, 343, 345, 346, 349, 349, 352, 352, 352, 352, 353, 356, 356, 361, 364, 365, 368, 369, 370, 371, 372, 374, 375, 379, 379, 379]}
608 {0: [29, 29, 25, 25, 29, 26, 27, 28, 27, 27, 25, 25, 26, 27, 25, 25, 26, 26, 26, 26, 26, 25, 25, 25, 25, 26, 24, 25, 25, 23, 26, 26, 26, 27, 27, 29, 25, 26, 22, 23, 22, 22, 23, 22, 22, 23, 22, 22, 22, 22, 22, 22, 22, 22, 23, 22, 22, 22, 22, 23, 25, 23, 22, 23, 25, 25, 27, 24, 23, 24, 24, 25, 26, 26, 23, 22, 22, 22, 20, 24, 23, 23, 25, 26, 27, 26, 27, 26, 24, 26, 24, 24, 24, 24, 25, 25, 28, 26, 28, 30], 1: [240, 242, 246, 246, 247, 251, 251, 251, 254, 257, 259, 264, 264, 264, 266, 267, 268, 269, 269, 273, 274, 275, 275, 275, 275, 279, 283, 283, 283, 287, 288, 289, 289, 290, 290, 291, 297, 298, 303, 303, 305, 305, 305, 307, 307, 307, 308, 308, 308, 308, 309, 310, 310, 310, 311, 312, 313, 313, 313, 314, 314, 318, 321, 321, 321, 321, 321, 326, 330, 331, 332, 333, 335, 337, 341, 343, 345, 346, 349, 349, 352, 352, 352, 352, 353, 356, 356, 361, 364, 365, 368, 369, 370, 371, 372, 374, 375, 379, 379, 379]}
851 {0: [29, 29, 25, 25, 29, 26, 27, 28, 27, 27, 25, 25, 26, 27, 25, 25, 26, 26, 26, 26, 26, 25, 25, 25, 25, 26, 24, 25, 25, 23, 26, 26, 26, 27, 27, 29, 25, 26, 22, 23, 22, 22, 23, 22, 22, 23, 22, 22, 22, 22, 22, 22, 22, 22, 23, 22, 22, 22, 22, 24, 23, 24, 25, 22, 22, 22, 22, 23, 23, 26, 24, 24, 24, 24, 24, 24, 24, 23, 24, 24, 25, 25, 23, 23, 24, 25, 27, 27, 26, 26, 28, 29, 27, 28, 26, 26, 26, 25, 25, 26], 1: [240, 242, 246, 246, 247, 251, 251, 251, 254, 257, 259, 264, 264, 264, 266, 267, 268, 269, 269, 273, 274, 275, 275, 275, 275, 279, 283, 283, 283, 287, 288, 289, 289, 290, 290, 291, 297, 298, 303, 303, 305, 305, 305, 307, 307, 307, 308, 308, 308, 308, 309, 310, 310, 310, 311, 312, 313, 313, 313, 314, 319, 319, 321, 328, 328, 328, 328, 328, 329, 330, 334, 334, 335, 335, 335, 335, 338, 342, 343, 345, 347, 348, 350, 350, 350, 350, 351, 354, 358, 358, 359, 361, 364, 365, 367, 369, 372, 378, 379, 380]}
361 {0: [29, 29, 25, 25, 29, 26, 27, 28, 27, 27, 25, 25, 26, 27, 25, 25, 26, 26, 26, 26, 26, 25, 25, 25, 25, 26, 24, 25, 25, 23, 26, 26, 26, 27, 27, 29, 25, 26, 22, 23, 22, 22, 23, 22, 22, 23, 22, 22, 22, 22, 22, 22, 22, 22, 23, 22, 22, 22, 22, 23, 25, 23, 22, 23, 25, 25, 27, 24, 23, 24, 24, 25, 26, 26, 23, 22, 22, 22, 20, 24, 23, 23, 25, 26, 27, 26, 27, 26, 24, 26, 24, 24, 24, 24, 25, 25, 28, 26, 28, 30], 1: [240, 242, 246, 246, 247, 251, 251, 251, 254, 257, 259, 264, 264, 264, 266, 267, 268, 269, 269, 273, 274, 275, 275, 275, 275, 279, 283, 283, 283, 287, 288, 289, 289, 290, 290, 291, 297, 298, 303, 303, 305, 305, 305, 307, 307, 307, 308, 308, 308, 308, 309, 310, 310, 310, 311, 312, 313, 313, 313, 314, 314, 318, 321, 321, 321, 321, 321, 326, 330, 331, 332, 333, 335, 337, 341, 343, 345, 346, 349, 349, 352, 352, 352, 352, 353, 356, 356, 361, 364, 365, 368, 369, 370, 371, 372, 374, 375, 379, 379, 379]}
115 {0: [29, 29, 25, 25, 29, 26, 27, 28, 27, 27, 25, 25, 26, 27, 25, 25, 26, 26, 26, 26, 26, 25, 25, 25, 25, 26, 24, 25, 25, 23, 26, 26, 26, 27, 27, 29, 25, 26, 22, 23, 22, 22, 23, 22, 22, 23, 22, 22, 22, 22, 22, 22, 22, 22, 23, 22, 22, 22, 22, 23, 25, 23, 22, 23, 25, 25, 27, 24, 23, 24, 24, 25, 26, 26, 23, 22, 22, 22, 20, 24, 23, 23, 25, 26, 27, 26, 27, 26, 24, 26, 24, 24, 24, 24, 25, 25, 28, 26, 28, 30], 1: [240, 242, 246, 246, 247, 251, 251, 251, 254, 257, 259, 264, 264, 264, 266, 267, 268, 269, 269, 273, 274, 275, 275, 275, 275, 279, 283, 283, 283, 287, 288, 289, 289, 290, 290, 291, 297, 298, 303, 303, 305, 305, 305, 307, 307, 307, 308, 308, 308, 308, 309, 310, 310, 310, 311, 312, 313, 313, 313, 314, 314, 318, 321, 321, 321, 321, 321, 326, 330, 331, 332, 333, 335, 337, 341, 343, 345, 346, 349, 349, 352, 352, 352, 352, 353, 356, 356, 361, 364, 365, 368, 369, 370, 371, 372, 374, 375, 379, 379, 379]}
609 {0: [29, 29, 25, 25, 29, 26, 27, 28, 27, 27, 25, 25, 26, 27, 25, 25, 26, 26, 26, 26, 26, 25, 25, 25, 25, 26, 24, 25, 25, 23, 26, 26, 26, 27, 27, 29, 25, 26, 22, 23, 22, 22, 23, 22, 22, 23, 22, 22, 22, 22, 22, 22, 22, 22, 23, 22, 22, 22, 22, 23, 25, 23, 22, 23, 25, 25, 27, 24, 23, 24, 24, 25, 26, 26, 23, 22, 22, 22, 20, 24, 23, 23, 25, 26, 27, 26, 27, 26, 24, 26, 24, 24, 24, 24, 25, 25, 28, 26, 28, 30], 1: [240, 242, 246, 246, 247, 251, 251, 251, 254, 257, 259, 264, 264, 264, 266, 267, 268, 269, 269, 273, 274, 275, 275, 275, 275, 279, 283, 283, 283, 287, 288, 289, 289, 290, 290, 291, 297, 298, 303, 303, 305, 305, 305, 307, 307, 307, 308, 308, 308, 308, 309, 310, 310, 310, 311, 312, 313, 313, 313, 314, 314, 318, 321, 321, 321, 321, 321, 326, 330, 331, 332, 333, 335, 337, 341, 343, 345, 346, 349, 349, 352, 352, 352, 352, 353, 356, 356, 361, 364, 365, 368, 369, 370, 371, 372, 374, 375, 379, 379, 379]}
852 {0: [29, 29, 25, 25, 29, 26, 27, 28, 27, 27, 25, 25, 26, 27, 25, 25, 26, 26, 26, 26, 26, 25, 25, 25, 25, 26, 24, 25, 25, 23, 26, 26, 26, 27, 27, 29, 25, 26, 22, 23, 22, 22, 23, 22, 22, 23, 22, 22, 22, 22, 22, 22, 22, 22, 23, 22, 22, 22, 22, 24, 23, 24, 25, 22, 22, 22, 22, 23, 23, 26, 24, 24, 24, 24, 24, 24, 24, 23, 24, 24, 25, 25, 23, 23, 24, 25, 27, 27, 26, 26, 28, 29, 27, 28, 26, 26, 26, 25, 25, 26], 1: [240, 242, 246, 246, 247, 251, 251, 251, 254, 257, 259, 264, 264, 264, 266, 267, 268, 269, 269, 273, 274, 275, 275, 275, 275, 279, 283, 283, 283, 287, 288, 289, 289, 290, 290, 291, 297, 298, 303, 303, 305, 305, 305, 307, 307, 307, 308, 308, 308, 308, 309, 310, 310, 310, 311, 312, 313, 313, 313, 314, 319, 319, 321, 328, 328, 328, 328, 328, 329, 330, 334, 334, 335, 335, 335, 335, 338, 342, 343, 345, 347, 348, 350, 350, 350, 350, 351, 354, 358, 358, 359, 361, 364, 365, 367, 369, 372, 378, 379, 380]}
362 {0: [29, 29, 25, 25, 29, 26, 27, 28, 27, 27, 25, 25, 26, 27, 25, 25, 26, 26, 26, 26, 26, 25, 25, 25, 25, 26, 24, 25, 25, 23, 26, 26, 26, 27, 27, 29, 25, 26, 22, 23, 22, 22, 23, 22, 22, 23, 22, 22, 22, 22, 22, 22, 22, 22, 23, 22, 22, 22, 22, 23, 25, 23, 22, 23, 25, 25, 27, 24, 23, 24, 24, 25, 26, 26, 23, 22, 22, 22, 20, 24, 23, 23, 25, 26, 27, 26, 27, 26, 24, 26, 24, 24, 24, 24, 25, 25, 28, 26, 28, 30], 1: [240, 242, 246, 246, 247, 251, 251, 251, 254, 257, 259, 264, 264, 264, 266, 267, 268, 269, 269, 273, 274, 275, 275, 275, 275, 279, 283, 283, 283, 287, 288, 289, 289, 290, 290, 291, 297, 298, 303, 303, 305, 305, 305, 307, 307, 307, 308, 308, 308, 308, 309, 310, 310, 310, 311, 312, 313, 313, 313, 314, 314, 318, 321, 321, 321, 321, 321, 326, 330, 331, 332, 333, 335, 337, 341, 343, 345, 346, 349, 349, 352, 352, 352, 352, 353, 356, 356, 361, 364, 365, 368, 369, 370, 371, 372, 374, 375, 379, 379, 379]}
610 {0: [29, 29, 25, 25, 29, 26, 27, 28, 27, 27, 25, 25, 26, 27, 25, 25, 26, 26, 26, 26, 26, 25, 25, 25, 25, 26, 24, 25, 25, 23, 26, 26, 26, 27, 27, 29, 25, 26, 22, 23, 22, 22, 23, 22, 22, 23, 22, 22, 22, 22, 22, 22, 22, 22, 23, 22, 22, 22, 22, 23, 25, 23, 22, 23, 25, 25, 27, 24, 23, 24, 24, 25, 26, 26, 23, 22, 22, 22, 20, 24, 23, 23, 25, 26, 27, 26, 27, 26, 24, 26, 24, 24, 24, 24, 25, 25, 28, 26, 28, 30], 1: [240, 242, 246, 246, 247, 251, 251, 251, 254, 257, 259, 264, 264, 264, 266, 267, 268, 269, 269, 273, 274, 275, 275, 275, 275, 279, 283, 283, 283, 287, 288, 289, 289, 290, 290, 291, 297, 298, 303, 303, 305, 305, 305, 307, 307, 307, 308, 308, 308, 308, 309, 310, 310, 310, 311, 312, 313, 313, 313, 314, 314, 318, 321, 321, 321, 321, 321, 326, 330, 331, 332, 333, 335, 337, 341, 343, 345, 346, 349, 349, 352, 352, 352, 352, 353, 356, 356, 361, 364, 365, 368, 369, 370, 371, 372, 374, 375, 379, 379, 379]}
116 {0: [29, 29, 25, 25, 29, 26, 27, 28, 27, 27, 25, 25, 26, 27, 25, 25, 26, 26, 26, 26, 26, 25, 25, 25, 25, 26, 24, 25, 25, 23, 26, 26, 26, 27, 27, 29, 25, 26, 22, 23, 22, 22, 23, 22, 22, 23, 22, 22, 22, 22, 22, 22, 22, 22, 23, 22, 22, 22, 22, 23, 25, 23, 22, 23, 25, 25, 27, 24, 23, 24, 24, 25, 26, 26, 23, 22, 22, 22, 20, 24, 23, 23, 25, 26, 27, 26, 27, 26, 24, 26, 24, 24, 24, 24, 25, 25, 28, 26, 28, 30], 1: [240, 242, 246, 246, 247, 251, 251, 251, 254, 257, 259, 264, 264, 264, 266, 267, 268, 269, 269, 273, 274, 275, 275, 275, 275, 279, 283, 283, 283, 287, 288, 289, 289, 290, 290, 291, 297, 298, 303, 303, 305, 305, 305, 307, 307, 307, 308, 308, 308, 308, 309, 310, 310, 310, 311, 312, 313, 313, 313, 314, 314, 318, 321, 321, 321, 321, 321, 326, 330, 331, 332, 333, 335, 337, 341, 343, 345, 346, 349, 349, 352, 352, 352, 352, 353, 356, 356, 361, 364, 365, 368, 369, 370, 371, 372, 374, 375, 379, 379, 379]}
853 {0: [29, 29, 25, 25, 29, 26, 27, 28, 27, 27, 25, 25, 26, 27, 25, 25, 26, 26, 26, 26, 26, 25, 25, 25, 25, 26, 24, 25, 25, 23, 26, 26, 26, 27, 27, 29, 25, 26, 22, 23, 22, 22, 23, 22, 22, 23, 22, 22, 22, 22, 22, 22, 22, 22, 23, 22, 22, 22, 22, 23, 25, 23, 22, 23, 25, 25, 27, 24, 23, 24, 24, 25, 26, 26, 23, 22, 22, 22, 20, 24, 23, 23, 25, 26, 27, 26, 27, 26, 24, 26, 24, 24, 24, 24, 25, 25, 28, 26, 28, 30], 1: [240, 242, 246, 246, 247, 251, 251, 251, 254, 257, 259, 264, 264, 264, 266, 267, 268, 269, 269, 273, 274, 275, 275, 275, 275, 279, 283, 283, 283, 287, 288, 289, 289, 290, 290, 291, 297, 298, 303, 303, 305, 305, 305, 307, 307, 307, 308, 308, 308, 308, 309, 310, 310, 310, 311, 312, 313, 313, 313, 314, 314, 318, 321, 321, 321, 321, 321, 326, 330, 331, 332, 333, 335, 337, 341, 343, 345, 346, 349, 349, 352, 352, 352, 352, 353, 356, 356, 361, 364, 365, 368, 369, 370, 371, 372, 374, 375, 379, 379, 379]}
363 {0: [29, 29, 25, 25, 29, 26, 27, 28, 27, 27, 25, 25, 26, 27, 25, 25, 26, 26, 26, 26, 26, 25, 25, 25, 25, 26, 24, 25, 25, 23, 26, 26, 26, 27, 27, 29, 25, 26, 22, 23, 22, 22, 23, 22, 22, 23, 22, 22, 22, 22, 22, 22, 22, 22, 23, 22, 22, 22, 22, 23, 25, 23, 22, 23, 25, 25, 27, 24, 23, 24, 24, 25, 26, 26, 23, 22, 22, 22, 20, 24, 23, 23, 25, 26, 27, 26, 27, 26, 24, 26, 24, 24, 24, 24, 25, 25, 28, 26, 28, 30], 1: [240, 242, 246, 246, 247, 251, 251, 251, 254, 257, 259, 264, 264, 264, 266, 267, 268, 269, 269, 273, 274, 275, 275, 275, 275, 279, 283, 283, 283, 287, 288, 289, 289, 290, 290, 291, 297, 298, 303, 303, 305, 305, 305, 307, 307, 307, 308, 308, 308, 308, 309, 310, 310, 310, 311, 312, 313, 313, 313, 314, 314, 318, 321, 321, 321, 321, 321, 326, 330, 331, 332, 333, 335, 337, 341, 343, 345, 346, 349, 349, 352, 352, 352, 352, 353, 356, 356, 361, 364, 365, 368, 369, 370, 371, 372, 374, 375, 379, 379, 379]}
611 {0: [29, 29, 25, 25, 29, 26, 27, 28, 27, 27, 25, 25, 26, 27, 25, 25, 26, 26, 26, 26, 26, 25, 25, 25, 25, 26, 24, 25, 25, 23, 26, 26, 26, 27, 27, 29, 25, 26, 22, 23, 22, 22, 23, 22, 22, 23, 22, 22, 22, 22, 22, 22, 22, 22, 23, 22, 22, 22, 22, 23, 25, 23, 22, 23, 25, 25, 27, 24, 23, 24, 24, 25, 26, 26, 23, 22, 22, 22, 20, 24, 23, 23, 25, 26, 27, 26, 27, 26, 24, 26, 24, 24, 24, 24, 25, 25, 28, 26, 28, 30], 1: [240, 242, 246, 246, 247, 251, 251, 251, 254, 257, 259, 264, 264, 264, 266, 267, 268, 269, 269, 273, 274, 275, 275, 275, 275, 279, 283, 283, 283, 287, 288, 289, 289, 290, 290, 291, 297, 298, 303, 303, 305, 305, 305, 307, 307, 307, 308, 308, 308, 308, 309, 310, 310, 310, 311, 312, 313, 313, 313, 314, 314, 318, 321, 321, 321, 321, 321, 326, 330, 331, 332, 333, 335, 337, 341, 343, 345, 346, 349, 349, 352, 352, 352, 352, 353, 356, 356, 361, 364, 365, 368, 369, 370, 371, 372, 374, 375, 379, 379, 379]}
117 {0: [29, 29, 25, 25, 29, 26, 27, 28, 27, 27, 25, 25, 26, 27, 25, 25, 26, 26, 26, 26, 26, 25, 25, 25, 25, 26, 24, 25, 25, 23, 26, 26, 26, 27, 27, 29, 25, 26, 22, 23, 22, 22, 23, 22, 22, 23, 22, 22, 22, 22, 22, 22, 22, 22, 23, 22, 22, 22, 22, 23, 25, 23, 22, 23, 25, 25, 27, 24, 23, 24, 24, 25, 26, 26, 23, 22, 22, 22, 20, 24, 23, 23, 25, 26, 27, 26, 27, 26, 24, 26, 24, 24, 24, 24, 25, 25, 28, 26, 28, 30], 1: [240, 242, 246, 246, 247, 251, 251, 251, 254, 257, 259, 264, 264, 264, 266, 267, 268, 269, 269, 273, 274, 275, 275, 275, 275, 279, 283, 283, 283, 287, 288, 289, 289, 290, 290, 291, 297, 298, 303, 303, 305, 305, 305, 307, 307, 307, 308, 308, 308, 308, 309, 310, 310, 310, 311, 312, 313, 313, 313, 314, 314, 318, 321, 321, 321, 321, 321, 326, 330, 331, 332, 333, 335, 337, 341, 343, 345, 346, 349, 349, 352, 352, 352, 352, 353, 356, 356, 361, 364, 365, 368, 369, 370, 371, 372, 374, 375, 379, 379, 379]}
854 {0: [29, 29, 25, 25, 29, 26, 27, 28, 27, 27, 25, 25, 26, 27, 25, 25, 26, 26, 26, 26, 26, 25, 25, 25, 25, 26, 24, 25, 25, 23, 26, 26, 26, 27, 27, 29, 25, 26, 22, 23, 22, 22, 23, 22, 22, 23, 22, 22, 22, 22, 22, 22, 22, 22, 23, 22, 22, 22, 22, 23, 25, 23, 22, 23, 25, 25, 27, 24, 23, 24, 24, 25, 26, 26, 23, 22, 22, 22, 20, 24, 23, 23, 25, 26, 27, 26, 27, 26, 24, 26, 24, 24, 24, 24, 25, 25, 28, 26, 28, 30], 1: [240, 242, 246, 246, 247, 251, 251, 251, 254, 257, 259, 264, 264, 264, 266, 267, 268, 269, 269, 273, 274, 275, 275, 275, 275, 279, 283, 283, 283, 287, 288, 289, 289, 290, 290, 291, 297, 298, 303, 303, 305, 305, 305, 307, 307, 307, 308, 308, 308, 308, 309, 310, 310, 310, 311, 312, 313, 313, 313, 314, 314, 318, 321, 321, 321, 321, 321, 326, 330, 331, 332, 333, 335, 337, 341, 343, 345, 346, 349, 349, 352, 352, 352, 352, 353, 356, 356, 361, 364, 365, 368, 369, 370, 371, 372, 374, 375, 379, 379, 379]}
364 {0: [29, 29, 25, 25, 29, 26, 27, 28, 27, 27, 25, 25, 26, 27, 25, 25, 26, 26, 26, 26, 26, 25, 25, 25, 25, 26, 24, 25, 25, 23, 26, 26, 26, 27, 27, 29, 25, 26, 22, 23, 22, 22, 23, 22, 22, 23, 22, 22, 22, 22, 22, 22, 22, 22, 23, 22, 22, 22, 22, 23, 25, 23, 22, 23, 25, 25, 27, 24, 23, 24, 24, 25, 26, 26, 23, 22, 22, 22, 20, 24, 23, 23, 25, 26, 27, 26, 27, 26, 24, 26, 24, 24, 24, 24, 25, 25, 28, 26, 28, 30], 1: [240, 242, 246, 246, 247, 251, 251, 251, 254, 257, 259, 264, 264, 264, 266, 267, 268, 269, 269, 273, 274, 275, 275, 275, 275, 279, 283, 283, 283, 287, 288, 289, 289, 290, 290, 291, 297, 298, 303, 303, 305, 305, 305, 307, 307, 307, 308, 308, 308, 308, 309, 310, 310, 310, 311, 312, 313, 313, 313, 314, 314, 318, 321, 321, 321, 321, 321, 326, 330, 331, 332, 333, 335, 337, 341, 343, 345, 346, 349, 349, 352, 352, 352, 352, 353, 356, 356, 361, 364, 365, 368, 369, 370, 371, 372, 374, 375, 379, 379, 379]}
612 {0: [29, 29, 25, 25, 29, 26, 27, 28, 27, 27, 25, 25, 26, 27, 25, 25, 26, 26, 26, 26, 26, 25, 25, 25, 25, 26, 24, 25, 25, 23, 26, 26, 26, 27, 27, 29, 25, 26, 22, 23, 22, 22, 23, 22, 22, 23, 22, 22, 22, 22, 22, 22, 22, 22, 23, 22, 22, 22, 22, 23, 25, 23, 22, 23, 25, 25, 27, 24, 23, 24, 24, 25, 26, 26, 23, 22, 22, 22, 20, 24, 23, 23, 25, 26, 27, 26, 27, 26, 24, 26, 24, 24, 24, 24, 25, 25, 28, 26, 28, 30], 1: [240, 242, 246, 246, 247, 251, 251, 251, 254, 257, 259, 264, 264, 264, 266, 267, 268, 269, 269, 273, 274, 275, 275, 275, 275, 279, 283, 283, 283, 287, 288, 289, 289, 290, 290, 291, 297, 298, 303, 303, 305, 305, 305, 307, 307, 307, 308, 308, 308, 308, 309, 310, 310, 310, 311, 312, 313, 313, 313, 314, 314, 318, 321, 321, 321, 321, 321, 326, 330, 331, 332, 333, 335, 337, 341, 343, 345, 346, 349, 349, 352, 352, 352, 352, 353, 356, 356, 361, 364, 365, 368, 369, 370, 371, 372, 374, 375, 379, 379, 379]}
118 {0: [29, 29, 25, 25, 29, 26, 27, 28, 27, 27, 25, 25, 26, 27, 25, 25, 26, 26, 26, 26, 26, 25, 25, 25, 25, 26, 24, 25, 25, 23, 26, 26, 26, 27, 27, 29, 25, 26, 22, 23, 22, 22, 23, 22, 22, 23, 22, 22, 22, 22, 22, 22, 22, 22, 23, 22, 22, 22, 22, 23, 25, 23, 22, 23, 25, 25, 27, 24, 23, 24, 24, 25, 26, 26, 23, 22, 22, 22, 20, 24, 23, 23, 25, 26, 27, 26, 27, 26, 24, 26, 24, 24, 24, 24, 25, 25, 28, 26, 28, 30], 1: [240, 242, 246, 246, 247, 251, 251, 251, 254, 257, 259, 264, 264, 264, 266, 267, 268, 269, 269, 273, 274, 275, 275, 275, 275, 279, 283, 283, 283, 287, 288, 289, 289, 290, 290, 291, 297, 298, 303, 303, 305, 305, 305, 307, 307, 307, 308, 308, 308, 308, 309, 310, 310, 310, 311, 312, 313, 313, 313, 314, 314, 318, 321, 321, 321, 321, 321, 326, 330, 331, 332, 333, 335, 337, 341, 343, 345, 346, 349, 349, 352, 352, 352, 352, 353, 356, 356, 361, 364, 365, 368, 369, 370, 371, 372, 374, 375, 379, 379, 379]}
855 {0: [29, 29, 25, 25, 29, 26, 27, 28, 27, 27, 25, 25, 26, 27, 25, 25, 26, 26, 26, 26, 26, 25, 25, 25, 25, 26, 24, 25, 25, 23, 26, 26, 26, 27, 27, 29, 25, 26, 22, 23, 22, 22, 23, 22, 22, 23, 22, 22, 22, 22, 22, 22, 22, 22, 23, 22, 22, 22, 22, 23, 25, 23, 22, 23, 25, 25, 27, 24, 23, 24, 24, 25, 26, 26, 23, 22, 22, 22, 20, 24, 23, 23, 25, 26, 27, 26, 27, 26, 24, 26, 24, 24, 24, 24, 25, 25, 28, 26, 28, 30], 1: [240, 242, 246, 246, 247, 251, 251, 251, 254, 257, 259, 264, 264, 264, 266, 267, 268, 269, 269, 273, 274, 275, 275, 275, 275, 279, 283, 283, 283, 287, 288, 289, 289, 290, 290, 291, 297, 298, 303, 303, 305, 305, 305, 307, 307, 307, 308, 308, 308, 308, 309, 310, 310, 310, 311, 312, 313, 313, 313, 314, 314, 318, 321, 321, 321, 321, 321, 326, 330, 331, 332, 333, 335, 337, 341, 343, 345, 346, 349, 349, 352, 352, 352, 352, 353, 356, 356, 361, 364, 365, 368, 369, 370, 371, 372, 374, 375, 379, 379, 379]}
365 {0: [29, 29, 25, 25, 29, 26, 27, 28, 27, 27, 25, 25, 26, 27, 25, 25, 26, 26, 26, 26, 26, 25, 25, 25, 25, 26, 24, 25, 25, 23, 26, 26, 26, 27, 27, 29, 25, 26, 22, 23, 22, 22, 23, 22, 22, 23, 22, 22, 22, 22, 22, 22, 22, 22, 23, 22, 22, 22, 22, 23, 25, 23, 22, 23, 25, 25, 27, 24, 23, 24, 24, 25, 26, 26, 23, 22, 22, 22, 20, 24, 23, 23, 25, 26, 27, 26, 27, 26, 24, 26, 24, 24, 24, 24, 25, 25, 28, 26, 28, 30], 1: [240, 242, 246, 246, 247, 251, 251, 251, 254, 257, 259, 264, 264, 264, 266, 267, 268, 269, 269, 273, 274, 275, 275, 275, 275, 279, 283, 283, 283, 287, 288, 289, 289, 290, 290, 291, 297, 298, 303, 303, 305, 305, 305, 307, 307, 307, 308, 308, 308, 308, 309, 310, 310, 310, 311, 312, 313, 313, 313, 314, 314, 318, 321, 321, 321, 321, 321, 326, 330, 331, 332, 333, 335, 337, 341, 343, 345, 346, 349, 349, 352, 352, 352, 352, 353, 356, 356, 361, 364, 365, 368, 369, 370, 371, 372, 374, 375, 379, 379, 379]}
613 {0: [29, 29, 25, 25, 29, 26, 27, 28, 27, 27, 25, 25, 26, 27, 25, 25, 26, 26, 26, 26, 26, 25, 25, 25, 25, 26, 24, 25, 25, 23, 26, 26, 26, 27, 27, 29, 25, 26, 22, 23, 22, 22, 23, 22, 22, 23, 22, 22, 22, 22, 22, 22, 22, 22, 23, 22, 22, 22, 22, 23, 25, 23, 22, 23, 25, 25, 27, 24, 23, 24, 24, 25, 26, 26, 23, 22, 22, 22, 20, 24, 23, 23, 25, 26, 27, 26, 27, 26, 24, 26, 24, 24, 24, 24, 25, 25, 28, 26, 28, 30], 1: [240, 242, 246, 246, 247, 251, 251, 251, 254, 257, 259, 264, 264, 264, 266, 267, 268, 269, 269, 273, 274, 275, 275, 275, 275, 279, 283, 283, 283, 287, 288, 289, 289, 290, 290, 291, 297, 298, 303, 303, 305, 305, 305, 307, 307, 307, 308, 308, 308, 308, 309, 310, 310, 310, 311, 312, 313, 313, 313, 314, 314, 318, 321, 321, 321, 321, 321, 326, 330, 331, 332, 333, 335, 337, 341, 343, 345, 346, 349, 349, 352, 352, 352, 352, 353, 356, 356, 361, 364, 365, 368, 369, 370, 371, 372, 374, 375, 379, 379, 379]}
119 {0: [29, 29, 25, 25, 29, 26, 27, 28, 27, 27, 25, 25, 26, 27, 25, 25, 26, 26, 26, 26, 26, 25, 25, 25, 25, 26, 24, 25, 25, 23, 26, 26, 26, 27, 27, 29, 25, 26, 22, 23, 22, 22, 23, 22, 22, 23, 22, 22, 22, 22, 22, 22, 22, 22, 23, 22, 22, 22, 22, 23, 25, 23, 22, 23, 25, 25, 27, 24, 23, 24, 24, 25, 26, 26, 23, 22, 22, 22, 20, 24, 23, 23, 25, 26, 27, 26, 27, 26, 24, 26, 24, 24, 24, 24, 25, 25, 28, 26, 28, 30], 1: [240, 242, 246, 246, 247, 251, 251, 251, 254, 257, 259, 264, 264, 264, 266, 267, 268, 269, 269, 273, 274, 275, 275, 275, 275, 279, 283, 283, 283, 287, 288, 289, 289, 290, 290, 291, 297, 298, 303, 303, 305, 305, 305, 307, 307, 307, 308, 308, 308, 308, 309, 310, 310, 310, 311, 312, 313, 313, 313, 314, 314, 318, 321, 321, 321, 321, 321, 326, 330, 331, 332, 333, 335, 337, 341, 343, 345, 346, 349, 349, 352, 352, 352, 352, 353, 356, 356, 361, 364, 365, 368, 369, 370, 371, 372, 374, 375, 379, 379, 379]}
856 {0: [29, 29, 25, 25, 29, 26, 27, 28, 27, 27, 25, 25, 26, 27, 25, 25, 26, 26, 26, 26, 26, 25, 25, 25, 25, 26, 24, 25, 25, 23, 26, 26, 26, 27, 27, 29, 25, 26, 22, 23, 22, 22, 23, 22, 22, 23, 22, 22, 22, 22, 22, 22, 22, 22, 23, 22, 22, 22, 22, 23, 25, 23, 22, 23, 25, 25, 27, 24, 23, 24, 24, 25, 26, 26, 23, 22, 22, 22, 20, 24, 23, 23, 25, 26, 27, 26, 27, 26, 24, 26, 24, 24, 24, 24, 25, 25, 28, 26, 28, 30], 1: [240, 242, 246, 246, 247, 251, 251, 251, 254, 257, 259, 264, 264, 264, 266, 267, 268, 269, 269, 273, 274, 275, 275, 275, 275, 279, 283, 283, 283, 287, 288, 289, 289, 290, 290, 291, 297, 298, 303, 303, 305, 305, 305, 307, 307, 307, 308, 308, 308, 308, 309, 310, 310, 310, 311, 312, 313, 313, 313, 314, 314, 318, 321, 321, 321, 321, 321, 326, 330, 331, 332, 333, 335, 337, 341, 343, 345, 346, 349, 349, 352, 352, 352, 352, 353, 356, 356, 361, 364, 365, 368, 369, 370, 371, 372, 374, 375, 379, 379, 379]}
366 {0: [29, 29, 25, 25, 29, 26, 27, 28, 27, 27, 25, 25, 26, 27, 25, 25, 26, 26, 26, 26, 26, 25, 25, 25, 25, 26, 24, 25, 25, 23, 26, 26, 26, 27, 27, 29, 25, 26, 22, 23, 22, 22, 23, 22, 22, 23, 22, 22, 22, 22, 22, 22, 22, 22, 23, 22, 22, 22, 22, 23, 25, 23, 22, 23, 25, 25, 27, 24, 23, 24, 24, 25, 26, 26, 23, 22, 22, 22, 20, 24, 23, 23, 25, 26, 27, 26, 27, 26, 24, 26, 24, 24, 24, 24, 25, 25, 28, 26, 28, 30], 1: [240, 242, 246, 246, 247, 251, 251, 251, 254, 257, 259, 264, 264, 264, 266, 267, 268, 269, 269, 273, 274, 275, 275, 275, 275, 279, 283, 283, 283, 287, 288, 289, 289, 290, 290, 291, 297, 298, 303, 303, 305, 305, 305, 307, 307, 307, 308, 308, 308, 308, 309, 310, 310, 310, 311, 312, 313, 313, 313, 314, 314, 318, 321, 321, 321, 321, 321, 326, 330, 331, 332, 333, 335, 337, 341, 343, 345, 346, 349, 349, 352, 352, 352, 352, 353, 356, 356, 361, 364, 365, 368, 369, 370, 371, 372, 374, 375, 379, 379, 379]}
614 {0: [29, 29, 25, 25, 29, 26, 27, 28, 27, 27, 25, 25, 26, 27, 25, 25, 26, 26, 26, 26, 26, 25, 25, 25, 25, 26, 24, 25, 25, 23, 26, 26, 26, 27, 27, 29, 25, 26, 22, 23, 22, 22, 23, 22, 22, 23, 22, 22, 22, 22, 22, 22, 22, 22, 23, 22, 22, 22, 22, 23, 25, 23, 22, 23, 25, 25, 27, 24, 23, 24, 24, 25, 26, 26, 23, 22, 22, 22, 20, 24, 23, 23, 25, 26, 27, 26, 27, 26, 24, 26, 24, 24, 24, 24, 25, 25, 28, 26, 28, 30], 1: [240, 242, 246, 246, 247, 251, 251, 251, 254, 257, 259, 264, 264, 264, 266, 267, 268, 269, 269, 273, 274, 275, 275, 275, 275, 279, 283, 283, 283, 287, 288, 289, 289, 290, 290, 291, 297, 298, 303, 303, 305, 305, 305, 307, 307, 307, 308, 308, 308, 308, 309, 310, 310, 310, 311, 312, 313, 313, 313, 314, 314, 318, 321, 321, 321, 321, 321, 326, 330, 331, 332, 333, 335, 337, 341, 343, 345, 346, 349, 349, 352, 352, 352, 352, 353, 356, 356, 361, 364, 365, 368, 369, 370, 371, 372, 374, 375, 379, 379, 379]}
120 {0: [29, 29, 25, 25, 29, 26, 27, 28, 27, 27, 25, 25, 26, 27, 25, 25, 26, 26, 26, 26, 26, 25, 25, 25, 25, 26, 24, 25, 25, 23, 26, 26, 26, 27, 27, 29, 25, 26, 22, 23, 22, 22, 23, 22, 22, 23, 22, 22, 22, 22, 22, 22, 22, 22, 23, 22, 22, 22, 22, 23, 25, 23, 22, 23, 25, 25, 27, 24, 23, 24, 24, 25, 26, 26, 23, 22, 22, 22, 20, 24, 23, 23, 25, 26, 27, 26, 27, 26, 24, 26, 24, 24, 24, 24, 25, 25, 28, 26, 28, 30], 1: [240, 242, 246, 246, 247, 251, 251, 251, 254, 257, 259, 264, 264, 264, 266, 267, 268, 269, 269, 273, 274, 275, 275, 275, 275, 279, 283, 283, 283, 287, 288, 289, 289, 290, 290, 291, 297, 298, 303, 303, 305, 305, 305, 307, 307, 307, 308, 308, 308, 308, 309, 310, 310, 310, 311, 312, 313, 313, 313, 314, 314, 318, 321, 321, 321, 321, 321, 326, 330, 331, 332, 333, 335, 337, 341, 343, 345, 346, 349, 349, 352, 352, 352, 352, 353, 356, 356, 361, 364, 365, 368, 369, 370, 371, 372, 374, 375, 379, 379, 379]}
857 {0: [29, 29, 25, 25, 29, 26, 27, 28, 27, 27, 25, 25, 26, 27, 25, 25, 26, 26, 26, 26, 26, 25, 25, 25, 25, 26, 24, 25, 25, 23, 26, 26, 26, 27, 27, 29, 25, 26, 22, 23, 22, 22, 23, 22, 22, 23, 22, 22, 22, 22, 22, 22, 22, 22, 23, 22, 22, 22, 22, 23, 25, 23, 22, 23, 25, 25, 27, 24, 23, 24, 24, 25, 26, 26, 23, 22, 22, 22, 20, 24, 23, 23, 25, 26, 27, 26, 27, 26, 24, 26, 24, 24, 24, 24, 25, 25, 28, 26, 28, 30], 1: [240, 242, 246, 246, 247, 251, 251, 251, 254, 257, 259, 264, 264, 264, 266, 267, 268, 269, 269, 273, 274, 275, 275, 275, 275, 279, 283, 283, 283, 287, 288, 289, 289, 290, 290, 291, 297, 298, 303, 303, 305, 305, 305, 307, 307, 307, 308, 308, 308, 308, 309, 310, 310, 310, 311, 312, 313, 313, 313, 314, 314, 318, 321, 321, 321, 321, 321, 326, 330, 331, 332, 333, 335, 337, 341, 343, 345, 346, 349, 349, 352, 352, 352, 352, 353, 356, 356, 361, 364, 365, 368, 369, 370, 371, 372, 374, 375, 379, 379, 379]}
367 {0: [29, 29, 25, 25, 29, 26, 27, 28, 27, 27, 25, 25, 26, 27, 25, 25, 26, 26, 26, 26, 26, 25, 25, 25, 25, 26, 24, 25, 25, 23, 26, 26, 26, 27, 27, 29, 25, 26, 22, 23, 22, 22, 23, 22, 22, 23, 22, 22, 22, 22, 22, 22, 22, 22, 23, 22, 22, 22, 22, 23, 25, 23, 22, 23, 25, 25, 27, 24, 23, 24, 24, 25, 26, 26, 23, 22, 22, 22, 20, 24, 23, 23, 25, 26, 27, 26, 27, 26, 24, 26, 24, 24, 24, 24, 25, 25, 28, 26, 28, 30], 1: [240, 242, 246, 246, 247, 251, 251, 251, 254, 257, 259, 264, 264, 264, 266, 267, 268, 269, 269, 273, 274, 275, 275, 275, 275, 279, 283, 283, 283, 287, 288, 289, 289, 290, 290, 291, 297, 298, 303, 303, 305, 305, 305, 307, 307, 307, 308, 308, 308, 308, 309, 310, 310, 310, 311, 312, 313, 313, 313, 314, 314, 318, 321, 321, 321, 321, 321, 326, 330, 331, 332, 333, 335, 337, 341, 343, 345, 346, 349, 349, 352, 352, 352, 352, 353, 356, 356, 361, 364, 365, 368, 369, 370, 371, 372, 374, 375, 379, 379, 379]}
615 {0: [29, 29, 25, 25, 29, 26, 27, 28, 27, 27, 25, 25, 26, 27, 25, 25, 26, 26, 26, 26, 26, 25, 25, 25, 25, 26, 24, 25, 25, 23, 26, 26, 26, 27, 27, 29, 25, 26, 22, 23, 22, 22, 23, 22, 22, 23, 22, 22, 22, 22, 22, 22, 22, 22, 23, 22, 22, 22, 22, 23, 25, 23, 22, 23, 25, 25, 27, 24, 23, 24, 24, 25, 26, 26, 23, 22, 22, 22, 20, 24, 23, 23, 25, 26, 27, 26, 27, 26, 24, 26, 24, 24, 24, 24, 25, 25, 28, 26, 28, 30], 1: [240, 242, 246, 246, 247, 251, 251, 251, 254, 257, 259, 264, 264, 264, 266, 267, 268, 269, 269, 273, 274, 275, 275, 275, 275, 279, 283, 283, 283, 287, 288, 289, 289, 290, 290, 291, 297, 298, 303, 303, 305, 305, 305, 307, 307, 307, 308, 308, 308, 308, 309, 310, 310, 310, 311, 312, 313, 313, 313, 314, 314, 318, 321, 321, 321, 321, 321, 326, 330, 331, 332, 333, 335, 337, 341, 343, 345, 346, 349, 349, 352, 352, 352, 352, 353, 356, 356, 361, 364, 365, 368, 369, 370, 371, 372, 374, 375, 379, 379, 379]}
121 {0: [29, 29, 25, 25, 29, 26, 27, 28, 27, 27, 25, 25, 26, 27, 25, 25, 26, 26, 26, 26, 26, 25, 25, 25, 25, 26, 24, 25, 25, 23, 26, 26, 26, 27, 27, 29, 25, 26, 22, 23, 22, 22, 23, 22, 22, 23, 22, 22, 22, 22, 22, 22, 22, 22, 23, 22, 22, 22, 22, 23, 25, 23, 22, 23, 25, 25, 27, 24, 23, 24, 24, 25, 26, 26, 23, 22, 22, 22, 20, 24, 23, 23, 25, 26, 27, 26, 27, 26, 24, 26, 24, 24, 24, 24, 25, 25, 28, 26, 28, 30], 1: [240, 242, 246, 246, 247, 251, 251, 251, 254, 257, 259, 264, 264, 264, 266, 267, 268, 269, 269, 273, 274, 275, 275, 275, 275, 279, 283, 283, 283, 287, 288, 289, 289, 290, 290, 291, 297, 298, 303, 303, 305, 305, 305, 307, 307, 307, 308, 308, 308, 308, 309, 310, 310, 310, 311, 312, 313, 313, 313, 314, 314, 318, 321, 321, 321, 321, 321, 326, 330, 331, 332, 333, 335, 337, 341, 343, 345, 346, 349, 349, 352, 352, 352, 352, 353, 356, 356, 361, 364, 365, 368, 369, 370, 371, 372, 374, 375, 379, 379, 379]}
858 {0: [28, 27, 25, 25, 26, 24, 24, 25, 22, 23, 26, 24, 23, 24, 24, 25, 25, 26, 28, 26, 22, 23, 24, 24, 26, 25, 26, 26, 27, 28, 27, 25, 26, 25, 24, 26, 26, 26, 28, 26, 26, 29, 27, 26, 26, 27, 26, 25, 26, 25, 26, 26, 26, 27, 23, 24, 24, 24, 23, 26, 25, 26, 25, 27, 25, 23, 23, 24, 23, 24, 24, 26, 24, 24, 26, 25, 24, 24, 27, 26, 27, 28, 27, 25, 27, 27, 27, 27, 26, 28, 29, 28, 27, 27, 29, 27, 28, 27, 27, 27], 1: [240, 242, 246, 249, 249, 253, 253, 255, 258, 258, 258, 261, 263, 264, 265, 265, 265, 266, 268, 272, 277, 277, 280, 281, 281, 283, 284, 285, 286, 288, 294, 297, 298, 299, 301, 302, 306, 308, 308, 311, 311, 311, 313, 315, 318, 318, 319, 322, 322, 323, 323, 325, 326, 327, 333, 334, 335, 335, 337, 337, 338, 341, 343, 346, 350, 355, 355, 356, 357, 357, 357, 358, 361, 363, 364, 366, 370, 370, 370, 372, 373, 376, 379, 383, 383, 384, 384, 386, 387, 387, 389, 392, 393, 395, 396, 399, 400, 402, 402, 402]}
368 {0: [28, 27, 25, 25, 26, 24, 24, 25, 22, 23, 26, 24, 23, 24, 24, 25, 25, 26, 28, 26, 22, 23, 24, 24, 26, 25, 26, 26, 27, 28, 27, 25, 26, 25, 24, 26, 26, 26, 28, 26, 26, 29, 27, 26, 26, 27, 26, 25, 26, 25, 26, 26, 26, 27, 23, 24, 24, 24, 23, 26, 25, 26, 25, 27, 25, 23, 23, 24, 23, 24, 24, 26, 24, 24, 26, 25, 24, 24, 27, 26, 27, 28, 27, 25, 27, 27, 27, 27, 26, 28, 29, 28, 27, 27, 29, 27, 28, 27, 27, 27], 1: [240, 242, 246, 249, 249, 253, 253, 255, 258, 258, 258, 261, 263, 264, 265, 265, 265, 266, 268, 272, 277, 277, 280, 281, 281, 283, 284, 285, 286, 288, 294, 297, 298, 299, 301, 302, 306, 308, 308, 311, 311, 311, 313, 315, 318, 318, 319, 322, 322, 323, 323, 325, 326, 327, 333, 334, 335, 335, 337, 337, 338, 341, 343, 346, 350, 355, 355, 356, 357, 357, 357, 358, 361, 363, 364, 366, 370, 370, 370, 372, 373, 376, 379, 383, 383, 384, 384, 386, 387, 387, 389, 392, 393, 395, 396, 399, 400, 402, 402, 402]}
616 {0: [29, 29, 25, 25, 29, 26, 27, 28, 27, 27, 25, 25, 26, 27, 25, 25, 26, 26, 26, 26, 26, 25, 25, 25, 25, 26, 24, 25, 25, 23, 26, 26, 26, 27, 27, 29, 25, 26, 22, 23, 22, 22, 23, 22, 22, 23, 22, 22, 22, 22, 22, 22, 22, 22, 23, 22, 22, 22, 22, 23, 25, 23, 22, 23, 25, 25, 27, 24, 23, 24, 24, 25, 26, 26, 23, 22, 22, 22, 20, 24, 23, 23, 25, 26, 27, 26, 27, 26, 24, 26, 24, 24, 24, 24, 25, 25, 28, 26, 28, 30], 1: [240, 242, 246, 246, 247, 251, 251, 251, 254, 257, 259, 264, 264, 264, 266, 267, 268, 269, 269, 273, 274, 275, 275, 275, 275, 279, 283, 283, 283, 287, 288, 289, 289, 290, 290, 291, 297, 298, 303, 303, 305, 305, 305, 307, 307, 307, 308, 308, 308, 308, 309, 310, 310, 310, 311, 312, 313, 313, 313, 314, 314, 318, 321, 321, 321, 321, 321, 326, 330, 331, 332, 333, 335, 337, 341, 343, 345, 346, 349, 349, 352, 352, 352, 352, 353, 356, 356, 361, 364, 365, 368, 369, 370, 371, 372, 374, 375, 379, 379, 379]}
122 {0: [28, 27, 25, 25, 26, 24, 24, 25, 22, 23, 26, 24, 23, 24, 24, 25, 25, 26, 28, 26, 22, 23, 24, 24, 26, 25, 26, 26, 27, 28, 27, 25, 26, 25, 24, 26, 26, 26, 28, 26, 26, 29, 27, 26, 26, 27, 26, 25, 26, 25, 26, 26, 26, 27, 23, 24, 24, 24, 23, 26, 25, 26, 25, 27, 25, 23, 23, 24, 23, 24, 24, 26, 24, 24, 26, 25, 24, 24, 27, 26, 27, 28, 27, 25, 27, 27, 27, 27, 26, 28, 29, 28, 27, 27, 29, 27, 28, 27, 27, 27], 1: [240, 242, 246, 249, 249, 253, 253, 255, 258, 258, 258, 261, 263, 264, 265, 265, 265, 266, 268, 272, 277, 277, 280, 281, 281, 283, 284, 285, 286, 288, 294, 297, 298, 299, 301, 302, 306, 308, 308, 311, 311, 311, 313, 315, 318, 318, 319, 322, 322, 323, 323, 325, 326, 327, 333, 334, 335, 335, 337, 337, 338, 341, 343, 346, 350, 355, 355, 356, 357, 357, 357, 358, 361, 363, 364, 366, 370, 370, 370, 372, 373, 376, 379, 383, 383, 384, 384, 386, 387, 387, 389, 392, 393, 395, 396, 399, 400, 402, 402, 402]}
859 {0: [29, 29, 25, 25, 29, 26, 27, 28, 27, 27, 25, 25, 26, 27, 25, 25, 26, 26, 26, 26, 26, 25, 25, 25, 25, 26, 24, 25, 25, 23, 26, 26, 26, 27, 27, 29, 25, 26, 22, 23, 22, 22, 23, 22, 22, 23, 22, 22, 22, 22, 22, 22, 22, 22, 23, 22, 22, 22, 22, 23, 25, 23, 22, 23, 25, 25, 27, 24, 23, 24, 24, 25, 26, 26, 23, 22, 22, 22, 20, 24, 23, 23, 25, 26, 27, 26, 27, 26, 24, 26, 24, 24, 24, 24, 25, 25, 28, 26, 28, 30], 1: [240, 242, 246, 246, 247, 251, 251, 251, 254, 257, 259, 264, 264, 264, 266, 267, 268, 269, 269, 273, 274, 275, 275, 275, 275, 279, 283, 283, 283, 287, 288, 289, 289, 290, 290, 291, 297, 298, 303, 303, 305, 305, 305, 307, 307, 307, 308, 308, 308, 308, 309, 310, 310, 310, 311, 312, 313, 313, 313, 314, 314, 318, 321, 321, 321, 321, 321, 326, 330, 331, 332, 333, 335, 337, 341, 343, 345, 346, 349, 349, 352, 352, 352, 352, 353, 356, 356, 361, 364, 365, 368, 369, 370, 371, 372, 374, 375, 379, 379, 379]}
369 {0: [29, 29, 25, 25, 29, 26, 27, 28, 27, 27, 25, 25, 26, 27, 25, 25, 26, 26, 26, 26, 26, 25, 25, 25, 25, 26, 24, 25, 25, 23, 26, 26, 26, 27, 27, 29, 25, 26, 22, 23, 22, 22, 23, 22, 22, 23, 22, 22, 22, 22, 22, 22, 22, 22, 23, 22, 22, 22, 22, 23, 25, 23, 22, 23, 25, 25, 27, 24, 23, 24, 24, 25, 26, 26, 23, 22, 22, 22, 20, 24, 23, 23, 25, 26, 27, 26, 27, 26, 24, 26, 24, 24, 24, 24, 25, 25, 28, 26, 28, 30], 1: [240, 242, 246, 246, 247, 251, 251, 251, 254, 257, 259, 264, 264, 264, 266, 267, 268, 269, 269, 273, 274, 275, 275, 275, 275, 279, 283, 283, 283, 287, 288, 289, 289, 290, 290, 291, 297, 298, 303, 303, 305, 305, 305, 307, 307, 307, 308, 308, 308, 308, 309, 310, 310, 310, 311, 312, 313, 313, 313, 314, 314, 318, 321, 321, 321, 321, 321, 326, 330, 331, 332, 333, 335, 337, 341, 343, 345, 346, 349, 349, 352, 352, 352, 352, 353, 356, 356, 361, 364, 365, 368, 369, 370, 371, 372, 374, 375, 379, 379, 379]}
617 {0: [29, 29, 25, 25, 29, 26, 27, 28, 27, 27, 25, 25, 26, 27, 25, 25, 26, 26, 26, 26, 26, 25, 25, 25, 25, 26, 24, 25, 25, 23, 26, 26, 26, 27, 27, 29, 25, 26, 22, 23, 22, 22, 23, 22, 22, 23, 22, 22, 22, 22, 22, 22, 22, 22, 23, 22, 22, 22, 22, 23, 25, 23, 22, 23, 25, 25, 27, 24, 23, 24, 24, 25, 26, 26, 23, 22, 22, 22, 20, 24, 23, 23, 25, 26, 27, 26, 27, 26, 24, 26, 24, 24, 24, 24, 25, 25, 28, 26, 28, 30], 1: [240, 242, 246, 246, 247, 251, 251, 251, 254, 257, 259, 264, 264, 264, 266, 267, 268, 269, 269, 273, 274, 275, 275, 275, 275, 279, 283, 283, 283, 287, 288, 289, 289, 290, 290, 291, 297, 298, 303, 303, 305, 305, 305, 307, 307, 307, 308, 308, 308, 308, 309, 310, 310, 310, 311, 312, 313, 313, 313, 314, 314, 318, 321, 321, 321, 321, 321, 326, 330, 331, 332, 333, 335, 337, 341, 343, 345, 346, 349, 349, 352, 352, 352, 352, 353, 356, 356, 361, 364, 365, 368, 369, 370, 371, 372, 374, 375, 379, 379, 379]}
123 {0: [29, 29, 25, 25, 29, 26, 27, 28, 27, 27, 25, 25, 26, 27, 25, 25, 26, 26, 26, 26, 26, 25, 25, 25, 25, 26, 24, 25, 25, 23, 26, 26, 26, 27, 27, 29, 25, 26, 22, 23, 22, 22, 23, 22, 22, 23, 22, 22, 22, 22, 22, 22, 22, 22, 23, 22, 22, 22, 22, 23, 25, 23, 22, 23, 25, 25, 27, 24, 23, 24, 24, 25, 26, 26, 23, 22, 22, 22, 20, 24, 23, 23, 25, 26, 27, 26, 27, 26, 24, 26, 24, 24, 24, 24, 25, 25, 28, 26, 28, 30], 1: [240, 242, 246, 246, 247, 251, 251, 251, 254, 257, 259, 264, 264, 264, 266, 267, 268, 269, 269, 273, 274, 275, 275, 275, 275, 279, 283, 283, 283, 287, 288, 289, 289, 290, 290, 291, 297, 298, 303, 303, 305, 305, 305, 307, 307, 307, 308, 308, 308, 308, 309, 310, 310, 310, 311, 312, 313, 313, 313, 314, 314, 318, 321, 321, 321, 321, 321, 326, 330, 331, 332, 333, 335, 337, 341, 343, 345, 346, 349, 349, 352, 352, 352, 352, 353, 356, 356, 361, 364, 365, 368, 369, 370, 371, 372, 374, 375, 379, 379, 379]}
860 {0: [29, 29, 25, 25, 29, 26, 27, 28, 27, 27, 25, 25, 26, 27, 25, 25, 26, 26, 26, 26, 26, 25, 25, 25, 25, 26, 24, 25, 25, 23, 26, 26, 26, 27, 27, 29, 25, 26, 22, 23, 22, 22, 23, 22, 22, 23, 22, 22, 22, 22, 22, 22, 22, 22, 23, 22, 22, 22, 22, 23, 25, 23, 22, 23, 25, 25, 27, 24, 23, 24, 24, 25, 26, 26, 23, 22, 22, 22, 20, 24, 23, 23, 25, 26, 27, 26, 27, 26, 24, 26, 24, 24, 24, 24, 25, 25, 28, 26, 28, 30], 1: [240, 242, 246, 246, 247, 251, 251, 251, 254, 257, 259, 264, 264, 264, 266, 267, 268, 269, 269, 273, 274, 275, 275, 275, 275, 279, 283, 283, 283, 287, 288, 289, 289, 290, 290, 291, 297, 298, 303, 303, 305, 305, 305, 307, 307, 307, 308, 308, 308, 308, 309, 310, 310, 310, 311, 312, 313, 313, 313, 314, 314, 318, 321, 321, 321, 321, 321, 326, 330, 331, 332, 333, 335, 337, 341, 343, 345, 346, 349, 349, 352, 352, 352, 352, 353, 356, 356, 361, 364, 365, 368, 369, 370, 371, 372, 374, 375, 379, 379, 379]}
370 {0: [29, 29, 25, 25, 29, 26, 27, 28, 27, 27, 25, 25, 26, 27, 25, 25, 26, 26, 26, 26, 26, 25, 25, 25, 25, 26, 24, 25, 25, 23, 26, 26, 26, 27, 27, 29, 25, 26, 22, 23, 22, 22, 23, 22, 22, 23, 22, 22, 22, 22, 22, 22, 22, 22, 23, 22, 22, 22, 22, 23, 25, 23, 22, 23, 25, 25, 27, 24, 23, 24, 24, 25, 26, 26, 23, 22, 22, 22, 20, 24, 23, 23, 25, 26, 27, 26, 27, 26, 24, 26, 24, 24, 24, 24, 25, 25, 28, 26, 28, 30], 1: [240, 242, 246, 246, 247, 251, 251, 251, 254, 257, 259, 264, 264, 264, 266, 267, 268, 269, 269, 273, 274, 275, 275, 275, 275, 279, 283, 283, 283, 287, 288, 289, 289, 290, 290, 291, 297, 298, 303, 303, 305, 305, 305, 307, 307, 307, 308, 308, 308, 308, 309, 310, 310, 310, 311, 312, 313, 313, 313, 314, 314, 318, 321, 321, 321, 321, 321, 326, 330, 331, 332, 333, 335, 337, 341, 343, 345, 346, 349, 349, 352, 352, 352, 352, 353, 356, 356, 361, 364, 365, 368, 369, 370, 371, 372, 374, 375, 379, 379, 379]}
618 {0: [29, 29, 25, 25, 29, 26, 27, 28, 27, 27, 25, 25, 26, 27, 25, 25, 26, 26, 26, 26, 26, 25, 25, 25, 25, 26, 24, 25, 25, 23, 26, 26, 26, 27, 27, 29, 25, 26, 22, 23, 22, 22, 23, 22, 22, 23, 22, 22, 22, 22, 22, 22, 22, 22, 23, 22, 22, 22, 22, 23, 25, 23, 22, 23, 25, 25, 27, 24, 23, 24, 24, 25, 26, 26, 23, 22, 22, 22, 20, 24, 23, 23, 25, 26, 27, 26, 27, 26, 24, 26, 24, 24, 24, 24, 25, 25, 28, 26, 28, 30], 1: [240, 242, 246, 246, 247, 251, 251, 251, 254, 257, 259, 264, 264, 264, 266, 267, 268, 269, 269, 273, 274, 275, 275, 275, 275, 279, 283, 283, 283, 287, 288, 289, 289, 290, 290, 291, 297, 298, 303, 303, 305, 305, 305, 307, 307, 307, 308, 308, 308, 308, 309, 310, 310, 310, 311, 312, 313, 313, 313, 314, 314, 318, 321, 321, 321, 321, 321, 326, 330, 331, 332, 333, 335, 337, 341, 343, 345, 346, 349, 349, 352, 352, 352, 352, 353, 356, 356, 361, 364, 365, 368, 369, 370, 371, 372, 374, 375, 379, 379, 379]}
124 {0: [29, 29, 25, 25, 29, 26, 27, 28, 27, 27, 25, 25, 26, 27, 25, 25, 26, 26, 26, 26, 26, 25, 25, 25, 25, 26, 24, 25, 25, 23, 26, 26, 26, 27, 27, 29, 25, 26, 22, 23, 22, 22, 23, 22, 22, 23, 22, 22, 22, 22, 22, 22, 22, 22, 23, 22, 22, 22, 22, 23, 25, 23, 22, 23, 25, 25, 27, 24, 23, 24, 24, 25, 26, 26, 23, 22, 22, 22, 20, 24, 23, 23, 25, 26, 27, 26, 27, 26, 24, 26, 24, 24, 24, 24, 25, 25, 28, 26, 28, 30], 1: [240, 242, 246, 246, 247, 251, 251, 251, 254, 257, 259, 264, 264, 264, 266, 267, 268, 269, 269, 273, 274, 275, 275, 275, 275, 279, 283, 283, 283, 287, 288, 289, 289, 290, 290, 291, 297, 298, 303, 303, 305, 305, 305, 307, 307, 307, 308, 308, 308, 308, 309, 310, 310, 310, 311, 312, 313, 313, 313, 314, 314, 318, 321, 321, 321, 321, 321, 326, 330, 331, 332, 333, 335, 337, 341, 343, 345, 346, 349, 349, 352, 352, 352, 352, 353, 356, 356, 361, 364, 365, 368, 369, 370, 371, 372, 374, 375, 379, 379, 379]}
861 {0: [29, 29, 25, 25, 29, 26, 27, 28, 27, 27, 25, 25, 26, 27, 25, 25, 26, 26, 26, 26, 26, 25, 25, 25, 25, 26, 24, 25, 25, 23, 26, 26, 26, 27, 27, 29, 25, 26, 22, 23, 22, 22, 23, 22, 22, 23, 22, 22, 22, 22, 22, 22, 22, 22, 23, 22, 22, 22, 22, 23, 25, 23, 22, 23, 25, 25, 27, 24, 23, 24, 24, 25, 26, 26, 23, 22, 22, 22, 20, 24, 23, 23, 25, 26, 27, 26, 27, 26, 24, 26, 24, 24, 24, 24, 25, 25, 28, 26, 28, 30], 1: [240, 242, 246, 246, 247, 251, 251, 251, 254, 257, 259, 264, 264, 264, 266, 267, 268, 269, 269, 273, 274, 275, 275, 275, 275, 279, 283, 283, 283, 287, 288, 289, 289, 290, 290, 291, 297, 298, 303, 303, 305, 305, 305, 307, 307, 307, 308, 308, 308, 308, 309, 310, 310, 310, 311, 312, 313, 313, 313, 314, 314, 318, 321, 321, 321, 321, 321, 326, 330, 331, 332, 333, 335, 337, 341, 343, 345, 346, 349, 349, 352, 352, 352, 352, 353, 356, 356, 361, 364, 365, 368, 369, 370, 371, 372, 374, 375, 379, 379, 379]}
371 {0: [29, 29, 25, 25, 29, 26, 27, 28, 27, 27, 25, 25, 26, 27, 25, 25, 26, 26, 26, 26, 26, 25, 25, 25, 25, 26, 24, 25, 25, 23, 26, 26, 26, 27, 27, 29, 25, 26, 22, 23, 22, 22, 23, 22, 22, 23, 22, 22, 22, 22, 22, 22, 22, 22, 23, 22, 22, 22, 22, 23, 25, 23, 22, 23, 25, 25, 27, 24, 23, 24, 24, 25, 26, 26, 23, 22, 22, 22, 20, 24, 23, 23, 25, 26, 27, 26, 27, 26, 24, 26, 24, 24, 24, 24, 25, 25, 28, 26, 28, 30], 1: [240, 242, 246, 246, 247, 251, 251, 251, 254, 257, 259, 264, 264, 264, 266, 267, 268, 269, 269, 273, 274, 275, 275, 275, 275, 279, 283, 283, 283, 287, 288, 289, 289, 290, 290, 291, 297, 298, 303, 303, 305, 305, 305, 307, 307, 307, 308, 308, 308, 308, 309, 310, 310, 310, 311, 312, 313, 313, 313, 314, 314, 318, 321, 321, 321, 321, 321, 326, 330, 331, 332, 333, 335, 337, 341, 343, 345, 346, 349, 349, 352, 352, 352, 352, 353, 356, 356, 361, 364, 365, 368, 369, 370, 371, 372, 374, 375, 379, 379, 379]}
619 {0: [29, 29, 25, 25, 29, 26, 27, 28, 27, 27, 25, 25, 26, 27, 25, 25, 26, 26, 26, 26, 26, 25, 25, 25, 25, 26, 24, 25, 25, 23, 26, 26, 26, 27, 27, 29, 25, 26, 22, 23, 22, 22, 23, 22, 22, 23, 22, 22, 22, 22, 22, 22, 22, 22, 23, 22, 22, 22, 22, 23, 25, 23, 22, 23, 25, 25, 27, 24, 23, 24, 24, 25, 26, 26, 23, 22, 22, 22, 20, 24, 23, 23, 25, 26, 27, 26, 27, 26, 24, 26, 24, 24, 24, 24, 25, 25, 28, 26, 28, 30], 1: [240, 242, 246, 246, 247, 251, 251, 251, 254, 257, 259, 264, 264, 264, 266, 267, 268, 269, 269, 273, 274, 275, 275, 275, 275, 279, 283, 283, 283, 287, 288, 289, 289, 290, 290, 291, 297, 298, 303, 303, 305, 305, 305, 307, 307, 307, 308, 308, 308, 308, 309, 310, 310, 310, 311, 312, 313, 313, 313, 314, 314, 318, 321, 321, 321, 321, 321, 326, 330, 331, 332, 333, 335, 337, 341, 343, 345, 346, 349, 349, 352, 352, 352, 352, 353, 356, 356, 361, 364, 365, 368, 369, 370, 371, 372, 374, 375, 379, 379, 379]}
125 {0: [29, 29, 25, 25, 29, 26, 27, 28, 27, 27, 25, 25, 26, 27, 25, 25, 26, 26, 26, 26, 26, 25, 25, 25, 25, 26, 24, 25, 25, 23, 26, 26, 26, 27, 27, 29, 25, 26, 22, 23, 22, 22, 23, 22, 22, 23, 22, 22, 22, 22, 22, 22, 22, 22, 23, 22, 22, 22, 22, 23, 25, 23, 22, 23, 25, 25, 27, 24, 23, 24, 24, 25, 26, 26, 23, 22, 22, 22, 20, 24, 23, 23, 25, 26, 27, 26, 27, 26, 24, 26, 24, 24, 24, 24, 25, 25, 28, 26, 28, 30], 1: [240, 242, 246, 246, 247, 251, 251, 251, 254, 257, 259, 264, 264, 264, 266, 267, 268, 269, 269, 273, 274, 275, 275, 275, 275, 279, 283, 283, 283, 287, 288, 289, 289, 290, 290, 291, 297, 298, 303, 303, 305, 305, 305, 307, 307, 307, 308, 308, 308, 308, 309, 310, 310, 310, 311, 312, 313, 313, 313, 314, 314, 318, 321, 321, 321, 321, 321, 326, 330, 331, 332, 333, 335, 337, 341, 343, 345, 346, 349, 349, 352, 352, 352, 352, 353, 356, 356, 361, 364, 365, 368, 369, 370, 371, 372, 374, 375, 379, 379, 379]}
862 {0: [29, 29, 25, 25, 29, 26, 27, 28, 27, 27, 25, 25, 26, 27, 25, 25, 26, 26, 26, 26, 26, 25, 25, 25, 25, 26, 24, 25, 25, 23, 26, 26, 26, 27, 27, 29, 25, 26, 22, 23, 22, 22, 23, 22, 22, 23, 22, 22, 22, 22, 22, 22, 22, 22, 23, 22, 22, 22, 22, 23, 25, 23, 22, 23, 25, 25, 27, 24, 23, 24, 24, 25, 26, 26, 23, 22, 22, 22, 20, 24, 23, 23, 25, 26, 27, 26, 27, 26, 24, 26, 24, 24, 24, 24, 25, 25, 28, 26, 28, 30], 1: [240, 242, 246, 246, 247, 251, 251, 251, 254, 257, 259, 264, 264, 264, 266, 267, 268, 269, 269, 273, 274, 275, 275, 275, 275, 279, 283, 283, 283, 287, 288, 289, 289, 290, 290, 291, 297, 298, 303, 303, 305, 305, 305, 307, 307, 307, 308, 308, 308, 308, 309, 310, 310, 310, 311, 312, 313, 313, 313, 314, 314, 318, 321, 321, 321, 321, 321, 326, 330, 331, 332, 333, 335, 337, 341, 343, 345, 346, 349, 349, 352, 352, 352, 352, 353, 356, 356, 361, 364, 365, 368, 369, 370, 371, 372, 374, 375, 379, 379, 379]}
372 {0: [29, 29, 25, 25, 29, 26, 27, 28, 27, 27, 25, 25, 26, 27, 25, 25, 26, 26, 26, 26, 26, 25, 25, 25, 25, 26, 24, 25, 25, 23, 26, 26, 26, 27, 27, 29, 25, 26, 22, 23, 22, 22, 23, 22, 22, 23, 22, 22, 22, 22, 22, 22, 22, 22, 23, 22, 22, 22, 22, 23, 25, 23, 22, 23, 25, 25, 27, 24, 23, 24, 24, 25, 26, 26, 23, 22, 22, 22, 20, 24, 23, 23, 25, 26, 27, 26, 27, 26, 24, 26, 24, 24, 24, 24, 25, 25, 28, 26, 28, 30], 1: [240, 242, 246, 246, 247, 251, 251, 251, 254, 257, 259, 264, 264, 264, 266, 267, 268, 269, 269, 273, 274, 275, 275, 275, 275, 279, 283, 283, 283, 287, 288, 289, 289, 290, 290, 291, 297, 298, 303, 303, 305, 305, 305, 307, 307, 307, 308, 308, 308, 308, 309, 310, 310, 310, 311, 312, 313, 313, 313, 314, 314, 318, 321, 321, 321, 321, 321, 326, 330, 331, 332, 333, 335, 337, 341, 343, 345, 346, 349, 349, 352, 352, 352, 352, 353, 356, 356, 361, 364, 365, 368, 369, 370, 371, 372, 374, 375, 379, 379, 379]}
620 {0: [29, 29, 25, 25, 29, 26, 27, 28, 27, 27, 25, 25, 26, 27, 25, 25, 26, 26, 26, 26, 26, 25, 25, 25, 25, 26, 24, 25, 25, 23, 26, 26, 26, 27, 27, 29, 25, 26, 22, 23, 22, 22, 23, 22, 22, 23, 22, 22, 22, 22, 22, 22, 22, 22, 23, 22, 22, 22, 22, 23, 25, 23, 22, 23, 25, 25, 27, 24, 23, 24, 24, 25, 26, 26, 23, 22, 22, 22, 20, 24, 23, 23, 25, 26, 27, 26, 27, 26, 24, 26, 24, 24, 24, 24, 25, 25, 28, 26, 28, 30], 1: [240, 242, 246, 246, 247, 251, 251, 251, 254, 257, 259, 264, 264, 264, 266, 267, 268, 269, 269, 273, 274, 275, 275, 275, 275, 279, 283, 283, 283, 287, 288, 289, 289, 290, 290, 291, 297, 298, 303, 303, 305, 305, 305, 307, 307, 307, 308, 308, 308, 308, 309, 310, 310, 310, 311, 312, 313, 313, 313, 314, 314, 318, 321, 321, 321, 321, 321, 326, 330, 331, 332, 333, 335, 337, 341, 343, 345, 346, 349, 349, 352, 352, 352, 352, 353, 356, 356, 361, 364, 365, 368, 369, 370, 371, 372, 374, 375, 379, 379, 379]}
126 {0: [29, 29, 25, 25, 29, 26, 27, 28, 27, 27, 25, 25, 26, 27, 25, 25, 26, 26, 26, 26, 26, 25, 25, 25, 25, 26, 24, 25, 25, 23, 26, 26, 26, 27, 27, 29, 25, 26, 22, 23, 22, 22, 23, 22, 22, 23, 22, 22, 22, 22, 22, 22, 22, 22, 23, 22, 22, 22, 22, 23, 25, 23, 22, 23, 25, 25, 27, 24, 23, 24, 24, 25, 26, 26, 23, 22, 22, 22, 20, 24, 23, 23, 25, 26, 27, 26, 27, 26, 24, 26, 24, 24, 24, 24, 25, 25, 28, 26, 28, 30], 1: [240, 242, 246, 246, 247, 251, 251, 251, 254, 257, 259, 264, 264, 264, 266, 267, 268, 269, 269, 273, 274, 275, 275, 275, 275, 279, 283, 283, 283, 287, 288, 289, 289, 290, 290, 291, 297, 298, 303, 303, 305, 305, 305, 307, 307, 307, 308, 308, 308, 308, 309, 310, 310, 310, 311, 312, 313, 313, 313, 314, 314, 318, 321, 321, 321, 321, 321, 326, 330, 331, 332, 333, 335, 337, 341, 343, 345, 346, 349, 349, 352, 352, 352, 352, 353, 356, 356, 361, 364, 365, 368, 369, 370, 371, 372, 374, 375, 379, 379, 379]}
863 {0: [29, 29, 25, 25, 29, 26, 27, 28, 27, 27, 25, 25, 26, 27, 25, 25, 26, 26, 26, 26, 26, 25, 25, 25, 25, 26, 24, 25, 25, 23, 26, 26, 26, 27, 27, 29, 25, 26, 22, 23, 22, 22, 23, 22, 22, 23, 22, 22, 22, 22, 22, 22, 22, 22, 23, 22, 22, 22, 22, 23, 25, 23, 22, 23, 25, 25, 27, 24, 23, 24, 24, 25, 26, 26, 23, 22, 22, 22, 20, 24, 23, 23, 25, 26, 27, 26, 27, 26, 24, 26, 24, 24, 24, 24, 25, 25, 28, 26, 28, 30], 1: [240, 242, 246, 246, 247, 251, 251, 251, 254, 257, 259, 264, 264, 264, 266, 267, 268, 269, 269, 273, 274, 275, 275, 275, 275, 279, 283, 283, 283, 287, 288, 289, 289, 290, 290, 291, 297, 298, 303, 303, 305, 305, 305, 307, 307, 307, 308, 308, 308, 308, 309, 310, 310, 310, 311, 312, 313, 313, 313, 314, 314, 318, 321, 321, 321, 321, 321, 326, 330, 331, 332, 333, 335, 337, 341, 343, 345, 346, 349, 349, 352, 352, 352, 352, 353, 356, 356, 361, 364, 365, 368, 369, 370, 371, 372, 374, 375, 379, 379, 379]}
373 {0: [29, 29, 25, 25, 29, 26, 27, 28, 27, 27, 25, 25, 26, 27, 25, 25, 26, 26, 26, 26, 26, 25, 25, 25, 25, 26, 24, 25, 25, 23, 26, 26, 26, 27, 27, 29, 25, 26, 22, 23, 22, 22, 23, 22, 22, 23, 22, 22, 22, 22, 22, 22, 22, 22, 23, 22, 22, 22, 22, 23, 25, 23, 22, 23, 25, 25, 27, 24, 23, 24, 24, 25, 26, 26, 23, 22, 22, 22, 20, 24, 23, 23, 25, 26, 27, 26, 27, 26, 24, 26, 24, 24, 24, 24, 25, 25, 28, 26, 28, 30], 1: [240, 242, 246, 246, 247, 251, 251, 251, 254, 257, 259, 264, 264, 264, 266, 267, 268, 269, 269, 273, 274, 275, 275, 275, 275, 279, 283, 283, 283, 287, 288, 289, 289, 290, 290, 291, 297, 298, 303, 303, 305, 305, 305, 307, 307, 307, 308, 308, 308, 308, 309, 310, 310, 310, 311, 312, 313, 313, 313, 314, 314, 318, 321, 321, 321, 321, 321, 326, 330, 331, 332, 333, 335, 337, 341, 343, 345, 346, 349, 349, 352, 352, 352, 352, 353, 356, 356, 361, 364, 365, 368, 369, 370, 371, 372, 374, 375, 379, 379, 379]}
621 {0: [29, 29, 25, 25, 29, 26, 27, 28, 27, 27, 25, 25, 26, 27, 25, 25, 26, 26, 26, 26, 26, 25, 25, 25, 25, 26, 24, 25, 25, 23, 26, 26, 26, 27, 27, 29, 25, 26, 22, 23, 22, 22, 23, 22, 22, 23, 22, 22, 22, 22, 22, 22, 22, 22, 23, 22, 22, 22, 22, 23, 25, 23, 22, 23, 25, 25, 27, 24, 23, 24, 24, 25, 26, 26, 23, 22, 22, 22, 20, 24, 23, 23, 25, 26, 27, 26, 27, 26, 24, 26, 24, 24, 24, 24, 25, 25, 28, 26, 28, 30], 1: [240, 242, 246, 246, 247, 251, 251, 251, 254, 257, 259, 264, 264, 264, 266, 267, 268, 269, 269, 273, 274, 275, 275, 275, 275, 279, 283, 283, 283, 287, 288, 289, 289, 290, 290, 291, 297, 298, 303, 303, 305, 305, 305, 307, 307, 307, 308, 308, 308, 308, 309, 310, 310, 310, 311, 312, 313, 313, 313, 314, 314, 318, 321, 321, 321, 321, 321, 326, 330, 331, 332, 333, 335, 337, 341, 343, 345, 346, 349, 349, 352, 352, 352, 352, 353, 356, 356, 361, 364, 365, 368, 369, 370, 371, 372, 374, 375, 379, 379, 379]}
127 {0: [29, 29, 25, 25, 29, 26, 27, 28, 27, 27, 25, 25, 26, 27, 25, 25, 26, 26, 26, 26, 26, 25, 25, 25, 25, 26, 24, 25, 25, 23, 26, 26, 26, 27, 27, 29, 25, 26, 22, 23, 22, 22, 23, 22, 22, 23, 22, 22, 22, 22, 22, 22, 22, 22, 23, 22, 22, 22, 22, 23, 25, 23, 22, 23, 25, 25, 27, 24, 23, 24, 24, 25, 26, 26, 23, 22, 22, 22, 20, 24, 23, 23, 25, 26, 27, 26, 27, 26, 24, 26, 24, 24, 24, 24, 25, 25, 28, 26, 28, 30], 1: [240, 242, 246, 246, 247, 251, 251, 251, 254, 257, 259, 264, 264, 264, 266, 267, 268, 269, 269, 273, 274, 275, 275, 275, 275, 279, 283, 283, 283, 287, 288, 289, 289, 290, 290, 291, 297, 298, 303, 303, 305, 305, 305, 307, 307, 307, 308, 308, 308, 308, 309, 310, 310, 310, 311, 312, 313, 313, 313, 314, 314, 318, 321, 321, 321, 321, 321, 326, 330, 331, 332, 333, 335, 337, 341, 343, 345, 346, 349, 349, 352, 352, 352, 352, 353, 356, 356, 361, 364, 365, 368, 369, 370, 371, 372, 374, 375, 379, 379, 379]}
864 {0: [29, 29, 25, 25, 29, 26, 27, 28, 27, 27, 25, 25, 26, 27, 25, 25, 26, 26, 26, 26, 26, 25, 25, 25, 25, 26, 24, 25, 25, 23, 26, 26, 26, 27, 27, 29, 25, 26, 22, 23, 22, 22, 23, 22, 22, 23, 22, 22, 22, 22, 22, 22, 22, 22, 23, 22, 22, 22, 22, 23, 25, 23, 22, 23, 25, 25, 27, 24, 23, 24, 24, 25, 26, 26, 23, 22, 22, 22, 20, 24, 23, 23, 25, 26, 27, 26, 27, 26, 24, 26, 24, 24, 24, 24, 25, 25, 28, 26, 28, 30], 1: [240, 242, 246, 246, 247, 251, 251, 251, 254, 257, 259, 264, 264, 264, 266, 267, 268, 269, 269, 273, 274, 275, 275, 275, 275, 279, 283, 283, 283, 287, 288, 289, 289, 290, 290, 291, 297, 298, 303, 303, 305, 305, 305, 307, 307, 307, 308, 308, 308, 308, 309, 310, 310, 310, 311, 312, 313, 313, 313, 314, 314, 318, 321, 321, 321, 321, 321, 326, 330, 331, 332, 333, 335, 337, 341, 343, 345, 346, 349, 349, 352, 352, 352, 352, 353, 356, 356, 361, 364, 365, 368, 369, 370, 371, 372, 374, 375, 379, 379, 379]}
374 {0: [29, 29, 25, 25, 29, 26, 27, 28, 27, 27, 25, 25, 26, 27, 25, 25, 26, 26, 26, 26, 26, 25, 25, 25, 25, 26, 24, 25, 25, 23, 26, 26, 26, 27, 27, 29, 25, 26, 22, 23, 22, 22, 23, 22, 22, 23, 22, 22, 22, 22, 22, 22, 22, 22, 23, 22, 22, 22, 22, 23, 25, 23, 22, 23, 25, 25, 27, 24, 23, 24, 24, 25, 26, 26, 23, 22, 22, 22, 20, 24, 23, 23, 25, 26, 27, 26, 27, 26, 24, 26, 24, 24, 24, 24, 25, 25, 28, 26, 28, 30], 1: [240, 242, 246, 246, 247, 251, 251, 251, 254, 257, 259, 264, 264, 264, 266, 267, 268, 269, 269, 273, 274, 275, 275, 275, 275, 279, 283, 283, 283, 287, 288, 289, 289, 290, 290, 291, 297, 298, 303, 303, 305, 305, 305, 307, 307, 307, 308, 308, 308, 308, 309, 310, 310, 310, 311, 312, 313, 313, 313, 314, 314, 318, 321, 321, 321, 321, 321, 326, 330, 331, 332, 333, 335, 337, 341, 343, 345, 346, 349, 349, 352, 352, 352, 352, 353, 356, 356, 361, 364, 365, 368, 369, 370, 371, 372, 374, 375, 379, 379, 379]}
622 {0: [29, 29, 25, 25, 29, 26, 27, 28, 27, 27, 25, 25, 26, 27, 25, 25, 26, 26, 26, 26, 26, 25, 25, 25, 25, 26, 24, 25, 25, 23, 26, 26, 26, 27, 27, 29, 25, 26, 22, 23, 22, 22, 23, 22, 22, 23, 22, 22, 22, 22, 22, 22, 22, 22, 23, 22, 22, 22, 22, 23, 25, 23, 22, 23, 25, 25, 27, 24, 23, 24, 24, 25, 26, 26, 23, 22, 22, 22, 20, 24, 23, 23, 25, 26, 27, 26, 27, 26, 24, 26, 24, 24, 24, 24, 25, 25, 28, 26, 28, 30], 1: [240, 242, 246, 246, 247, 251, 251, 251, 254, 257, 259, 264, 264, 264, 266, 267, 268, 269, 269, 273, 274, 275, 275, 275, 275, 279, 283, 283, 283, 287, 288, 289, 289, 290, 290, 291, 297, 298, 303, 303, 305, 305, 305, 307, 307, 307, 308, 308, 308, 308, 309, 310, 310, 310, 311, 312, 313, 313, 313, 314, 314, 318, 321, 321, 321, 321, 321, 326, 330, 331, 332, 333, 335, 337, 341, 343, 345, 346, 349, 349, 352, 352, 352, 352, 353, 356, 356, 361, 364, 365, 368, 369, 370, 371, 372, 374, 375, 379, 379, 379]}
128 {0: [29, 29, 25, 25, 29, 26, 27, 28, 27, 27, 25, 25, 26, 27, 25, 25, 26, 26, 26, 26, 26, 25, 25, 25, 25, 26, 24, 25, 25, 23, 26, 26, 26, 27, 27, 29, 25, 26, 22, 23, 22, 22, 23, 22, 22, 23, 22, 22, 22, 22, 22, 22, 22, 22, 23, 22, 22, 22, 22, 23, 25, 23, 22, 23, 25, 25, 27, 24, 23, 24, 24, 25, 26, 26, 23, 22, 22, 22, 20, 24, 23, 23, 25, 26, 27, 26, 27, 26, 24, 26, 24, 24, 24, 24, 25, 25, 28, 26, 28, 30], 1: [240, 242, 246, 246, 247, 251, 251, 251, 254, 257, 259, 264, 264, 264, 266, 267, 268, 269, 269, 273, 274, 275, 275, 275, 275, 279, 283, 283, 283, 287, 288, 289, 289, 290, 290, 291, 297, 298, 303, 303, 305, 305, 305, 307, 307, 307, 308, 308, 308, 308, 309, 310, 310, 310, 311, 312, 313, 313, 313, 314, 314, 318, 321, 321, 321, 321, 321, 326, 330, 331, 332, 333, 335, 337, 341, 343, 345, 346, 349, 349, 352, 352, 352, 352, 353, 356, 356, 361, 364, 365, 368, 369, 370, 371, 372, 374, 375, 379, 379, 379]}
865 {0: [29, 29, 25, 25, 29, 26, 27, 28, 27, 27, 25, 25, 26, 27, 25, 25, 26, 26, 26, 26, 26, 25, 25, 25, 25, 26, 24, 25, 25, 23, 26, 26, 26, 27, 27, 29, 25, 26, 22, 23, 22, 22, 23, 22, 22, 23, 22, 22, 22, 22, 22, 22, 22, 22, 23, 22, 22, 22, 22, 23, 25, 23, 22, 23, 25, 25, 27, 24, 23, 24, 24, 25, 26, 26, 23, 22, 22, 22, 20, 24, 23, 23, 25, 26, 27, 26, 27, 26, 24, 26, 24, 24, 24, 24, 25, 25, 28, 26, 28, 30], 1: [240, 242, 246, 246, 247, 251, 251, 251, 254, 257, 259, 264, 264, 264, 266, 267, 268, 269, 269, 273, 274, 275, 275, 275, 275, 279, 283, 283, 283, 287, 288, 289, 289, 290, 290, 291, 297, 298, 303, 303, 305, 305, 305, 307, 307, 307, 308, 308, 308, 308, 309, 310, 310, 310, 311, 312, 313, 313, 313, 314, 314, 318, 321, 321, 321, 321, 321, 326, 330, 331, 332, 333, 335, 337, 341, 343, 345, 346, 349, 349, 352, 352, 352, 352, 353, 356, 356, 361, 364, 365, 368, 369, 370, 371, 372, 374, 375, 379, 379, 379]}
375 {0: [29, 29, 25, 25, 29, 26, 27, 28, 27, 27, 25, 25, 26, 27, 25, 25, 26, 26, 26, 26, 26, 25, 25, 25, 25, 26, 24, 25, 25, 23, 26, 26, 26, 27, 27, 29, 25, 26, 22, 23, 22, 22, 23, 22, 22, 23, 22, 22, 22, 22, 22, 22, 22, 22, 23, 22, 22, 22, 22, 23, 25, 23, 22, 23, 25, 25, 27, 24, 23, 24, 24, 25, 26, 26, 23, 22, 22, 22, 20, 24, 23, 23, 25, 26, 27, 26, 27, 26, 24, 26, 24, 24, 24, 24, 25, 25, 28, 26, 28, 30], 1: [240, 242, 246, 246, 247, 251, 251, 251, 254, 257, 259, 264, 264, 264, 266, 267, 268, 269, 269, 273, 274, 275, 275, 275, 275, 279, 283, 283, 283, 287, 288, 289, 289, 290, 290, 291, 297, 298, 303, 303, 305, 305, 305, 307, 307, 307, 308, 308, 308, 308, 309, 310, 310, 310, 311, 312, 313, 313, 313, 314, 314, 318, 321, 321, 321, 321, 321, 326, 330, 331, 332, 333, 335, 337, 341, 343, 345, 346, 349, 349, 352, 352, 352, 352, 353, 356, 356, 361, 364, 365, 368, 369, 370, 371, 372, 374, 375, 379, 379, 379]}
623 {0: [29, 29, 25, 25, 29, 26, 27, 28, 27, 27, 25, 25, 26, 27, 25, 25, 26, 26, 26, 26, 26, 25, 25, 25, 25, 26, 24, 25, 25, 23, 26, 26, 26, 27, 27, 29, 25, 26, 22, 23, 22, 22, 23, 22, 22, 23, 22, 22, 22, 22, 22, 22, 22, 22, 23, 22, 22, 22, 22, 23, 25, 23, 22, 23, 25, 25, 27, 24, 23, 24, 24, 25, 26, 26, 23, 22, 22, 22, 20, 24, 23, 23, 25, 26, 27, 26, 27, 26, 24, 26, 24, 24, 24, 24, 25, 25, 28, 26, 28, 30], 1: [240, 242, 246, 246, 247, 251, 251, 251, 254, 257, 259, 264, 264, 264, 266, 267, 268, 269, 269, 273, 274, 275, 275, 275, 275, 279, 283, 283, 283, 287, 288, 289, 289, 290, 290, 291, 297, 298, 303, 303, 305, 305, 305, 307, 307, 307, 308, 308, 308, 308, 309, 310, 310, 310, 311, 312, 313, 313, 313, 314, 314, 318, 321, 321, 321, 321, 321, 326, 330, 331, 332, 333, 335, 337, 341, 343, 345, 346, 349, 349, 352, 352, 352, 352, 353, 356, 356, 361, 364, 365, 368, 369, 370, 371, 372, 374, 375, 379, 379, 379]}
129 {0: [28, 27, 25, 25, 26, 24, 24, 25, 22, 23, 26, 24, 23, 24, 24, 25, 25, 26, 28, 26, 22, 23, 24, 24, 26, 25, 26, 26, 27, 28, 27, 25, 26, 25, 24, 26, 26, 26, 28, 26, 26, 29, 27, 26, 26, 27, 26, 25, 26, 25, 26, 26, 26, 27, 23, 24, 24, 24, 23, 26, 25, 26, 25, 27, 25, 23, 23, 24, 23, 24, 24, 26, 24, 24, 26, 25, 24, 24, 27, 26, 27, 28, 27, 25, 27, 27, 27, 27, 26, 28, 29, 28, 27, 27, 29, 27, 28, 27, 27, 27], 1: [240, 242, 246, 249, 249, 253, 253, 255, 258, 258, 258, 261, 263, 264, 265, 265, 265, 266, 268, 272, 277, 277, 280, 281, 281, 283, 284, 285, 286, 288, 294, 297, 298, 299, 301, 302, 306, 308, 308, 311, 311, 311, 313, 315, 318, 318, 319, 322, 322, 323, 323, 325, 326, 327, 333, 334, 335, 335, 337, 337, 338, 341, 343, 346, 350, 355, 355, 356, 357, 357, 357, 358, 361, 363, 364, 366, 370, 370, 370, 372, 373, 376, 379, 383, 383, 384, 384, 386, 387, 387, 389, 392, 393, 395, 396, 399, 400, 402, 402, 402]}
866 {0: [28, 27, 25, 25, 26, 24, 24, 25, 22, 23, 26, 24, 23, 24, 24, 25, 25, 26, 28, 26, 22, 23, 24, 24, 26, 25, 26, 26, 27, 28, 27, 25, 26, 25, 24, 26, 26, 26, 28, 26, 26, 29, 27, 26, 26, 27, 26, 25, 26, 25, 26, 26, 26, 27, 23, 24, 24, 24, 23, 26, 25, 26, 25, 27, 25, 23, 23, 24, 23, 24, 24, 26, 24, 24, 26, 25, 24, 24, 27, 26, 27, 28, 27, 25, 27, 27, 27, 27, 26, 28, 29, 28, 27, 27, 29, 27, 28, 27, 27, 27], 1: [240, 242, 246, 249, 249, 253, 253, 255, 258, 258, 258, 261, 263, 264, 265, 265, 265, 266, 268, 272, 277, 277, 280, 281, 281, 283, 284, 285, 286, 288, 294, 297, 298, 299, 301, 302, 306, 308, 308, 311, 311, 311, 313, 315, 318, 318, 319, 322, 322, 323, 323, 325, 326, 327, 333, 334, 335, 335, 337, 337, 338, 341, 343, 346, 350, 355, 355, 356, 357, 357, 357, 358, 361, 363, 364, 366, 370, 370, 370, 372, 373, 376, 379, 383, 383, 384, 384, 386, 387, 387, 389, 392, 393, 395, 396, 399, 400, 402, 402, 402]}
376 {0: [28, 27, 25, 25, 26, 24, 24, 25, 22, 23, 26, 24, 23, 24, 24, 25, 25, 26, 28, 26, 22, 23, 24, 24, 26, 25, 26, 26, 27, 28, 27, 25, 26, 25, 24, 26, 26, 26, 28, 26, 26, 29, 27, 26, 26, 27, 26, 25, 26, 25, 26, 26, 26, 27, 23, 24, 24, 24, 23, 26, 25, 26, 25, 27, 25, 23, 23, 24, 23, 24, 24, 26, 24, 24, 26, 25, 24, 24, 27, 26, 27, 28, 27, 25, 27, 27, 27, 27, 26, 28, 29, 28, 27, 27, 29, 27, 28, 27, 27, 27], 1: [240, 242, 246, 249, 249, 253, 253, 255, 258, 258, 258, 261, 263, 264, 265, 265, 265, 266, 268, 272, 277, 277, 280, 281, 281, 283, 284, 285, 286, 288, 294, 297, 298, 299, 301, 302, 306, 308, 308, 311, 311, 311, 313, 315, 318, 318, 319, 322, 322, 323, 323, 325, 326, 327, 333, 334, 335, 335, 337, 337, 338, 341, 343, 346, 350, 355, 355, 356, 357, 357, 357, 358, 361, 363, 364, 366, 370, 370, 370, 372, 373, 376, 379, 383, 383, 384, 384, 386, 387, 387, 389, 392, 393, 395, 396, 399, 400, 402, 402, 402]}
624 {0: [29, 29, 25, 25, 29, 26, 27, 28, 27, 27, 25, 25, 26, 27, 25, 25, 26, 26, 26, 26, 26, 25, 25, 25, 25, 26, 24, 25, 25, 23, 26, 26, 26, 27, 27, 29, 25, 26, 22, 23, 22, 22, 23, 22, 22, 23, 22, 22, 22, 22, 22, 22, 22, 22, 23, 22, 22, 22, 22, 23, 25, 23, 22, 23, 25, 25, 27, 24, 23, 24, 24, 25, 26, 26, 23, 22, 22, 22, 20, 24, 23, 23, 25, 26, 27, 26, 27, 26, 24, 26, 24, 24, 24, 24, 25, 25, 28, 26, 28, 30], 1: [240, 242, 246, 246, 247, 251, 251, 251, 254, 257, 259, 264, 264, 264, 266, 267, 268, 269, 269, 273, 274, 275, 275, 275, 275, 279, 283, 283, 283, 287, 288, 289, 289, 290, 290, 291, 297, 298, 303, 303, 305, 305, 305, 307, 307, 307, 308, 308, 308, 308, 309, 310, 310, 310, 311, 312, 313, 313, 313, 314, 314, 318, 321, 321, 321, 321, 321, 326, 330, 331, 332, 333, 335, 337, 341, 343, 345, 346, 349, 349, 352, 352, 352, 352, 353, 356, 356, 361, 364, 365, 368, 369, 370, 371, 372, 374, 375, 379, 379, 379]}
130 {0: [29, 29, 25, 25, 29, 26, 27, 28, 27, 27, 25, 25, 26, 27, 25, 25, 26, 26, 26, 26, 26, 25, 25, 25, 25, 26, 24, 25, 25, 23, 26, 26, 26, 27, 27, 29, 25, 26, 22, 23, 22, 22, 23, 22, 22, 23, 22, 22, 22, 22, 22, 22, 22, 22, 23, 22, 22, 22, 22, 23, 25, 23, 22, 23, 25, 25, 27, 24, 23, 24, 24, 25, 26, 26, 23, 22, 22, 22, 20, 24, 23, 23, 25, 26, 27, 26, 27, 26, 24, 26, 24, 24, 24, 24, 25, 25, 28, 26, 28, 30], 1: [240, 242, 246, 246, 247, 251, 251, 251, 254, 257, 259, 264, 264, 264, 266, 267, 268, 269, 269, 273, 274, 275, 275, 275, 275, 279, 283, 283, 283, 287, 288, 289, 289, 290, 290, 291, 297, 298, 303, 303, 305, 305, 305, 307, 307, 307, 308, 308, 308, 308, 309, 310, 310, 310, 311, 312, 313, 313, 313, 314, 314, 318, 321, 321, 321, 321, 321, 326, 330, 331, 332, 333, 335, 337, 341, 343, 345, 346, 349, 349, 352, 352, 352, 352, 353, 356, 356, 361, 364, 365, 368, 369, 370, 371, 372, 374, 375, 379, 379, 379]}
867 {0: [28, 27, 25, 25, 26, 24, 24, 25, 22, 23, 26, 24, 23, 24, 24, 25, 25, 26, 28, 26, 22, 23, 24, 24, 26, 25, 26, 26, 27, 28, 27, 25, 26, 25, 24, 26, 26, 26, 28, 26, 26, 29, 27, 26, 26, 27, 26, 25, 26, 25, 26, 26, 26, 27, 23, 24, 24, 24, 23, 26, 25, 26, 25, 27, 25, 23, 23, 24, 23, 24, 24, 26, 24, 24, 26, 25, 24, 24, 27, 26, 27, 28, 27, 25, 27, 27, 27, 27, 26, 28, 29, 28, 27, 27, 29, 27, 28, 27, 27, 27], 1: [240, 242, 246, 249, 249, 253, 253, 255, 258, 258, 258, 261, 263, 264, 265, 265, 265, 266, 268, 272, 277, 277, 280, 281, 281, 283, 284, 285, 286, 288, 294, 297, 298, 299, 301, 302, 306, 308, 308, 311, 311, 311, 313, 315, 318, 318, 319, 322, 322, 323, 323, 325, 326, 327, 333, 334, 335, 335, 337, 337, 338, 341, 343, 346, 350, 355, 355, 356, 357, 357, 357, 358, 361, 363, 364, 366, 370, 370, 370, 372, 373, 376, 379, 383, 383, 384, 384, 386, 387, 387, 389, 392, 393, 395, 396, 399, 400, 402, 402, 402]}
377 {0: [29, 29, 25, 25, 29, 26, 27, 28, 27, 27, 25, 25, 26, 27, 25, 25, 26, 26, 26, 26, 26, 25, 25, 25, 25, 26, 24, 25, 25, 23, 26, 26, 26, 27, 27, 29, 25, 26, 22, 23, 22, 22, 23, 22, 22, 23, 22, 22, 22, 22, 22, 22, 22, 22, 23, 22, 22, 22, 22, 23, 25, 23, 22, 23, 25, 25, 27, 24, 23, 24, 24, 25, 26, 26, 23, 22, 22, 22, 20, 24, 23, 23, 25, 26, 27, 26, 27, 26, 24, 26, 24, 24, 24, 24, 25, 25, 28, 26, 28, 30], 1: [240, 242, 246, 246, 247, 251, 251, 251, 254, 257, 259, 264, 264, 264, 266, 267, 268, 269, 269, 273, 274, 275, 275, 275, 275, 279, 283, 283, 283, 287, 288, 289, 289, 290, 290, 291, 297, 298, 303, 303, 305, 305, 305, 307, 307, 307, 308, 308, 308, 308, 309, 310, 310, 310, 311, 312, 313, 313, 313, 314, 314, 318, 321, 321, 321, 321, 321, 326, 330, 331, 332, 333, 335, 337, 341, 343, 345, 346, 349, 349, 352, 352, 352, 352, 353, 356, 356, 361, 364, 365, 368, 369, 370, 371, 372, 374, 375, 379, 379, 379]}
625 {0: [29, 29, 25, 25, 29, 26, 27, 28, 27, 27, 25, 25, 26, 27, 25, 25, 26, 26, 26, 26, 26, 25, 25, 25, 25, 26, 24, 25, 25, 23, 26, 26, 26, 27, 27, 29, 25, 26, 22, 23, 22, 22, 23, 22, 22, 23, 22, 22, 22, 22, 22, 22, 22, 22, 23, 22, 22, 22, 22, 23, 25, 23, 22, 23, 25, 25, 27, 24, 23, 24, 24, 25, 26, 26, 23, 22, 22, 22, 20, 24, 23, 23, 25, 26, 27, 26, 27, 26, 24, 26, 24, 24, 24, 24, 25, 25, 28, 26, 28, 30], 1: [240, 242, 246, 246, 247, 251, 251, 251, 254, 257, 259, 264, 264, 264, 266, 267, 268, 269, 269, 273, 274, 275, 275, 275, 275, 279, 283, 283, 283, 287, 288, 289, 289, 290, 290, 291, 297, 298, 303, 303, 305, 305, 305, 307, 307, 307, 308, 308, 308, 308, 309, 310, 310, 310, 311, 312, 313, 313, 313, 314, 314, 318, 321, 321, 321, 321, 321, 326, 330, 331, 332, 333, 335, 337, 341, 343, 345, 346, 349, 349, 352, 352, 352, 352, 353, 356, 356, 361, 364, 365, 368, 369, 370, 371, 372, 374, 375, 379, 379, 379]}
131 {0: [29, 29, 25, 25, 29, 26, 27, 28, 27, 27, 25, 25, 26, 27, 25, 25, 26, 26, 26, 26, 26, 25, 25, 25, 25, 26, 24, 25, 25, 23, 26, 26, 26, 27, 27, 29, 25, 26, 22, 23, 22, 22, 23, 22, 22, 23, 22, 22, 22, 22, 22, 22, 22, 22, 23, 22, 22, 22, 22, 23, 25, 23, 22, 23, 25, 25, 27, 24, 23, 24, 24, 25, 26, 26, 23, 22, 22, 22, 20, 24, 23, 23, 25, 26, 27, 26, 27, 26, 24, 26, 24, 24, 24, 24, 25, 25, 28, 26, 28, 30], 1: [240, 242, 246, 246, 247, 251, 251, 251, 254, 257, 259, 264, 264, 264, 266, 267, 268, 269, 269, 273, 274, 275, 275, 275, 275, 279, 283, 283, 283, 287, 288, 289, 289, 290, 290, 291, 297, 298, 303, 303, 305, 305, 305, 307, 307, 307, 308, 308, 308, 308, 309, 310, 310, 310, 311, 312, 313, 313, 313, 314, 314, 318, 321, 321, 321, 321, 321, 326, 330, 331, 332, 333, 335, 337, 341, 343, 345, 346, 349, 349, 352, 352, 352, 352, 353, 356, 356, 361, 364, 365, 368, 369, 370, 371, 372, 374, 375, 379, 379, 379]}
868 {0: [29, 29, 25, 25, 29, 26, 27, 28, 27, 27, 25, 25, 26, 27, 25, 25, 26, 26, 26, 26, 26, 25, 25, 25, 25, 26, 24, 25, 25, 23, 26, 26, 26, 27, 27, 29, 25, 26, 22, 23, 22, 22, 23, 22, 22, 23, 22, 22, 22, 22, 22, 22, 22, 22, 23, 22, 22, 22, 22, 23, 25, 23, 22, 23, 25, 25, 27, 24, 23, 24, 24, 25, 26, 26, 23, 22, 22, 22, 20, 24, 23, 23, 25, 26, 27, 26, 27, 26, 24, 26, 24, 24, 24, 24, 25, 25, 28, 26, 28, 30], 1: [240, 242, 246, 246, 247, 251, 251, 251, 254, 257, 259, 264, 264, 264, 266, 267, 268, 269, 269, 273, 274, 275, 275, 275, 275, 279, 283, 283, 283, 287, 288, 289, 289, 290, 290, 291, 297, 298, 303, 303, 305, 305, 305, 307, 307, 307, 308, 308, 308, 308, 309, 310, 310, 310, 311, 312, 313, 313, 313, 314, 314, 318, 321, 321, 321, 321, 321, 326, 330, 331, 332, 333, 335, 337, 341, 343, 345, 346, 349, 349, 352, 352, 352, 352, 353, 356, 356, 361, 364, 365, 368, 369, 370, 371, 372, 374, 375, 379, 379, 379]}
378 {0: [29, 29, 25, 25, 29, 26, 27, 28, 27, 27, 25, 25, 26, 27, 25, 25, 26, 26, 26, 26, 26, 25, 25, 25, 25, 26, 24, 25, 25, 23, 26, 26, 26, 27, 27, 29, 25, 26, 22, 23, 22, 22, 23, 22, 22, 23, 22, 22, 22, 22, 22, 22, 22, 22, 23, 22, 22, 22, 22, 23, 25, 23, 22, 23, 25, 25, 27, 24, 23, 24, 24, 25, 26, 26, 23, 22, 22, 22, 20, 24, 23, 23, 25, 26, 27, 26, 27, 26, 24, 26, 24, 24, 24, 24, 25, 25, 28, 26, 28, 30], 1: [240, 242, 246, 246, 247, 251, 251, 251, 254, 257, 259, 264, 264, 264, 266, 267, 268, 269, 269, 273, 274, 275, 275, 275, 275, 279, 283, 283, 283, 287, 288, 289, 289, 290, 290, 291, 297, 298, 303, 303, 305, 305, 305, 307, 307, 307, 308, 308, 308, 308, 309, 310, 310, 310, 311, 312, 313, 313, 313, 314, 314, 318, 321, 321, 321, 321, 321, 326, 330, 331, 332, 333, 335, 337, 341, 343, 345, 346, 349, 349, 352, 352, 352, 352, 353, 356, 356, 361, 364, 365, 368, 369, 370, 371, 372, 374, 375, 379, 379, 379]}
626 {0: [29, 29, 25, 25, 29, 26, 27, 28, 27, 27, 25, 25, 26, 27, 25, 25, 26, 26, 26, 26, 26, 25, 25, 25, 25, 26, 24, 25, 25, 23, 26, 26, 26, 27, 27, 29, 25, 26, 22, 23, 22, 22, 23, 22, 22, 23, 22, 22, 22, 22, 22, 22, 22, 22, 23, 22, 22, 22, 22, 23, 25, 23, 22, 23, 25, 25, 27, 24, 23, 24, 24, 25, 26, 26, 23, 22, 22, 22, 20, 24, 23, 23, 25, 26, 27, 26, 27, 26, 24, 26, 24, 24, 24, 24, 25, 25, 28, 26, 28, 30], 1: [240, 242, 246, 246, 247, 251, 251, 251, 254, 257, 259, 264, 264, 264, 266, 267, 268, 269, 269, 273, 274, 275, 275, 275, 275, 279, 283, 283, 283, 287, 288, 289, 289, 290, 290, 291, 297, 298, 303, 303, 305, 305, 305, 307, 307, 307, 308, 308, 308, 308, 309, 310, 310, 310, 311, 312, 313, 313, 313, 314, 314, 318, 321, 321, 321, 321, 321, 326, 330, 331, 332, 333, 335, 337, 341, 343, 345, 346, 349, 349, 352, 352, 352, 352, 353, 356, 356, 361, 364, 365, 368, 369, 370, 371, 372, 374, 375, 379, 379, 379]}
132 {0: [29, 29, 25, 25, 29, 26, 27, 28, 27, 27, 25, 25, 26, 27, 25, 25, 26, 26, 26, 26, 26, 25, 25, 25, 25, 26, 24, 25, 25, 23, 26, 26, 26, 27, 27, 29, 25, 26, 22, 23, 22, 22, 23, 22, 22, 23, 22, 22, 22, 22, 22, 22, 22, 22, 23, 22, 22, 22, 22, 23, 25, 23, 22, 23, 25, 25, 27, 24, 23, 24, 24, 25, 26, 26, 23, 22, 22, 22, 20, 24, 23, 23, 25, 26, 27, 26, 27, 26, 24, 26, 24, 24, 24, 24, 25, 25, 28, 26, 28, 30], 1: [240, 242, 246, 246, 247, 251, 251, 251, 254, 257, 259, 264, 264, 264, 266, 267, 268, 269, 269, 273, 274, 275, 275, 275, 275, 279, 283, 283, 283, 287, 288, 289, 289, 290, 290, 291, 297, 298, 303, 303, 305, 305, 305, 307, 307, 307, 308, 308, 308, 308, 309, 310, 310, 310, 311, 312, 313, 313, 313, 314, 314, 318, 321, 321, 321, 321, 321, 326, 330, 331, 332, 333, 335, 337, 341, 343, 345, 346, 349, 349, 352, 352, 352, 352, 353, 356, 356, 361, 364, 365, 368, 369, 370, 371, 372, 374, 375, 379, 379, 379]}
869 {0: [29, 29, 25, 25, 29, 26, 27, 28, 27, 27, 25, 25, 26, 27, 25, 25, 26, 26, 26, 26, 26, 25, 25, 25, 25, 26, 24, 25, 25, 23, 26, 26, 26, 27, 27, 29, 25, 26, 22, 23, 22, 22, 23, 22, 22, 23, 22, 22, 22, 22, 22, 22, 22, 22, 23, 22, 22, 22, 22, 23, 25, 23, 22, 23, 25, 25, 27, 24, 23, 24, 24, 25, 26, 26, 23, 22, 22, 22, 20, 24, 23, 23, 25, 26, 27, 26, 27, 26, 24, 26, 24, 24, 24, 24, 25, 25, 28, 26, 28, 30], 1: [240, 242, 246, 246, 247, 251, 251, 251, 254, 257, 259, 264, 264, 264, 266, 267, 268, 269, 269, 273, 274, 275, 275, 275, 275, 279, 283, 283, 283, 287, 288, 289, 289, 290, 290, 291, 297, 298, 303, 303, 305, 305, 305, 307, 307, 307, 308, 308, 308, 308, 309, 310, 310, 310, 311, 312, 313, 313, 313, 314, 314, 318, 321, 321, 321, 321, 321, 326, 330, 331, 332, 333, 335, 337, 341, 343, 345, 346, 349, 349, 352, 352, 352, 352, 353, 356, 356, 361, 364, 365, 368, 369, 370, 371, 372, 374, 375, 379, 379, 379]}
379 {0: [29, 29, 25, 25, 29, 26, 27, 28, 27, 27, 25, 25, 26, 27, 25, 25, 26, 26, 26, 26, 26, 25, 25, 25, 25, 26, 24, 25, 25, 23, 26, 26, 26, 27, 27, 29, 25, 26, 22, 23, 22, 22, 23, 22, 22, 23, 22, 22, 22, 22, 22, 22, 22, 22, 23, 22, 22, 22, 22, 23, 25, 23, 22, 23, 25, 25, 27, 24, 23, 24, 24, 25, 26, 26, 23, 22, 22, 22, 20, 24, 23, 23, 25, 26, 27, 26, 27, 26, 24, 26, 24, 24, 24, 24, 25, 25, 28, 26, 28, 30], 1: [240, 242, 246, 246, 247, 251, 251, 251, 254, 257, 259, 264, 264, 264, 266, 267, 268, 269, 269, 273, 274, 275, 275, 275, 275, 279, 283, 283, 283, 287, 288, 289, 289, 290, 290, 291, 297, 298, 303, 303, 305, 305, 305, 307, 307, 307, 308, 308, 308, 308, 309, 310, 310, 310, 311, 312, 313, 313, 313, 314, 314, 318, 321, 321, 321, 321, 321, 326, 330, 331, 332, 333, 335, 337, 341, 343, 345, 346, 349, 349, 352, 352, 352, 352, 353, 356, 356, 361, 364, 365, 368, 369, 370, 371, 372, 374, 375, 379, 379, 379]}
627 {0: [29, 29, 25, 25, 29, 26, 27, 28, 27, 27, 25, 25, 26, 27, 25, 25, 26, 26, 26, 26, 26, 25, 25, 25, 25, 26, 24, 25, 25, 23, 26, 26, 26, 27, 27, 29, 25, 26, 22, 23, 22, 22, 23, 22, 22, 23, 22, 22, 22, 22, 22, 22, 22, 22, 23, 22, 22, 22, 22, 23, 25, 23, 22, 23, 25, 25, 27, 24, 23, 24, 24, 25, 26, 26, 23, 22, 22, 22, 20, 24, 23, 23, 25, 26, 27, 26, 27, 26, 24, 26, 24, 24, 24, 24, 25, 25, 28, 26, 28, 30], 1: [240, 242, 246, 246, 247, 251, 251, 251, 254, 257, 259, 264, 264, 264, 266, 267, 268, 269, 269, 273, 274, 275, 275, 275, 275, 279, 283, 283, 283, 287, 288, 289, 289, 290, 290, 291, 297, 298, 303, 303, 305, 305, 305, 307, 307, 307, 308, 308, 308, 308, 309, 310, 310, 310, 311, 312, 313, 313, 313, 314, 314, 318, 321, 321, 321, 321, 321, 326, 330, 331, 332, 333, 335, 337, 341, 343, 345, 346, 349, 349, 352, 352, 352, 352, 353, 356, 356, 361, 364, 365, 368, 369, 370, 371, 372, 374, 375, 379, 379, 379]}
133 {0: [29, 29, 25, 25, 29, 26, 27, 28, 27, 27, 25, 25, 26, 27, 25, 25, 26, 26, 26, 26, 26, 25, 25, 25, 25, 26, 24, 25, 25, 23, 26, 26, 26, 27, 27, 29, 25, 26, 22, 23, 22, 22, 23, 22, 22, 23, 22, 22, 22, 22, 22, 22, 22, 22, 23, 22, 22, 22, 22, 23, 25, 23, 22, 23, 25, 25, 27, 24, 23, 24, 24, 25, 26, 26, 23, 22, 22, 22, 20, 24, 23, 23, 25, 26, 27, 26, 27, 26, 24, 26, 24, 24, 24, 24, 25, 25, 28, 26, 28, 30], 1: [240, 242, 246, 246, 247, 251, 251, 251, 254, 257, 259, 264, 264, 264, 266, 267, 268, 269, 269, 273, 274, 275, 275, 275, 275, 279, 283, 283, 283, 287, 288, 289, 289, 290, 290, 291, 297, 298, 303, 303, 305, 305, 305, 307, 307, 307, 308, 308, 308, 308, 309, 310, 310, 310, 311, 312, 313, 313, 313, 314, 314, 318, 321, 321, 321, 321, 321, 326, 330, 331, 332, 333, 335, 337, 341, 343, 345, 346, 349, 349, 352, 352, 352, 352, 353, 356, 356, 361, 364, 365, 368, 369, 370, 371, 372, 374, 375, 379, 379, 379]}
870 {0: [29, 29, 25, 25, 29, 26, 27, 28, 27, 27, 25, 25, 26, 27, 25, 25, 26, 26, 26, 26, 26, 25, 25, 25, 25, 26, 24, 25, 25, 23, 26, 26, 26, 27, 27, 29, 25, 26, 22, 23, 22, 22, 23, 22, 22, 23, 22, 22, 22, 22, 22, 22, 22, 22, 23, 22, 22, 22, 22, 23, 25, 23, 22, 23, 25, 25, 27, 24, 23, 24, 24, 25, 26, 26, 23, 22, 22, 22, 20, 24, 23, 23, 25, 26, 27, 26, 27, 26, 24, 26, 24, 24, 24, 24, 25, 25, 28, 26, 28, 30], 1: [240, 242, 246, 246, 247, 251, 251, 251, 254, 257, 259, 264, 264, 264, 266, 267, 268, 269, 269, 273, 274, 275, 275, 275, 275, 279, 283, 283, 283, 287, 288, 289, 289, 290, 290, 291, 297, 298, 303, 303, 305, 305, 305, 307, 307, 307, 308, 308, 308, 308, 309, 310, 310, 310, 311, 312, 313, 313, 313, 314, 314, 318, 321, 321, 321, 321, 321, 326, 330, 331, 332, 333, 335, 337, 341, 343, 345, 346, 349, 349, 352, 352, 352, 352, 353, 356, 356, 361, 364, 365, 368, 369, 370, 371, 372, 374, 375, 379, 379, 379]}
380 {0: [29, 29, 25, 25, 29, 26, 27, 28, 27, 27, 25, 25, 26, 27, 25, 25, 26, 26, 26, 26, 26, 25, 25, 25, 25, 26, 24, 25, 25, 23, 26, 26, 26, 27, 27, 29, 25, 26, 22, 23, 22, 22, 23, 22, 22, 23, 22, 22, 22, 22, 22, 22, 22, 22, 23, 22, 22, 22, 22, 23, 25, 23, 22, 23, 25, 25, 27, 24, 23, 24, 24, 25, 26, 26, 23, 22, 22, 22, 20, 24, 23, 23, 25, 26, 27, 26, 27, 26, 24, 26, 24, 24, 24, 24, 25, 25, 28, 26, 28, 30], 1: [240, 242, 246, 246, 247, 251, 251, 251, 254, 257, 259, 264, 264, 264, 266, 267, 268, 269, 269, 273, 274, 275, 275, 275, 275, 279, 283, 283, 283, 287, 288, 289, 289, 290, 290, 291, 297, 298, 303, 303, 305, 305, 305, 307, 307, 307, 308, 308, 308, 308, 309, 310, 310, 310, 311, 312, 313, 313, 313, 314, 314, 318, 321, 321, 321, 321, 321, 326, 330, 331, 332, 333, 335, 337, 341, 343, 345, 346, 349, 349, 352, 352, 352, 352, 353, 356, 356, 361, 364, 365, 368, 369, 370, 371, 372, 374, 375, 379, 379, 379]}
628 {0: [29, 29, 25, 25, 29, 26, 27, 28, 27, 27, 25, 25, 26, 27, 25, 25, 26, 26, 26, 26, 26, 25, 25, 25, 25, 26, 24, 25, 25, 23, 26, 26, 26, 27, 27, 29, 25, 26, 22, 23, 22, 22, 23, 22, 22, 23, 22, 22, 22, 22, 22, 22, 22, 22, 23, 22, 22, 22, 22, 23, 25, 23, 22, 23, 25, 25, 27, 24, 23, 24, 24, 25, 26, 26, 23, 22, 22, 22, 20, 24, 23, 23, 25, 26, 27, 26, 27, 26, 24, 26, 24, 24, 24, 24, 25, 25, 28, 26, 28, 30], 1: [240, 242, 246, 246, 247, 251, 251, 251, 254, 257, 259, 264, 264, 264, 266, 267, 268, 269, 269, 273, 274, 275, 275, 275, 275, 279, 283, 283, 283, 287, 288, 289, 289, 290, 290, 291, 297, 298, 303, 303, 305, 305, 305, 307, 307, 307, 308, 308, 308, 308, 309, 310, 310, 310, 311, 312, 313, 313, 313, 314, 314, 318, 321, 321, 321, 321, 321, 326, 330, 331, 332, 333, 335, 337, 341, 343, 345, 346, 349, 349, 352, 352, 352, 352, 353, 356, 356, 361, 364, 365, 368, 369, 370, 371, 372, 374, 375, 379, 379, 379]}
134 {0: [29, 29, 25, 25, 29, 26, 27, 28, 27, 27, 25, 25, 26, 27, 25, 25, 26, 26, 26, 26, 26, 25, 25, 25, 25, 26, 24, 25, 25, 23, 26, 26, 26, 27, 27, 29, 25, 26, 22, 23, 22, 22, 23, 22, 22, 23, 22, 22, 22, 22, 22, 22, 22, 22, 23, 22, 22, 22, 22, 23, 25, 23, 22, 23, 25, 25, 27, 24, 23, 24, 24, 25, 26, 26, 23, 22, 22, 22, 20, 24, 23, 23, 25, 26, 27, 26, 27, 26, 24, 26, 24, 24, 24, 24, 25, 25, 28, 26, 28, 30], 1: [240, 242, 246, 246, 247, 251, 251, 251, 254, 257, 259, 264, 264, 264, 266, 267, 268, 269, 269, 273, 274, 275, 275, 275, 275, 279, 283, 283, 283, 287, 288, 289, 289, 290, 290, 291, 297, 298, 303, 303, 305, 305, 305, 307, 307, 307, 308, 308, 308, 308, 309, 310, 310, 310, 311, 312, 313, 313, 313, 314, 314, 318, 321, 321, 321, 321, 321, 326, 330, 331, 332, 333, 335, 337, 341, 343, 345, 346, 349, 349, 352, 352, 352, 352, 353, 356, 356, 361, 364, 365, 368, 369, 370, 371, 372, 374, 375, 379, 379, 379]}
871 {0: [29, 29, 25, 25, 29, 26, 27, 28, 27, 27, 25, 25, 26, 27, 25, 25, 26, 26, 26, 26, 26, 25, 25, 25, 25, 26, 24, 25, 25, 23, 26, 26, 26, 27, 27, 29, 25, 26, 22, 23, 22, 22, 23, 22, 22, 23, 22, 22, 22, 22, 22, 22, 22, 22, 23, 22, 22, 22, 22, 23, 25, 23, 22, 23, 25, 25, 27, 24, 23, 24, 24, 25, 26, 26, 23, 22, 22, 22, 20, 24, 23, 23, 25, 26, 27, 26, 27, 26, 24, 26, 24, 24, 24, 24, 25, 25, 28, 26, 28, 30], 1: [240, 242, 246, 246, 247, 251, 251, 251, 254, 257, 259, 264, 264, 264, 266, 267, 268, 269, 269, 273, 274, 275, 275, 275, 275, 279, 283, 283, 283, 287, 288, 289, 289, 290, 290, 291, 297, 298, 303, 303, 305, 305, 305, 307, 307, 307, 308, 308, 308, 308, 309, 310, 310, 310, 311, 312, 313, 313, 313, 314, 314, 318, 321, 321, 321, 321, 321, 326, 330, 331, 332, 333, 335, 337, 341, 343, 345, 346, 349, 349, 352, 352, 352, 352, 353, 356, 356, 361, 364, 365, 368, 369, 370, 371, 372, 374, 375, 379, 379, 379]}
381 {0: [29, 29, 25, 25, 29, 26, 27, 28, 27, 27, 25, 25, 26, 27, 25, 25, 26, 26, 26, 26, 26, 25, 25, 25, 25, 26, 24, 25, 25, 23, 26, 26, 26, 27, 27, 29, 25, 26, 22, 23, 22, 22, 23, 22, 22, 23, 22, 22, 22, 22, 22, 22, 22, 22, 23, 22, 22, 22, 22, 23, 25, 23, 22, 23, 25, 25, 27, 24, 23, 24, 24, 25, 26, 26, 23, 22, 22, 22, 20, 24, 23, 23, 25, 26, 27, 26, 27, 26, 24, 26, 24, 24, 24, 24, 25, 25, 28, 26, 28, 30], 1: [240, 242, 246, 246, 247, 251, 251, 251, 254, 257, 259, 264, 264, 264, 266, 267, 268, 269, 269, 273, 274, 275, 275, 275, 275, 279, 283, 283, 283, 287, 288, 289, 289, 290, 290, 291, 297, 298, 303, 303, 305, 305, 305, 307, 307, 307, 308, 308, 308, 308, 309, 310, 310, 310, 311, 312, 313, 313, 313, 314, 314, 318, 321, 321, 321, 321, 321, 326, 330, 331, 332, 333, 335, 337, 341, 343, 345, 346, 349, 349, 352, 352, 352, 352, 353, 356, 356, 361, 364, 365, 368, 369, 370, 371, 372, 374, 375, 379, 379, 379]}
629 {0: [29, 29, 25, 25, 29, 26, 27, 28, 27, 27, 25, 25, 26, 27, 25, 25, 26, 26, 26, 26, 26, 25, 25, 25, 25, 26, 24, 25, 25, 23, 26, 26, 26, 27, 27, 29, 25, 26, 22, 23, 22, 22, 23, 22, 22, 23, 22, 22, 22, 22, 22, 22, 22, 22, 23, 22, 22, 22, 22, 23, 25, 23, 22, 23, 25, 25, 27, 24, 23, 24, 24, 25, 26, 26, 23, 22, 22, 22, 20, 24, 23, 23, 25, 26, 27, 26, 27, 26, 24, 26, 24, 24, 24, 24, 25, 25, 28, 26, 28, 30], 1: [240, 242, 246, 246, 247, 251, 251, 251, 254, 257, 259, 264, 264, 264, 266, 267, 268, 269, 269, 273, 274, 275, 275, 275, 275, 279, 283, 283, 283, 287, 288, 289, 289, 290, 290, 291, 297, 298, 303, 303, 305, 305, 305, 307, 307, 307, 308, 308, 308, 308, 309, 310, 310, 310, 311, 312, 313, 313, 313, 314, 314, 318, 321, 321, 321, 321, 321, 326, 330, 331, 332, 333, 335, 337, 341, 343, 345, 346, 349, 349, 352, 352, 352, 352, 353, 356, 356, 361, 364, 365, 368, 369, 370, 371, 372, 374, 375, 379, 379, 379]}
135 {0: [29, 29, 25, 25, 29, 26, 27, 28, 27, 27, 25, 25, 26, 27, 25, 25, 26, 26, 26, 26, 26, 25, 25, 25, 25, 26, 24, 25, 25, 23, 26, 26, 26, 27, 27, 29, 25, 26, 22, 23, 22, 22, 23, 22, 22, 23, 22, 22, 22, 22, 22, 22, 22, 22, 23, 22, 22, 22, 22, 23, 25, 23, 22, 23, 25, 25, 27, 24, 23, 24, 24, 25, 26, 26, 23, 22, 22, 22, 20, 24, 23, 23, 25, 26, 27, 26, 27, 26, 24, 26, 24, 24, 24, 24, 25, 25, 28, 26, 28, 30], 1: [240, 242, 246, 246, 247, 251, 251, 251, 254, 257, 259, 264, 264, 264, 266, 267, 268, 269, 269, 273, 274, 275, 275, 275, 275, 279, 283, 283, 283, 287, 288, 289, 289, 290, 290, 291, 297, 298, 303, 303, 305, 305, 305, 307, 307, 307, 308, 308, 308, 308, 309, 310, 310, 310, 311, 312, 313, 313, 313, 314, 314, 318, 321, 321, 321, 321, 321, 326, 330, 331, 332, 333, 335, 337, 341, 343, 345, 346, 349, 349, 352, 352, 352, 352, 353, 356, 356, 361, 364, 365, 368, 369, 370, 371, 372, 374, 375, 379, 379, 379]}
872 {0: [29, 29, 25, 25, 29, 26, 27, 28, 27, 27, 25, 25, 26, 27, 25, 25, 26, 26, 26, 26, 26, 25, 25, 25, 25, 26, 24, 25, 25, 23, 26, 26, 26, 27, 27, 29, 25, 26, 22, 23, 22, 22, 23, 22, 22, 23, 22, 22, 22, 22, 22, 22, 22, 22, 23, 22, 22, 22, 22, 23, 25, 23, 22, 23, 25, 25, 27, 24, 23, 24, 24, 25, 26, 26, 23, 22, 22, 22, 20, 24, 23, 23, 25, 26, 27, 26, 27, 26, 24, 26, 24, 24, 24, 24, 25, 25, 28, 26, 28, 30], 1: [240, 242, 246, 246, 247, 251, 251, 251, 254, 257, 259, 264, 264, 264, 266, 267, 268, 269, 269, 273, 274, 275, 275, 275, 275, 279, 283, 283, 283, 287, 288, 289, 289, 290, 290, 291, 297, 298, 303, 303, 305, 305, 305, 307, 307, 307, 308, 308, 308, 308, 309, 310, 310, 310, 311, 312, 313, 313, 313, 314, 314, 318, 321, 321, 321, 321, 321, 326, 330, 331, 332, 333, 335, 337, 341, 343, 345, 346, 349, 349, 352, 352, 352, 352, 353, 356, 356, 361, 364, 365, 368, 369, 370, 371, 372, 374, 375, 379, 379, 379]}
382 {0: [29, 29, 25, 25, 29, 26, 27, 28, 27, 27, 25, 25, 26, 27, 25, 25, 26, 26, 26, 26, 26, 25, 25, 25, 25, 26, 24, 25, 25, 23, 26, 26, 26, 27, 27, 29, 25, 26, 22, 23, 22, 22, 23, 22, 22, 23, 22, 22, 22, 22, 22, 22, 22, 22, 23, 22, 22, 22, 22, 23, 25, 23, 22, 23, 25, 25, 27, 24, 23, 24, 24, 25, 26, 26, 23, 22, 22, 22, 20, 24, 23, 23, 25, 26, 27, 26, 27, 26, 24, 26, 24, 24, 24, 24, 25, 25, 28, 26, 28, 30], 1: [240, 242, 246, 246, 247, 251, 251, 251, 254, 257, 259, 264, 264, 264, 266, 267, 268, 269, 269, 273, 274, 275, 275, 275, 275, 279, 283, 283, 283, 287, 288, 289, 289, 290, 290, 291, 297, 298, 303, 303, 305, 305, 305, 307, 307, 307, 308, 308, 308, 308, 309, 310, 310, 310, 311, 312, 313, 313, 313, 314, 314, 318, 321, 321, 321, 321, 321, 326, 330, 331, 332, 333, 335, 337, 341, 343, 345, 346, 349, 349, 352, 352, 352, 352, 353, 356, 356, 361, 364, 365, 368, 369, 370, 371, 372, 374, 375, 379, 379, 379]}
630 {0: [29, 29, 25, 25, 29, 26, 27, 28, 27, 27, 25, 25, 26, 27, 25, 25, 26, 26, 26, 26, 26, 25, 25, 25, 25, 26, 24, 25, 25, 23, 26, 26, 26, 27, 27, 29, 25, 26, 22, 23, 22, 22, 23, 22, 22, 23, 22, 22, 22, 22, 22, 22, 22, 22, 23, 22, 22, 22, 22, 23, 25, 23, 22, 23, 25, 25, 27, 24, 23, 24, 24, 25, 26, 26, 23, 22, 22, 22, 20, 24, 23, 23, 25, 26, 27, 26, 27, 26, 24, 26, 24, 24, 24, 24, 25, 25, 28, 26, 28, 30], 1: [240, 242, 246, 246, 247, 251, 251, 251, 254, 257, 259, 264, 264, 264, 266, 267, 268, 269, 269, 273, 274, 275, 275, 275, 275, 279, 283, 283, 283, 287, 288, 289, 289, 290, 290, 291, 297, 298, 303, 303, 305, 305, 305, 307, 307, 307, 308, 308, 308, 308, 309, 310, 310, 310, 311, 312, 313, 313, 313, 314, 314, 318, 321, 321, 321, 321, 321, 326, 330, 331, 332, 333, 335, 337, 341, 343, 345, 346, 349, 349, 352, 352, 352, 352, 353, 356, 356, 361, 364, 365, 368, 369, 370, 371, 372, 374, 375, 379, 379, 379]}
136 {0: [29, 29, 25, 25, 29, 26, 27, 28, 27, 27, 25, 25, 26, 27, 25, 25, 26, 26, 26, 26, 26, 25, 25, 25, 25, 26, 24, 25, 25, 23, 26, 26, 26, 27, 27, 29, 25, 26, 22, 23, 22, 22, 23, 22, 22, 23, 22, 22, 22, 22, 22, 22, 22, 22, 23, 22, 22, 22, 22, 23, 25, 23, 22, 23, 25, 25, 27, 24, 23, 24, 24, 25, 26, 26, 23, 22, 22, 22, 20, 24, 23, 23, 25, 26, 27, 26, 27, 26, 24, 26, 24, 24, 24, 24, 25, 25, 28, 26, 28, 30], 1: [240, 242, 246, 246, 247, 251, 251, 251, 254, 257, 259, 264, 264, 264, 266, 267, 268, 269, 269, 273, 274, 275, 275, 275, 275, 279, 283, 283, 283, 287, 288, 289, 289, 290, 290, 291, 297, 298, 303, 303, 305, 305, 305, 307, 307, 307, 308, 308, 308, 308, 309, 310, 310, 310, 311, 312, 313, 313, 313, 314, 314, 318, 321, 321, 321, 321, 321, 326, 330, 331, 332, 333, 335, 337, 341, 343, 345, 346, 349, 349, 352, 352, 352, 352, 353, 356, 356, 361, 364, 365, 368, 369, 370, 371, 372, 374, 375, 379, 379, 379]}
873 {0: [29, 29, 25, 25, 29, 26, 27, 28, 27, 27, 25, 25, 26, 27, 25, 25, 26, 26, 26, 26, 26, 25, 25, 25, 25, 26, 24, 25, 25, 23, 26, 26, 26, 27, 27, 29, 25, 26, 22, 23, 22, 22, 23, 22, 22, 23, 22, 22, 22, 22, 22, 22, 22, 22, 23, 22, 22, 22, 22, 24, 23, 24, 25, 22, 22, 22, 22, 23, 23, 26, 24, 24, 24, 24, 24, 24, 24, 23, 24, 24, 25, 25, 23, 23, 24, 25, 27, 25, 25, 25, 25, 26, 27, 31, 29, 28, 31, 30, 30, 28], 1: [240, 242, 246, 246, 247, 251, 251, 251, 254, 257, 259, 264, 264, 264, 266, 267, 268, 269, 269, 273, 274, 275, 275, 275, 275, 279, 283, 283, 283, 287, 288, 289, 289, 290, 290, 291, 297, 298, 303, 303, 305, 305, 305, 307, 307, 307, 308, 308, 308, 308, 309, 310, 310, 310, 311, 312, 313, 313, 313, 314, 319, 319, 321, 328, 328, 328, 328, 328, 329, 330, 334, 334, 335, 335, 335, 335, 338, 342, 343, 345, 347, 348, 350, 350, 350, 350, 351, 355, 356, 357, 357, 358, 358, 361, 365, 368, 368, 370, 373, 380]}
383 {0: [29, 29, 25, 25, 29, 26, 27, 28, 27, 27, 25, 25, 26, 27, 25, 25, 26, 26, 26, 26, 26, 25, 25, 25, 25, 26, 24, 25, 25, 23, 26, 26, 26, 27, 27, 29, 25, 26, 22, 23, 22, 22, 23, 22, 22, 23, 22, 22, 22, 22, 22, 22, 22, 22, 23, 22, 22, 22, 22, 23, 25, 23, 22, 23, 25, 25, 27, 24, 23, 24, 24, 25, 26, 26, 23, 22, 22, 22, 20, 24, 23, 23, 25, 26, 27, 26, 27, 26, 24, 26, 24, 24, 24, 24, 25, 25, 28, 26, 28, 30], 1: [240, 242, 246, 246, 247, 251, 251, 251, 254, 257, 259, 264, 264, 264, 266, 267, 268, 269, 269, 273, 274, 275, 275, 275, 275, 279, 283, 283, 283, 287, 288, 289, 289, 290, 290, 291, 297, 298, 303, 303, 305, 305, 305, 307, 307, 307, 308, 308, 308, 308, 309, 310, 310, 310, 311, 312, 313, 313, 313, 314, 314, 318, 321, 321, 321, 321, 321, 326, 330, 331, 332, 333, 335, 337, 341, 343, 345, 346, 349, 349, 352, 352, 352, 352, 353, 356, 356, 361, 364, 365, 368, 369, 370, 371, 372, 374, 375, 379, 379, 379]}
631 {0: [29, 29, 25, 25, 29, 26, 27, 28, 27, 27, 25, 25, 26, 27, 25, 25, 26, 26, 26, 26, 26, 25, 25, 25, 25, 26, 24, 25, 25, 23, 26, 26, 26, 27, 27, 29, 25, 26, 22, 23, 22, 22, 23, 22, 22, 23, 22, 22, 22, 22, 22, 22, 22, 22, 23, 22, 22, 22, 22, 23, 25, 23, 22, 23, 25, 25, 27, 24, 23, 24, 24, 25, 26, 26, 23, 22, 22, 22, 20, 24, 23, 23, 25, 26, 27, 26, 27, 26, 24, 26, 24, 24, 24, 24, 25, 25, 28, 26, 28, 30], 1: [240, 242, 246, 246, 247, 251, 251, 251, 254, 257, 259, 264, 264, 264, 266, 267, 268, 269, 269, 273, 274, 275, 275, 275, 275, 279, 283, 283, 283, 287, 288, 289, 289, 290, 290, 291, 297, 298, 303, 303, 305, 305, 305, 307, 307, 307, 308, 308, 308, 308, 309, 310, 310, 310, 311, 312, 313, 313, 313, 314, 314, 318, 321, 321, 321, 321, 321, 326, 330, 331, 332, 333, 335, 337, 341, 343, 345, 346, 349, 349, 352, 352, 352, 352, 353, 356, 356, 361, 364, 365, 368, 369, 370, 371, 372, 374, 375, 379, 379, 379]}
137 {0: [29, 29, 25, 25, 29, 26, 27, 28, 27, 27, 25, 25, 26, 27, 25, 25, 26, 26, 26, 26, 26, 25, 25, 25, 25, 26, 24, 25, 25, 23, 26, 26, 26, 27, 27, 29, 25, 26, 22, 23, 22, 22, 23, 22, 22, 23, 22, 22, 22, 22, 22, 22, 22, 22, 23, 22, 22, 22, 22, 23, 25, 23, 22, 23, 25, 25, 27, 24, 23, 24, 24, 25, 26, 26, 23, 22, 22, 22, 20, 24, 23, 23, 25, 26, 27, 26, 27, 26, 24, 26, 24, 24, 24, 24, 25, 25, 28, 26, 28, 30], 1: [240, 242, 246, 246, 247, 251, 251, 251, 254, 257, 259, 264, 264, 264, 266, 267, 268, 269, 269, 273, 274, 275, 275, 275, 275, 279, 283, 283, 283, 287, 288, 289, 289, 290, 290, 291, 297, 298, 303, 303, 305, 305, 305, 307, 307, 307, 308, 308, 308, 308, 309, 310, 310, 310, 311, 312, 313, 313, 313, 314, 314, 318, 321, 321, 321, 321, 321, 326, 330, 331, 332, 333, 335, 337, 341, 343, 345, 346, 349, 349, 352, 352, 352, 352, 353, 356, 356, 361, 364, 365, 368, 369, 370, 371, 372, 374, 375, 379, 379, 379]}
874 {0: [29, 29, 25, 25, 29, 26, 27, 28, 27, 27, 25, 25, 26, 27, 25, 25, 26, 26, 26, 26, 26, 25, 25, 25, 25, 26, 24, 25, 25, 23, 26, 26, 26, 27, 27, 29, 25, 26, 22, 23, 22, 22, 23, 22, 22, 23, 22, 22, 22, 22, 22, 22, 22, 22, 23, 22, 22, 22, 22, 23, 25, 23, 22, 23, 25, 25, 27, 24, 23, 24, 24, 25, 26, 26, 23, 22, 22, 22, 20, 24, 23, 23, 25, 26, 27, 26, 27, 26, 24, 26, 24, 24, 24, 24, 25, 25, 28, 26, 28, 30], 1: [240, 242, 246, 246, 247, 251, 251, 251, 254, 257, 259, 264, 264, 264, 266, 267, 268, 269, 269, 273, 274, 275, 275, 275, 275, 279, 283, 283, 283, 287, 288, 289, 289, 290, 290, 291, 297, 298, 303, 303, 305, 305, 305, 307, 307, 307, 308, 308, 308, 308, 309, 310, 310, 310, 311, 312, 313, 313, 313, 314, 314, 318, 321, 321, 321, 321, 321, 326, 330, 331, 332, 333, 335, 337, 341, 343, 345, 346, 349, 349, 352, 352, 352, 352, 353, 356, 356, 361, 364, 365, 368, 369, 370, 371, 372, 374, 375, 379, 379, 379]}
384 {0: [29, 29, 25, 25, 29, 26, 27, 28, 27, 27, 25, 25, 26, 27, 25, 25, 26, 26, 26, 26, 26, 25, 25, 25, 25, 26, 24, 25, 25, 23, 26, 26, 26, 27, 27, 29, 25, 26, 22, 23, 22, 22, 23, 22, 22, 23, 22, 22, 22, 22, 22, 22, 22, 22, 23, 22, 22, 22, 22, 23, 25, 23, 22, 23, 25, 25, 27, 24, 23, 24, 24, 25, 26, 26, 23, 22, 22, 22, 20, 24, 23, 23, 25, 26, 27, 26, 27, 26, 24, 26, 24, 24, 24, 24, 25, 25, 28, 26, 28, 30], 1: [240, 242, 246, 246, 247, 251, 251, 251, 254, 257, 259, 264, 264, 264, 266, 267, 268, 269, 269, 273, 274, 275, 275, 275, 275, 279, 283, 283, 283, 287, 288, 289, 289, 290, 290, 291, 297, 298, 303, 303, 305, 305, 305, 307, 307, 307, 308, 308, 308, 308, 309, 310, 310, 310, 311, 312, 313, 313, 313, 314, 314, 318, 321, 321, 321, 321, 321, 326, 330, 331, 332, 333, 335, 337, 341, 343, 345, 346, 349, 349, 352, 352, 352, 352, 353, 356, 356, 361, 364, 365, 368, 369, 370, 371, 372, 374, 375, 379, 379, 379]}
632 {0: [28, 27, 27, 27, 27, 27, 26, 24, 24, 24, 25, 25, 24, 25, 27, 27, 27, 25, 26, 22, 21, 22, 24, 22, 24, 25, 23, 23, 23, 24, 22, 21, 21, 22, 20, 21, 22, 23, 24, 22, 22, 22, 22, 22, 23, 22, 23, 22, 23, 22, 21, 21, 23, 21, 22, 21, 22, 21, 19, 23, 22, 21, 21, 21, 21, 21, 21, 23, 23, 22, 23, 25, 25, 25, 25, 23, 24, 23, 23, 23, 25, 24, 25, 24, 25, 25, 25, 24, 26, 26, 27, 26, 25, 23, 24, 23, 23, 24, 25, 24], 1: [240, 242, 242, 243, 244, 244, 246, 248, 248, 250, 252, 256, 258, 260, 262, 263, 264, 270, 271, 275, 276, 276, 276, 278, 278, 278, 280, 280, 280, 283, 288, 290, 293, 294, 296, 298, 298, 299, 300, 305, 306, 309, 309, 309, 309, 312, 314, 316, 317, 320, 321, 321, 323, 326, 327, 330, 331, 332, 335, 335, 337, 338, 338, 338, 339, 339, 339, 339, 342, 346, 347, 348, 349, 351, 353, 357, 357, 358, 358, 358, 358, 361, 362, 363, 364, 364, 365, 368, 369, 371, 372, 375, 377, 379, 380, 382, 384, 384, 384, 386]}
138 {0: [29, 29, 25, 25, 29, 26, 27, 28, 27, 27, 25, 25, 26, 27, 25, 25, 26, 26, 26, 26, 26, 25, 25, 25, 25, 26, 24, 25, 25, 23, 26, 26, 26, 27, 27, 29, 25, 26, 22, 23, 22, 22, 23, 22, 22, 23, 22, 22, 22, 22, 22, 22, 22, 22, 23, 22, 22, 22, 22, 23, 25, 23, 22, 23, 25, 25, 27, 24, 23, 24, 24, 25, 26, 26, 23, 22, 22, 22, 20, 24, 23, 23, 25, 26, 27, 26, 27, 26, 24, 26, 24, 24, 24, 24, 25, 25, 28, 26, 28, 30], 1: [240, 242, 246, 246, 247, 251, 251, 251, 254, 257, 259, 264, 264, 264, 266, 267, 268, 269, 269, 273, 274, 275, 275, 275, 275, 279, 283, 283, 283, 287, 288, 289, 289, 290, 290, 291, 297, 298, 303, 303, 305, 305, 305, 307, 307, 307, 308, 308, 308, 308, 309, 310, 310, 310, 311, 312, 313, 313, 313, 314, 314, 318, 321, 321, 321, 321, 321, 326, 330, 331, 332, 333, 335, 337, 341, 343, 345, 346, 349, 349, 352, 352, 352, 352, 353, 356, 356, 361, 364, 365, 368, 369, 370, 371, 372, 374, 375, 379, 379, 379]}
875 {0: [28, 27, 25, 25, 26, 24, 24, 25, 22, 23, 26, 24, 23, 24, 24, 25, 25, 26, 28, 26, 22, 23, 24, 24, 26, 25, 26, 26, 27, 28, 27, 25, 26, 25, 24, 26, 26, 26, 28, 26, 26, 29, 27, 26, 26, 27, 26, 25, 26, 25, 26, 26, 26, 27, 23, 24, 24, 24, 23, 26, 25, 26, 25, 27, 25, 23, 23, 24, 23, 24, 24, 26, 24, 24, 26, 25, 24, 24, 27, 26, 27, 28, 27, 25, 27, 27, 27, 27, 26, 28, 29, 28, 27, 27, 29, 27, 28, 27, 27, 27], 1: [240, 242, 246, 249, 249, 253, 253, 255, 258, 258, 258, 261, 263, 264, 265, 265, 265, 266, 268, 272, 277, 277, 280, 281, 281, 283, 284, 285, 286, 288, 294, 297, 298, 299, 301, 302, 306, 308, 308, 311, 311, 311, 313, 315, 318, 318, 319, 322, 322, 323, 323, 325, 326, 327, 333, 334, 335, 335, 337, 337, 338, 341, 343, 346, 350, 355, 355, 356, 357, 357, 357, 358, 361, 363, 364, 366, 370, 370, 370, 372, 373, 376, 379, 383, 383, 384, 384, 386, 387, 387, 389, 392, 393, 395, 396, 399, 400, 402, 402, 402]}
385 {0: [29, 29, 25, 25, 29, 26, 27, 28, 27, 27, 25, 25, 26, 27, 25, 25, 26, 26, 26, 26, 26, 25, 25, 25, 25, 26, 24, 25, 25, 23, 26, 26, 26, 27, 27, 29, 25, 26, 22, 23, 22, 22, 23, 22, 22, 23, 22, 22, 22, 22, 22, 22, 22, 22, 23, 22, 22, 22, 22, 23, 25, 23, 22, 23, 25, 25, 27, 24, 23, 24, 24, 25, 26, 26, 23, 22, 22, 22, 20, 24, 23, 23, 25, 26, 27, 26, 27, 26, 24, 26, 24, 24, 24, 24, 25, 25, 28, 26, 28, 30], 1: [240, 242, 246, 246, 247, 251, 251, 251, 254, 257, 259, 264, 264, 264, 266, 267, 268, 269, 269, 273, 274, 275, 275, 275, 275, 279, 283, 283, 283, 287, 288, 289, 289, 290, 290, 291, 297, 298, 303, 303, 305, 305, 305, 307, 307, 307, 308, 308, 308, 308, 309, 310, 310, 310, 311, 312, 313, 313, 313, 314, 314, 318, 321, 321, 321, 321, 321, 326, 330, 331, 332, 333, 335, 337, 341, 343, 345, 346, 349, 349, 352, 352, 352, 352, 353, 356, 356, 361, 364, 365, 368, 369, 370, 371, 372, 374, 375, 379, 379, 379]}
633 {0: [29, 29, 25, 25, 29, 26, 27, 28, 27, 27, 25, 25, 26, 27, 25, 25, 26, 26, 26, 26, 26, 25, 25, 25, 25, 26, 24, 25, 25, 23, 26, 26, 26, 27, 27, 29, 25, 26, 22, 23, 22, 22, 23, 22, 22, 23, 22, 22, 22, 22, 22, 22, 22, 22, 23, 22, 22, 22, 22, 23, 25, 23, 22, 23, 25, 25, 27, 24, 23, 24, 24, 25, 26, 26, 23, 22, 22, 22, 20, 24, 23, 23, 25, 26, 27, 26, 27, 26, 24, 26, 24, 24, 24, 24, 25, 25, 28, 26, 28, 30], 1: [240, 242, 246, 246, 247, 251, 251, 251, 254, 257, 259, 264, 264, 264, 266, 267, 268, 269, 269, 273, 274, 275, 275, 275, 275, 279, 283, 283, 283, 287, 288, 289, 289, 290, 290, 291, 297, 298, 303, 303, 305, 305, 305, 307, 307, 307, 308, 308, 308, 308, 309, 310, 310, 310, 311, 312, 313, 313, 313, 314, 314, 318, 321, 321, 321, 321, 321, 326, 330, 331, 332, 333, 335, 337, 341, 343, 345, 346, 349, 349, 352, 352, 352, 352, 353, 356, 356, 361, 364, 365, 368, 369, 370, 371, 372, 374, 375, 379, 379, 379]}
139 {0: [29, 29, 25, 25, 29, 26, 27, 28, 27, 27, 25, 25, 26, 27, 25, 25, 26, 26, 26, 26, 26, 25, 25, 25, 25, 26, 24, 25, 25, 23, 26, 26, 26, 27, 27, 29, 25, 26, 22, 23, 22, 22, 23, 22, 22, 23, 22, 22, 22, 22, 22, 22, 22, 22, 23, 22, 22, 22, 22, 23, 25, 23, 22, 23, 25, 25, 27, 24, 23, 24, 24, 25, 26, 26, 23, 22, 22, 22, 20, 24, 23, 23, 25, 26, 27, 26, 27, 26, 24, 26, 24, 24, 24, 24, 25, 25, 28, 26, 28, 30], 1: [240, 242, 246, 246, 247, 251, 251, 251, 254, 257, 259, 264, 264, 264, 266, 267, 268, 269, 269, 273, 274, 275, 275, 275, 275, 279, 283, 283, 283, 287, 288, 289, 289, 290, 290, 291, 297, 298, 303, 303, 305, 305, 305, 307, 307, 307, 308, 308, 308, 308, 309, 310, 310, 310, 311, 312, 313, 313, 313, 314, 314, 318, 321, 321, 321, 321, 321, 326, 330, 331, 332, 333, 335, 337, 341, 343, 345, 346, 349, 349, 352, 352, 352, 352, 353, 356, 356, 361, 364, 365, 368, 369, 370, 371, 372, 374, 375, 379, 379, 379]}
876 {0: [29, 29, 25, 25, 29, 26, 27, 28, 27, 27, 25, 25, 26, 27, 25, 25, 26, 26, 26, 26, 26, 25, 25, 25, 25, 26, 24, 25, 25, 23, 26, 26, 26, 27, 27, 29, 25, 26, 22, 23, 22, 22, 23, 22, 22, 23, 22, 22, 22, 22, 22, 22, 22, 22, 23, 22, 22, 22, 22, 23, 25, 23, 22, 23, 25, 25, 27, 24, 23, 24, 24, 25, 26, 26, 23, 22, 22, 22, 20, 24, 23, 23, 25, 26, 27, 26, 27, 26, 24, 26, 24, 24, 24, 24, 25, 25, 28, 26, 28, 30], 1: [240, 242, 246, 246, 247, 251, 251, 251, 254, 257, 259, 264, 264, 264, 266, 267, 268, 269, 269, 273, 274, 275, 275, 275, 275, 279, 283, 283, 283, 287, 288, 289, 289, 290, 290, 291, 297, 298, 303, 303, 305, 305, 305, 307, 307, 307, 308, 308, 308, 308, 309, 310, 310, 310, 311, 312, 313, 313, 313, 314, 314, 318, 321, 321, 321, 321, 321, 326, 330, 331, 332, 333, 335, 337, 341, 343, 345, 346, 349, 349, 352, 352, 352, 352, 353, 356, 356, 361, 364, 365, 368, 369, 370, 371, 372, 374, 375, 379, 379, 379]}
386 {0: [29, 26, 27, 26, 27, 27, 27, 26, 25, 24, 24, 26, 26, 25, 25, 25, 27, 26, 26, 26, 26, 27, 27, 29, 27, 27, 27, 27, 27, 29, 26, 26, 25, 27, 27, 29, 27, 26, 27, 26, 25, 24, 23, 24, 22, 22, 23, 22, 20, 20, 20, 20, 19, 21, 22, 23, 21, 24, 26, 24, 26, 25, 26, 26, 26, 26, 24, 24, 24, 24, 24, 25, 23, 27, 25, 25, 25, 25, 25, 26, 25, 25, 25, 24, 24, 24, 26, 27, 26, 23, 23, 23, 23, 23, 24, 25, 28, 25, 24, 25], 1: [239, 243, 244, 246, 248, 250, 252, 257, 258, 259, 259, 259, 261, 265, 269, 269, 270, 273, 275, 277, 278, 279, 281, 284, 289, 289, 289, 291, 293, 293, 300, 302, 305, 305, 307, 308, 313, 314, 314, 317, 320, 323, 324, 325, 327, 328, 329, 331, 334, 335, 335, 337, 340, 340, 340, 341, 343, 343, 344, 346, 347, 351, 352, 353, 357, 358, 360, 360, 360, 360, 360, 361, 364, 365, 371, 372, 373, 373, 373, 373, 375, 375, 377, 378, 378, 378, 378, 378, 379, 387, 389, 391, 392, 392, 392, 392, 392, 395, 397, 397]}
634 {0: [29, 29, 25, 25, 29, 26, 27, 28, 27, 27, 25, 25, 26, 27, 25, 25, 26, 26, 26, 26, 26, 25, 25, 25, 25, 26, 24, 25, 25, 23, 26, 26, 26, 27, 27, 29, 25, 26, 22, 23, 22, 22, 23, 22, 22, 23, 22, 22, 22, 22, 22, 22, 22, 22, 23, 22, 22, 22, 22, 23, 25, 23, 22, 23, 25, 25, 27, 24, 23, 24, 24, 25, 26, 26, 23, 22, 22, 22, 20, 24, 23, 23, 25, 26, 27, 26, 27, 26, 24, 26, 24, 24, 24, 24, 25, 25, 28, 26, 28, 30], 1: [240, 242, 246, 246, 247, 251, 251, 251, 254, 257, 259, 264, 264, 264, 266, 267, 268, 269, 269, 273, 274, 275, 275, 275, 275, 279, 283, 283, 283, 287, 288, 289, 289, 290, 290, 291, 297, 298, 303, 303, 305, 305, 305, 307, 307, 307, 308, 308, 308, 308, 309, 310, 310, 310, 311, 312, 313, 313, 313, 314, 314, 318, 321, 321, 321, 321, 321, 326, 330, 331, 332, 333, 335, 337, 341, 343, 345, 346, 349, 349, 352, 352, 352, 352, 353, 356, 356, 361, 364, 365, 368, 369, 370, 371, 372, 374, 375, 379, 379, 379]}
140 {0: [29, 29, 25, 25, 29, 26, 27, 28, 27, 27, 25, 25, 26, 27, 25, 25, 26, 26, 26, 26, 26, 25, 25, 25, 25, 26, 24, 25, 25, 23, 26, 26, 26, 27, 27, 29, 25, 26, 22, 23, 22, 22, 23, 22, 22, 23, 22, 22, 22, 22, 22, 22, 22, 22, 23, 22, 22, 22, 22, 23, 25, 23, 22, 23, 25, 25, 27, 24, 23, 24, 24, 25, 26, 26, 23, 22, 22, 22, 20, 24, 23, 23, 25, 26, 27, 26, 27, 26, 24, 26, 24, 24, 24, 24, 25, 25, 28, 26, 28, 30], 1: [240, 242, 246, 246, 247, 251, 251, 251, 254, 257, 259, 264, 264, 264, 266, 267, 268, 269, 269, 273, 274, 275, 275, 275, 275, 279, 283, 283, 283, 287, 288, 289, 289, 290, 290, 291, 297, 298, 303, 303, 305, 305, 305, 307, 307, 307, 308, 308, 308, 308, 309, 310, 310, 310, 311, 312, 313, 313, 313, 314, 314, 318, 321, 321, 321, 321, 321, 326, 330, 331, 332, 333, 335, 337, 341, 343, 345, 346, 349, 349, 352, 352, 352, 352, 353, 356, 356, 361, 364, 365, 368, 369, 370, 371, 372, 374, 375, 379, 379, 379]}
877 {0: [29, 29, 25, 25, 29, 26, 27, 28, 27, 27, 25, 25, 26, 27, 25, 25, 26, 26, 26, 26, 26, 25, 25, 25, 25, 26, 24, 25, 25, 23, 26, 26, 26, 27, 27, 29, 25, 26, 22, 23, 22, 22, 23, 22, 22, 23, 22, 22, 22, 22, 22, 22, 22, 22, 23, 22, 22, 22, 22, 24, 23, 24, 25, 22, 22, 22, 22, 23, 23, 26, 24, 24, 24, 24, 24, 24, 24, 23, 24, 24, 25, 25, 23, 23, 24, 25, 27, 25, 25, 25, 25, 26, 27, 31, 29, 28, 31, 30, 30, 28], 1: [240, 242, 246, 246, 247, 251, 251, 251, 254, 257, 259, 264, 264, 264, 266, 267, 268, 269, 269, 273, 274, 275, 275, 275, 275, 279, 283, 283, 283, 287, 288, 289, 289, 290, 290, 291, 297, 298, 303, 303, 305, 305, 305, 307, 307, 307, 308, 308, 308, 308, 309, 310, 310, 310, 311, 312, 313, 313, 313, 314, 319, 319, 321, 328, 328, 328, 328, 328, 329, 330, 334, 334, 335, 335, 335, 335, 338, 342, 343, 345, 347, 348, 350, 350, 350, 350, 351, 355, 356, 357, 357, 358, 358, 361, 365, 368, 368, 370, 373, 380]}
387 {0: [29, 29, 25, 25, 29, 26, 27, 28, 27, 27, 25, 25, 26, 27, 25, 25, 26, 26, 26, 26, 26, 25, 25, 25, 25, 26, 24, 25, 25, 23, 26, 26, 26, 27, 27, 29, 25, 26, 22, 23, 22, 22, 23, 22, 22, 23, 22, 22, 22, 22, 22, 22, 22, 22, 23, 22, 22, 22, 22, 23, 25, 23, 22, 23, 25, 25, 27, 24, 23, 24, 24, 25, 26, 26, 23, 22, 22, 22, 20, 24, 23, 23, 25, 26, 27, 26, 27, 26, 24, 26, 24, 24, 24, 24, 25, 25, 28, 26, 28, 30], 1: [240, 242, 246, 246, 247, 251, 251, 251, 254, 257, 259, 264, 264, 264, 266, 267, 268, 269, 269, 273, 274, 275, 275, 275, 275, 279, 283, 283, 283, 287, 288, 289, 289, 290, 290, 291, 297, 298, 303, 303, 305, 305, 305, 307, 307, 307, 308, 308, 308, 308, 309, 310, 310, 310, 311, 312, 313, 313, 313, 314, 314, 318, 321, 321, 321, 321, 321, 326, 330, 331, 332, 333, 335, 337, 341, 343, 345, 346, 349, 349, 352, 352, 352, 352, 353, 356, 356, 361, 364, 365, 368, 369, 370, 371, 372, 374, 375, 379, 379, 379]}
635 {0: [29, 29, 25, 25, 29, 26, 27, 28, 27, 27, 25, 25, 26, 27, 25, 25, 26, 26, 26, 26, 26, 25, 25, 25, 25, 26, 24, 25, 25, 23, 26, 26, 26, 27, 27, 29, 25, 26, 22, 23, 22, 22, 23, 22, 22, 23, 22, 22, 22, 22, 22, 22, 22, 22, 23, 22, 22, 22, 22, 23, 25, 23, 22, 23, 25, 25, 27, 24, 23, 24, 24, 25, 26, 26, 23, 22, 22, 22, 20, 24, 23, 23, 25, 26, 27, 26, 27, 26, 24, 26, 24, 24, 24, 24, 25, 25, 28, 26, 28, 30], 1: [240, 242, 246, 246, 247, 251, 251, 251, 254, 257, 259, 264, 264, 264, 266, 267, 268, 269, 269, 273, 274, 275, 275, 275, 275, 279, 283, 283, 283, 287, 288, 289, 289, 290, 290, 291, 297, 298, 303, 303, 305, 305, 305, 307, 307, 307, 308, 308, 308, 308, 309, 310, 310, 310, 311, 312, 313, 313, 313, 314, 314, 318, 321, 321, 321, 321, 321, 326, 330, 331, 332, 333, 335, 337, 341, 343, 345, 346, 349, 349, 352, 352, 352, 352, 353, 356, 356, 361, 364, 365, 368, 369, 370, 371, 372, 374, 375, 379, 379, 379]}
141 {0: [29, 29, 25, 25, 29, 26, 27, 28, 27, 27, 25, 25, 26, 27, 25, 25, 26, 26, 26, 26, 26, 25, 25, 25, 25, 26, 24, 25, 25, 23, 26, 26, 26, 27, 27, 29, 25, 26, 22, 23, 22, 22, 23, 22, 22, 23, 22, 22, 22, 22, 22, 22, 22, 22, 23, 22, 22, 22, 22, 23, 25, 23, 22, 23, 25, 25, 27, 24, 23, 24, 24, 25, 26, 26, 23, 22, 22, 22, 20, 24, 23, 23, 25, 26, 27, 26, 27, 26, 24, 26, 24, 24, 24, 24, 25, 25, 28, 26, 28, 30], 1: [240, 242, 246, 246, 247, 251, 251, 251, 254, 257, 259, 264, 264, 264, 266, 267, 268, 269, 269, 273, 274, 275, 275, 275, 275, 279, 283, 283, 283, 287, 288, 289, 289, 290, 290, 291, 297, 298, 303, 303, 305, 305, 305, 307, 307, 307, 308, 308, 308, 308, 309, 310, 310, 310, 311, 312, 313, 313, 313, 314, 314, 318, 321, 321, 321, 321, 321, 326, 330, 331, 332, 333, 335, 337, 341, 343, 345, 346, 349, 349, 352, 352, 352, 352, 353, 356, 356, 361, 364, 365, 368, 369, 370, 371, 372, 374, 375, 379, 379, 379]}
878 {0: [29, 29, 25, 25, 29, 26, 27, 28, 27, 27, 25, 25, 26, 27, 25, 25, 26, 26, 26, 26, 26, 25, 25, 25, 25, 26, 24, 25, 25, 23, 26, 26, 26, 27, 27, 29, 25, 26, 22, 23, 22, 22, 23, 22, 22, 23, 22, 22, 22, 22, 22, 22, 22, 22, 23, 22, 22, 22, 22, 24, 23, 24, 25, 22, 22, 22, 22, 23, 23, 26, 24, 24, 24, 24, 24, 24, 24, 23, 24, 24, 25, 25, 23, 23, 24, 25, 27, 25, 25, 25, 25, 26, 27, 31, 29, 28, 31, 30, 30, 28], 1: [240, 242, 246, 246, 247, 251, 251, 251, 254, 257, 259, 264, 264, 264, 266, 267, 268, 269, 269, 273, 274, 275, 275, 275, 275, 279, 283, 283, 283, 287, 288, 289, 289, 290, 290, 291, 297, 298, 303, 303, 305, 305, 305, 307, 307, 307, 308, 308, 308, 308, 309, 310, 310, 310, 311, 312, 313, 313, 313, 314, 319, 319, 321, 328, 328, 328, 328, 328, 329, 330, 334, 334, 335, 335, 335, 335, 338, 342, 343, 345, 347, 348, 350, 350, 350, 350, 351, 355, 356, 357, 357, 358, 358, 361, 365, 368, 368, 370, 373, 380]}
388 {0: [29, 29, 25, 25, 29, 26, 27, 28, 27, 27, 25, 25, 26, 27, 25, 25, 26, 26, 26, 26, 26, 25, 25, 25, 25, 26, 24, 25, 25, 23, 26, 26, 26, 27, 27, 29, 25, 26, 22, 23, 22, 22, 23, 22, 22, 23, 22, 22, 22, 22, 22, 22, 22, 22, 23, 22, 22, 22, 22, 23, 25, 23, 22, 23, 25, 25, 27, 24, 23, 24, 24, 25, 26, 26, 23, 22, 22, 22, 20, 24, 23, 23, 25, 26, 27, 26, 27, 26, 24, 26, 24, 24, 24, 24, 25, 25, 28, 26, 28, 30], 1: [240, 242, 246, 246, 247, 251, 251, 251, 254, 257, 259, 264, 264, 264, 266, 267, 268, 269, 269, 273, 274, 275, 275, 275, 275, 279, 283, 283, 283, 287, 288, 289, 289, 290, 290, 291, 297, 298, 303, 303, 305, 305, 305, 307, 307, 307, 308, 308, 308, 308, 309, 310, 310, 310, 311, 312, 313, 313, 313, 314, 314, 318, 321, 321, 321, 321, 321, 326, 330, 331, 332, 333, 335, 337, 341, 343, 345, 346, 349, 349, 352, 352, 352, 352, 353, 356, 356, 361, 364, 365, 368, 369, 370, 371, 372, 374, 375, 379, 379, 379]}
636 {0: [29, 29, 25, 25, 29, 26, 27, 28, 27, 27, 25, 25, 26, 27, 25, 25, 26, 26, 26, 26, 26, 25, 25, 25, 25, 26, 24, 25, 25, 23, 26, 26, 26, 27, 27, 29, 25, 26, 22, 23, 22, 22, 23, 22, 22, 23, 22, 22, 22, 22, 22, 22, 22, 22, 23, 22, 22, 22, 22, 23, 25, 23, 22, 23, 25, 25, 27, 24, 23, 24, 24, 25, 26, 26, 23, 22, 22, 22, 20, 24, 23, 23, 25, 26, 27, 26, 27, 26, 24, 26, 24, 24, 24, 24, 25, 25, 28, 26, 28, 30], 1: [240, 242, 246, 246, 247, 251, 251, 251, 254, 257, 259, 264, 264, 264, 266, 267, 268, 269, 269, 273, 274, 275, 275, 275, 275, 279, 283, 283, 283, 287, 288, 289, 289, 290, 290, 291, 297, 298, 303, 303, 305, 305, 305, 307, 307, 307, 308, 308, 308, 308, 309, 310, 310, 310, 311, 312, 313, 313, 313, 314, 314, 318, 321, 321, 321, 321, 321, 326, 330, 331, 332, 333, 335, 337, 341, 343, 345, 346, 349, 349, 352, 352, 352, 352, 353, 356, 356, 361, 364, 365, 368, 369, 370, 371, 372, 374, 375, 379, 379, 379]}
142 {0: [29, 29, 25, 25, 29, 26, 27, 28, 27, 27, 25, 25, 26, 27, 25, 25, 26, 26, 26, 26, 26, 25, 25, 25, 25, 26, 24, 25, 25, 23, 26, 26, 26, 27, 27, 29, 25, 26, 22, 23, 22, 22, 23, 22, 22, 23, 22, 22, 22, 22, 22, 22, 22, 22, 23, 22, 22, 22, 22, 23, 25, 23, 22, 23, 25, 25, 27, 24, 23, 24, 24, 25, 26, 26, 23, 22, 22, 22, 20, 24, 23, 23, 25, 26, 27, 26, 27, 26, 24, 26, 24, 24, 24, 24, 25, 25, 28, 26, 28, 30], 1: [240, 242, 246, 246, 247, 251, 251, 251, 254, 257, 259, 264, 264, 264, 266, 267, 268, 269, 269, 273, 274, 275, 275, 275, 275, 279, 283, 283, 283, 287, 288, 289, 289, 290, 290, 291, 297, 298, 303, 303, 305, 305, 305, 307, 307, 307, 308, 308, 308, 308, 309, 310, 310, 310, 311, 312, 313, 313, 313, 314, 314, 318, 321, 321, 321, 321, 321, 326, 330, 331, 332, 333, 335, 337, 341, 343, 345, 346, 349, 349, 352, 352, 352, 352, 353, 356, 356, 361, 364, 365, 368, 369, 370, 371, 372, 374, 375, 379, 379, 379]}
879 {0: [29, 29, 25, 25, 29, 26, 27, 28, 27, 27, 25, 25, 26, 27, 25, 25, 26, 26, 26, 26, 26, 25, 25, 25, 25, 26, 24, 25, 25, 23, 26, 26, 26, 27, 27, 29, 25, 26, 22, 23, 22, 22, 23, 22, 22, 23, 22, 22, 22, 22, 22, 22, 22, 22, 23, 22, 22, 22, 22, 24, 23, 24, 25, 22, 22, 22, 22, 23, 23, 26, 24, 24, 24, 24, 24, 24, 24, 23, 24, 24, 25, 25, 23, 23, 24, 25, 27, 25, 25, 25, 25, 26, 27, 31, 29, 28, 31, 30, 30, 28], 1: [240, 242, 246, 246, 247, 251, 251, 251, 254, 257, 259, 264, 264, 264, 266, 267, 268, 269, 269, 273, 274, 275, 275, 275, 275, 279, 283, 283, 283, 287, 288, 289, 289, 290, 290, 291, 297, 298, 303, 303, 305, 305, 305, 307, 307, 307, 308, 308, 308, 308, 309, 310, 310, 310, 311, 312, 313, 313, 313, 314, 319, 319, 321, 328, 328, 328, 328, 328, 329, 330, 334, 334, 335, 335, 335, 335, 338, 342, 343, 345, 347, 348, 350, 350, 350, 350, 351, 355, 356, 357, 357, 358, 358, 361, 365, 368, 368, 370, 373, 380]}
389 {0: [29, 29, 25, 25, 29, 26, 27, 28, 27, 27, 25, 25, 26, 27, 25, 25, 26, 26, 26, 26, 26, 25, 25, 25, 25, 26, 24, 25, 25, 23, 26, 26, 26, 27, 27, 29, 25, 26, 22, 23, 22, 22, 23, 22, 22, 23, 22, 22, 22, 22, 22, 22, 22, 22, 23, 22, 22, 22, 22, 23, 25, 23, 22, 23, 25, 25, 27, 24, 23, 24, 24, 25, 26, 26, 23, 22, 22, 22, 20, 24, 23, 23, 25, 26, 27, 26, 27, 26, 24, 26, 24, 24, 24, 24, 25, 25, 28, 26, 28, 30], 1: [240, 242, 246, 246, 247, 251, 251, 251, 254, 257, 259, 264, 264, 264, 266, 267, 268, 269, 269, 273, 274, 275, 275, 275, 275, 279, 283, 283, 283, 287, 288, 289, 289, 290, 290, 291, 297, 298, 303, 303, 305, 305, 305, 307, 307, 307, 308, 308, 308, 308, 309, 310, 310, 310, 311, 312, 313, 313, 313, 314, 314, 318, 321, 321, 321, 321, 321, 326, 330, 331, 332, 333, 335, 337, 341, 343, 345, 346, 349, 349, 352, 352, 352, 352, 353, 356, 356, 361, 364, 365, 368, 369, 370, 371, 372, 374, 375, 379, 379, 379]}
637 {0: [29, 29, 25, 25, 29, 26, 27, 28, 27, 27, 25, 25, 26, 27, 25, 25, 26, 26, 26, 26, 26, 25, 25, 25, 25, 26, 24, 25, 25, 23, 26, 26, 26, 27, 27, 29, 25, 26, 22, 23, 22, 22, 23, 22, 22, 23, 22, 22, 22, 22, 22, 22, 22, 22, 23, 22, 22, 22, 22, 23, 25, 23, 22, 23, 25, 25, 27, 24, 23, 24, 24, 25, 26, 26, 23, 22, 22, 22, 20, 24, 23, 23, 25, 26, 27, 26, 27, 26, 24, 26, 24, 24, 24, 24, 25, 25, 28, 26, 28, 30], 1: [240, 242, 246, 246, 247, 251, 251, 251, 254, 257, 259, 264, 264, 264, 266, 267, 268, 269, 269, 273, 274, 275, 275, 275, 275, 279, 283, 283, 283, 287, 288, 289, 289, 290, 290, 291, 297, 298, 303, 303, 305, 305, 305, 307, 307, 307, 308, 308, 308, 308, 309, 310, 310, 310, 311, 312, 313, 313, 313, 314, 314, 318, 321, 321, 321, 321, 321, 326, 330, 331, 332, 333, 335, 337, 341, 343, 345, 346, 349, 349, 352, 352, 352, 352, 353, 356, 356, 361, 364, 365, 368, 369, 370, 371, 372, 374, 375, 379, 379, 379]}
143 {0: [29, 27, 27, 26, 27, 26, 28, 25, 25, 26, 24, 25, 24, 23, 24, 25, 25, 25, 25, 25, 21, 21, 20, 20, 21, 21, 19, 19, 20, 21, 22, 24, 23, 22, 22, 22, 24, 24, 23, 23, 25, 24, 24, 24, 24, 24, 24, 25, 23, 23, 23, 25, 26, 23, 24, 24, 24, 25, 25, 23, 23, 23, 24, 25, 24, 24, 25, 28, 31, 26, 27, 25, 25, 23, 23, 23, 24, 24, 26, 26, 27, 28, 27, 28, 29, 30, 29, 27, 26, 27, 28, 26, 26, 27, 28, 28, 27, 29, 28, 29], 1: [240, 245, 245, 246, 246, 248, 248, 253, 253, 255, 258, 259, 263, 265, 265, 265, 267, 268, 270, 271, 277, 277, 278, 278, 278, 280, 282, 283, 283, 284, 286, 287, 289, 291, 291, 291, 292, 293, 294, 295, 295, 298, 299, 300, 302, 303, 305, 306, 308, 308, 308, 309, 312, 315, 315, 318, 318, 318, 320, 322, 325, 326, 329, 330, 331, 331, 332, 332, 334, 342, 343, 349, 351, 354, 354, 354, 354, 354, 354, 355, 355, 357, 360, 360, 361, 361, 367, 371, 374, 376, 376, 378, 378, 378, 378, 381, 382, 383, 386, 387]}
880 {0: [29, 29, 25, 25, 29, 26, 27, 28, 27, 27, 25, 25, 26, 27, 25, 25, 26, 26, 26, 26, 26, 25, 25, 25, 25, 26, 24, 25, 25, 23, 26, 26, 26, 27, 27, 29, 25, 26, 22, 23, 22, 22, 23, 22, 22, 23, 22, 22, 22, 22, 22, 22, 22, 22, 23, 22, 22, 22, 22, 23, 25, 23, 22, 23, 25, 25, 27, 24, 23, 24, 24, 25, 26, 26, 23, 22, 22, 22, 20, 24, 23, 23, 25, 26, 27, 26, 27, 26, 24, 26, 24, 24, 24, 24, 25, 25, 28, 26, 28, 30], 1: [240, 242, 246, 246, 247, 251, 251, 251, 254, 257, 259, 264, 264, 264, 266, 267, 268, 269, 269, 273, 274, 275, 275, 275, 275, 279, 283, 283, 283, 287, 288, 289, 289, 290, 290, 291, 297, 298, 303, 303, 305, 305, 305, 307, 307, 307, 308, 308, 308, 308, 309, 310, 310, 310, 311, 312, 313, 313, 313, 314, 314, 318, 321, 321, 321, 321, 321, 326, 330, 331, 332, 333, 335, 337, 341, 343, 345, 346, 349, 349, 352, 352, 352, 352, 353, 356, 356, 361, 364, 365, 368, 369, 370, 371, 372, 374, 375, 379, 379, 379]}
390 {0: [29, 29, 25, 25, 29, 26, 27, 28, 27, 27, 25, 25, 26, 27, 25, 25, 26, 26, 26, 26, 26, 25, 25, 25, 25, 26, 24, 25, 25, 23, 26, 26, 26, 27, 27, 29, 25, 26, 22, 23, 22, 22, 23, 22, 22, 23, 22, 22, 22, 22, 22, 22, 22, 22, 23, 22, 22, 22, 22, 23, 25, 23, 22, 23, 25, 25, 27, 24, 23, 24, 24, 25, 26, 26, 23, 22, 22, 22, 20, 24, 23, 23, 25, 26, 27, 26, 27, 26, 24, 26, 24, 24, 24, 24, 25, 25, 28, 26, 28, 30], 1: [240, 242, 246, 246, 247, 251, 251, 251, 254, 257, 259, 264, 264, 264, 266, 267, 268, 269, 269, 273, 274, 275, 275, 275, 275, 279, 283, 283, 283, 287, 288, 289, 289, 290, 290, 291, 297, 298, 303, 303, 305, 305, 305, 307, 307, 307, 308, 308, 308, 308, 309, 310, 310, 310, 311, 312, 313, 313, 313, 314, 314, 318, 321, 321, 321, 321, 321, 326, 330, 331, 332, 333, 335, 337, 341, 343, 345, 346, 349, 349, 352, 352, 352, 352, 353, 356, 356, 361, 364, 365, 368, 369, 370, 371, 372, 374, 375, 379, 379, 379]}
638 {0: [29, 29, 25, 25, 29, 26, 27, 28, 27, 27, 25, 25, 26, 27, 25, 25, 26, 26, 26, 26, 26, 25, 25, 25, 25, 26, 24, 25, 25, 23, 26, 26, 26, 27, 27, 29, 25, 26, 22, 23, 22, 22, 23, 22, 22, 23, 22, 22, 22, 22, 22, 22, 22, 22, 23, 22, 22, 22, 22, 23, 25, 23, 22, 23, 25, 25, 27, 24, 23, 24, 24, 25, 26, 26, 23, 22, 22, 22, 20, 24, 23, 23, 25, 26, 27, 26, 27, 26, 24, 26, 24, 24, 24, 24, 25, 25, 28, 26, 28, 30], 1: [240, 242, 246, 246, 247, 251, 251, 251, 254, 257, 259, 264, 264, 264, 266, 267, 268, 269, 269, 273, 274, 275, 275, 275, 275, 279, 283, 283, 283, 287, 288, 289, 289, 290, 290, 291, 297, 298, 303, 303, 305, 305, 305, 307, 307, 307, 308, 308, 308, 308, 309, 310, 310, 310, 311, 312, 313, 313, 313, 314, 314, 318, 321, 321, 321, 321, 321, 326, 330, 331, 332, 333, 335, 337, 341, 343, 345, 346, 349, 349, 352, 352, 352, 352, 353, 356, 356, 361, 364, 365, 368, 369, 370, 371, 372, 374, 375, 379, 379, 379]}
144 {0: [29, 29, 25, 25, 29, 26, 27, 28, 27, 27, 25, 25, 26, 27, 25, 25, 26, 26, 26, 26, 26, 25, 25, 25, 25, 26, 24, 25, 25, 23, 26, 26, 26, 27, 27, 29, 25, 26, 22, 23, 22, 22, 23, 22, 22, 23, 22, 22, 22, 22, 22, 22, 22, 22, 23, 22, 22, 22, 22, 23, 25, 23, 22, 23, 25, 25, 27, 24, 23, 24, 24, 25, 26, 26, 23, 22, 22, 22, 20, 24, 23, 23, 25, 26, 27, 26, 27, 26, 24, 26, 24, 24, 24, 24, 25, 25, 28, 26, 28, 30], 1: [240, 242, 246, 246, 247, 251, 251, 251, 254, 257, 259, 264, 264, 264, 266, 267, 268, 269, 269, 273, 274, 275, 275, 275, 275, 279, 283, 283, 283, 287, 288, 289, 289, 290, 290, 291, 297, 298, 303, 303, 305, 305, 305, 307, 307, 307, 308, 308, 308, 308, 309, 310, 310, 310, 311, 312, 313, 313, 313, 314, 314, 318, 321, 321, 321, 321, 321, 326, 330, 331, 332, 333, 335, 337, 341, 343, 345, 346, 349, 349, 352, 352, 352, 352, 353, 356, 356, 361, 364, 365, 368, 369, 370, 371, 372, 374, 375, 379, 379, 379]}
881 {0: [29, 29, 25, 25, 29, 26, 27, 28, 27, 27, 25, 25, 26, 27, 25, 25, 26, 26, 26, 26, 26, 25, 25, 25, 25, 26, 24, 25, 25, 23, 26, 26, 26, 27, 27, 29, 25, 26, 22, 23, 22, 22, 23, 22, 22, 23, 22, 22, 22, 22, 22, 22, 22, 22, 23, 22, 22, 22, 22, 23, 25, 23, 22, 23, 25, 25, 27, 24, 23, 24, 24, 25, 26, 26, 23, 22, 22, 22, 20, 24, 23, 23, 25, 26, 27, 26, 27, 26, 24, 26, 24, 24, 24, 24, 25, 25, 28, 26, 28, 30], 1: [240, 242, 246, 246, 247, 251, 251, 251, 254, 257, 259, 264, 264, 264, 266, 267, 268, 269, 269, 273, 274, 275, 275, 275, 275, 279, 283, 283, 283, 287, 288, 289, 289, 290, 290, 291, 297, 298, 303, 303, 305, 305, 305, 307, 307, 307, 308, 308, 308, 308, 309, 310, 310, 310, 311, 312, 313, 313, 313, 314, 314, 318, 321, 321, 321, 321, 321, 326, 330, 331, 332, 333, 335, 337, 341, 343, 345, 346, 349, 349, 352, 352, 352, 352, 353, 356, 356, 361, 364, 365, 368, 369, 370, 371, 372, 374, 375, 379, 379, 379]}
391 {0: [29, 29, 25, 25, 29, 26, 27, 28, 27, 27, 25, 25, 26, 27, 25, 25, 26, 26, 26, 26, 26, 25, 25, 25, 25, 26, 24, 25, 25, 23, 26, 26, 26, 27, 27, 29, 25, 26, 22, 23, 22, 22, 23, 22, 22, 23, 22, 22, 22, 22, 22, 22, 22, 22, 23, 22, 22, 22, 22, 23, 25, 23, 22, 23, 25, 25, 27, 24, 23, 24, 24, 25, 26, 26, 23, 22, 22, 22, 20, 24, 23, 23, 25, 26, 27, 26, 27, 26, 24, 26, 24, 24, 24, 24, 25, 25, 28, 26, 28, 30], 1: [240, 242, 246, 246, 247, 251, 251, 251, 254, 257, 259, 264, 264, 264, 266, 267, 268, 269, 269, 273, 274, 275, 275, 275, 275, 279, 283, 283, 283, 287, 288, 289, 289, 290, 290, 291, 297, 298, 303, 303, 305, 305, 305, 307, 307, 307, 308, 308, 308, 308, 309, 310, 310, 310, 311, 312, 313, 313, 313, 314, 314, 318, 321, 321, 321, 321, 321, 326, 330, 331, 332, 333, 335, 337, 341, 343, 345, 346, 349, 349, 352, 352, 352, 352, 353, 356, 356, 361, 364, 365, 368, 369, 370, 371, 372, 374, 375, 379, 379, 379]}
639 {0: [29, 29, 25, 25, 29, 26, 27, 28, 27, 27, 25, 25, 26, 27, 25, 25, 26, 26, 26, 26, 26, 25, 25, 25, 25, 26, 24, 25, 25, 23, 26, 26, 26, 27, 27, 29, 25, 26, 22, 23, 22, 22, 23, 22, 22, 23, 22, 22, 22, 22, 22, 22, 22, 22, 23, 22, 22, 22, 22, 23, 25, 23, 22, 23, 25, 25, 27, 24, 23, 24, 24, 25, 26, 26, 23, 22, 22, 22, 20, 24, 23, 23, 25, 26, 27, 26, 27, 26, 24, 26, 24, 24, 24, 24, 25, 25, 28, 26, 28, 30], 1: [240, 242, 246, 246, 247, 251, 251, 251, 254, 257, 259, 264, 264, 264, 266, 267, 268, 269, 269, 273, 274, 275, 275, 275, 275, 279, 283, 283, 283, 287, 288, 289, 289, 290, 290, 291, 297, 298, 303, 303, 305, 305, 305, 307, 307, 307, 308, 308, 308, 308, 309, 310, 310, 310, 311, 312, 313, 313, 313, 314, 314, 318, 321, 321, 321, 321, 321, 326, 330, 331, 332, 333, 335, 337, 341, 343, 345, 346, 349, 349, 352, 352, 352, 352, 353, 356, 356, 361, 364, 365, 368, 369, 370, 371, 372, 374, 375, 379, 379, 379]}
145 {0: [29, 29, 25, 25, 29, 26, 27, 28, 27, 27, 25, 25, 26, 27, 25, 25, 26, 26, 26, 26, 26, 25, 25, 25, 25, 26, 24, 25, 25, 23, 26, 26, 26, 27, 27, 29, 25, 26, 22, 23, 22, 22, 23, 22, 22, 23, 22, 22, 22, 22, 22, 22, 22, 22, 23, 22, 22, 22, 22, 23, 25, 23, 22, 23, 25, 25, 27, 24, 23, 24, 24, 25, 26, 26, 23, 22, 22, 22, 20, 24, 23, 23, 25, 26, 27, 26, 27, 26, 24, 26, 24, 24, 24, 24, 25, 25, 28, 26, 28, 30], 1: [240, 242, 246, 246, 247, 251, 251, 251, 254, 257, 259, 264, 264, 264, 266, 267, 268, 269, 269, 273, 274, 275, 275, 275, 275, 279, 283, 283, 283, 287, 288, 289, 289, 290, 290, 291, 297, 298, 303, 303, 305, 305, 305, 307, 307, 307, 308, 308, 308, 308, 309, 310, 310, 310, 311, 312, 313, 313, 313, 314, 314, 318, 321, 321, 321, 321, 321, 326, 330, 331, 332, 333, 335, 337, 341, 343, 345, 346, 349, 349, 352, 352, 352, 352, 353, 356, 356, 361, 364, 365, 368, 369, 370, 371, 372, 374, 375, 379, 379, 379]}
882 {0: [29, 29, 25, 25, 29, 26, 27, 28, 27, 27, 25, 25, 26, 27, 25, 25, 26, 26, 26, 26, 26, 25, 25, 25, 25, 26, 24, 25, 25, 23, 26, 26, 26, 27, 27, 29, 25, 26, 22, 23, 22, 22, 23, 22, 22, 23, 22, 22, 22, 22, 22, 22, 22, 22, 23, 22, 22, 22, 22, 23, 25, 23, 22, 23, 25, 25, 27, 24, 23, 24, 24, 25, 26, 26, 23, 22, 22, 22, 20, 24, 23, 23, 25, 26, 27, 26, 27, 26, 24, 26, 24, 24, 24, 24, 25, 25, 28, 26, 28, 30], 1: [240, 242, 246, 246, 247, 251, 251, 251, 254, 257, 259, 264, 264, 264, 266, 267, 268, 269, 269, 273, 274, 275, 275, 275, 275, 279, 283, 283, 283, 287, 288, 289, 289, 290, 290, 291, 297, 298, 303, 303, 305, 305, 305, 307, 307, 307, 308, 308, 308, 308, 309, 310, 310, 310, 311, 312, 313, 313, 313, 314, 314, 318, 321, 321, 321, 321, 321, 326, 330, 331, 332, 333, 335, 337, 341, 343, 345, 346, 349, 349, 352, 352, 352, 352, 353, 356, 356, 361, 364, 365, 368, 369, 370, 371, 372, 374, 375, 379, 379, 379]}
392 {0: [29, 29, 25, 25, 29, 26, 27, 28, 27, 27, 25, 25, 26, 27, 25, 25, 26, 26, 26, 26, 26, 25, 25, 25, 25, 26, 24, 25, 25, 23, 26, 26, 26, 27, 27, 29, 25, 26, 22, 23, 22, 22, 23, 22, 22, 23, 22, 22, 22, 22, 22, 22, 22, 22, 23, 22, 22, 22, 22, 23, 25, 23, 22, 23, 25, 25, 27, 24, 23, 24, 24, 25, 26, 26, 23, 22, 22, 22, 20, 24, 23, 23, 25, 26, 27, 26, 27, 26, 24, 26, 24, 24, 24, 24, 25, 25, 28, 26, 28, 30], 1: [240, 242, 246, 246, 247, 251, 251, 251, 254, 257, 259, 264, 264, 264, 266, 267, 268, 269, 269, 273, 274, 275, 275, 275, 275, 279, 283, 283, 283, 287, 288, 289, 289, 290, 290, 291, 297, 298, 303, 303, 305, 305, 305, 307, 307, 307, 308, 308, 308, 308, 309, 310, 310, 310, 311, 312, 313, 313, 313, 314, 314, 318, 321, 321, 321, 321, 321, 326, 330, 331, 332, 333, 335, 337, 341, 343, 345, 346, 349, 349, 352, 352, 352, 352, 353, 356, 356, 361, 364, 365, 368, 369, 370, 371, 372, 374, 375, 379, 379, 379]}
640 {0: [29, 29, 25, 25, 29, 26, 27, 28, 27, 27, 25, 25, 26, 27, 25, 25, 26, 26, 26, 26, 26, 25, 25, 25, 25, 26, 24, 25, 25, 23, 26, 26, 26, 27, 27, 29, 25, 26, 22, 23, 22, 22, 23, 22, 22, 23, 22, 22, 22, 22, 22, 22, 22, 22, 23, 22, 22, 22, 22, 23, 25, 23, 22, 23, 25, 25, 27, 24, 23, 24, 24, 25, 26, 26, 23, 22, 22, 22, 20, 24, 23, 23, 25, 26, 27, 26, 27, 26, 24, 26, 24, 24, 24, 24, 25, 25, 28, 26, 28, 30], 1: [240, 242, 246, 246, 247, 251, 251, 251, 254, 257, 259, 264, 264, 264, 266, 267, 268, 269, 269, 273, 274, 275, 275, 275, 275, 279, 283, 283, 283, 287, 288, 289, 289, 290, 290, 291, 297, 298, 303, 303, 305, 305, 305, 307, 307, 307, 308, 308, 308, 308, 309, 310, 310, 310, 311, 312, 313, 313, 313, 314, 314, 318, 321, 321, 321, 321, 321, 326, 330, 331, 332, 333, 335, 337, 341, 343, 345, 346, 349, 349, 352, 352, 352, 352, 353, 356, 356, 361, 364, 365, 368, 369, 370, 371, 372, 374, 375, 379, 379, 379]}
146 {0: [29, 29, 25, 25, 29, 26, 27, 28, 27, 27, 25, 25, 26, 27, 25, 25, 26, 26, 26, 26, 26, 25, 25, 25, 25, 26, 24, 25, 25, 23, 26, 26, 26, 27, 27, 29, 25, 26, 22, 23, 22, 22, 23, 22, 22, 23, 22, 22, 22, 22, 22, 22, 22, 22, 23, 22, 22, 22, 22, 23, 25, 23, 22, 23, 25, 25, 27, 24, 23, 24, 24, 25, 26, 26, 23, 22, 22, 22, 20, 24, 23, 23, 25, 26, 27, 26, 27, 26, 24, 26, 24, 24, 24, 24, 25, 25, 28, 26, 28, 30], 1: [240, 242, 246, 246, 247, 251, 251, 251, 254, 257, 259, 264, 264, 264, 266, 267, 268, 269, 269, 273, 274, 275, 275, 275, 275, 279, 283, 283, 283, 287, 288, 289, 289, 290, 290, 291, 297, 298, 303, 303, 305, 305, 305, 307, 307, 307, 308, 308, 308, 308, 309, 310, 310, 310, 311, 312, 313, 313, 313, 314, 314, 318, 321, 321, 321, 321, 321, 326, 330, 331, 332, 333, 335, 337, 341, 343, 345, 346, 349, 349, 352, 352, 352, 352, 353, 356, 356, 361, 364, 365, 368, 369, 370, 371, 372, 374, 375, 379, 379, 379]}
883 {0: [29, 29, 25, 25, 29, 26, 27, 28, 27, 27, 25, 25, 26, 27, 25, 25, 26, 26, 26, 26, 26, 25, 25, 25, 25, 26, 24, 25, 25, 23, 26, 26, 26, 27, 27, 29, 25, 26, 22, 23, 22, 22, 23, 22, 22, 23, 22, 22, 22, 22, 22, 22, 22, 22, 23, 22, 22, 22, 22, 23, 25, 23, 22, 23, 25, 25, 27, 24, 23, 24, 24, 25, 26, 26, 23, 22, 22, 22, 20, 24, 23, 23, 25, 26, 27, 26, 27, 26, 24, 26, 24, 24, 24, 24, 25, 25, 28, 26, 28, 30], 1: [240, 242, 246, 246, 247, 251, 251, 251, 254, 257, 259, 264, 264, 264, 266, 267, 268, 269, 269, 273, 274, 275, 275, 275, 275, 279, 283, 283, 283, 287, 288, 289, 289, 290, 290, 291, 297, 298, 303, 303, 305, 305, 305, 307, 307, 307, 308, 308, 308, 308, 309, 310, 310, 310, 311, 312, 313, 313, 313, 314, 314, 318, 321, 321, 321, 321, 321, 326, 330, 331, 332, 333, 335, 337, 341, 343, 345, 346, 349, 349, 352, 352, 352, 352, 353, 356, 356, 361, 364, 365, 368, 369, 370, 371, 372, 374, 375, 379, 379, 379]}
393 {0: [29, 29, 25, 25, 29, 26, 27, 28, 27, 27, 25, 25, 26, 27, 25, 25, 26, 26, 26, 26, 26, 25, 25, 25, 25, 26, 24, 25, 25, 23, 26, 26, 26, 27, 27, 29, 25, 26, 22, 23, 22, 22, 23, 22, 22, 23, 22, 22, 22, 22, 22, 22, 22, 22, 23, 22, 22, 22, 22, 23, 25, 23, 22, 23, 25, 25, 27, 24, 23, 24, 24, 25, 26, 26, 23, 22, 22, 22, 20, 24, 23, 23, 25, 26, 27, 26, 27, 26, 24, 26, 24, 24, 24, 24, 25, 25, 28, 26, 28, 30], 1: [240, 242, 246, 246, 247, 251, 251, 251, 254, 257, 259, 264, 264, 264, 266, 267, 268, 269, 269, 273, 274, 275, 275, 275, 275, 279, 283, 283, 283, 287, 288, 289, 289, 290, 290, 291, 297, 298, 303, 303, 305, 305, 305, 307, 307, 307, 308, 308, 308, 308, 309, 310, 310, 310, 311, 312, 313, 313, 313, 314, 314, 318, 321, 321, 321, 321, 321, 326, 330, 331, 332, 333, 335, 337, 341, 343, 345, 346, 349, 349, 352, 352, 352, 352, 353, 356, 356, 361, 364, 365, 368, 369, 370, 371, 372, 374, 375, 379, 379, 379]}
641 {0: [29, 29, 25, 25, 29, 26, 27, 28, 27, 27, 25, 25, 26, 27, 25, 25, 26, 26, 26, 26, 26, 25, 25, 25, 25, 26, 24, 25, 25, 23, 26, 26, 26, 27, 27, 29, 25, 26, 22, 23, 22, 22, 23, 22, 22, 23, 22, 22, 22, 22, 22, 22, 22, 22, 23, 22, 22, 22, 22, 23, 25, 23, 22, 23, 25, 25, 27, 24, 23, 24, 24, 25, 26, 26, 23, 22, 22, 22, 20, 24, 23, 23, 25, 26, 27, 26, 27, 26, 24, 26, 24, 24, 24, 24, 25, 25, 28, 26, 28, 30], 1: [240, 242, 246, 246, 247, 251, 251, 251, 254, 257, 259, 264, 264, 264, 266, 267, 268, 269, 269, 273, 274, 275, 275, 275, 275, 279, 283, 283, 283, 287, 288, 289, 289, 290, 290, 291, 297, 298, 303, 303, 305, 305, 305, 307, 307, 307, 308, 308, 308, 308, 309, 310, 310, 310, 311, 312, 313, 313, 313, 314, 314, 318, 321, 321, 321, 321, 321, 326, 330, 331, 332, 333, 335, 337, 341, 343, 345, 346, 349, 349, 352, 352, 352, 352, 353, 356, 356, 361, 364, 365, 368, 369, 370, 371, 372, 374, 375, 379, 379, 379]}
147 {0: [26, 28, 26, 25, 24, 26, 26, 24, 26, 23, 23, 24, 24, 25, 28, 26, 27, 26, 26, 24, 23, 23, 23, 23, 23, 24, 26, 26, 25, 25, 25, 25, 27, 27, 27, 29, 28, 25, 25, 26, 26, 27, 28, 28, 27, 27, 28, 29, 27, 26, 25, 23, 23, 26, 27, 26, 28, 30, 28, 29, 29, 30, 29, 29, 29, 29, 28, 28, 32, 30, 31, 32, 30, 29, 30, 28, 28, 29, 30, 30, 31, 29, 29, 29, 28, 30, 30, 28, 30, 31, 31, 30, 29, 29, 29, 29, 31, 32, 30, 31], 1: [240, 240, 243, 244, 245, 247, 248, 250, 250, 254, 254, 254, 256, 256, 258, 262, 262, 265, 266, 271, 273, 273, 273, 274, 276, 277, 277, 279, 281, 281, 281, 284, 284, 284, 286, 287, 291, 295, 295, 296, 297, 299, 301, 302, 306, 306, 306, 306, 310, 311, 314, 317, 318, 319, 323, 326, 327, 329, 332, 332, 335, 339, 345, 348, 351, 354, 356, 359, 360, 363, 366, 366, 372, 373, 373, 376, 377, 377, 380, 383, 388, 393, 394, 396, 398, 399, 401, 403, 403, 405, 406, 410, 412, 414, 417, 419, 420, 421, 424, 425]}
884 {0: [29, 29, 25, 25, 29, 26, 27, 28, 27, 27, 25, 25, 26, 27, 25, 25, 26, 26, 26, 26, 26, 25, 25, 25, 25, 26, 24, 25, 25, 23, 26, 26, 26, 27, 27, 29, 25, 26, 22, 23, 22, 22, 23, 22, 22, 23, 22, 22, 22, 22, 22, 22, 22, 22, 23, 22, 22, 22, 22, 23, 25, 23, 22, 23, 25, 25, 27, 24, 23, 24, 24, 25, 26, 26, 23, 22, 22, 22, 20, 24, 23, 23, 25, 26, 27, 26, 27, 26, 24, 26, 24, 24, 24, 24, 25, 25, 28, 26, 28, 30], 1: [240, 242, 246, 246, 247, 251, 251, 251, 254, 257, 259, 264, 264, 264, 266, 267, 268, 269, 269, 273, 274, 275, 275, 275, 275, 279, 283, 283, 283, 287, 288, 289, 289, 290, 290, 291, 297, 298, 303, 303, 305, 305, 305, 307, 307, 307, 308, 308, 308, 308, 309, 310, 310, 310, 311, 312, 313, 313, 313, 314, 314, 318, 321, 321, 321, 321, 321, 326, 330, 331, 332, 333, 335, 337, 341, 343, 345, 346, 349, 349, 352, 352, 352, 352, 353, 356, 356, 361, 364, 365, 368, 369, 370, 371, 372, 374, 375, 379, 379, 379]}
394 {0: [29, 29, 25, 25, 29, 26, 27, 28, 27, 27, 25, 25, 26, 27, 25, 25, 26, 26, 26, 26, 26, 25, 25, 25, 25, 26, 24, 25, 25, 23, 26, 26, 26, 27, 27, 29, 25, 26, 22, 23, 22, 22, 23, 22, 22, 23, 22, 22, 22, 22, 22, 22, 22, 22, 23, 22, 22, 22, 22, 23, 25, 23, 22, 23, 25, 25, 27, 24, 23, 24, 24, 25, 26, 26, 23, 22, 22, 22, 20, 24, 23, 23, 25, 26, 27, 26, 27, 26, 24, 26, 24, 24, 24, 24, 25, 25, 28, 26, 28, 30], 1: [240, 242, 246, 246, 247, 251, 251, 251, 254, 257, 259, 264, 264, 264, 266, 267, 268, 269, 269, 273, 274, 275, 275, 275, 275, 279, 283, 283, 283, 287, 288, 289, 289, 290, 290, 291, 297, 298, 303, 303, 305, 305, 305, 307, 307, 307, 308, 308, 308, 308, 309, 310, 310, 310, 311, 312, 313, 313, 313, 314, 314, 318, 321, 321, 321, 321, 321, 326, 330, 331, 332, 333, 335, 337, 341, 343, 345, 346, 349, 349, 352, 352, 352, 352, 353, 356, 356, 361, 364, 365, 368, 369, 370, 371, 372, 374, 375, 379, 379, 379]}
642 {0: [29, 29, 25, 25, 29, 26, 27, 28, 27, 27, 25, 25, 26, 27, 25, 25, 26, 26, 26, 26, 26, 25, 25, 25, 25, 26, 24, 25, 25, 23, 26, 26, 26, 27, 27, 29, 25, 26, 22, 23, 22, 22, 23, 22, 22, 23, 22, 22, 22, 22, 22, 22, 22, 22, 23, 22, 22, 22, 22, 23, 25, 23, 22, 23, 25, 25, 27, 24, 23, 24, 24, 25, 26, 26, 23, 22, 22, 22, 20, 24, 23, 23, 25, 26, 27, 26, 27, 26, 24, 26, 24, 24, 24, 24, 25, 25, 28, 26, 28, 30], 1: [240, 242, 246, 246, 247, 251, 251, 251, 254, 257, 259, 264, 264, 264, 266, 267, 268, 269, 269, 273, 274, 275, 275, 275, 275, 279, 283, 283, 283, 287, 288, 289, 289, 290, 290, 291, 297, 298, 303, 303, 305, 305, 305, 307, 307, 307, 308, 308, 308, 308, 309, 310, 310, 310, 311, 312, 313, 313, 313, 314, 314, 318, 321, 321, 321, 321, 321, 326, 330, 331, 332, 333, 335, 337, 341, 343, 345, 346, 349, 349, 352, 352, 352, 352, 353, 356, 356, 361, 364, 365, 368, 369, 370, 371, 372, 374, 375, 379, 379, 379]}
148 {0: [29, 29, 25, 25, 29, 26, 27, 28, 27, 27, 25, 25, 26, 27, 25, 25, 26, 26, 26, 26, 26, 25, 25, 25, 25, 26, 24, 25, 25, 23, 26, 26, 26, 27, 27, 29, 25, 26, 22, 23, 22, 22, 23, 22, 22, 23, 22, 22, 22, 22, 22, 22, 22, 22, 23, 22, 22, 22, 22, 23, 25, 23, 22, 23, 25, 25, 27, 24, 23, 24, 24, 25, 26, 26, 23, 22, 22, 22, 20, 24, 23, 23, 25, 26, 27, 26, 27, 26, 24, 26, 24, 24, 24, 24, 25, 25, 28, 26, 28, 30], 1: [240, 242, 246, 246, 247, 251, 251, 251, 254, 257, 259, 264, 264, 264, 266, 267, 268, 269, 269, 273, 274, 275, 275, 275, 275, 279, 283, 283, 283, 287, 288, 289, 289, 290, 290, 291, 297, 298, 303, 303, 305, 305, 305, 307, 307, 307, 308, 308, 308, 308, 309, 310, 310, 310, 311, 312, 313, 313, 313, 314, 314, 318, 321, 321, 321, 321, 321, 326, 330, 331, 332, 333, 335, 337, 341, 343, 345, 346, 349, 349, 352, 352, 352, 352, 353, 356, 356, 361, 364, 365, 368, 369, 370, 371, 372, 374, 375, 379, 379, 379]}
885 {0: [29, 29, 25, 25, 29, 26, 27, 28, 27, 27, 25, 25, 26, 27, 25, 25, 26, 26, 26, 26, 26, 25, 25, 25, 25, 26, 24, 25, 25, 23, 26, 26, 26, 27, 27, 29, 25, 26, 22, 23, 22, 22, 23, 22, 22, 23, 22, 22, 22, 22, 22, 22, 22, 22, 23, 22, 22, 22, 22, 23, 25, 23, 22, 23, 25, 25, 27, 24, 23, 24, 24, 25, 26, 26, 23, 22, 22, 22, 20, 24, 23, 23, 25, 26, 27, 26, 27, 26, 24, 26, 24, 24, 24, 24, 25, 25, 28, 26, 28, 30], 1: [240, 242, 246, 246, 247, 251, 251, 251, 254, 257, 259, 264, 264, 264, 266, 267, 268, 269, 269, 273, 274, 275, 275, 275, 275, 279, 283, 283, 283, 287, 288, 289, 289, 290, 290, 291, 297, 298, 303, 303, 305, 305, 305, 307, 307, 307, 308, 308, 308, 308, 309, 310, 310, 310, 311, 312, 313, 313, 313, 314, 314, 318, 321, 321, 321, 321, 321, 326, 330, 331, 332, 333, 335, 337, 341, 343, 345, 346, 349, 349, 352, 352, 352, 352, 353, 356, 356, 361, 364, 365, 368, 369, 370, 371, 372, 374, 375, 379, 379, 379]}
395 {0: [29, 29, 25, 25, 29, 26, 27, 28, 27, 27, 25, 25, 26, 27, 25, 25, 26, 26, 26, 26, 26, 25, 25, 25, 25, 26, 24, 25, 25, 23, 26, 26, 26, 27, 27, 29, 25, 26, 22, 23, 22, 22, 23, 22, 22, 23, 22, 22, 22, 22, 22, 22, 22, 22, 23, 22, 22, 22, 22, 23, 25, 23, 22, 23, 25, 25, 27, 24, 23, 24, 24, 25, 26, 26, 23, 22, 22, 22, 20, 24, 23, 23, 25, 26, 27, 26, 27, 26, 24, 26, 24, 24, 24, 24, 25, 25, 28, 26, 28, 30], 1: [240, 242, 246, 246, 247, 251, 251, 251, 254, 257, 259, 264, 264, 264, 266, 267, 268, 269, 269, 273, 274, 275, 275, 275, 275, 279, 283, 283, 283, 287, 288, 289, 289, 290, 290, 291, 297, 298, 303, 303, 305, 305, 305, 307, 307, 307, 308, 308, 308, 308, 309, 310, 310, 310, 311, 312, 313, 313, 313, 314, 314, 318, 321, 321, 321, 321, 321, 326, 330, 331, 332, 333, 335, 337, 341, 343, 345, 346, 349, 349, 352, 352, 352, 352, 353, 356, 356, 361, 364, 365, 368, 369, 370, 371, 372, 374, 375, 379, 379, 379]}
643 {0: [26, 26, 27, 24, 23, 24, 26, 24, 24, 25, 25, 25, 27, 27, 25, 23, 23, 24, 24, 22, 22, 22, 22, 23, 23, 23, 24, 24, 24, 25, 25, 26, 25, 25, 25, 27, 27, 26, 26, 26, 25, 27, 28, 26, 27, 28, 26, 26, 26, 26, 27, 26, 28, 26, 24, 24, 25, 26, 29, 30, 30, 30, 30, 29, 29, 29, 28, 28, 28, 28, 29, 30, 27, 27, 27, 25, 26, 26, 26, 28, 30, 29, 30, 28, 28, 28, 29, 32, 28, 28, 28, 28, 29, 28, 28, 28, 29, 31, 29, 29], 1: [241, 241, 243, 248, 249, 249, 251, 254, 255, 255, 256, 256, 256, 259, 264, 266, 267, 268, 270, 272, 272, 273, 274, 275, 275, 276, 277, 278, 278, 278, 278, 282, 285, 285, 285, 286, 289, 290, 292, 295, 297, 298, 300, 305, 307, 308, 311, 312, 314, 315, 317, 320, 321, 324, 327, 328, 328, 329, 330, 332, 333, 335, 340, 344, 347, 349, 350, 350, 351, 352, 355, 356, 364, 366, 368, 371, 374, 374, 376, 377, 378, 385, 386, 388, 390, 391, 392, 393, 398, 399, 402, 405, 405, 406, 406, 410, 413, 418, 422, 422]}
149 {0: [29, 29, 25, 25, 29, 26, 27, 28, 27, 27, 25, 25, 26, 27, 25, 25, 26, 26, 26, 26, 26, 25, 25, 25, 25, 26, 24, 25, 25, 23, 26, 26, 26, 27, 27, 29, 25, 26, 22, 23, 22, 22, 23, 22, 22, 23, 22, 22, 22, 22, 22, 22, 22, 22, 23, 22, 22, 22, 22, 23, 25, 23, 22, 23, 25, 25, 27, 24, 23, 24, 24, 25, 26, 26, 23, 22, 22, 22, 20, 24, 23, 23, 25, 26, 27, 26, 27, 26, 24, 26, 24, 24, 24, 24, 25, 25, 28, 26, 28, 30], 1: [240, 242, 246, 246, 247, 251, 251, 251, 254, 257, 259, 264, 264, 264, 266, 267, 268, 269, 269, 273, 274, 275, 275, 275, 275, 279, 283, 283, 283, 287, 288, 289, 289, 290, 290, 291, 297, 298, 303, 303, 305, 305, 305, 307, 307, 307, 308, 308, 308, 308, 309, 310, 310, 310, 311, 312, 313, 313, 313, 314, 314, 318, 321, 321, 321, 321, 321, 326, 330, 331, 332, 333, 335, 337, 341, 343, 345, 346, 349, 349, 352, 352, 352, 352, 353, 356, 356, 361, 364, 365, 368, 369, 370, 371, 372, 374, 375, 379, 379, 379]}
886 {0: [28, 27, 25, 25, 26, 24, 24, 25, 22, 23, 26, 24, 23, 24, 24, 25, 25, 26, 28, 26, 22, 23, 24, 24, 26, 25, 26, 26, 27, 28, 27, 25, 26, 25, 24, 26, 26, 26, 28, 26, 26, 29, 27, 26, 26, 27, 26, 25, 26, 25, 26, 26, 26, 27, 23, 24, 24, 24, 23, 26, 25, 26, 25, 27, 25, 23, 23, 24, 23, 24, 24, 26, 24, 24, 26, 25, 24, 24, 27, 26, 27, 28, 27, 25, 27, 27, 27, 27, 26, 28, 29, 28, 27, 27, 29, 27, 28, 27, 27, 27], 1: [240, 242, 246, 249, 249, 253, 253, 255, 258, 258, 258, 261, 263, 264, 265, 265, 265, 266, 268, 272, 277, 277, 280, 281, 281, 283, 284, 285, 286, 288, 294, 297, 298, 299, 301, 302, 306, 308, 308, 311, 311, 311, 313, 315, 318, 318, 319, 322, 322, 323, 323, 325, 326, 327, 333, 334, 335, 335, 337, 337, 338, 341, 343, 346, 350, 355, 355, 356, 357, 357, 357, 358, 361, 363, 364, 366, 370, 370, 370, 372, 373, 376, 379, 383, 383, 384, 384, 386, 387, 387, 389, 392, 393, 395, 396, 399, 400, 402, 402, 402]}
396 {0: [29, 29, 25, 25, 29, 26, 27, 28, 27, 27, 25, 25, 26, 27, 25, 25, 26, 26, 26, 26, 26, 25, 25, 25, 25, 26, 24, 25, 25, 23, 26, 26, 26, 27, 27, 29, 25, 26, 22, 23, 22, 22, 23, 22, 22, 23, 22, 22, 22, 22, 22, 22, 22, 22, 23, 22, 22, 22, 22, 23, 25, 23, 22, 23, 25, 25, 27, 24, 23, 24, 24, 25, 26, 26, 23, 22, 22, 22, 20, 24, 23, 23, 25, 26, 27, 26, 27, 26, 24, 26, 24, 24, 24, 24, 25, 25, 28, 26, 28, 30], 1: [240, 242, 246, 246, 247, 251, 251, 251, 254, 257, 259, 264, 264, 264, 266, 267, 268, 269, 269, 273, 274, 275, 275, 275, 275, 279, 283, 283, 283, 287, 288, 289, 289, 290, 290, 291, 297, 298, 303, 303, 305, 305, 305, 307, 307, 307, 308, 308, 308, 308, 309, 310, 310, 310, 311, 312, 313, 313, 313, 314, 314, 318, 321, 321, 321, 321, 321, 326, 330, 331, 332, 333, 335, 337, 341, 343, 345, 346, 349, 349, 352, 352, 352, 352, 353, 356, 356, 361, 364, 365, 368, 369, 370, 371, 372, 374, 375, 379, 379, 379]}
644 {0: [29, 29, 25, 25, 29, 26, 27, 28, 27, 27, 25, 25, 26, 27, 25, 25, 26, 26, 26, 26, 26, 25, 25, 25, 25, 26, 24, 25, 25, 23, 26, 26, 26, 27, 27, 29, 25, 26, 22, 23, 22, 22, 23, 22, 22, 23, 22, 22, 22, 22, 22, 22, 22, 22, 23, 22, 22, 22, 22, 23, 25, 23, 22, 23, 25, 25, 27, 24, 23, 24, 24, 25, 26, 26, 23, 22, 22, 22, 20, 24, 23, 23, 25, 26, 27, 26, 27, 26, 24, 26, 24, 24, 24, 24, 25, 25, 28, 26, 28, 30], 1: [240, 242, 246, 246, 247, 251, 251, 251, 254, 257, 259, 264, 264, 264, 266, 267, 268, 269, 269, 273, 274, 275, 275, 275, 275, 279, 283, 283, 283, 287, 288, 289, 289, 290, 290, 291, 297, 298, 303, 303, 305, 305, 305, 307, 307, 307, 308, 308, 308, 308, 309, 310, 310, 310, 311, 312, 313, 313, 313, 314, 314, 318, 321, 321, 321, 321, 321, 326, 330, 331, 332, 333, 335, 337, 341, 343, 345, 346, 349, 349, 352, 352, 352, 352, 353, 356, 356, 361, 364, 365, 368, 369, 370, 371, 372, 374, 375, 379, 379, 379]}
150 {0: [29, 29, 25, 25, 29, 26, 27, 28, 27, 27, 25, 25, 26, 27, 25, 25, 26, 26, 26, 26, 26, 25, 25, 25, 25, 26, 24, 25, 25, 23, 26, 26, 26, 27, 27, 29, 25, 26, 22, 23, 22, 22, 23, 22, 22, 23, 22, 22, 22, 22, 22, 22, 22, 22, 23, 22, 22, 22, 22, 23, 25, 23, 22, 23, 25, 25, 27, 24, 23, 24, 24, 25, 26, 26, 23, 22, 22, 22, 20, 24, 23, 23, 25, 26, 27, 26, 27, 26, 24, 26, 24, 24, 24, 24, 25, 25, 28, 26, 28, 30], 1: [240, 242, 246, 246, 247, 251, 251, 251, 254, 257, 259, 264, 264, 264, 266, 267, 268, 269, 269, 273, 274, 275, 275, 275, 275, 279, 283, 283, 283, 287, 288, 289, 289, 290, 290, 291, 297, 298, 303, 303, 305, 305, 305, 307, 307, 307, 308, 308, 308, 308, 309, 310, 310, 310, 311, 312, 313, 313, 313, 314, 314, 318, 321, 321, 321, 321, 321, 326, 330, 331, 332, 333, 335, 337, 341, 343, 345, 346, 349, 349, 352, 352, 352, 352, 353, 356, 356, 361, 364, 365, 368, 369, 370, 371, 372, 374, 375, 379, 379, 379]}
887 {0: [29, 29, 25, 25, 29, 26, 27, 28, 27, 27, 25, 25, 26, 27, 25, 25, 26, 26, 26, 26, 26, 25, 25, 25, 25, 26, 24, 25, 25, 23, 26, 26, 26, 27, 27, 29, 25, 26, 22, 23, 22, 22, 23, 22, 22, 23, 22, 22, 22, 22, 22, 22, 22, 22, 23, 22, 22, 22, 22, 23, 25, 23, 22, 23, 25, 25, 27, 24, 23, 24, 24, 25, 26, 26, 23, 22, 22, 22, 20, 24, 23, 23, 25, 26, 27, 26, 27, 26, 24, 26, 24, 24, 24, 24, 25, 25, 28, 26, 28, 30], 1: [240, 242, 246, 246, 247, 251, 251, 251, 254, 257, 259, 264, 264, 264, 266, 267, 268, 269, 269, 273, 274, 275, 275, 275, 275, 279, 283, 283, 283, 287, 288, 289, 289, 290, 290, 291, 297, 298, 303, 303, 305, 305, 305, 307, 307, 307, 308, 308, 308, 308, 309, 310, 310, 310, 311, 312, 313, 313, 313, 314, 314, 318, 321, 321, 321, 321, 321, 326, 330, 331, 332, 333, 335, 337, 341, 343, 345, 346, 349, 349, 352, 352, 352, 352, 353, 356, 356, 361, 364, 365, 368, 369, 370, 371, 372, 374, 375, 379, 379, 379]}
397 {0: [29, 29, 25, 25, 29, 26, 27, 28, 27, 27, 25, 25, 26, 27, 25, 25, 26, 26, 26, 26, 26, 25, 25, 25, 25, 26, 24, 25, 25, 23, 26, 26, 26, 27, 27, 29, 25, 26, 22, 23, 22, 22, 23, 22, 22, 23, 22, 22, 22, 22, 22, 22, 22, 22, 23, 22, 22, 22, 22, 23, 25, 23, 22, 23, 25, 25, 27, 24, 23, 24, 24, 25, 26, 26, 23, 22, 22, 22, 20, 24, 23, 23, 25, 26, 27, 26, 27, 26, 24, 26, 24, 24, 24, 24, 25, 25, 28, 26, 28, 30], 1: [240, 242, 246, 246, 247, 251, 251, 251, 254, 257, 259, 264, 264, 264, 266, 267, 268, 269, 269, 273, 274, 275, 275, 275, 275, 279, 283, 283, 283, 287, 288, 289, 289, 290, 290, 291, 297, 298, 303, 303, 305, 305, 305, 307, 307, 307, 308, 308, 308, 308, 309, 310, 310, 310, 311, 312, 313, 313, 313, 314, 314, 318, 321, 321, 321, 321, 321, 326, 330, 331, 332, 333, 335, 337, 341, 343, 345, 346, 349, 349, 352, 352, 352, 352, 353, 356, 356, 361, 364, 365, 368, 369, 370, 371, 372, 374, 375, 379, 379, 379]}
645 {0: [29, 29, 25, 25, 29, 26, 27, 28, 27, 27, 25, 25, 26, 27, 25, 25, 26, 26, 26, 26, 26, 25, 25, 25, 25, 26, 24, 25, 25, 23, 26, 26, 26, 27, 27, 29, 25, 26, 22, 23, 22, 22, 23, 22, 22, 23, 22, 22, 22, 22, 22, 22, 22, 22, 23, 22, 22, 22, 22, 23, 25, 23, 22, 23, 25, 25, 27, 24, 23, 24, 24, 25, 26, 26, 23, 22, 22, 22, 20, 24, 23, 23, 25, 26, 27, 26, 27, 26, 24, 26, 24, 24, 24, 24, 25, 25, 28, 26, 28, 30], 1: [240, 242, 246, 246, 247, 251, 251, 251, 254, 257, 259, 264, 264, 264, 266, 267, 268, 269, 269, 273, 274, 275, 275, 275, 275, 279, 283, 283, 283, 287, 288, 289, 289, 290, 290, 291, 297, 298, 303, 303, 305, 305, 305, 307, 307, 307, 308, 308, 308, 308, 309, 310, 310, 310, 311, 312, 313, 313, 313, 314, 314, 318, 321, 321, 321, 321, 321, 326, 330, 331, 332, 333, 335, 337, 341, 343, 345, 346, 349, 349, 352, 352, 352, 352, 353, 356, 356, 361, 364, 365, 368, 369, 370, 371, 372, 374, 375, 379, 379, 379]}
151 {0: [29, 29, 25, 25, 29, 26, 27, 28, 27, 27, 25, 25, 26, 27, 25, 25, 26, 26, 26, 26, 26, 25, 25, 25, 25, 26, 24, 25, 25, 23, 26, 26, 26, 27, 27, 29, 25, 26, 22, 23, 22, 22, 23, 22, 22, 23, 22, 22, 22, 22, 22, 22, 22, 22, 23, 22, 22, 22, 22, 23, 25, 23, 22, 23, 25, 25, 27, 24, 23, 24, 24, 25, 26, 26, 23, 22, 22, 22, 20, 24, 23, 23, 25, 26, 27, 26, 27, 26, 24, 26, 24, 24, 24, 24, 25, 25, 28, 26, 28, 30], 1: [240, 242, 246, 246, 247, 251, 251, 251, 254, 257, 259, 264, 264, 264, 266, 267, 268, 269, 269, 273, 274, 275, 275, 275, 275, 279, 283, 283, 283, 287, 288, 289, 289, 290, 290, 291, 297, 298, 303, 303, 305, 305, 305, 307, 307, 307, 308, 308, 308, 308, 309, 310, 310, 310, 311, 312, 313, 313, 313, 314, 314, 318, 321, 321, 321, 321, 321, 326, 330, 331, 332, 333, 335, 337, 341, 343, 345, 346, 349, 349, 352, 352, 352, 352, 353, 356, 356, 361, 364, 365, 368, 369, 370, 371, 372, 374, 375, 379, 379, 379]}
888 {0: [29, 29, 25, 25, 29, 26, 27, 28, 27, 27, 25, 25, 26, 27, 25, 25, 26, 26, 26, 26, 26, 25, 25, 25, 25, 26, 24, 25, 25, 23, 26, 26, 26, 27, 27, 29, 25, 26, 22, 23, 22, 22, 23, 22, 22, 23, 22, 22, 22, 22, 22, 22, 22, 22, 23, 22, 22, 22, 22, 23, 25, 23, 22, 23, 25, 25, 27, 24, 23, 24, 24, 25, 26, 26, 23, 22, 22, 22, 20, 24, 23, 23, 25, 26, 27, 26, 27, 26, 24, 26, 24, 24, 24, 24, 25, 25, 28, 26, 28, 30], 1: [240, 242, 246, 246, 247, 251, 251, 251, 254, 257, 259, 264, 264, 264, 266, 267, 268, 269, 269, 273, 274, 275, 275, 275, 275, 279, 283, 283, 283, 287, 288, 289, 289, 290, 290, 291, 297, 298, 303, 303, 305, 305, 305, 307, 307, 307, 308, 308, 308, 308, 309, 310, 310, 310, 311, 312, 313, 313, 313, 314, 314, 318, 321, 321, 321, 321, 321, 326, 330, 331, 332, 333, 335, 337, 341, 343, 345, 346, 349, 349, 352, 352, 352, 352, 353, 356, 356, 361, 364, 365, 368, 369, 370, 371, 372, 374, 375, 379, 379, 379]}
398 {0: [29, 29, 25, 25, 29, 26, 27, 28, 27, 27, 25, 25, 26, 27, 25, 25, 26, 26, 26, 26, 26, 25, 25, 25, 25, 26, 24, 25, 25, 23, 26, 26, 26, 27, 27, 29, 25, 26, 22, 23, 22, 22, 23, 22, 22, 23, 22, 22, 22, 22, 22, 22, 22, 22, 23, 22, 22, 22, 22, 23, 25, 23, 22, 23, 25, 25, 27, 24, 23, 24, 24, 25, 26, 26, 23, 22, 22, 22, 20, 24, 23, 23, 25, 26, 27, 26, 27, 26, 24, 26, 24, 24, 24, 24, 25, 25, 28, 26, 28, 30], 1: [240, 242, 246, 246, 247, 251, 251, 251, 254, 257, 259, 264, 264, 264, 266, 267, 268, 269, 269, 273, 274, 275, 275, 275, 275, 279, 283, 283, 283, 287, 288, 289, 289, 290, 290, 291, 297, 298, 303, 303, 305, 305, 305, 307, 307, 307, 308, 308, 308, 308, 309, 310, 310, 310, 311, 312, 313, 313, 313, 314, 314, 318, 321, 321, 321, 321, 321, 326, 330, 331, 332, 333, 335, 337, 341, 343, 345, 346, 349, 349, 352, 352, 352, 352, 353, 356, 356, 361, 364, 365, 368, 369, 370, 371, 372, 374, 375, 379, 379, 379]}
646 {0: [29, 29, 25, 25, 29, 26, 27, 28, 27, 27, 25, 25, 26, 27, 25, 25, 26, 26, 26, 26, 26, 25, 25, 25, 25, 26, 24, 25, 25, 23, 26, 26, 26, 27, 27, 29, 25, 26, 22, 23, 22, 22, 23, 22, 22, 23, 22, 22, 22, 22, 22, 22, 22, 22, 23, 22, 22, 22, 22, 23, 25, 23, 22, 23, 25, 25, 27, 24, 23, 24, 24, 25, 26, 26, 23, 22, 22, 22, 20, 24, 23, 23, 25, 26, 27, 26, 27, 26, 24, 26, 24, 24, 24, 24, 25, 25, 28, 26, 28, 30], 1: [240, 242, 246, 246, 247, 251, 251, 251, 254, 257, 259, 264, 264, 264, 266, 267, 268, 269, 269, 273, 274, 275, 275, 275, 275, 279, 283, 283, 283, 287, 288, 289, 289, 290, 290, 291, 297, 298, 303, 303, 305, 305, 305, 307, 307, 307, 308, 308, 308, 308, 309, 310, 310, 310, 311, 312, 313, 313, 313, 314, 314, 318, 321, 321, 321, 321, 321, 326, 330, 331, 332, 333, 335, 337, 341, 343, 345, 346, 349, 349, 352, 352, 352, 352, 353, 356, 356, 361, 364, 365, 368, 369, 370, 371, 372, 374, 375, 379, 379, 379]}
152 {0: [29, 29, 25, 25, 29, 26, 27, 28, 27, 27, 25, 25, 26, 27, 25, 25, 26, 26, 26, 26, 26, 25, 25, 25, 25, 26, 24, 25, 25, 23, 26, 26, 26, 27, 27, 29, 25, 26, 22, 23, 22, 22, 23, 22, 22, 23, 22, 22, 22, 22, 22, 22, 22, 22, 23, 22, 22, 22, 22, 23, 25, 23, 22, 23, 25, 25, 27, 24, 23, 24, 24, 25, 26, 26, 23, 22, 22, 22, 20, 24, 23, 23, 25, 26, 27, 26, 27, 26, 24, 26, 24, 24, 24, 24, 25, 25, 28, 26, 28, 30], 1: [240, 242, 246, 246, 247, 251, 251, 251, 254, 257, 259, 264, 264, 264, 266, 267, 268, 269, 269, 273, 274, 275, 275, 275, 275, 279, 283, 283, 283, 287, 288, 289, 289, 290, 290, 291, 297, 298, 303, 303, 305, 305, 305, 307, 307, 307, 308, 308, 308, 308, 309, 310, 310, 310, 311, 312, 313, 313, 313, 314, 314, 318, 321, 321, 321, 321, 321, 326, 330, 331, 332, 333, 335, 337, 341, 343, 345, 346, 349, 349, 352, 352, 352, 352, 353, 356, 356, 361, 364, 365, 368, 369, 370, 371, 372, 374, 375, 379, 379, 379]}
889 {0: [29, 29, 25, 25, 29, 26, 27, 28, 27, 27, 25, 25, 26, 27, 25, 25, 26, 26, 26, 26, 26, 25, 25, 25, 25, 26, 24, 25, 25, 23, 26, 26, 26, 27, 27, 29, 25, 26, 22, 23, 22, 22, 23, 22, 22, 23, 22, 22, 22, 22, 22, 22, 22, 22, 23, 22, 22, 22, 22, 23, 25, 23, 22, 23, 25, 25, 27, 24, 23, 24, 24, 25, 26, 26, 23, 22, 22, 22, 20, 24, 23, 23, 25, 26, 27, 26, 27, 26, 24, 26, 24, 24, 24, 24, 25, 25, 28, 26, 28, 30], 1: [240, 242, 246, 246, 247, 251, 251, 251, 254, 257, 259, 264, 264, 264, 266, 267, 268, 269, 269, 273, 274, 275, 275, 275, 275, 279, 283, 283, 283, 287, 288, 289, 289, 290, 290, 291, 297, 298, 303, 303, 305, 305, 305, 307, 307, 307, 308, 308, 308, 308, 309, 310, 310, 310, 311, 312, 313, 313, 313, 314, 314, 318, 321, 321, 321, 321, 321, 326, 330, 331, 332, 333, 335, 337, 341, 343, 345, 346, 349, 349, 352, 352, 352, 352, 353, 356, 356, 361, 364, 365, 368, 369, 370, 371, 372, 374, 375, 379, 379, 379]}
399 {0: [29, 29, 25, 25, 29, 26, 27, 28, 27, 27, 25, 25, 26, 27, 25, 25, 26, 26, 26, 26, 26, 25, 25, 25, 25, 26, 24, 25, 25, 23, 26, 26, 26, 27, 27, 29, 25, 26, 22, 23, 22, 22, 23, 22, 22, 23, 22, 22, 22, 22, 22, 22, 22, 22, 23, 22, 22, 22, 22, 23, 25, 23, 22, 23, 25, 25, 27, 24, 23, 24, 24, 25, 26, 26, 23, 22, 22, 22, 20, 24, 23, 23, 25, 26, 27, 26, 27, 26, 24, 26, 24, 24, 24, 24, 25, 25, 28, 26, 28, 30], 1: [240, 242, 246, 246, 247, 251, 251, 251, 254, 257, 259, 264, 264, 264, 266, 267, 268, 269, 269, 273, 274, 275, 275, 275, 275, 279, 283, 283, 283, 287, 288, 289, 289, 290, 290, 291, 297, 298, 303, 303, 305, 305, 305, 307, 307, 307, 308, 308, 308, 308, 309, 310, 310, 310, 311, 312, 313, 313, 313, 314, 314, 318, 321, 321, 321, 321, 321, 326, 330, 331, 332, 333, 335, 337, 341, 343, 345, 346, 349, 349, 352, 352, 352, 352, 353, 356, 356, 361, 364, 365, 368, 369, 370, 371, 372, 374, 375, 379, 379, 379]}
647 {0: [29, 29, 25, 25, 29, 26, 27, 28, 27, 27, 25, 25, 26, 27, 25, 25, 26, 26, 26, 26, 26, 25, 25, 25, 25, 26, 24, 25, 25, 23, 26, 26, 26, 27, 27, 29, 25, 26, 22, 23, 22, 22, 23, 22, 22, 23, 22, 22, 22, 22, 22, 22, 22, 22, 23, 22, 22, 22, 22, 23, 25, 23, 22, 23, 25, 25, 27, 24, 23, 24, 24, 25, 26, 26, 23, 22, 22, 22, 20, 24, 23, 23, 25, 26, 27, 26, 27, 26, 24, 26, 24, 24, 24, 24, 25, 25, 28, 26, 28, 30], 1: [240, 242, 246, 246, 247, 251, 251, 251, 254, 257, 259, 264, 264, 264, 266, 267, 268, 269, 269, 273, 274, 275, 275, 275, 275, 279, 283, 283, 283, 287, 288, 289, 289, 290, 290, 291, 297, 298, 303, 303, 305, 305, 305, 307, 307, 307, 308, 308, 308, 308, 309, 310, 310, 310, 311, 312, 313, 313, 313, 314, 314, 318, 321, 321, 321, 321, 321, 326, 330, 331, 332, 333, 335, 337, 341, 343, 345, 346, 349, 349, 352, 352, 352, 352, 353, 356, 356, 361, 364, 365, 368, 369, 370, 371, 372, 374, 375, 379, 379, 379]}
153 {0: [29, 29, 25, 25, 29, 26, 27, 28, 27, 27, 25, 25, 26, 27, 25, 25, 26, 26, 26, 26, 26, 25, 25, 25, 25, 26, 24, 25, 25, 23, 26, 26, 26, 27, 27, 29, 25, 26, 22, 23, 22, 22, 23, 22, 22, 23, 22, 22, 22, 22, 22, 22, 22, 22, 23, 22, 22, 22, 22, 23, 25, 23, 22, 23, 25, 25, 27, 24, 23, 24, 24, 25, 26, 26, 23, 22, 22, 22, 20, 24, 23, 23, 25, 26, 27, 26, 27, 26, 24, 26, 24, 24, 24, 24, 25, 25, 28, 26, 28, 30], 1: [240, 242, 246, 246, 247, 251, 251, 251, 254, 257, 259, 264, 264, 264, 266, 267, 268, 269, 269, 273, 274, 275, 275, 275, 275, 279, 283, 283, 283, 287, 288, 289, 289, 290, 290, 291, 297, 298, 303, 303, 305, 305, 305, 307, 307, 307, 308, 308, 308, 308, 309, 310, 310, 310, 311, 312, 313, 313, 313, 314, 314, 318, 321, 321, 321, 321, 321, 326, 330, 331, 332, 333, 335, 337, 341, 343, 345, 346, 349, 349, 352, 352, 352, 352, 353, 356, 356, 361, 364, 365, 368, 369, 370, 371, 372, 374, 375, 379, 379, 379]}
890 {0: [29, 29, 25, 25, 29, 26, 27, 28, 27, 27, 25, 25, 26, 27, 25, 25, 26, 26, 26, 26, 26, 25, 25, 25, 25, 26, 24, 25, 25, 23, 26, 26, 26, 27, 27, 29, 25, 26, 22, 23, 22, 22, 23, 22, 22, 23, 22, 22, 22, 22, 22, 22, 22, 22, 23, 22, 22, 22, 22, 23, 25, 23, 22, 23, 25, 25, 27, 24, 23, 24, 24, 25, 26, 26, 23, 22, 22, 22, 20, 24, 23, 23, 25, 26, 27, 26, 27, 26, 24, 26, 24, 24, 24, 24, 25, 25, 28, 26, 28, 30], 1: [240, 242, 246, 246, 247, 251, 251, 251, 254, 257, 259, 264, 264, 264, 266, 267, 268, 269, 269, 273, 274, 275, 275, 275, 275, 279, 283, 283, 283, 287, 288, 289, 289, 290, 290, 291, 297, 298, 303, 303, 305, 305, 305, 307, 307, 307, 308, 308, 308, 308, 309, 310, 310, 310, 311, 312, 313, 313, 313, 314, 314, 318, 321, 321, 321, 321, 321, 326, 330, 331, 332, 333, 335, 337, 341, 343, 345, 346, 349, 349, 352, 352, 352, 352, 353, 356, 356, 361, 364, 365, 368, 369, 370, 371, 372, 374, 375, 379, 379, 379]}
400 {0: [29, 29, 25, 25, 29, 26, 27, 28, 27, 27, 25, 25, 26, 27, 25, 25, 26, 26, 26, 26, 26, 25, 25, 25, 25, 26, 24, 25, 25, 23, 26, 26, 26, 27, 27, 29, 25, 26, 22, 23, 22, 22, 23, 22, 22, 23, 22, 22, 22, 22, 22, 22, 22, 22, 23, 22, 22, 22, 22, 23, 25, 23, 22, 23, 25, 25, 27, 24, 23, 24, 24, 25, 26, 26, 23, 22, 22, 22, 20, 24, 23, 23, 25, 26, 27, 26, 27, 26, 24, 26, 24, 24, 24, 24, 25, 25, 28, 26, 28, 30], 1: [240, 242, 246, 246, 247, 251, 251, 251, 254, 257, 259, 264, 264, 264, 266, 267, 268, 269, 269, 273, 274, 275, 275, 275, 275, 279, 283, 283, 283, 287, 288, 289, 289, 290, 290, 291, 297, 298, 303, 303, 305, 305, 305, 307, 307, 307, 308, 308, 308, 308, 309, 310, 310, 310, 311, 312, 313, 313, 313, 314, 314, 318, 321, 321, 321, 321, 321, 326, 330, 331, 332, 333, 335, 337, 341, 343, 345, 346, 349, 349, 352, 352, 352, 352, 353, 356, 356, 361, 364, 365, 368, 369, 370, 371, 372, 374, 375, 379, 379, 379]}
648 {0: [29, 29, 25, 25, 29, 26, 27, 28, 27, 27, 25, 25, 26, 27, 25, 25, 26, 26, 26, 26, 26, 25, 25, 25, 25, 26, 24, 25, 25, 23, 26, 26, 26, 27, 27, 29, 25, 26, 22, 23, 22, 22, 23, 22, 22, 23, 22, 22, 22, 22, 22, 22, 22, 22, 23, 22, 22, 22, 22, 23, 25, 23, 22, 23, 25, 25, 27, 24, 23, 24, 24, 25, 26, 26, 23, 22, 22, 22, 20, 24, 23, 23, 25, 26, 27, 26, 27, 26, 24, 26, 24, 24, 24, 24, 25, 25, 28, 26, 28, 30], 1: [240, 242, 246, 246, 247, 251, 251, 251, 254, 257, 259, 264, 264, 264, 266, 267, 268, 269, 269, 273, 274, 275, 275, 275, 275, 279, 283, 283, 283, 287, 288, 289, 289, 290, 290, 291, 297, 298, 303, 303, 305, 305, 305, 307, 307, 307, 308, 308, 308, 308, 309, 310, 310, 310, 311, 312, 313, 313, 313, 314, 314, 318, 321, 321, 321, 321, 321, 326, 330, 331, 332, 333, 335, 337, 341, 343, 345, 346, 349, 349, 352, 352, 352, 352, 353, 356, 356, 361, 364, 365, 368, 369, 370, 371, 372, 374, 375, 379, 379, 379]}
154 {0: [29, 29, 25, 25, 29, 26, 27, 28, 27, 27, 25, 25, 26, 27, 25, 25, 26, 26, 26, 26, 26, 25, 25, 25, 25, 26, 24, 25, 25, 23, 26, 26, 26, 27, 27, 29, 25, 26, 22, 23, 22, 22, 23, 22, 22, 23, 22, 22, 22, 22, 22, 22, 22, 22, 23, 22, 22, 22, 22, 23, 25, 23, 22, 23, 25, 25, 27, 24, 23, 24, 24, 25, 26, 26, 23, 22, 22, 22, 20, 24, 23, 23, 25, 26, 27, 26, 27, 26, 24, 26, 24, 24, 24, 24, 25, 25, 28, 26, 28, 30], 1: [240, 242, 246, 246, 247, 251, 251, 251, 254, 257, 259, 264, 264, 264, 266, 267, 268, 269, 269, 273, 274, 275, 275, 275, 275, 279, 283, 283, 283, 287, 288, 289, 289, 290, 290, 291, 297, 298, 303, 303, 305, 305, 305, 307, 307, 307, 308, 308, 308, 308, 309, 310, 310, 310, 311, 312, 313, 313, 313, 314, 314, 318, 321, 321, 321, 321, 321, 326, 330, 331, 332, 333, 335, 337, 341, 343, 345, 346, 349, 349, 352, 352, 352, 352, 353, 356, 356, 361, 364, 365, 368, 369, 370, 371, 372, 374, 375, 379, 379, 379]}
891 {0: [29, 29, 25, 25, 29, 26, 27, 28, 27, 27, 25, 25, 26, 27, 25, 25, 26, 26, 26, 26, 26, 25, 25, 25, 25, 26, 24, 25, 25, 23, 26, 26, 26, 27, 27, 29, 25, 26, 22, 23, 22, 22, 23, 22, 22, 23, 22, 22, 22, 22, 22, 22, 22, 22, 23, 22, 22, 22, 22, 23, 25, 23, 22, 23, 25, 25, 27, 24, 23, 24, 24, 25, 26, 26, 23, 22, 22, 22, 20, 24, 23, 23, 25, 26, 27, 26, 27, 26, 24, 26, 24, 24, 24, 24, 25, 25, 28, 26, 28, 30], 1: [240, 242, 246, 246, 247, 251, 251, 251, 254, 257, 259, 264, 264, 264, 266, 267, 268, 269, 269, 273, 274, 275, 275, 275, 275, 279, 283, 283, 283, 287, 288, 289, 289, 290, 290, 291, 297, 298, 303, 303, 305, 305, 305, 307, 307, 307, 308, 308, 308, 308, 309, 310, 310, 310, 311, 312, 313, 313, 313, 314, 314, 318, 321, 321, 321, 321, 321, 326, 330, 331, 332, 333, 335, 337, 341, 343, 345, 346, 349, 349, 352, 352, 352, 352, 353, 356, 356, 361, 364, 365, 368, 369, 370, 371, 372, 374, 375, 379, 379, 379]}
401 {0: [29, 29, 25, 25, 29, 26, 27, 28, 27, 27, 25, 25, 26, 27, 25, 25, 26, 26, 26, 26, 26, 25, 25, 25, 25, 26, 24, 25, 25, 23, 26, 26, 26, 27, 27, 29, 25, 26, 22, 23, 22, 22, 23, 22, 22, 23, 22, 22, 22, 22, 22, 22, 22, 22, 23, 22, 22, 22, 22, 23, 25, 23, 22, 23, 25, 25, 27, 24, 23, 24, 24, 25, 26, 26, 23, 22, 22, 22, 20, 24, 23, 23, 25, 26, 27, 26, 27, 26, 24, 26, 24, 24, 24, 24, 25, 25, 28, 26, 28, 30], 1: [240, 242, 246, 246, 247, 251, 251, 251, 254, 257, 259, 264, 264, 264, 266, 267, 268, 269, 269, 273, 274, 275, 275, 275, 275, 279, 283, 283, 283, 287, 288, 289, 289, 290, 290, 291, 297, 298, 303, 303, 305, 305, 305, 307, 307, 307, 308, 308, 308, 308, 309, 310, 310, 310, 311, 312, 313, 313, 313, 314, 314, 318, 321, 321, 321, 321, 321, 326, 330, 331, 332, 333, 335, 337, 341, 343, 345, 346, 349, 349, 352, 352, 352, 352, 353, 356, 356, 361, 364, 365, 368, 369, 370, 371, 372, 374, 375, 379, 379, 379]}
649 {0: [29, 29, 25, 25, 29, 26, 27, 28, 27, 27, 25, 25, 26, 27, 25, 25, 26, 26, 26, 26, 26, 25, 25, 25, 25, 26, 24, 25, 25, 23, 26, 26, 26, 27, 27, 29, 25, 26, 22, 23, 22, 22, 23, 22, 22, 23, 22, 22, 22, 22, 22, 22, 22, 22, 23, 22, 22, 22, 22, 23, 25, 23, 22, 23, 25, 25, 27, 24, 23, 24, 24, 25, 26, 26, 23, 22, 22, 22, 20, 24, 23, 23, 25, 26, 27, 26, 27, 26, 24, 26, 24, 24, 24, 24, 25, 25, 28, 26, 28, 30], 1: [240, 242, 246, 246, 247, 251, 251, 251, 254, 257, 259, 264, 264, 264, 266, 267, 268, 269, 269, 273, 274, 275, 275, 275, 275, 279, 283, 283, 283, 287, 288, 289, 289, 290, 290, 291, 297, 298, 303, 303, 305, 305, 305, 307, 307, 307, 308, 308, 308, 308, 309, 310, 310, 310, 311, 312, 313, 313, 313, 314, 314, 318, 321, 321, 321, 321, 321, 326, 330, 331, 332, 333, 335, 337, 341, 343, 345, 346, 349, 349, 352, 352, 352, 352, 353, 356, 356, 361, 364, 365, 368, 369, 370, 371, 372, 374, 375, 379, 379, 379]}
155 {0: [29, 29, 25, 25, 29, 26, 27, 28, 27, 27, 25, 25, 26, 27, 25, 25, 26, 26, 26, 26, 26, 25, 25, 25, 25, 26, 24, 25, 25, 23, 26, 26, 26, 27, 27, 29, 25, 26, 22, 23, 22, 22, 23, 22, 22, 23, 22, 22, 22, 22, 22, 22, 22, 22, 23, 22, 22, 22, 22, 23, 25, 23, 22, 23, 25, 25, 27, 24, 23, 24, 24, 25, 26, 26, 23, 22, 22, 22, 20, 24, 23, 23, 25, 26, 27, 26, 27, 26, 24, 26, 24, 24, 24, 24, 25, 25, 28, 26, 28, 30], 1: [240, 242, 246, 246, 247, 251, 251, 251, 254, 257, 259, 264, 264, 264, 266, 267, 268, 269, 269, 273, 274, 275, 275, 275, 275, 279, 283, 283, 283, 287, 288, 289, 289, 290, 290, 291, 297, 298, 303, 303, 305, 305, 305, 307, 307, 307, 308, 308, 308, 308, 309, 310, 310, 310, 311, 312, 313, 313, 313, 314, 314, 318, 321, 321, 321, 321, 321, 326, 330, 331, 332, 333, 335, 337, 341, 343, 345, 346, 349, 349, 352, 352, 352, 352, 353, 356, 356, 361, 364, 365, 368, 369, 370, 371, 372, 374, 375, 379, 379, 379]}
892 {0: [26, 28, 26, 25, 24, 26, 26, 24, 26, 23, 23, 24, 24, 25, 28, 26, 27, 26, 26, 24, 23, 23, 23, 23, 23, 24, 26, 26, 25, 25, 25, 25, 27, 27, 27, 29, 28, 25, 25, 26, 26, 27, 28, 28, 27, 27, 28, 29, 27, 26, 25, 23, 23, 26, 27, 26, 28, 30, 28, 29, 29, 30, 29, 29, 29, 29, 28, 28, 32, 30, 31, 32, 30, 29, 30, 28, 28, 29, 30, 30, 31, 29, 29, 29, 28, 30, 30, 28, 30, 31, 31, 30, 29, 29, 29, 29, 31, 32, 30, 31], 1: [240, 240, 243, 244, 245, 247, 248, 250, 250, 254, 254, 254, 256, 256, 258, 262, 262, 265, 266, 271, 273, 273, 273, 274, 276, 277, 277, 279, 281, 281, 281, 284, 284, 284, 286, 287, 291, 295, 295, 296, 297, 299, 301, 302, 306, 306, 306, 306, 310, 311, 314, 317, 318, 319, 323, 326, 327, 329, 332, 332, 335, 339, 345, 348, 351, 354, 356, 359, 360, 363, 366, 366, 372, 373, 373, 376, 377, 377, 380, 383, 388, 393, 394, 396, 398, 399, 401, 403, 403, 405, 406, 410, 412, 414, 417, 419, 420, 421, 424, 425]}
402 {0: [29, 29, 25, 25, 29, 26, 27, 28, 27, 27, 25, 25, 26, 27, 25, 25, 26, 26, 26, 26, 26, 25, 25, 25, 25, 26, 24, 25, 25, 23, 26, 26, 26, 27, 27, 29, 25, 26, 22, 23, 22, 22, 23, 22, 22, 23, 22, 22, 22, 22, 22, 22, 22, 22, 23, 22, 22, 22, 22, 23, 25, 23, 22, 23, 25, 25, 27, 24, 23, 24, 24, 25, 26, 26, 23, 22, 22, 22, 20, 24, 23, 23, 25, 26, 27, 26, 27, 26, 24, 26, 24, 24, 24, 24, 25, 25, 28, 26, 28, 30], 1: [240, 242, 246, 246, 247, 251, 251, 251, 254, 257, 259, 264, 264, 264, 266, 267, 268, 269, 269, 273, 274, 275, 275, 275, 275, 279, 283, 283, 283, 287, 288, 289, 289, 290, 290, 291, 297, 298, 303, 303, 305, 305, 305, 307, 307, 307, 308, 308, 308, 308, 309, 310, 310, 310, 311, 312, 313, 313, 313, 314, 314, 318, 321, 321, 321, 321, 321, 326, 330, 331, 332, 333, 335, 337, 341, 343, 345, 346, 349, 349, 352, 352, 352, 352, 353, 356, 356, 361, 364, 365, 368, 369, 370, 371, 372, 374, 375, 379, 379, 379]}
650 {0: [29, 29, 25, 25, 29, 26, 27, 28, 27, 27, 25, 25, 26, 27, 25, 25, 26, 26, 26, 26, 26, 25, 25, 25, 25, 26, 24, 25, 25, 23, 26, 26, 26, 27, 27, 29, 25, 26, 22, 23, 22, 22, 23, 22, 22, 23, 22, 22, 22, 22, 22, 22, 22, 22, 23, 22, 22, 22, 22, 23, 25, 23, 22, 23, 25, 25, 27, 24, 23, 24, 24, 25, 26, 26, 23, 22, 22, 22, 20, 24, 23, 23, 25, 26, 27, 26, 27, 26, 24, 26, 24, 24, 24, 24, 25, 25, 28, 26, 28, 30], 1: [240, 242, 246, 246, 247, 251, 251, 251, 254, 257, 259, 264, 264, 264, 266, 267, 268, 269, 269, 273, 274, 275, 275, 275, 275, 279, 283, 283, 283, 287, 288, 289, 289, 290, 290, 291, 297, 298, 303, 303, 305, 305, 305, 307, 307, 307, 308, 308, 308, 308, 309, 310, 310, 310, 311, 312, 313, 313, 313, 314, 314, 318, 321, 321, 321, 321, 321, 326, 330, 331, 332, 333, 335, 337, 341, 343, 345, 346, 349, 349, 352, 352, 352, 352, 353, 356, 356, 361, 364, 365, 368, 369, 370, 371, 372, 374, 375, 379, 379, 379]}
156 {0: [29, 29, 25, 25, 29, 26, 27, 28, 27, 27, 25, 25, 26, 27, 25, 25, 26, 26, 26, 26, 26, 25, 25, 25, 25, 26, 24, 25, 25, 23, 26, 26, 26, 27, 27, 29, 25, 26, 22, 23, 22, 22, 23, 22, 22, 23, 22, 22, 22, 22, 22, 22, 22, 22, 23, 22, 22, 22, 22, 23, 25, 23, 22, 23, 25, 25, 27, 24, 23, 24, 24, 25, 26, 26, 23, 22, 22, 22, 20, 24, 23, 23, 25, 26, 27, 26, 27, 26, 24, 26, 24, 24, 24, 24, 25, 25, 28, 26, 28, 30], 1: [240, 242, 246, 246, 247, 251, 251, 251, 254, 257, 259, 264, 264, 264, 266, 267, 268, 269, 269, 273, 274, 275, 275, 275, 275, 279, 283, 283, 283, 287, 288, 289, 289, 290, 290, 291, 297, 298, 303, 303, 305, 305, 305, 307, 307, 307, 308, 308, 308, 308, 309, 310, 310, 310, 311, 312, 313, 313, 313, 314, 314, 318, 321, 321, 321, 321, 321, 326, 330, 331, 332, 333, 335, 337, 341, 343, 345, 346, 349, 349, 352, 352, 352, 352, 353, 356, 356, 361, 364, 365, 368, 369, 370, 371, 372, 374, 375, 379, 379, 379]}
893 {0: [29, 29, 25, 25, 29, 26, 27, 28, 27, 27, 25, 25, 26, 27, 25, 25, 26, 26, 26, 26, 26, 25, 25, 25, 25, 26, 24, 25, 25, 23, 26, 26, 26, 27, 27, 29, 25, 26, 22, 23, 22, 22, 23, 22, 22, 23, 22, 22, 22, 22, 22, 22, 22, 22, 23, 22, 22, 22, 22, 23, 25, 23, 22, 23, 25, 25, 27, 24, 23, 24, 24, 25, 26, 26, 23, 22, 22, 22, 20, 24, 23, 23, 25, 26, 27, 26, 27, 26, 24, 26, 24, 24, 24, 24, 25, 25, 28, 26, 28, 30], 1: [240, 242, 246, 246, 247, 251, 251, 251, 254, 257, 259, 264, 264, 264, 266, 267, 268, 269, 269, 273, 274, 275, 275, 275, 275, 279, 283, 283, 283, 287, 288, 289, 289, 290, 290, 291, 297, 298, 303, 303, 305, 305, 305, 307, 307, 307, 308, 308, 308, 308, 309, 310, 310, 310, 311, 312, 313, 313, 313, 314, 314, 318, 321, 321, 321, 321, 321, 326, 330, 331, 332, 333, 335, 337, 341, 343, 345, 346, 349, 349, 352, 352, 352, 352, 353, 356, 356, 361, 364, 365, 368, 369, 370, 371, 372, 374, 375, 379, 379, 379]}
403 {0: [29, 29, 25, 25, 29, 26, 27, 28, 27, 27, 25, 25, 26, 27, 25, 25, 26, 26, 26, 26, 26, 25, 25, 25, 25, 26, 24, 25, 25, 23, 26, 26, 26, 27, 27, 29, 25, 26, 22, 23, 22, 22, 23, 22, 22, 23, 22, 22, 22, 22, 22, 22, 22, 22, 23, 22, 22, 22, 22, 23, 25, 23, 22, 23, 25, 25, 27, 24, 23, 24, 24, 25, 26, 26, 23, 22, 22, 22, 20, 24, 23, 23, 25, 26, 27, 26, 27, 26, 24, 26, 24, 24, 24, 24, 25, 25, 28, 26, 28, 30], 1: [240, 242, 246, 246, 247, 251, 251, 251, 254, 257, 259, 264, 264, 264, 266, 267, 268, 269, 269, 273, 274, 275, 275, 275, 275, 279, 283, 283, 283, 287, 288, 289, 289, 290, 290, 291, 297, 298, 303, 303, 305, 305, 305, 307, 307, 307, 308, 308, 308, 308, 309, 310, 310, 310, 311, 312, 313, 313, 313, 314, 314, 318, 321, 321, 321, 321, 321, 326, 330, 331, 332, 333, 335, 337, 341, 343, 345, 346, 349, 349, 352, 352, 352, 352, 353, 356, 356, 361, 364, 365, 368, 369, 370, 371, 372, 374, 375, 379, 379, 379]}
651 {0: [29, 29, 25, 25, 29, 26, 27, 28, 27, 27, 25, 25, 26, 27, 25, 25, 26, 26, 26, 26, 26, 25, 25, 25, 25, 26, 24, 25, 25, 23, 26, 26, 26, 27, 27, 29, 25, 26, 22, 23, 22, 22, 23, 22, 22, 23, 22, 22, 22, 22, 22, 22, 22, 22, 23, 22, 22, 22, 22, 23, 25, 23, 22, 23, 25, 25, 27, 24, 23, 24, 24, 25, 26, 26, 23, 22, 22, 22, 20, 24, 23, 23, 25, 26, 27, 26, 27, 26, 24, 26, 24, 24, 24, 24, 25, 25, 28, 26, 28, 30], 1: [240, 242, 246, 246, 247, 251, 251, 251, 254, 257, 259, 264, 264, 264, 266, 267, 268, 269, 269, 273, 274, 275, 275, 275, 275, 279, 283, 283, 283, 287, 288, 289, 289, 290, 290, 291, 297, 298, 303, 303, 305, 305, 305, 307, 307, 307, 308, 308, 308, 308, 309, 310, 310, 310, 311, 312, 313, 313, 313, 314, 314, 318, 321, 321, 321, 321, 321, 326, 330, 331, 332, 333, 335, 337, 341, 343, 345, 346, 349, 349, 352, 352, 352, 352, 353, 356, 356, 361, 364, 365, 368, 369, 370, 371, 372, 374, 375, 379, 379, 379]}
157 {0: [29, 29, 25, 25, 29, 26, 27, 28, 27, 27, 25, 25, 26, 27, 25, 25, 26, 26, 26, 26, 26, 25, 25, 25, 25, 26, 24, 25, 25, 23, 26, 26, 26, 27, 27, 29, 25, 26, 22, 23, 22, 22, 23, 22, 22, 23, 22, 22, 22, 22, 22, 22, 22, 22, 23, 22, 22, 22, 22, 23, 25, 23, 22, 23, 25, 25, 27, 24, 23, 24, 24, 25, 26, 26, 23, 22, 22, 22, 20, 24, 23, 23, 25, 26, 27, 26, 27, 26, 24, 26, 24, 24, 24, 24, 25, 25, 28, 26, 28, 30], 1: [240, 242, 246, 246, 247, 251, 251, 251, 254, 257, 259, 264, 264, 264, 266, 267, 268, 269, 269, 273, 274, 275, 275, 275, 275, 279, 283, 283, 283, 287, 288, 289, 289, 290, 290, 291, 297, 298, 303, 303, 305, 305, 305, 307, 307, 307, 308, 308, 308, 308, 309, 310, 310, 310, 311, 312, 313, 313, 313, 314, 314, 318, 321, 321, 321, 321, 321, 326, 330, 331, 332, 333, 335, 337, 341, 343, 345, 346, 349, 349, 352, 352, 352, 352, 353, 356, 356, 361, 364, 365, 368, 369, 370, 371, 372, 374, 375, 379, 379, 379]}
894 {0: [29, 29, 25, 25, 29, 26, 27, 28, 27, 27, 25, 25, 26, 27, 25, 25, 26, 26, 26, 26, 26, 25, 25, 25, 25, 26, 24, 25, 25, 23, 26, 26, 26, 27, 27, 29, 25, 26, 22, 23, 22, 22, 23, 22, 22, 23, 22, 22, 22, 22, 22, 22, 22, 22, 23, 22, 22, 22, 22, 23, 25, 23, 22, 23, 25, 25, 27, 24, 23, 24, 24, 25, 26, 26, 23, 22, 22, 22, 20, 24, 23, 23, 25, 26, 27, 26, 27, 26, 24, 26, 24, 24, 24, 24, 25, 25, 28, 26, 28, 30], 1: [240, 242, 246, 246, 247, 251, 251, 251, 254, 257, 259, 264, 264, 264, 266, 267, 268, 269, 269, 273, 274, 275, 275, 275, 275, 279, 283, 283, 283, 287, 288, 289, 289, 290, 290, 291, 297, 298, 303, 303, 305, 305, 305, 307, 307, 307, 308, 308, 308, 308, 309, 310, 310, 310, 311, 312, 313, 313, 313, 314, 314, 318, 321, 321, 321, 321, 321, 326, 330, 331, 332, 333, 335, 337, 341, 343, 345, 346, 349, 349, 352, 352, 352, 352, 353, 356, 356, 361, 364, 365, 368, 369, 370, 371, 372, 374, 375, 379, 379, 379]}
404 {0: [29, 29, 25, 25, 29, 26, 27, 28, 27, 27, 25, 25, 26, 27, 25, 25, 26, 26, 26, 26, 26, 25, 25, 25, 25, 26, 24, 25, 25, 23, 26, 26, 26, 27, 27, 29, 25, 26, 22, 23, 22, 22, 23, 22, 22, 23, 22, 22, 22, 22, 22, 22, 22, 22, 23, 22, 22, 22, 22, 23, 25, 23, 22, 23, 25, 25, 27, 24, 23, 24, 24, 25, 26, 26, 23, 22, 22, 22, 20, 24, 23, 23, 25, 26, 27, 26, 27, 26, 24, 26, 24, 24, 24, 24, 25, 25, 28, 26, 28, 30], 1: [240, 242, 246, 246, 247, 251, 251, 251, 254, 257, 259, 264, 264, 264, 266, 267, 268, 269, 269, 273, 274, 275, 275, 275, 275, 279, 283, 283, 283, 287, 288, 289, 289, 290, 290, 291, 297, 298, 303, 303, 305, 305, 305, 307, 307, 307, 308, 308, 308, 308, 309, 310, 310, 310, 311, 312, 313, 313, 313, 314, 314, 318, 321, 321, 321, 321, 321, 326, 330, 331, 332, 333, 335, 337, 341, 343, 345, 346, 349, 349, 352, 352, 352, 352, 353, 356, 356, 361, 364, 365, 368, 369, 370, 371, 372, 374, 375, 379, 379, 379]}
652 {0: [29, 29, 25, 25, 29, 26, 27, 28, 27, 27, 25, 25, 26, 27, 25, 25, 26, 26, 26, 26, 26, 25, 25, 25, 25, 26, 24, 25, 25, 23, 26, 26, 26, 27, 27, 29, 25, 26, 22, 23, 22, 22, 23, 22, 22, 23, 22, 22, 22, 22, 22, 22, 22, 22, 23, 22, 22, 22, 22, 23, 25, 23, 22, 23, 25, 25, 27, 24, 23, 24, 24, 25, 26, 26, 23, 22, 22, 22, 20, 24, 23, 23, 25, 26, 27, 26, 27, 26, 24, 26, 24, 24, 24, 24, 25, 25, 28, 26, 28, 30], 1: [240, 242, 246, 246, 247, 251, 251, 251, 254, 257, 259, 264, 264, 264, 266, 267, 268, 269, 269, 273, 274, 275, 275, 275, 275, 279, 283, 283, 283, 287, 288, 289, 289, 290, 290, 291, 297, 298, 303, 303, 305, 305, 305, 307, 307, 307, 308, 308, 308, 308, 309, 310, 310, 310, 311, 312, 313, 313, 313, 314, 314, 318, 321, 321, 321, 321, 321, 326, 330, 331, 332, 333, 335, 337, 341, 343, 345, 346, 349, 349, 352, 352, 352, 352, 353, 356, 356, 361, 364, 365, 368, 369, 370, 371, 372, 374, 375, 379, 379, 379]}
158 {0: [29, 29, 25, 25, 29, 26, 27, 28, 27, 27, 25, 25, 26, 27, 25, 25, 26, 26, 26, 26, 26, 25, 25, 25, 25, 26, 24, 25, 25, 23, 26, 26, 26, 27, 27, 29, 25, 26, 22, 23, 22, 22, 23, 22, 22, 23, 22, 22, 22, 22, 22, 22, 22, 22, 23, 22, 22, 22, 22, 23, 25, 23, 22, 23, 25, 25, 27, 24, 23, 24, 24, 25, 26, 26, 23, 22, 22, 22, 20, 24, 23, 23, 25, 26, 27, 26, 27, 26, 24, 26, 24, 24, 24, 24, 25, 25, 28, 26, 28, 30], 1: [240, 242, 246, 246, 247, 251, 251, 251, 254, 257, 259, 264, 264, 264, 266, 267, 268, 269, 269, 273, 274, 275, 275, 275, 275, 279, 283, 283, 283, 287, 288, 289, 289, 290, 290, 291, 297, 298, 303, 303, 305, 305, 305, 307, 307, 307, 308, 308, 308, 308, 309, 310, 310, 310, 311, 312, 313, 313, 313, 314, 314, 318, 321, 321, 321, 321, 321, 326, 330, 331, 332, 333, 335, 337, 341, 343, 345, 346, 349, 349, 352, 352, 352, 352, 353, 356, 356, 361, 364, 365, 368, 369, 370, 371, 372, 374, 375, 379, 379, 379]}
895 {0: [29, 29, 25, 25, 29, 26, 27, 28, 27, 27, 25, 25, 26, 27, 25, 25, 26, 26, 26, 26, 26, 25, 25, 25, 25, 26, 24, 25, 25, 23, 26, 26, 26, 27, 27, 29, 25, 26, 22, 23, 22, 22, 23, 22, 22, 23, 22, 22, 22, 22, 22, 22, 22, 22, 23, 22, 22, 22, 22, 23, 25, 23, 22, 23, 25, 25, 27, 24, 23, 24, 24, 25, 26, 26, 23, 22, 22, 22, 20, 24, 23, 23, 25, 26, 27, 26, 27, 26, 24, 26, 24, 24, 24, 24, 25, 25, 28, 26, 28, 30], 1: [240, 242, 246, 246, 247, 251, 251, 251, 254, 257, 259, 264, 264, 264, 266, 267, 268, 269, 269, 273, 274, 275, 275, 275, 275, 279, 283, 283, 283, 287, 288, 289, 289, 290, 290, 291, 297, 298, 303, 303, 305, 305, 305, 307, 307, 307, 308, 308, 308, 308, 309, 310, 310, 310, 311, 312, 313, 313, 313, 314, 314, 318, 321, 321, 321, 321, 321, 326, 330, 331, 332, 333, 335, 337, 341, 343, 345, 346, 349, 349, 352, 352, 352, 352, 353, 356, 356, 361, 364, 365, 368, 369, 370, 371, 372, 374, 375, 379, 379, 379]}
405 {0: [29, 29, 25, 25, 29, 26, 27, 28, 27, 27, 25, 25, 26, 27, 25, 25, 26, 26, 26, 26, 26, 25, 25, 25, 25, 26, 24, 25, 25, 23, 26, 26, 26, 27, 27, 29, 25, 26, 22, 23, 22, 22, 23, 22, 22, 23, 22, 22, 22, 22, 22, 22, 22, 22, 23, 22, 22, 22, 22, 23, 25, 23, 22, 23, 25, 25, 27, 24, 23, 24, 24, 25, 26, 26, 23, 22, 22, 22, 20, 24, 23, 23, 25, 26, 27, 26, 27, 26, 24, 26, 24, 24, 24, 24, 25, 25, 28, 26, 28, 30], 1: [240, 242, 246, 246, 247, 251, 251, 251, 254, 257, 259, 264, 264, 264, 266, 267, 268, 269, 269, 273, 274, 275, 275, 275, 275, 279, 283, 283, 283, 287, 288, 289, 289, 290, 290, 291, 297, 298, 303, 303, 305, 305, 305, 307, 307, 307, 308, 308, 308, 308, 309, 310, 310, 310, 311, 312, 313, 313, 313, 314, 314, 318, 321, 321, 321, 321, 321, 326, 330, 331, 332, 333, 335, 337, 341, 343, 345, 346, 349, 349, 352, 352, 352, 352, 353, 356, 356, 361, 364, 365, 368, 369, 370, 371, 372, 374, 375, 379, 379, 379]}
653 {0: [29, 29, 25, 25, 29, 26, 27, 28, 27, 27, 25, 25, 26, 27, 25, 25, 26, 26, 26, 26, 26, 25, 25, 25, 25, 26, 24, 25, 25, 23, 26, 26, 26, 27, 27, 29, 25, 26, 22, 23, 22, 22, 23, 22, 22, 23, 22, 22, 22, 22, 22, 22, 22, 22, 23, 22, 22, 22, 22, 23, 25, 23, 22, 23, 25, 25, 27, 24, 23, 24, 24, 25, 26, 26, 23, 22, 22, 22, 20, 24, 23, 23, 25, 26, 27, 26, 27, 26, 24, 26, 24, 24, 24, 24, 25, 25, 28, 26, 28, 30], 1: [240, 242, 246, 246, 247, 251, 251, 251, 254, 257, 259, 264, 264, 264, 266, 267, 268, 269, 269, 273, 274, 275, 275, 275, 275, 279, 283, 283, 283, 287, 288, 289, 289, 290, 290, 291, 297, 298, 303, 303, 305, 305, 305, 307, 307, 307, 308, 308, 308, 308, 309, 310, 310, 310, 311, 312, 313, 313, 313, 314, 314, 318, 321, 321, 321, 321, 321, 326, 330, 331, 332, 333, 335, 337, 341, 343, 345, 346, 349, 349, 352, 352, 352, 352, 353, 356, 356, 361, 364, 365, 368, 369, 370, 371, 372, 374, 375, 379, 379, 379]}
159 {0: [29, 29, 25, 25, 29, 26, 27, 28, 27, 27, 25, 25, 26, 27, 25, 25, 26, 26, 26, 26, 26, 25, 25, 25, 25, 26, 24, 25, 25, 23, 26, 26, 26, 27, 27, 29, 25, 26, 22, 23, 22, 22, 23, 22, 22, 23, 22, 22, 22, 22, 22, 22, 22, 22, 23, 22, 22, 22, 22, 23, 25, 23, 22, 23, 25, 25, 27, 24, 23, 24, 24, 25, 26, 26, 23, 22, 22, 22, 20, 24, 23, 23, 25, 26, 27, 26, 27, 26, 24, 26, 24, 24, 24, 24, 25, 25, 28, 26, 28, 30], 1: [240, 242, 246, 246, 247, 251, 251, 251, 254, 257, 259, 264, 264, 264, 266, 267, 268, 269, 269, 273, 274, 275, 275, 275, 275, 279, 283, 283, 283, 287, 288, 289, 289, 290, 290, 291, 297, 298, 303, 303, 305, 305, 305, 307, 307, 307, 308, 308, 308, 308, 309, 310, 310, 310, 311, 312, 313, 313, 313, 314, 314, 318, 321, 321, 321, 321, 321, 326, 330, 331, 332, 333, 335, 337, 341, 343, 345, 346, 349, 349, 352, 352, 352, 352, 353, 356, 356, 361, 364, 365, 368, 369, 370, 371, 372, 374, 375, 379, 379, 379]}
896 {0: [28, 27, 25, 25, 26, 24, 24, 25, 22, 23, 26, 24, 23, 24, 24, 25, 25, 26, 28, 26, 22, 23, 24, 24, 26, 25, 26, 26, 27, 28, 27, 25, 26, 25, 24, 26, 26, 26, 28, 26, 26, 29, 27, 26, 26, 27, 26, 25, 26, 25, 26, 26, 26, 27, 23, 24, 24, 24, 23, 26, 25, 26, 25, 27, 25, 23, 23, 24, 23, 24, 24, 26, 24, 24, 26, 25, 24, 24, 27, 26, 27, 28, 27, 25, 27, 27, 27, 27, 26, 28, 29, 28, 27, 27, 29, 27, 28, 27, 27, 27], 1: [240, 242, 246, 249, 249, 253, 253, 255, 258, 258, 258, 261, 263, 264, 265, 265, 265, 266, 268, 272, 277, 277, 280, 281, 281, 283, 284, 285, 286, 288, 294, 297, 298, 299, 301, 302, 306, 308, 308, 311, 311, 311, 313, 315, 318, 318, 319, 322, 322, 323, 323, 325, 326, 327, 333, 334, 335, 335, 337, 337, 338, 341, 343, 346, 350, 355, 355, 356, 357, 357, 357, 358, 361, 363, 364, 366, 370, 370, 370, 372, 373, 376, 379, 383, 383, 384, 384, 386, 387, 387, 389, 392, 393, 395, 396, 399, 400, 402, 402, 402]}
406 {0: [29, 29, 25, 25, 29, 26, 27, 28, 27, 27, 25, 25, 26, 27, 25, 25, 26, 26, 26, 26, 26, 25, 25, 25, 25, 26, 24, 25, 25, 23, 26, 26, 26, 27, 27, 29, 25, 26, 22, 23, 22, 22, 23, 22, 22, 23, 22, 22, 22, 22, 22, 22, 22, 22, 23, 22, 22, 22, 22, 23, 25, 23, 22, 23, 25, 25, 27, 24, 23, 24, 24, 25, 26, 26, 23, 22, 22, 22, 20, 24, 23, 23, 25, 26, 27, 26, 27, 26, 24, 26, 24, 24, 24, 24, 25, 25, 28, 26, 28, 30], 1: [240, 242, 246, 246, 247, 251, 251, 251, 254, 257, 259, 264, 264, 264, 266, 267, 268, 269, 269, 273, 274, 275, 275, 275, 275, 279, 283, 283, 283, 287, 288, 289, 289, 290, 290, 291, 297, 298, 303, 303, 305, 305, 305, 307, 307, 307, 308, 308, 308, 308, 309, 310, 310, 310, 311, 312, 313, 313, 313, 314, 314, 318, 321, 321, 321, 321, 321, 326, 330, 331, 332, 333, 335, 337, 341, 343, 345, 346, 349, 349, 352, 352, 352, 352, 353, 356, 356, 361, 364, 365, 368, 369, 370, 371, 372, 374, 375, 379, 379, 379]}
654 {0: [29, 29, 25, 25, 29, 26, 27, 28, 27, 27, 25, 25, 26, 27, 25, 25, 26, 26, 26, 26, 26, 25, 25, 25, 25, 26, 24, 25, 25, 23, 26, 26, 26, 27, 27, 29, 25, 26, 22, 23, 22, 22, 23, 22, 22, 23, 22, 22, 22, 22, 22, 22, 22, 22, 23, 22, 22, 22, 22, 23, 25, 23, 22, 23, 25, 25, 27, 24, 23, 24, 24, 25, 26, 26, 23, 22, 22, 22, 20, 24, 23, 23, 25, 26, 27, 26, 27, 26, 24, 26, 24, 24, 24, 24, 25, 25, 28, 26, 28, 30], 1: [240, 242, 246, 246, 247, 251, 251, 251, 254, 257, 259, 264, 264, 264, 266, 267, 268, 269, 269, 273, 274, 275, 275, 275, 275, 279, 283, 283, 283, 287, 288, 289, 289, 290, 290, 291, 297, 298, 303, 303, 305, 305, 305, 307, 307, 307, 308, 308, 308, 308, 309, 310, 310, 310, 311, 312, 313, 313, 313, 314, 314, 318, 321, 321, 321, 321, 321, 326, 330, 331, 332, 333, 335, 337, 341, 343, 345, 346, 349, 349, 352, 352, 352, 352, 353, 356, 356, 361, 364, 365, 368, 369, 370, 371, 372, 374, 375, 379, 379, 379]}
160 {0: [29, 29, 25, 25, 29, 26, 27, 28, 27, 27, 25, 25, 26, 27, 25, 25, 26, 26, 26, 26, 26, 25, 25, 25, 25, 26, 24, 25, 25, 23, 26, 26, 26, 27, 27, 29, 25, 26, 22, 23, 22, 22, 23, 22, 22, 23, 22, 22, 22, 22, 22, 22, 22, 22, 23, 22, 22, 22, 22, 23, 25, 23, 22, 23, 25, 25, 27, 24, 23, 24, 24, 25, 26, 26, 23, 22, 22, 22, 20, 24, 23, 23, 25, 26, 27, 26, 27, 26, 24, 26, 24, 24, 24, 24, 25, 25, 28, 26, 28, 30], 1: [240, 242, 246, 246, 247, 251, 251, 251, 254, 257, 259, 264, 264, 264, 266, 267, 268, 269, 269, 273, 274, 275, 275, 275, 275, 279, 283, 283, 283, 287, 288, 289, 289, 290, 290, 291, 297, 298, 303, 303, 305, 305, 305, 307, 307, 307, 308, 308, 308, 308, 309, 310, 310, 310, 311, 312, 313, 313, 313, 314, 314, 318, 321, 321, 321, 321, 321, 326, 330, 331, 332, 333, 335, 337, 341, 343, 345, 346, 349, 349, 352, 352, 352, 352, 353, 356, 356, 361, 364, 365, 368, 369, 370, 371, 372, 374, 375, 379, 379, 379]}
897 {0: [29, 29, 25, 25, 29, 26, 27, 28, 27, 27, 25, 25, 26, 27, 25, 25, 26, 26, 26, 26, 26, 25, 25, 25, 25, 26, 24, 25, 25, 23, 26, 26, 26, 27, 27, 29, 25, 26, 22, 23, 22, 22, 23, 22, 22, 23, 22, 22, 22, 22, 22, 22, 22, 22, 23, 22, 22, 22, 22, 23, 25, 23, 22, 23, 25, 25, 27, 24, 23, 24, 24, 25, 26, 26, 23, 22, 22, 22, 20, 24, 23, 23, 25, 26, 27, 26, 27, 26, 24, 26, 24, 24, 24, 24, 25, 25, 28, 26, 28, 30], 1: [240, 242, 246, 246, 247, 251, 251, 251, 254, 257, 259, 264, 264, 264, 266, 267, 268, 269, 269, 273, 274, 275, 275, 275, 275, 279, 283, 283, 283, 287, 288, 289, 289, 290, 290, 291, 297, 298, 303, 303, 305, 305, 305, 307, 307, 307, 308, 308, 308, 308, 309, 310, 310, 310, 311, 312, 313, 313, 313, 314, 314, 318, 321, 321, 321, 321, 321, 326, 330, 331, 332, 333, 335, 337, 341, 343, 345, 346, 349, 349, 352, 352, 352, 352, 353, 356, 356, 361, 364, 365, 368, 369, 370, 371, 372, 374, 375, 379, 379, 379]}
407 {0: [29, 29, 25, 25, 29, 26, 27, 28, 27, 27, 25, 25, 26, 27, 25, 25, 26, 26, 26, 26, 26, 25, 25, 25, 25, 26, 24, 25, 25, 23, 26, 26, 26, 27, 27, 29, 25, 26, 22, 23, 22, 22, 23, 22, 22, 23, 22, 22, 22, 22, 22, 22, 22, 22, 23, 22, 22, 22, 22, 23, 25, 23, 22, 23, 25, 25, 27, 24, 23, 24, 24, 25, 26, 26, 23, 22, 22, 22, 20, 24, 23, 23, 25, 26, 27, 26, 27, 26, 24, 26, 24, 24, 24, 24, 25, 25, 28, 26, 28, 30], 1: [240, 242, 246, 246, 247, 251, 251, 251, 254, 257, 259, 264, 264, 264, 266, 267, 268, 269, 269, 273, 274, 275, 275, 275, 275, 279, 283, 283, 283, 287, 288, 289, 289, 290, 290, 291, 297, 298, 303, 303, 305, 305, 305, 307, 307, 307, 308, 308, 308, 308, 309, 310, 310, 310, 311, 312, 313, 313, 313, 314, 314, 318, 321, 321, 321, 321, 321, 326, 330, 331, 332, 333, 335, 337, 341, 343, 345, 346, 349, 349, 352, 352, 352, 352, 353, 356, 356, 361, 364, 365, 368, 369, 370, 371, 372, 374, 375, 379, 379, 379]}
655 {0: [29, 29, 25, 25, 29, 26, 27, 28, 27, 27, 25, 25, 26, 27, 25, 25, 26, 26, 26, 26, 26, 25, 25, 25, 25, 26, 24, 25, 25, 23, 26, 26, 26, 27, 27, 29, 25, 26, 22, 23, 22, 22, 23, 22, 22, 23, 22, 22, 22, 22, 22, 22, 22, 22, 23, 22, 22, 22, 22, 23, 25, 23, 22, 23, 25, 25, 27, 24, 23, 24, 24, 25, 26, 26, 23, 22, 22, 22, 20, 24, 23, 23, 25, 26, 27, 26, 27, 26, 24, 26, 24, 24, 24, 24, 25, 25, 28, 26, 28, 30], 1: [240, 242, 246, 246, 247, 251, 251, 251, 254, 257, 259, 264, 264, 264, 266, 267, 268, 269, 269, 273, 274, 275, 275, 275, 275, 279, 283, 283, 283, 287, 288, 289, 289, 290, 290, 291, 297, 298, 303, 303, 305, 305, 305, 307, 307, 307, 308, 308, 308, 308, 309, 310, 310, 310, 311, 312, 313, 313, 313, 314, 314, 318, 321, 321, 321, 321, 321, 326, 330, 331, 332, 333, 335, 337, 341, 343, 345, 346, 349, 349, 352, 352, 352, 352, 353, 356, 356, 361, 364, 365, 368, 369, 370, 371, 372, 374, 375, 379, 379, 379]}
161 {0: [29, 29, 25, 25, 29, 26, 27, 28, 27, 28, 25, 27, 26, 26, 27, 25, 25, 26, 24, 24, 26, 26, 26, 28, 27, 25, 25, 26, 26, 25, 27, 27, 26, 25, 26, 29, 28, 27, 25, 24, 24, 27, 27, 28, 27, 27, 25, 26, 25, 27, 27, 26, 26, 26, 26, 26, 26, 27, 27, 28, 29, 26, 26, 26, 29, 25, 25, 27, 24, 24, 25, 27, 26, 26, 27, 28, 28, 27, 28, 28, 26, 27, 29, 28, 30, 29, 29, 27, 28, 26, 26, 26, 27, 27, 27, 26, 27, 28, 27, 29], 1: [240, 242, 246, 246, 247, 251, 251, 251, 254, 256, 262, 263, 264, 266, 269, 274, 275, 275, 279, 282, 284, 288, 288, 291, 295, 299, 300, 301, 303, 307, 310, 314, 316, 320, 321, 321, 323, 325, 329, 332, 334, 335, 337, 338, 340, 343, 346, 346, 351, 351, 352, 353, 355, 356, 360, 364, 364, 364, 366, 367, 369, 373, 374, 374, 375, 380, 381, 382, 386, 386, 387, 387, 389, 390, 390, 391, 392, 395, 397, 402, 405, 405, 408, 409, 409, 412, 414, 417, 417, 420, 420, 421, 422, 425, 425, 429, 430, 431, 434, 435]}
898 {0: [29, 29, 25, 25, 29, 26, 27, 28, 27, 27, 25, 25, 26, 27, 25, 25, 26, 26, 26, 26, 26, 25, 25, 25, 25, 26, 24, 25, 25, 23, 26, 26, 26, 27, 27, 29, 25, 26, 22, 23, 22, 22, 23, 22, 22, 23, 22, 22, 22, 22, 22, 22, 22, 22, 23, 22, 22, 22, 22, 23, 25, 23, 22, 23, 25, 25, 27, 24, 23, 24, 24, 25, 26, 26, 23, 22, 22, 22, 20, 24, 23, 23, 25, 26, 27, 26, 27, 26, 24, 26, 24, 24, 24, 24, 25, 25, 28, 26, 28, 30], 1: [240, 242, 246, 246, 247, 251, 251, 251, 254, 257, 259, 264, 264, 264, 266, 267, 268, 269, 269, 273, 274, 275, 275, 275, 275, 279, 283, 283, 283, 287, 288, 289, 289, 290, 290, 291, 297, 298, 303, 303, 305, 305, 305, 307, 307, 307, 308, 308, 308, 308, 309, 310, 310, 310, 311, 312, 313, 313, 313, 314, 314, 318, 321, 321, 321, 321, 321, 326, 330, 331, 332, 333, 335, 337, 341, 343, 345, 346, 349, 349, 352, 352, 352, 352, 353, 356, 356, 361, 364, 365, 368, 369, 370, 371, 372, 374, 375, 379, 379, 379]}
408 {0: [29, 29, 25, 25, 29, 26, 27, 28, 27, 27, 25, 25, 26, 27, 25, 25, 26, 26, 26, 26, 26, 25, 25, 25, 25, 26, 24, 25, 25, 23, 26, 26, 26, 27, 27, 29, 25, 26, 22, 23, 22, 22, 23, 22, 22, 23, 22, 22, 22, 22, 22, 22, 22, 22, 23, 22, 22, 22, 22, 23, 25, 23, 22, 23, 25, 25, 27, 24, 23, 24, 24, 25, 26, 26, 23, 22, 22, 22, 20, 24, 23, 23, 25, 26, 27, 26, 27, 26, 24, 26, 24, 24, 24, 24, 25, 25, 28, 26, 28, 30], 1: [240, 242, 246, 246, 247, 251, 251, 251, 254, 257, 259, 264, 264, 264, 266, 267, 268, 269, 269, 273, 274, 275, 275, 275, 275, 279, 283, 283, 283, 287, 288, 289, 289, 290, 290, 291, 297, 298, 303, 303, 305, 305, 305, 307, 307, 307, 308, 308, 308, 308, 309, 310, 310, 310, 311, 312, 313, 313, 313, 314, 314, 318, 321, 321, 321, 321, 321, 326, 330, 331, 332, 333, 335, 337, 341, 343, 345, 346, 349, 349, 352, 352, 352, 352, 353, 356, 356, 361, 364, 365, 368, 369, 370, 371, 372, 374, 375, 379, 379, 379]}
656 {0: [29, 29, 25, 25, 29, 26, 27, 28, 27, 27, 25, 25, 26, 27, 25, 25, 26, 26, 26, 26, 26, 25, 25, 25, 25, 26, 24, 25, 25, 23, 26, 26, 26, 27, 27, 29, 25, 26, 22, 23, 22, 22, 23, 22, 22, 23, 22, 22, 22, 22, 22, 22, 22, 22, 23, 22, 22, 22, 22, 23, 25, 23, 22, 23, 25, 25, 27, 24, 23, 24, 24, 25, 26, 26, 23, 22, 22, 22, 20, 24, 23, 23, 25, 26, 27, 26, 27, 26, 24, 26, 24, 24, 24, 24, 25, 25, 28, 26, 28, 30], 1: [240, 242, 246, 246, 247, 251, 251, 251, 254, 257, 259, 264, 264, 264, 266, 267, 268, 269, 269, 273, 274, 275, 275, 275, 275, 279, 283, 283, 283, 287, 288, 289, 289, 290, 290, 291, 297, 298, 303, 303, 305, 305, 305, 307, 307, 307, 308, 308, 308, 308, 309, 310, 310, 310, 311, 312, 313, 313, 313, 314, 314, 318, 321, 321, 321, 321, 321, 326, 330, 331, 332, 333, 335, 337, 341, 343, 345, 346, 349, 349, 352, 352, 352, 352, 353, 356, 356, 361, 364, 365, 368, 369, 370, 371, 372, 374, 375, 379, 379, 379]}
162 {0: [29, 29, 25, 25, 29, 26, 27, 28, 27, 27, 25, 25, 26, 27, 25, 25, 26, 26, 26, 26, 26, 25, 25, 25, 25, 26, 24, 25, 25, 23, 26, 26, 26, 27, 27, 29, 25, 26, 22, 23, 22, 22, 23, 22, 22, 23, 22, 22, 22, 22, 22, 22, 22, 22, 23, 22, 22, 22, 22, 23, 25, 23, 22, 23, 25, 25, 27, 24, 23, 24, 24, 25, 26, 26, 23, 22, 22, 22, 20, 24, 23, 23, 25, 26, 27, 26, 27, 26, 24, 26, 24, 24, 24, 24, 25, 25, 28, 26, 28, 30], 1: [240, 242, 246, 246, 247, 251, 251, 251, 254, 257, 259, 264, 264, 264, 266, 267, 268, 269, 269, 273, 274, 275, 275, 275, 275, 279, 283, 283, 283, 287, 288, 289, 289, 290, 290, 291, 297, 298, 303, 303, 305, 305, 305, 307, 307, 307, 308, 308, 308, 308, 309, 310, 310, 310, 311, 312, 313, 313, 313, 314, 314, 318, 321, 321, 321, 321, 321, 326, 330, 331, 332, 333, 335, 337, 341, 343, 345, 346, 349, 349, 352, 352, 352, 352, 353, 356, 356, 361, 364, 365, 368, 369, 370, 371, 372, 374, 375, 379, 379, 379]}
899 {0: [28, 27, 25, 25, 26, 24, 24, 25, 22, 23, 26, 24, 23, 24, 24, 25, 25, 26, 28, 26, 22, 23, 24, 24, 26, 25, 26, 26, 27, 28, 27, 25, 26, 25, 24, 26, 26, 26, 28, 26, 26, 29, 27, 26, 26, 27, 26, 25, 26, 25, 26, 26, 26, 27, 23, 24, 24, 24, 23, 26, 25, 26, 25, 27, 25, 23, 23, 24, 23, 24, 24, 26, 24, 24, 26, 25, 24, 24, 27, 26, 27, 28, 27, 25, 27, 27, 27, 27, 26, 28, 29, 28, 27, 27, 29, 27, 28, 27, 27, 27], 1: [240, 242, 246, 249, 249, 253, 253, 255, 258, 258, 258, 261, 263, 264, 265, 265, 265, 266, 268, 272, 277, 277, 280, 281, 281, 283, 284, 285, 286, 288, 294, 297, 298, 299, 301, 302, 306, 308, 308, 311, 311, 311, 313, 315, 318, 318, 319, 322, 322, 323, 323, 325, 326, 327, 333, 334, 335, 335, 337, 337, 338, 341, 343, 346, 350, 355, 355, 356, 357, 357, 357, 358, 361, 363, 364, 366, 370, 370, 370, 372, 373, 376, 379, 383, 383, 384, 384, 386, 387, 387, 389, 392, 393, 395, 396, 399, 400, 402, 402, 402]}
409 {0: [29, 29, 25, 25, 29, 26, 27, 28, 27, 27, 25, 25, 26, 27, 25, 25, 26, 26, 26, 26, 26, 25, 25, 25, 25, 26, 24, 25, 25, 23, 26, 26, 26, 27, 27, 29, 25, 26, 22, 23, 22, 22, 23, 22, 22, 23, 22, 22, 22, 22, 22, 22, 22, 22, 23, 22, 22, 22, 22, 23, 25, 23, 22, 23, 25, 25, 27, 24, 23, 24, 24, 25, 26, 26, 23, 22, 22, 22, 20, 24, 23, 23, 25, 26, 27, 26, 27, 26, 24, 26, 24, 24, 24, 24, 25, 25, 28, 26, 28, 30], 1: [240, 242, 246, 246, 247, 251, 251, 251, 254, 257, 259, 264, 264, 264, 266, 267, 268, 269, 269, 273, 274, 275, 275, 275, 275, 279, 283, 283, 283, 287, 288, 289, 289, 290, 290, 291, 297, 298, 303, 303, 305, 305, 305, 307, 307, 307, 308, 308, 308, 308, 309, 310, 310, 310, 311, 312, 313, 313, 313, 314, 314, 318, 321, 321, 321, 321, 321, 326, 330, 331, 332, 333, 335, 337, 341, 343, 345, 346, 349, 349, 352, 352, 352, 352, 353, 356, 356, 361, 364, 365, 368, 369, 370, 371, 372, 374, 375, 379, 379, 379]}
657 {0: [28, 27, 25, 25, 26, 24, 24, 25, 22, 23, 26, 24, 23, 24, 24, 25, 25, 26, 28, 26, 22, 23, 24, 24, 26, 25, 26, 26, 27, 28, 27, 25, 26, 25, 24, 26, 26, 26, 28, 26, 26, 29, 27, 26, 26, 27, 26, 25, 26, 25, 26, 26, 26, 27, 23, 24, 24, 24, 23, 26, 25, 26, 25, 27, 25, 23, 23, 24, 23, 24, 24, 26, 24, 24, 26, 25, 24, 24, 27, 26, 27, 28, 27, 25, 27, 27, 27, 27, 26, 28, 29, 28, 27, 27, 29, 27, 28, 27, 27, 27], 1: [240, 242, 246, 249, 249, 253, 253, 255, 258, 258, 258, 261, 263, 264, 265, 265, 265, 266, 268, 272, 277, 277, 280, 281, 281, 283, 284, 285, 286, 288, 294, 297, 298, 299, 301, 302, 306, 308, 308, 311, 311, 311, 313, 315, 318, 318, 319, 322, 322, 323, 323, 325, 326, 327, 333, 334, 335, 335, 337, 337, 338, 341, 343, 346, 350, 355, 355, 356, 357, 357, 357, 358, 361, 363, 364, 366, 370, 370, 370, 372, 373, 376, 379, 383, 383, 384, 384, 386, 387, 387, 389, 392, 393, 395, 396, 399, 400, 402, 402, 402]}
163 {0: [29, 29, 25, 25, 29, 26, 27, 28, 27, 27, 25, 25, 26, 27, 25, 25, 26, 26, 26, 26, 26, 25, 25, 25, 25, 26, 24, 25, 25, 23, 26, 26, 26, 27, 27, 29, 25, 26, 22, 23, 22, 22, 23, 22, 22, 23, 22, 22, 22, 22, 22, 22, 22, 22, 23, 22, 22, 22, 22, 23, 25, 23, 22, 23, 25, 25, 27, 24, 23, 24, 24, 25, 26, 26, 23, 22, 22, 22, 20, 24, 23, 23, 25, 26, 27, 26, 27, 26, 24, 26, 24, 24, 24, 24, 25, 25, 28, 26, 28, 30], 1: [240, 242, 246, 246, 247, 251, 251, 251, 254, 257, 259, 264, 264, 264, 266, 267, 268, 269, 269, 273, 274, 275, 275, 275, 275, 279, 283, 283, 283, 287, 288, 289, 289, 290, 290, 291, 297, 298, 303, 303, 305, 305, 305, 307, 307, 307, 308, 308, 308, 308, 309, 310, 310, 310, 311, 312, 313, 313, 313, 314, 314, 318, 321, 321, 321, 321, 321, 326, 330, 331, 332, 333, 335, 337, 341, 343, 345, 346, 349, 349, 352, 352, 352, 352, 353, 356, 356, 361, 364, 365, 368, 369, 370, 371, 372, 374, 375, 379, 379, 379]}
900 {0: [29, 29, 25, 25, 29, 26, 27, 28, 27, 27, 25, 25, 26, 27, 25, 25, 26, 26, 26, 26, 26, 25, 25, 25, 25, 26, 24, 25, 25, 23, 26, 26, 26, 27, 27, 29, 25, 26, 22, 23, 22, 22, 23, 22, 22, 23, 22, 22, 22, 22, 22, 22, 22, 22, 23, 22, 22, 22, 22, 23, 25, 23, 22, 23, 25, 25, 27, 24, 23, 24, 24, 25, 26, 26, 23, 22, 22, 22, 20, 24, 23, 23, 25, 26, 27, 26, 27, 26, 24, 26, 24, 24, 24, 24, 25, 25, 28, 26, 28, 30], 1: [240, 242, 246, 246, 247, 251, 251, 251, 254, 257, 259, 264, 264, 264, 266, 267, 268, 269, 269, 273, 274, 275, 275, 275, 275, 279, 283, 283, 283, 287, 288, 289, 289, 290, 290, 291, 297, 298, 303, 303, 305, 305, 305, 307, 307, 307, 308, 308, 308, 308, 309, 310, 310, 310, 311, 312, 313, 313, 313, 314, 314, 318, 321, 321, 321, 321, 321, 326, 330, 331, 332, 333, 335, 337, 341, 343, 345, 346, 349, 349, 352, 352, 352, 352, 353, 356, 356, 361, 364, 365, 368, 369, 370, 371, 372, 374, 375, 379, 379, 379]}
410 {0: [29, 29, 25, 25, 29, 26, 27, 28, 27, 27, 25, 25, 26, 27, 25, 25, 26, 26, 26, 26, 26, 25, 25, 25, 25, 26, 24, 25, 25, 23, 26, 26, 26, 27, 27, 29, 25, 26, 22, 23, 22, 22, 23, 22, 22, 23, 22, 22, 22, 22, 22, 22, 22, 22, 23, 22, 22, 22, 22, 23, 25, 23, 22, 23, 25, 25, 27, 24, 23, 24, 24, 25, 26, 26, 23, 22, 22, 22, 20, 24, 23, 23, 25, 26, 27, 26, 27, 26, 24, 26, 24, 24, 24, 24, 25, 25, 28, 26, 28, 30], 1: [240, 242, 246, 246, 247, 251, 251, 251, 254, 257, 259, 264, 264, 264, 266, 267, 268, 269, 269, 273, 274, 275, 275, 275, 275, 279, 283, 283, 283, 287, 288, 289, 289, 290, 290, 291, 297, 298, 303, 303, 305, 305, 305, 307, 307, 307, 308, 308, 308, 308, 309, 310, 310, 310, 311, 312, 313, 313, 313, 314, 314, 318, 321, 321, 321, 321, 321, 326, 330, 331, 332, 333, 335, 337, 341, 343, 345, 346, 349, 349, 352, 352, 352, 352, 353, 356, 356, 361, 364, 365, 368, 369, 370, 371, 372, 374, 375, 379, 379, 379]}
658 {0: [29, 29, 25, 25, 29, 26, 27, 28, 27, 27, 25, 25, 26, 27, 25, 25, 26, 26, 26, 26, 26, 25, 25, 25, 25, 26, 24, 25, 25, 23, 26, 26, 26, 27, 27, 29, 25, 26, 22, 23, 22, 22, 23, 22, 22, 23, 22, 22, 22, 22, 22, 22, 22, 22, 23, 22, 22, 22, 22, 23, 25, 23, 22, 23, 25, 25, 27, 24, 23, 24, 24, 25, 26, 26, 23, 22, 22, 22, 20, 24, 23, 23, 25, 26, 27, 26, 27, 26, 24, 26, 24, 24, 24, 24, 25, 25, 28, 26, 28, 30], 1: [240, 242, 246, 246, 247, 251, 251, 251, 254, 257, 259, 264, 264, 264, 266, 267, 268, 269, 269, 273, 274, 275, 275, 275, 275, 279, 283, 283, 283, 287, 288, 289, 289, 290, 290, 291, 297, 298, 303, 303, 305, 305, 305, 307, 307, 307, 308, 308, 308, 308, 309, 310, 310, 310, 311, 312, 313, 313, 313, 314, 314, 318, 321, 321, 321, 321, 321, 326, 330, 331, 332, 333, 335, 337, 341, 343, 345, 346, 349, 349, 352, 352, 352, 352, 353, 356, 356, 361, 364, 365, 368, 369, 370, 371, 372, 374, 375, 379, 379, 379]}
164 {0: [29, 29, 25, 25, 29, 26, 27, 28, 27, 27, 25, 25, 26, 27, 25, 25, 26, 26, 26, 26, 26, 25, 25, 25, 25, 26, 24, 25, 25, 23, 26, 26, 26, 27, 27, 29, 25, 26, 22, 23, 22, 22, 23, 22, 22, 23, 22, 22, 22, 22, 22, 22, 22, 22, 23, 22, 22, 22, 22, 23, 25, 23, 22, 23, 25, 25, 27, 24, 23, 24, 24, 25, 26, 26, 23, 22, 22, 22, 20, 24, 23, 23, 25, 26, 27, 26, 27, 26, 24, 26, 24, 24, 24, 24, 25, 25, 28, 26, 28, 30], 1: [240, 242, 246, 246, 247, 251, 251, 251, 254, 257, 259, 264, 264, 264, 266, 267, 268, 269, 269, 273, 274, 275, 275, 275, 275, 279, 283, 283, 283, 287, 288, 289, 289, 290, 290, 291, 297, 298, 303, 303, 305, 305, 305, 307, 307, 307, 308, 308, 308, 308, 309, 310, 310, 310, 311, 312, 313, 313, 313, 314, 314, 318, 321, 321, 321, 321, 321, 326, 330, 331, 332, 333, 335, 337, 341, 343, 345, 346, 349, 349, 352, 352, 352, 352, 353, 356, 356, 361, 364, 365, 368, 369, 370, 371, 372, 374, 375, 379, 379, 379]}
901 {0: [29, 29, 25, 25, 29, 26, 27, 28, 27, 27, 25, 25, 26, 27, 25, 25, 26, 26, 26, 26, 26, 25, 25, 25, 25, 26, 24, 25, 25, 23, 26, 26, 26, 27, 27, 29, 25, 26, 22, 23, 22, 22, 23, 22, 22, 23, 22, 22, 22, 22, 22, 22, 22, 22, 23, 22, 22, 22, 22, 23, 25, 23, 22, 23, 25, 25, 27, 24, 23, 24, 24, 25, 26, 26, 23, 22, 22, 22, 20, 24, 23, 23, 25, 26, 27, 26, 27, 26, 24, 26, 24, 24, 24, 24, 25, 25, 28, 26, 28, 30], 1: [240, 242, 246, 246, 247, 251, 251, 251, 254, 257, 259, 264, 264, 264, 266, 267, 268, 269, 269, 273, 274, 275, 275, 275, 275, 279, 283, 283, 283, 287, 288, 289, 289, 290, 290, 291, 297, 298, 303, 303, 305, 305, 305, 307, 307, 307, 308, 308, 308, 308, 309, 310, 310, 310, 311, 312, 313, 313, 313, 314, 314, 318, 321, 321, 321, 321, 321, 326, 330, 331, 332, 333, 335, 337, 341, 343, 345, 346, 349, 349, 352, 352, 352, 352, 353, 356, 356, 361, 364, 365, 368, 369, 370, 371, 372, 374, 375, 379, 379, 379]}
411 {0: [29, 29, 25, 25, 29, 26, 27, 28, 27, 27, 25, 25, 26, 27, 25, 25, 26, 26, 26, 26, 26, 25, 25, 25, 25, 26, 24, 25, 25, 23, 26, 26, 26, 27, 27, 29, 25, 26, 22, 23, 22, 22, 23, 22, 22, 23, 22, 22, 22, 22, 22, 22, 22, 22, 23, 22, 22, 22, 22, 23, 25, 23, 22, 23, 25, 25, 27, 24, 23, 24, 24, 25, 26, 26, 23, 22, 22, 22, 20, 24, 23, 23, 25, 26, 27, 26, 27, 26, 24, 26, 24, 24, 24, 24, 25, 25, 28, 26, 28, 30], 1: [240, 242, 246, 246, 247, 251, 251, 251, 254, 257, 259, 264, 264, 264, 266, 267, 268, 269, 269, 273, 274, 275, 275, 275, 275, 279, 283, 283, 283, 287, 288, 289, 289, 290, 290, 291, 297, 298, 303, 303, 305, 305, 305, 307, 307, 307, 308, 308, 308, 308, 309, 310, 310, 310, 311, 312, 313, 313, 313, 314, 314, 318, 321, 321, 321, 321, 321, 326, 330, 331, 332, 333, 335, 337, 341, 343, 345, 346, 349, 349, 352, 352, 352, 352, 353, 356, 356, 361, 364, 365, 368, 369, 370, 371, 372, 374, 375, 379, 379, 379]}
659 {0: [29, 29, 25, 25, 29, 26, 27, 28, 27, 27, 25, 25, 26, 27, 25, 25, 26, 26, 26, 26, 26, 25, 25, 25, 25, 26, 24, 25, 25, 23, 26, 26, 26, 27, 27, 29, 25, 26, 22, 23, 22, 22, 23, 22, 22, 23, 22, 22, 22, 22, 22, 22, 22, 22, 23, 22, 22, 22, 22, 23, 25, 23, 22, 23, 25, 25, 27, 24, 23, 24, 24, 25, 26, 26, 23, 22, 22, 22, 20, 24, 23, 23, 25, 26, 27, 26, 27, 26, 24, 26, 24, 24, 24, 24, 25, 25, 28, 26, 28, 30], 1: [240, 242, 246, 246, 247, 251, 251, 251, 254, 257, 259, 264, 264, 264, 266, 267, 268, 269, 269, 273, 274, 275, 275, 275, 275, 279, 283, 283, 283, 287, 288, 289, 289, 290, 290, 291, 297, 298, 303, 303, 305, 305, 305, 307, 307, 307, 308, 308, 308, 308, 309, 310, 310, 310, 311, 312, 313, 313, 313, 314, 314, 318, 321, 321, 321, 321, 321, 326, 330, 331, 332, 333, 335, 337, 341, 343, 345, 346, 349, 349, 352, 352, 352, 352, 353, 356, 356, 361, 364, 365, 368, 369, 370, 371, 372, 374, 375, 379, 379, 379]}
165 {0: [29, 29, 25, 25, 29, 26, 27, 28, 27, 28, 25, 27, 26, 26, 27, 25, 25, 26, 24, 24, 26, 26, 26, 28, 27, 25, 25, 26, 26, 25, 27, 27, 26, 25, 26, 29, 28, 27, 25, 24, 24, 27, 27, 28, 27, 27, 25, 26, 25, 27, 27, 26, 26, 26, 26, 26, 26, 27, 27, 28, 29, 26, 26, 26, 29, 25, 25, 27, 24, 24, 25, 27, 26, 26, 27, 28, 28, 27, 28, 28, 26, 27, 29, 28, 30, 29, 29, 27, 28, 26, 26, 26, 27, 27, 27, 26, 27, 28, 27, 29], 1: [240, 242, 246, 246, 247, 251, 251, 251, 254, 256, 262, 263, 264, 266, 269, 274, 275, 275, 279, 282, 284, 288, 288, 291, 295, 299, 300, 301, 303, 307, 310, 314, 316, 320, 321, 321, 323, 325, 329, 332, 334, 335, 337, 338, 340, 343, 346, 346, 351, 351, 352, 353, 355, 356, 360, 364, 364, 364, 366, 367, 369, 373, 374, 374, 375, 380, 381, 382, 386, 386, 387, 387, 389, 390, 390, 391, 392, 395, 397, 402, 405, 405, 408, 409, 409, 412, 414, 417, 417, 420, 420, 421, 422, 425, 425, 429, 430, 431, 434, 435]}
902 {0: [29, 29, 25, 25, 29, 26, 27, 28, 27, 27, 25, 25, 26, 27, 25, 25, 26, 26, 26, 26, 26, 25, 25, 25, 25, 26, 24, 25, 25, 23, 26, 26, 26, 27, 27, 29, 25, 26, 22, 23, 22, 22, 23, 22, 22, 23, 22, 22, 22, 22, 22, 22, 22, 22, 23, 22, 22, 22, 22, 23, 25, 23, 22, 23, 25, 25, 27, 24, 23, 24, 24, 25, 26, 26, 23, 22, 22, 22, 20, 24, 23, 23, 25, 26, 27, 26, 27, 26, 24, 26, 24, 24, 24, 24, 25, 25, 28, 26, 28, 30], 1: [240, 242, 246, 246, 247, 251, 251, 251, 254, 257, 259, 264, 264, 264, 266, 267, 268, 269, 269, 273, 274, 275, 275, 275, 275, 279, 283, 283, 283, 287, 288, 289, 289, 290, 290, 291, 297, 298, 303, 303, 305, 305, 305, 307, 307, 307, 308, 308, 308, 308, 309, 310, 310, 310, 311, 312, 313, 313, 313, 314, 314, 318, 321, 321, 321, 321, 321, 326, 330, 331, 332, 333, 335, 337, 341, 343, 345, 346, 349, 349, 352, 352, 352, 352, 353, 356, 356, 361, 364, 365, 368, 369, 370, 371, 372, 374, 375, 379, 379, 379]}
412 {0: [29, 29, 25, 25, 29, 26, 27, 28, 27, 27, 25, 25, 26, 27, 25, 25, 26, 26, 26, 26, 26, 25, 25, 25, 25, 26, 24, 25, 25, 23, 26, 26, 26, 27, 27, 29, 25, 26, 22, 23, 22, 22, 23, 22, 22, 23, 22, 22, 22, 22, 22, 22, 22, 22, 23, 22, 22, 22, 22, 23, 25, 23, 22, 23, 25, 25, 27, 24, 23, 24, 24, 25, 26, 26, 23, 22, 22, 22, 20, 24, 23, 23, 25, 26, 27, 26, 27, 26, 24, 26, 24, 24, 24, 24, 25, 25, 28, 26, 28, 30], 1: [240, 242, 246, 246, 247, 251, 251, 251, 254, 257, 259, 264, 264, 264, 266, 267, 268, 269, 269, 273, 274, 275, 275, 275, 275, 279, 283, 283, 283, 287, 288, 289, 289, 290, 290, 291, 297, 298, 303, 303, 305, 305, 305, 307, 307, 307, 308, 308, 308, 308, 309, 310, 310, 310, 311, 312, 313, 313, 313, 314, 314, 318, 321, 321, 321, 321, 321, 326, 330, 331, 332, 333, 335, 337, 341, 343, 345, 346, 349, 349, 352, 352, 352, 352, 353, 356, 356, 361, 364, 365, 368, 369, 370, 371, 372, 374, 375, 379, 379, 379]}
660 {0: [29, 29, 25, 25, 29, 26, 27, 28, 27, 27, 25, 25, 26, 27, 25, 25, 26, 26, 26, 26, 26, 25, 25, 25, 25, 26, 24, 25, 25, 23, 26, 26, 26, 27, 27, 29, 25, 26, 22, 23, 22, 22, 23, 22, 22, 23, 22, 22, 22, 22, 22, 22, 22, 22, 23, 22, 22, 22, 22, 23, 25, 23, 22, 23, 25, 25, 27, 24, 23, 24, 24, 25, 26, 26, 23, 22, 22, 22, 20, 24, 23, 23, 25, 26, 27, 26, 27, 26, 24, 26, 24, 24, 24, 24, 25, 25, 28, 26, 28, 30], 1: [240, 242, 246, 246, 247, 251, 251, 251, 254, 257, 259, 264, 264, 264, 266, 267, 268, 269, 269, 273, 274, 275, 275, 275, 275, 279, 283, 283, 283, 287, 288, 289, 289, 290, 290, 291, 297, 298, 303, 303, 305, 305, 305, 307, 307, 307, 308, 308, 308, 308, 309, 310, 310, 310, 311, 312, 313, 313, 313, 314, 314, 318, 321, 321, 321, 321, 321, 326, 330, 331, 332, 333, 335, 337, 341, 343, 345, 346, 349, 349, 352, 352, 352, 352, 353, 356, 356, 361, 364, 365, 368, 369, 370, 371, 372, 374, 375, 379, 379, 379]}
166 {0: [29, 29, 25, 25, 29, 26, 27, 28, 27, 28, 25, 27, 26, 26, 27, 25, 25, 26, 24, 24, 26, 26, 26, 28, 27, 25, 25, 26, 26, 25, 27, 27, 26, 25, 26, 29, 28, 27, 25, 24, 24, 27, 27, 28, 27, 27, 25, 26, 25, 27, 27, 26, 26, 26, 26, 26, 26, 27, 27, 28, 29, 26, 26, 26, 29, 25, 25, 27, 24, 24, 25, 27, 26, 26, 27, 28, 28, 27, 28, 28, 26, 27, 29, 28, 30, 29, 29, 27, 28, 26, 26, 26, 27, 27, 27, 26, 27, 28, 27, 29], 1: [240, 242, 246, 246, 247, 251, 251, 251, 254, 256, 262, 263, 264, 266, 269, 274, 275, 275, 279, 282, 284, 288, 288, 291, 295, 299, 300, 301, 303, 307, 310, 314, 316, 320, 321, 321, 323, 325, 329, 332, 334, 335, 337, 338, 340, 343, 346, 346, 351, 351, 352, 353, 355, 356, 360, 364, 364, 364, 366, 367, 369, 373, 374, 374, 375, 380, 381, 382, 386, 386, 387, 387, 389, 390, 390, 391, 392, 395, 397, 402, 405, 405, 408, 409, 409, 412, 414, 417, 417, 420, 420, 421, 422, 425, 425, 429, 430, 431, 434, 435]}
903 {0: [29, 29, 25, 25, 29, 26, 27, 28, 27, 27, 25, 25, 26, 27, 25, 25, 26, 26, 26, 26, 26, 25, 25, 25, 25, 26, 24, 25, 25, 23, 26, 26, 26, 27, 27, 29, 25, 26, 22, 23, 22, 22, 23, 22, 22, 23, 22, 22, 22, 22, 22, 22, 22, 22, 23, 22, 22, 22, 22, 23, 25, 23, 22, 23, 25, 25, 27, 24, 23, 24, 24, 25, 26, 26, 23, 22, 22, 22, 20, 24, 23, 23, 25, 26, 27, 26, 27, 26, 24, 26, 24, 24, 24, 24, 25, 25, 28, 26, 28, 30], 1: [240, 242, 246, 246, 247, 251, 251, 251, 254, 257, 259, 264, 264, 264, 266, 267, 268, 269, 269, 273, 274, 275, 275, 275, 275, 279, 283, 283, 283, 287, 288, 289, 289, 290, 290, 291, 297, 298, 303, 303, 305, 305, 305, 307, 307, 307, 308, 308, 308, 308, 309, 310, 310, 310, 311, 312, 313, 313, 313, 314, 314, 318, 321, 321, 321, 321, 321, 326, 330, 331, 332, 333, 335, 337, 341, 343, 345, 346, 349, 349, 352, 352, 352, 352, 353, 356, 356, 361, 364, 365, 368, 369, 370, 371, 372, 374, 375, 379, 379, 379]}
413 {0: [29, 29, 25, 25, 29, 26, 27, 28, 27, 27, 25, 25, 26, 27, 25, 25, 26, 26, 26, 26, 26, 25, 25, 25, 25, 26, 24, 25, 25, 23, 26, 26, 26, 27, 27, 29, 25, 26, 22, 23, 22, 22, 23, 22, 22, 23, 22, 22, 22, 22, 22, 22, 22, 22, 23, 22, 22, 22, 22, 23, 25, 23, 22, 23, 25, 25, 27, 24, 23, 24, 24, 25, 26, 26, 23, 22, 22, 22, 20, 24, 23, 23, 25, 26, 27, 26, 27, 26, 24, 26, 24, 24, 24, 24, 25, 25, 28, 26, 28, 30], 1: [240, 242, 246, 246, 247, 251, 251, 251, 254, 257, 259, 264, 264, 264, 266, 267, 268, 269, 269, 273, 274, 275, 275, 275, 275, 279, 283, 283, 283, 287, 288, 289, 289, 290, 290, 291, 297, 298, 303, 303, 305, 305, 305, 307, 307, 307, 308, 308, 308, 308, 309, 310, 310, 310, 311, 312, 313, 313, 313, 314, 314, 318, 321, 321, 321, 321, 321, 326, 330, 331, 332, 333, 335, 337, 341, 343, 345, 346, 349, 349, 352, 352, 352, 352, 353, 356, 356, 361, 364, 365, 368, 369, 370, 371, 372, 374, 375, 379, 379, 379]}
661 {0: [28, 27, 25, 25, 26, 24, 24, 25, 22, 23, 26, 24, 23, 24, 24, 25, 25, 26, 28, 26, 22, 23, 24, 24, 26, 25, 26, 26, 27, 28, 27, 25, 26, 25, 24, 26, 26, 26, 28, 26, 26, 29, 27, 26, 26, 27, 26, 25, 26, 25, 26, 26, 26, 27, 23, 24, 24, 24, 23, 26, 25, 26, 25, 27, 25, 23, 23, 24, 23, 24, 24, 26, 24, 24, 26, 25, 24, 24, 27, 26, 27, 28, 27, 25, 27, 27, 27, 27, 26, 28, 29, 28, 27, 27, 29, 27, 28, 27, 27, 27], 1: [240, 242, 246, 249, 249, 253, 253, 255, 258, 258, 258, 261, 263, 264, 265, 265, 265, 266, 268, 272, 277, 277, 280, 281, 281, 283, 284, 285, 286, 288, 294, 297, 298, 299, 301, 302, 306, 308, 308, 311, 311, 311, 313, 315, 318, 318, 319, 322, 322, 323, 323, 325, 326, 327, 333, 334, 335, 335, 337, 337, 338, 341, 343, 346, 350, 355, 355, 356, 357, 357, 357, 358, 361, 363, 364, 366, 370, 370, 370, 372, 373, 376, 379, 383, 383, 384, 384, 386, 387, 387, 389, 392, 393, 395, 396, 399, 400, 402, 402, 402]}
167 {0: [29, 29, 25, 25, 29, 26, 27, 28, 27, 28, 25, 27, 26, 26, 27, 25, 25, 26, 24, 24, 26, 26, 26, 28, 27, 25, 25, 26, 26, 25, 27, 27, 26, 25, 26, 29, 28, 27, 25, 24, 24, 27, 27, 28, 27, 27, 25, 26, 25, 27, 27, 26, 26, 26, 26, 26, 26, 27, 27, 28, 29, 26, 26, 26, 29, 25, 25, 27, 24, 24, 25, 27, 26, 26, 27, 28, 28, 27, 28, 28, 26, 27, 29, 28, 30, 29, 29, 27, 28, 26, 26, 26, 27, 27, 27, 26, 27, 28, 27, 29], 1: [240, 242, 246, 246, 247, 251, 251, 251, 254, 256, 262, 263, 264, 266, 269, 274, 275, 275, 279, 282, 284, 288, 288, 291, 295, 299, 300, 301, 303, 307, 310, 314, 316, 320, 321, 321, 323, 325, 329, 332, 334, 335, 337, 338, 340, 343, 346, 346, 351, 351, 352, 353, 355, 356, 360, 364, 364, 364, 366, 367, 369, 373, 374, 374, 375, 380, 381, 382, 386, 386, 387, 387, 389, 390, 390, 391, 392, 395, 397, 402, 405, 405, 408, 409, 409, 412, 414, 417, 417, 420, 420, 421, 422, 425, 425, 429, 430, 431, 434, 435]}
904 {0: [29, 29, 25, 25, 29, 26, 27, 28, 27, 27, 25, 25, 26, 27, 25, 25, 26, 26, 26, 26, 26, 25, 25, 25, 25, 26, 24, 25, 25, 23, 26, 26, 26, 27, 27, 29, 25, 26, 22, 23, 22, 22, 23, 22, 22, 23, 22, 22, 22, 22, 22, 22, 22, 22, 23, 22, 22, 22, 22, 23, 25, 23, 22, 23, 25, 25, 27, 24, 23, 24, 24, 25, 26, 26, 23, 22, 22, 22, 20, 24, 23, 23, 25, 26, 27, 26, 27, 26, 24, 26, 24, 24, 24, 24, 25, 25, 28, 26, 28, 30], 1: [240, 242, 246, 246, 247, 251, 251, 251, 254, 257, 259, 264, 264, 264, 266, 267, 268, 269, 269, 273, 274, 275, 275, 275, 275, 279, 283, 283, 283, 287, 288, 289, 289, 290, 290, 291, 297, 298, 303, 303, 305, 305, 305, 307, 307, 307, 308, 308, 308, 308, 309, 310, 310, 310, 311, 312, 313, 313, 313, 314, 314, 318, 321, 321, 321, 321, 321, 326, 330, 331, 332, 333, 335, 337, 341, 343, 345, 346, 349, 349, 352, 352, 352, 352, 353, 356, 356, 361, 364, 365, 368, 369, 370, 371, 372, 374, 375, 379, 379, 379]}
414 {0: [29, 29, 25, 25, 29, 26, 27, 28, 27, 27, 25, 25, 26, 27, 25, 25, 26, 26, 26, 26, 26, 25, 25, 25, 25, 26, 24, 25, 25, 23, 26, 26, 26, 27, 27, 29, 25, 26, 22, 23, 22, 22, 23, 22, 22, 23, 22, 22, 22, 22, 22, 22, 22, 22, 23, 22, 22, 22, 22, 23, 25, 23, 22, 23, 25, 25, 27, 24, 23, 24, 24, 25, 26, 26, 23, 22, 22, 22, 20, 24, 23, 23, 25, 26, 27, 26, 27, 26, 24, 26, 24, 24, 24, 24, 25, 25, 28, 26, 28, 30], 1: [240, 242, 246, 246, 247, 251, 251, 251, 254, 257, 259, 264, 264, 264, 266, 267, 268, 269, 269, 273, 274, 275, 275, 275, 275, 279, 283, 283, 283, 287, 288, 289, 289, 290, 290, 291, 297, 298, 303, 303, 305, 305, 305, 307, 307, 307, 308, 308, 308, 308, 309, 310, 310, 310, 311, 312, 313, 313, 313, 314, 314, 318, 321, 321, 321, 321, 321, 326, 330, 331, 332, 333, 335, 337, 341, 343, 345, 346, 349, 349, 352, 352, 352, 352, 353, 356, 356, 361, 364, 365, 368, 369, 370, 371, 372, 374, 375, 379, 379, 379]}
662 {0: [29, 29, 25, 25, 29, 26, 27, 28, 27, 27, 25, 25, 26, 27, 25, 25, 26, 26, 26, 26, 26, 25, 25, 25, 25, 26, 24, 25, 25, 23, 26, 26, 26, 27, 27, 29, 25, 26, 22, 23, 22, 22, 23, 22, 22, 23, 22, 22, 22, 22, 22, 22, 22, 22, 23, 22, 22, 22, 22, 23, 25, 23, 22, 23, 25, 25, 27, 24, 23, 24, 24, 25, 26, 26, 23, 22, 22, 22, 20, 24, 23, 23, 25, 26, 27, 26, 27, 26, 24, 26, 24, 24, 24, 24, 25, 25, 28, 26, 28, 30], 1: [240, 242, 246, 246, 247, 251, 251, 251, 254, 257, 259, 264, 264, 264, 266, 267, 268, 269, 269, 273, 274, 275, 275, 275, 275, 279, 283, 283, 283, 287, 288, 289, 289, 290, 290, 291, 297, 298, 303, 303, 305, 305, 305, 307, 307, 307, 308, 308, 308, 308, 309, 310, 310, 310, 311, 312, 313, 313, 313, 314, 314, 318, 321, 321, 321, 321, 321, 326, 330, 331, 332, 333, 335, 337, 341, 343, 345, 346, 349, 349, 352, 352, 352, 352, 353, 356, 356, 361, 364, 365, 368, 369, 370, 371, 372, 374, 375, 379, 379, 379]}
168 {0: [29, 29, 25, 25, 29, 26, 27, 28, 27, 27, 25, 25, 26, 27, 25, 25, 26, 26, 26, 26, 26, 25, 25, 25, 25, 26, 24, 25, 25, 23, 26, 26, 26, 27, 27, 29, 25, 26, 22, 23, 22, 22, 23, 22, 22, 23, 22, 22, 22, 22, 22, 22, 22, 22, 23, 22, 22, 22, 22, 24, 23, 24, 25, 22, 22, 22, 22, 23, 23, 26, 24, 24, 24, 24, 24, 24, 24, 23, 24, 24, 25, 25, 23, 23, 24, 25, 27, 27, 26, 26, 28, 29, 27, 28, 26, 26, 26, 25, 25, 26], 1: [240, 242, 246, 246, 247, 251, 251, 251, 254, 257, 259, 264, 264, 264, 266, 267, 268, 269, 269, 273, 274, 275, 275, 275, 275, 279, 283, 283, 283, 287, 288, 289, 289, 290, 290, 291, 297, 298, 303, 303, 305, 305, 305, 307, 307, 307, 308, 308, 308, 308, 309, 310, 310, 310, 311, 312, 313, 313, 313, 314, 319, 319, 321, 328, 328, 328, 328, 328, 329, 330, 334, 334, 335, 335, 335, 335, 338, 342, 343, 345, 347, 348, 350, 350, 350, 350, 351, 354, 358, 358, 359, 361, 364, 365, 367, 369, 372, 378, 379, 380]}
905 {0: [29, 29, 25, 25, 29, 26, 27, 28, 27, 27, 25, 25, 26, 27, 25, 25, 26, 26, 26, 26, 26, 25, 25, 25, 25, 26, 24, 25, 25, 23, 26, 26, 26, 27, 27, 29, 25, 26, 22, 23, 22, 22, 23, 22, 22, 23, 22, 22, 22, 22, 22, 22, 22, 22, 23, 22, 22, 22, 22, 23, 25, 23, 22, 23, 25, 25, 27, 24, 23, 24, 24, 25, 26, 26, 23, 22, 22, 22, 20, 24, 23, 23, 25, 26, 27, 26, 27, 26, 24, 26, 24, 24, 24, 24, 25, 25, 28, 26, 28, 30], 1: [240, 242, 246, 246, 247, 251, 251, 251, 254, 257, 259, 264, 264, 264, 266, 267, 268, 269, 269, 273, 274, 275, 275, 275, 275, 279, 283, 283, 283, 287, 288, 289, 289, 290, 290, 291, 297, 298, 303, 303, 305, 305, 305, 307, 307, 307, 308, 308, 308, 308, 309, 310, 310, 310, 311, 312, 313, 313, 313, 314, 314, 318, 321, 321, 321, 321, 321, 326, 330, 331, 332, 333, 335, 337, 341, 343, 345, 346, 349, 349, 352, 352, 352, 352, 353, 356, 356, 361, 364, 365, 368, 369, 370, 371, 372, 374, 375, 379, 379, 379]}
415 {0: [29, 29, 25, 25, 29, 26, 27, 28, 27, 27, 25, 25, 26, 27, 25, 25, 26, 26, 26, 26, 26, 25, 25, 25, 25, 26, 24, 25, 25, 23, 26, 26, 26, 27, 27, 29, 25, 26, 22, 23, 22, 22, 23, 22, 22, 23, 22, 22, 22, 22, 22, 22, 22, 22, 23, 22, 22, 22, 22, 23, 25, 23, 22, 23, 25, 25, 27, 24, 23, 24, 24, 25, 26, 26, 23, 22, 22, 22, 20, 24, 23, 23, 25, 26, 27, 26, 27, 26, 24, 26, 24, 24, 24, 24, 25, 25, 28, 26, 28, 30], 1: [240, 242, 246, 246, 247, 251, 251, 251, 254, 257, 259, 264, 264, 264, 266, 267, 268, 269, 269, 273, 274, 275, 275, 275, 275, 279, 283, 283, 283, 287, 288, 289, 289, 290, 290, 291, 297, 298, 303, 303, 305, 305, 305, 307, 307, 307, 308, 308, 308, 308, 309, 310, 310, 310, 311, 312, 313, 313, 313, 314, 314, 318, 321, 321, 321, 321, 321, 326, 330, 331, 332, 333, 335, 337, 341, 343, 345, 346, 349, 349, 352, 352, 352, 352, 353, 356, 356, 361, 364, 365, 368, 369, 370, 371, 372, 374, 375, 379, 379, 379]}
663 {0: [29, 29, 25, 25, 29, 26, 27, 28, 27, 27, 25, 25, 26, 27, 25, 25, 26, 26, 26, 26, 26, 25, 25, 25, 25, 26, 24, 25, 25, 23, 26, 26, 26, 27, 27, 29, 25, 26, 22, 23, 22, 22, 23, 22, 22, 23, 22, 22, 22, 22, 22, 22, 22, 22, 23, 22, 22, 22, 22, 23, 25, 23, 22, 23, 25, 25, 27, 24, 23, 24, 24, 25, 26, 26, 23, 22, 22, 22, 20, 24, 23, 23, 25, 26, 27, 26, 27, 26, 24, 26, 24, 24, 24, 24, 25, 25, 28, 26, 28, 30], 1: [240, 242, 246, 246, 247, 251, 251, 251, 254, 257, 259, 264, 264, 264, 266, 267, 268, 269, 269, 273, 274, 275, 275, 275, 275, 279, 283, 283, 283, 287, 288, 289, 289, 290, 290, 291, 297, 298, 303, 303, 305, 305, 305, 307, 307, 307, 308, 308, 308, 308, 309, 310, 310, 310, 311, 312, 313, 313, 313, 314, 314, 318, 321, 321, 321, 321, 321, 326, 330, 331, 332, 333, 335, 337, 341, 343, 345, 346, 349, 349, 352, 352, 352, 352, 353, 356, 356, 361, 364, 365, 368, 369, 370, 371, 372, 374, 375, 379, 379, 379]}
169 {0: [26, 28, 26, 25, 24, 26, 26, 24, 26, 23, 23, 24, 24, 25, 28, 26, 27, 26, 26, 24, 23, 23, 23, 23, 23, 24, 26, 26, 25, 25, 25, 25, 27, 27, 27, 29, 28, 25, 25, 26, 26, 27, 28, 28, 27, 27, 28, 29, 27, 26, 25, 23, 23, 26, 27, 26, 28, 30, 28, 29, 29, 30, 29, 29, 29, 29, 28, 28, 32, 30, 31, 32, 30, 29, 30, 28, 28, 29, 30, 30, 31, 29, 29, 29, 28, 30, 30, 28, 30, 31, 31, 30, 29, 29, 29, 29, 31, 32, 30, 31], 1: [240, 240, 243, 244, 245, 247, 248, 250, 250, 254, 254, 254, 256, 256, 258, 262, 262, 265, 266, 271, 273, 273, 273, 274, 276, 277, 277, 279, 281, 281, 281, 284, 284, 284, 286, 287, 291, 295, 295, 296, 297, 299, 301, 302, 306, 306, 306, 306, 310, 311, 314, 317, 318, 319, 323, 326, 327, 329, 332, 332, 335, 339, 345, 348, 351, 354, 356, 359, 360, 363, 366, 366, 372, 373, 373, 376, 377, 377, 380, 383, 388, 393, 394, 396, 398, 399, 401, 403, 403, 405, 406, 410, 412, 414, 417, 419, 420, 421, 424, 425]}
906 {0: [29, 29, 25, 25, 29, 26, 27, 28, 27, 27, 25, 25, 26, 27, 25, 25, 26, 26, 26, 26, 26, 25, 25, 25, 25, 26, 24, 25, 25, 23, 26, 26, 26, 27, 27, 29, 25, 26, 22, 23, 22, 22, 23, 22, 22, 23, 22, 22, 22, 22, 22, 22, 22, 22, 23, 22, 22, 22, 22, 23, 25, 23, 22, 23, 25, 25, 27, 24, 23, 24, 24, 25, 26, 26, 23, 22, 22, 22, 20, 24, 23, 23, 25, 26, 27, 26, 27, 26, 24, 26, 24, 24, 24, 24, 25, 25, 28, 26, 28, 30], 1: [240, 242, 246, 246, 247, 251, 251, 251, 254, 257, 259, 264, 264, 264, 266, 267, 268, 269, 269, 273, 274, 275, 275, 275, 275, 279, 283, 283, 283, 287, 288, 289, 289, 290, 290, 291, 297, 298, 303, 303, 305, 305, 305, 307, 307, 307, 308, 308, 308, 308, 309, 310, 310, 310, 311, 312, 313, 313, 313, 314, 314, 318, 321, 321, 321, 321, 321, 326, 330, 331, 332, 333, 335, 337, 341, 343, 345, 346, 349, 349, 352, 352, 352, 352, 353, 356, 356, 361, 364, 365, 368, 369, 370, 371, 372, 374, 375, 379, 379, 379]}
416 {0: [29, 29, 25, 25, 29, 26, 27, 28, 27, 27, 25, 25, 26, 27, 25, 25, 26, 26, 26, 26, 26, 25, 25, 25, 25, 26, 24, 25, 25, 23, 26, 26, 26, 27, 27, 29, 25, 26, 22, 23, 22, 22, 23, 22, 22, 23, 22, 22, 22, 22, 22, 22, 22, 22, 23, 22, 22, 22, 22, 23, 25, 23, 22, 23, 25, 25, 27, 24, 23, 24, 24, 25, 26, 26, 23, 22, 22, 22, 20, 24, 23, 23, 25, 26, 27, 26, 27, 26, 24, 26, 24, 24, 24, 24, 25, 25, 28, 26, 28, 30], 1: [240, 242, 246, 246, 247, 251, 251, 251, 254, 257, 259, 264, 264, 264, 266, 267, 268, 269, 269, 273, 274, 275, 275, 275, 275, 279, 283, 283, 283, 287, 288, 289, 289, 290, 290, 291, 297, 298, 303, 303, 305, 305, 305, 307, 307, 307, 308, 308, 308, 308, 309, 310, 310, 310, 311, 312, 313, 313, 313, 314, 314, 318, 321, 321, 321, 321, 321, 326, 330, 331, 332, 333, 335, 337, 341, 343, 345, 346, 349, 349, 352, 352, 352, 352, 353, 356, 356, 361, 364, 365, 368, 369, 370, 371, 372, 374, 375, 379, 379, 379]}
664 {0: [29, 29, 25, 25, 29, 26, 27, 28, 27, 27, 25, 25, 26, 27, 25, 25, 26, 26, 26, 26, 26, 25, 25, 25, 25, 26, 24, 25, 25, 23, 26, 26, 26, 27, 27, 29, 25, 26, 22, 23, 22, 22, 23, 22, 22, 23, 22, 22, 22, 22, 22, 22, 22, 22, 23, 22, 22, 22, 22, 23, 25, 23, 22, 23, 25, 25, 27, 24, 23, 24, 24, 25, 26, 26, 23, 22, 22, 22, 20, 24, 23, 23, 25, 26, 27, 26, 27, 26, 24, 26, 24, 24, 24, 24, 25, 25, 28, 26, 28, 30], 1: [240, 242, 246, 246, 247, 251, 251, 251, 254, 257, 259, 264, 264, 264, 266, 267, 268, 269, 269, 273, 274, 275, 275, 275, 275, 279, 283, 283, 283, 287, 288, 289, 289, 290, 290, 291, 297, 298, 303, 303, 305, 305, 305, 307, 307, 307, 308, 308, 308, 308, 309, 310, 310, 310, 311, 312, 313, 313, 313, 314, 314, 318, 321, 321, 321, 321, 321, 326, 330, 331, 332, 333, 335, 337, 341, 343, 345, 346, 349, 349, 352, 352, 352, 352, 353, 356, 356, 361, 364, 365, 368, 369, 370, 371, 372, 374, 375, 379, 379, 379]}
170 {0: [29, 29, 25, 25, 29, 26, 27, 28, 27, 27, 25, 25, 26, 27, 25, 25, 26, 26, 26, 26, 26, 25, 25, 25, 25, 26, 24, 25, 25, 23, 26, 26, 26, 27, 27, 29, 25, 26, 22, 23, 22, 22, 23, 22, 22, 23, 22, 22, 22, 22, 22, 22, 22, 22, 23, 22, 22, 22, 22, 24, 23, 24, 25, 22, 22, 22, 22, 23, 23, 26, 24, 24, 24, 24, 24, 24, 24, 23, 24, 24, 25, 25, 23, 23, 24, 25, 27, 27, 26, 26, 28, 29, 27, 28, 26, 26, 26, 25, 25, 26], 1: [240, 242, 246, 246, 247, 251, 251, 251, 254, 257, 259, 264, 264, 264, 266, 267, 268, 269, 269, 273, 274, 275, 275, 275, 275, 279, 283, 283, 283, 287, 288, 289, 289, 290, 290, 291, 297, 298, 303, 303, 305, 305, 305, 307, 307, 307, 308, 308, 308, 308, 309, 310, 310, 310, 311, 312, 313, 313, 313, 314, 319, 319, 321, 328, 328, 328, 328, 328, 329, 330, 334, 334, 335, 335, 335, 335, 338, 342, 343, 345, 347, 348, 350, 350, 350, 350, 351, 354, 358, 358, 359, 361, 364, 365, 367, 369, 372, 378, 379, 380]}
907 {0: [29, 29, 25, 25, 29, 26, 27, 28, 27, 27, 25, 25, 26, 27, 25, 25, 26, 26, 26, 26, 26, 25, 25, 25, 25, 26, 24, 25, 25, 23, 26, 26, 26, 27, 27, 29, 25, 26, 22, 23, 22, 22, 23, 22, 22, 23, 22, 22, 22, 22, 22, 22, 22, 22, 23, 22, 22, 22, 22, 23, 25, 23, 22, 23, 25, 25, 27, 24, 23, 24, 24, 25, 26, 26, 23, 22, 22, 22, 20, 24, 23, 23, 25, 26, 27, 26, 27, 26, 24, 26, 24, 24, 24, 24, 25, 25, 28, 26, 28, 30], 1: [240, 242, 246, 246, 247, 251, 251, 251, 254, 257, 259, 264, 264, 264, 266, 267, 268, 269, 269, 273, 274, 275, 275, 275, 275, 279, 283, 283, 283, 287, 288, 289, 289, 290, 290, 291, 297, 298, 303, 303, 305, 305, 305, 307, 307, 307, 308, 308, 308, 308, 309, 310, 310, 310, 311, 312, 313, 313, 313, 314, 314, 318, 321, 321, 321, 321, 321, 326, 330, 331, 332, 333, 335, 337, 341, 343, 345, 346, 349, 349, 352, 352, 352, 352, 353, 356, 356, 361, 364, 365, 368, 369, 370, 371, 372, 374, 375, 379, 379, 379]}
417 {0: [29, 29, 25, 25, 29, 26, 27, 28, 27, 27, 25, 25, 26, 27, 25, 25, 26, 26, 26, 26, 26, 25, 25, 25, 25, 26, 24, 25, 25, 23, 26, 26, 26, 27, 27, 29, 25, 26, 22, 23, 22, 22, 23, 22, 22, 23, 22, 22, 22, 22, 22, 22, 22, 22, 23, 22, 22, 22, 22, 23, 25, 23, 22, 23, 25, 25, 27, 24, 23, 24, 24, 25, 26, 26, 23, 22, 22, 22, 20, 24, 23, 23, 25, 26, 27, 26, 27, 26, 24, 26, 24, 24, 24, 24, 25, 25, 28, 26, 28, 30], 1: [240, 242, 246, 246, 247, 251, 251, 251, 254, 257, 259, 264, 264, 264, 266, 267, 268, 269, 269, 273, 274, 275, 275, 275, 275, 279, 283, 283, 283, 287, 288, 289, 289, 290, 290, 291, 297, 298, 303, 303, 305, 305, 305, 307, 307, 307, 308, 308, 308, 308, 309, 310, 310, 310, 311, 312, 313, 313, 313, 314, 314, 318, 321, 321, 321, 321, 321, 326, 330, 331, 332, 333, 335, 337, 341, 343, 345, 346, 349, 349, 352, 352, 352, 352, 353, 356, 356, 361, 364, 365, 368, 369, 370, 371, 372, 374, 375, 379, 379, 379]}
665 {0: [29, 29, 25, 25, 29, 26, 27, 28, 27, 27, 25, 25, 26, 27, 25, 25, 26, 26, 26, 26, 26, 25, 25, 25, 25, 26, 24, 25, 25, 23, 26, 26, 26, 27, 27, 29, 25, 26, 22, 23, 22, 22, 23, 22, 22, 23, 22, 22, 22, 22, 22, 22, 22, 22, 23, 22, 22, 22, 22, 23, 25, 23, 22, 23, 25, 25, 27, 24, 23, 24, 24, 25, 26, 26, 23, 22, 22, 22, 20, 24, 23, 23, 25, 26, 27, 26, 27, 26, 24, 26, 24, 24, 24, 24, 25, 25, 28, 26, 28, 30], 1: [240, 242, 246, 246, 247, 251, 251, 251, 254, 257, 259, 264, 264, 264, 266, 267, 268, 269, 269, 273, 274, 275, 275, 275, 275, 279, 283, 283, 283, 287, 288, 289, 289, 290, 290, 291, 297, 298, 303, 303, 305, 305, 305, 307, 307, 307, 308, 308, 308, 308, 309, 310, 310, 310, 311, 312, 313, 313, 313, 314, 314, 318, 321, 321, 321, 321, 321, 326, 330, 331, 332, 333, 335, 337, 341, 343, 345, 346, 349, 349, 352, 352, 352, 352, 353, 356, 356, 361, 364, 365, 368, 369, 370, 371, 372, 374, 375, 379, 379, 379]}
171 {0: [29, 29, 25, 25, 29, 26, 27, 28, 27, 27, 25, 25, 26, 27, 25, 25, 26, 26, 26, 26, 26, 25, 25, 25, 25, 26, 24, 25, 25, 23, 26, 26, 26, 27, 27, 29, 25, 26, 22, 23, 22, 22, 23, 22, 22, 23, 22, 22, 22, 22, 22, 22, 22, 22, 23, 22, 22, 22, 22, 24, 23, 24, 25, 22, 22, 22, 22, 23, 23, 26, 24, 24, 24, 24, 24, 24, 24, 23, 24, 24, 25, 25, 23, 23, 24, 25, 27, 27, 26, 26, 28, 29, 27, 28, 26, 26, 26, 25, 25, 26], 1: [240, 242, 246, 246, 247, 251, 251, 251, 254, 257, 259, 264, 264, 264, 266, 267, 268, 269, 269, 273, 274, 275, 275, 275, 275, 279, 283, 283, 283, 287, 288, 289, 289, 290, 290, 291, 297, 298, 303, 303, 305, 305, 305, 307, 307, 307, 308, 308, 308, 308, 309, 310, 310, 310, 311, 312, 313, 313, 313, 314, 319, 319, 321, 328, 328, 328, 328, 328, 329, 330, 334, 334, 335, 335, 335, 335, 338, 342, 343, 345, 347, 348, 350, 350, 350, 350, 351, 354, 358, 358, 359, 361, 364, 365, 367, 369, 372, 378, 379, 380]}
908 {0: [28, 27, 25, 25, 26, 24, 24, 25, 22, 23, 26, 24, 23, 24, 24, 25, 25, 26, 28, 26, 22, 23, 24, 24, 26, 25, 26, 26, 27, 28, 27, 25, 26, 25, 24, 26, 26, 26, 28, 26, 26, 29, 27, 26, 26, 27, 26, 25, 26, 25, 26, 26, 26, 27, 23, 24, 24, 24, 23, 26, 25, 26, 25, 27, 25, 23, 23, 24, 23, 24, 24, 26, 24, 24, 26, 25, 24, 24, 27, 26, 27, 28, 27, 25, 27, 27, 27, 27, 26, 28, 29, 28, 27, 27, 29, 27, 28, 27, 27, 27], 1: [240, 242, 246, 249, 249, 253, 253, 255, 258, 258, 258, 261, 263, 264, 265, 265, 265, 266, 268, 272, 277, 277, 280, 281, 281, 283, 284, 285, 286, 288, 294, 297, 298, 299, 301, 302, 306, 308, 308, 311, 311, 311, 313, 315, 318, 318, 319, 322, 322, 323, 323, 325, 326, 327, 333, 334, 335, 335, 337, 337, 338, 341, 343, 346, 350, 355, 355, 356, 357, 357, 357, 358, 361, 363, 364, 366, 370, 370, 370, 372, 373, 376, 379, 383, 383, 384, 384, 386, 387, 387, 389, 392, 393, 395, 396, 399, 400, 402, 402, 402]}
418 {0: [29, 29, 25, 25, 29, 26, 27, 28, 27, 27, 25, 25, 26, 27, 25, 25, 26, 26, 26, 26, 26, 25, 25, 25, 25, 26, 24, 25, 25, 23, 26, 26, 26, 27, 27, 29, 25, 26, 22, 23, 22, 22, 23, 22, 22, 23, 22, 22, 22, 22, 22, 22, 22, 22, 23, 22, 22, 22, 22, 23, 25, 23, 22, 23, 25, 25, 27, 24, 23, 24, 24, 25, 26, 26, 23, 22, 22, 22, 20, 24, 23, 23, 25, 26, 27, 26, 27, 26, 24, 26, 24, 24, 24, 24, 25, 25, 28, 26, 28, 30], 1: [240, 242, 246, 246, 247, 251, 251, 251, 254, 257, 259, 264, 264, 264, 266, 267, 268, 269, 269, 273, 274, 275, 275, 275, 275, 279, 283, 283, 283, 287, 288, 289, 289, 290, 290, 291, 297, 298, 303, 303, 305, 305, 305, 307, 307, 307, 308, 308, 308, 308, 309, 310, 310, 310, 311, 312, 313, 313, 313, 314, 314, 318, 321, 321, 321, 321, 321, 326, 330, 331, 332, 333, 335, 337, 341, 343, 345, 346, 349, 349, 352, 352, 352, 352, 353, 356, 356, 361, 364, 365, 368, 369, 370, 371, 372, 374, 375, 379, 379, 379]}
666 {0: [29, 29, 25, 25, 29, 26, 27, 28, 27, 27, 25, 25, 26, 27, 25, 25, 26, 26, 26, 26, 26, 25, 25, 25, 25, 26, 24, 25, 25, 23, 26, 26, 26, 27, 27, 29, 25, 26, 22, 23, 22, 22, 23, 22, 22, 23, 22, 22, 22, 22, 22, 22, 22, 22, 23, 22, 22, 22, 22, 23, 25, 23, 22, 23, 25, 25, 27, 24, 23, 24, 24, 25, 26, 26, 23, 22, 22, 22, 20, 24, 23, 23, 25, 26, 27, 26, 27, 26, 24, 26, 24, 24, 24, 24, 25, 25, 28, 26, 28, 30], 1: [240, 242, 246, 246, 247, 251, 251, 251, 254, 257, 259, 264, 264, 264, 266, 267, 268, 269, 269, 273, 274, 275, 275, 275, 275, 279, 283, 283, 283, 287, 288, 289, 289, 290, 290, 291, 297, 298, 303, 303, 305, 305, 305, 307, 307, 307, 308, 308, 308, 308, 309, 310, 310, 310, 311, 312, 313, 313, 313, 314, 314, 318, 321, 321, 321, 321, 321, 326, 330, 331, 332, 333, 335, 337, 341, 343, 345, 346, 349, 349, 352, 352, 352, 352, 353, 356, 356, 361, 364, 365, 368, 369, 370, 371, 372, 374, 375, 379, 379, 379]}
172 {0: [29, 29, 25, 25, 29, 26, 27, 28, 27, 27, 25, 25, 26, 27, 25, 25, 26, 26, 26, 26, 26, 25, 25, 25, 25, 26, 24, 25, 25, 23, 26, 26, 26, 27, 27, 29, 25, 26, 22, 23, 22, 22, 23, 22, 22, 23, 22, 22, 22, 22, 22, 22, 22, 22, 23, 22, 22, 22, 22, 24, 23, 24, 25, 22, 22, 22, 22, 23, 23, 26, 24, 24, 24, 24, 24, 24, 24, 23, 24, 24, 25, 25, 23, 23, 24, 25, 27, 27, 26, 26, 28, 29, 27, 28, 26, 26, 26, 25, 25, 26], 1: [240, 242, 246, 246, 247, 251, 251, 251, 254, 257, 259, 264, 264, 264, 266, 267, 268, 269, 269, 273, 274, 275, 275, 275, 275, 279, 283, 283, 283, 287, 288, 289, 289, 290, 290, 291, 297, 298, 303, 303, 305, 305, 305, 307, 307, 307, 308, 308, 308, 308, 309, 310, 310, 310, 311, 312, 313, 313, 313, 314, 319, 319, 321, 328, 328, 328, 328, 328, 329, 330, 334, 334, 335, 335, 335, 335, 338, 342, 343, 345, 347, 348, 350, 350, 350, 350, 351, 354, 358, 358, 359, 361, 364, 365, 367, 369, 372, 378, 379, 380]}
909 {0: [29, 29, 25, 25, 29, 26, 27, 28, 27, 27, 25, 25, 26, 27, 25, 25, 26, 26, 26, 26, 26, 25, 25, 25, 25, 26, 24, 25, 25, 23, 26, 26, 26, 27, 27, 29, 25, 26, 22, 23, 22, 22, 23, 22, 22, 23, 22, 22, 22, 22, 22, 22, 22, 22, 23, 22, 22, 22, 22, 23, 25, 23, 22, 23, 25, 25, 27, 24, 23, 24, 24, 25, 26, 26, 23, 22, 22, 22, 20, 24, 23, 23, 25, 26, 27, 26, 27, 26, 24, 26, 24, 24, 24, 24, 25, 25, 28, 26, 28, 30], 1: [240, 242, 246, 246, 247, 251, 251, 251, 254, 257, 259, 264, 264, 264, 266, 267, 268, 269, 269, 273, 274, 275, 275, 275, 275, 279, 283, 283, 283, 287, 288, 289, 289, 290, 290, 291, 297, 298, 303, 303, 305, 305, 305, 307, 307, 307, 308, 308, 308, 308, 309, 310, 310, 310, 311, 312, 313, 313, 313, 314, 314, 318, 321, 321, 321, 321, 321, 326, 330, 331, 332, 333, 335, 337, 341, 343, 345, 346, 349, 349, 352, 352, 352, 352, 353, 356, 356, 361, 364, 365, 368, 369, 370, 371, 372, 374, 375, 379, 379, 379]}
419 {0: [29, 29, 25, 25, 29, 26, 27, 28, 27, 27, 25, 25, 26, 27, 25, 25, 26, 26, 26, 26, 26, 25, 25, 25, 25, 26, 24, 25, 25, 23, 26, 26, 26, 27, 27, 29, 25, 26, 22, 23, 22, 22, 23, 22, 22, 23, 22, 22, 22, 22, 22, 22, 22, 22, 23, 22, 22, 22, 22, 23, 25, 23, 22, 23, 25, 25, 27, 24, 23, 24, 24, 25, 26, 26, 23, 22, 22, 22, 20, 24, 23, 23, 25, 26, 27, 26, 27, 26, 24, 26, 24, 24, 24, 24, 25, 25, 28, 26, 28, 30], 1: [240, 242, 246, 246, 247, 251, 251, 251, 254, 257, 259, 264, 264, 264, 266, 267, 268, 269, 269, 273, 274, 275, 275, 275, 275, 279, 283, 283, 283, 287, 288, 289, 289, 290, 290, 291, 297, 298, 303, 303, 305, 305, 305, 307, 307, 307, 308, 308, 308, 308, 309, 310, 310, 310, 311, 312, 313, 313, 313, 314, 314, 318, 321, 321, 321, 321, 321, 326, 330, 331, 332, 333, 335, 337, 341, 343, 345, 346, 349, 349, 352, 352, 352, 352, 353, 356, 356, 361, 364, 365, 368, 369, 370, 371, 372, 374, 375, 379, 379, 379]}
667 {0: [29, 29, 25, 25, 29, 26, 27, 28, 27, 27, 25, 25, 26, 27, 25, 25, 26, 26, 26, 26, 26, 25, 25, 25, 25, 26, 24, 25, 25, 23, 26, 26, 26, 27, 27, 29, 25, 26, 22, 23, 22, 22, 23, 22, 22, 23, 22, 22, 22, 22, 22, 22, 22, 22, 23, 22, 22, 22, 22, 23, 25, 23, 22, 23, 25, 25, 27, 24, 23, 24, 24, 25, 26, 26, 23, 22, 22, 22, 20, 24, 23, 23, 25, 26, 27, 26, 27, 26, 24, 26, 24, 24, 24, 24, 25, 25, 28, 26, 28, 30], 1: [240, 242, 246, 246, 247, 251, 251, 251, 254, 257, 259, 264, 264, 264, 266, 267, 268, 269, 269, 273, 274, 275, 275, 275, 275, 279, 283, 283, 283, 287, 288, 289, 289, 290, 290, 291, 297, 298, 303, 303, 305, 305, 305, 307, 307, 307, 308, 308, 308, 308, 309, 310, 310, 310, 311, 312, 313, 313, 313, 314, 314, 318, 321, 321, 321, 321, 321, 326, 330, 331, 332, 333, 335, 337, 341, 343, 345, 346, 349, 349, 352, 352, 352, 352, 353, 356, 356, 361, 364, 365, 368, 369, 370, 371, 372, 374, 375, 379, 379, 379]}
173 {0: [29, 29, 25, 25, 29, 26, 27, 28, 27, 27, 25, 25, 26, 27, 25, 25, 26, 26, 26, 26, 26, 25, 25, 25, 25, 26, 24, 25, 25, 23, 26, 26, 26, 27, 27, 29, 25, 26, 22, 23, 22, 22, 23, 22, 22, 23, 22, 22, 22, 22, 22, 22, 22, 22, 23, 22, 22, 22, 22, 23, 25, 23, 22, 23, 25, 25, 27, 24, 23, 24, 24, 25, 26, 26, 23, 22, 22, 22, 20, 24, 23, 23, 25, 26, 27, 26, 27, 26, 24, 26, 24, 24, 24, 24, 25, 25, 28, 26, 28, 30], 1: [240, 242, 246, 246, 247, 251, 251, 251, 254, 257, 259, 264, 264, 264, 266, 267, 268, 269, 269, 273, 274, 275, 275, 275, 275, 279, 283, 283, 283, 287, 288, 289, 289, 290, 290, 291, 297, 298, 303, 303, 305, 305, 305, 307, 307, 307, 308, 308, 308, 308, 309, 310, 310, 310, 311, 312, 313, 313, 313, 314, 314, 318, 321, 321, 321, 321, 321, 326, 330, 331, 332, 333, 335, 337, 341, 343, 345, 346, 349, 349, 352, 352, 352, 352, 353, 356, 356, 361, 364, 365, 368, 369, 370, 371, 372, 374, 375, 379, 379, 379]}
910 {0: [29, 29, 25, 25, 29, 26, 27, 28, 27, 27, 25, 25, 26, 27, 25, 25, 26, 26, 26, 26, 26, 25, 25, 25, 25, 26, 24, 25, 25, 23, 26, 26, 26, 27, 27, 29, 25, 26, 22, 23, 22, 22, 23, 22, 22, 23, 22, 22, 22, 22, 22, 22, 22, 22, 23, 22, 22, 22, 22, 23, 25, 23, 22, 23, 25, 25, 27, 24, 23, 24, 24, 25, 26, 26, 23, 22, 22, 22, 20, 24, 23, 23, 25, 26, 27, 26, 27, 26, 24, 26, 24, 24, 24, 24, 25, 25, 28, 26, 28, 30], 1: [240, 242, 246, 246, 247, 251, 251, 251, 254, 257, 259, 264, 264, 264, 266, 267, 268, 269, 269, 273, 274, 275, 275, 275, 275, 279, 283, 283, 283, 287, 288, 289, 289, 290, 290, 291, 297, 298, 303, 303, 305, 305, 305, 307, 307, 307, 308, 308, 308, 308, 309, 310, 310, 310, 311, 312, 313, 313, 313, 314, 314, 318, 321, 321, 321, 321, 321, 326, 330, 331, 332, 333, 335, 337, 341, 343, 345, 346, 349, 349, 352, 352, 352, 352, 353, 356, 356, 361, 364, 365, 368, 369, 370, 371, 372, 374, 375, 379, 379, 379]}
668 {0: [29, 29, 25, 25, 29, 26, 27, 28, 27, 27, 25, 25, 26, 27, 25, 25, 26, 26, 26, 26, 26, 25, 25, 25, 25, 26, 24, 25, 25, 23, 26, 26, 26, 27, 27, 29, 25, 26, 22, 23, 22, 22, 23, 22, 22, 23, 22, 22, 22, 22, 22, 22, 22, 22, 23, 22, 22, 22, 22, 23, 25, 23, 22, 23, 25, 25, 27, 24, 23, 24, 24, 25, 26, 26, 23, 22, 22, 22, 20, 24, 23, 23, 25, 26, 27, 26, 27, 26, 24, 26, 24, 24, 24, 24, 25, 25, 28, 26, 28, 30], 1: [240, 242, 246, 246, 247, 251, 251, 251, 254, 257, 259, 264, 264, 264, 266, 267, 268, 269, 269, 273, 274, 275, 275, 275, 275, 279, 283, 283, 283, 287, 288, 289, 289, 290, 290, 291, 297, 298, 303, 303, 305, 305, 305, 307, 307, 307, 308, 308, 308, 308, 309, 310, 310, 310, 311, 312, 313, 313, 313, 314, 314, 318, 321, 321, 321, 321, 321, 326, 330, 331, 332, 333, 335, 337, 341, 343, 345, 346, 349, 349, 352, 352, 352, 352, 353, 356, 356, 361, 364, 365, 368, 369, 370, 371, 372, 374, 375, 379, 379, 379]}
420 {0: [28, 27, 25, 25, 26, 24, 24, 25, 22, 23, 26, 24, 23, 24, 24, 25, 25, 26, 28, 26, 22, 23, 24, 24, 26, 25, 26, 26, 27, 28, 27, 25, 26, 25, 24, 26, 26, 26, 28, 26, 26, 29, 27, 26, 26, 27, 26, 25, 26, 25, 26, 26, 26, 27, 23, 24, 24, 24, 23, 26, 25, 26, 25, 27, 25, 23, 23, 24, 23, 24, 24, 26, 24, 24, 26, 25, 24, 24, 27, 26, 27, 28, 27, 25, 27, 27, 27, 27, 26, 28, 29, 28, 27, 27, 29, 27, 28, 27, 27, 27], 1: [240, 242, 246, 249, 249, 253, 253, 255, 258, 258, 258, 261, 263, 264, 265, 265, 265, 266, 268, 272, 277, 277, 280, 281, 281, 283, 284, 285, 286, 288, 294, 297, 298, 299, 301, 302, 306, 308, 308, 311, 311, 311, 313, 315, 318, 318, 319, 322, 322, 323, 323, 325, 326, 327, 333, 334, 335, 335, 337, 337, 338, 341, 343, 346, 350, 355, 355, 356, 357, 357, 357, 358, 361, 363, 364, 366, 370, 370, 370, 372, 373, 376, 379, 383, 383, 384, 384, 386, 387, 387, 389, 392, 393, 395, 396, 399, 400, 402, 402, 402]}
174 {0: [29, 29, 25, 25, 29, 26, 27, 28, 27, 27, 25, 25, 26, 27, 25, 25, 26, 26, 26, 26, 26, 25, 25, 25, 25, 26, 24, 25, 25, 23, 26, 26, 26, 27, 27, 29, 25, 26, 22, 23, 22, 22, 23, 22, 22, 23, 22, 22, 22, 22, 22, 22, 22, 22, 23, 22, 22, 22, 22, 23, 25, 23, 22, 23, 25, 25, 27, 24, 23, 24, 24, 25, 26, 26, 23, 22, 22, 22, 20, 24, 23, 23, 25, 26, 27, 26, 27, 26, 24, 26, 24, 24, 24, 24, 25, 25, 28, 26, 28, 30], 1: [240, 242, 246, 246, 247, 251, 251, 251, 254, 257, 259, 264, 264, 264, 266, 267, 268, 269, 269, 273, 274, 275, 275, 275, 275, 279, 283, 283, 283, 287, 288, 289, 289, 290, 290, 291, 297, 298, 303, 303, 305, 305, 305, 307, 307, 307, 308, 308, 308, 308, 309, 310, 310, 310, 311, 312, 313, 313, 313, 314, 314, 318, 321, 321, 321, 321, 321, 326, 330, 331, 332, 333, 335, 337, 341, 343, 345, 346, 349, 349, 352, 352, 352, 352, 353, 356, 356, 361, 364, 365, 368, 369, 370, 371, 372, 374, 375, 379, 379, 379]}
911 {0: [28, 27, 25, 25, 26, 24, 24, 25, 22, 23, 26, 24, 23, 24, 24, 25, 25, 26, 28, 26, 22, 23, 24, 24, 26, 25, 26, 26, 27, 28, 27, 25, 26, 25, 24, 26, 26, 26, 28, 26, 26, 29, 27, 26, 26, 27, 26, 25, 26, 25, 26, 26, 26, 27, 23, 24, 24, 24, 23, 26, 25, 26, 25, 27, 25, 23, 23, 24, 23, 24, 24, 26, 24, 24, 26, 25, 24, 24, 27, 26, 27, 28, 27, 25, 27, 27, 27, 27, 26, 28, 29, 28, 27, 27, 29, 27, 28, 27, 27, 27], 1: [240, 242, 246, 249, 249, 253, 253, 255, 258, 258, 258, 261, 263, 264, 265, 265, 265, 266, 268, 272, 277, 277, 280, 281, 281, 283, 284, 285, 286, 288, 294, 297, 298, 299, 301, 302, 306, 308, 308, 311, 311, 311, 313, 315, 318, 318, 319, 322, 322, 323, 323, 325, 326, 327, 333, 334, 335, 335, 337, 337, 338, 341, 343, 346, 350, 355, 355, 356, 357, 357, 357, 358, 361, 363, 364, 366, 370, 370, 370, 372, 373, 376, 379, 383, 383, 384, 384, 386, 387, 387, 389, 392, 393, 395, 396, 399, 400, 402, 402, 402]}
669 {0: [28, 27, 25, 25, 26, 24, 24, 25, 22, 23, 26, 24, 23, 24, 24, 25, 25, 26, 28, 26, 22, 23, 24, 24, 26, 25, 26, 26, 27, 28, 27, 25, 26, 25, 24, 26, 26, 26, 28, 26, 26, 29, 27, 26, 26, 27, 26, 25, 26, 25, 26, 26, 26, 27, 23, 24, 24, 24, 23, 26, 25, 26, 25, 27, 25, 23, 23, 24, 23, 24, 24, 26, 24, 24, 26, 25, 24, 24, 27, 26, 27, 28, 27, 25, 27, 27, 27, 27, 26, 28, 29, 28, 27, 27, 29, 27, 28, 27, 27, 27], 1: [240, 242, 246, 249, 249, 253, 253, 255, 258, 258, 258, 261, 263, 264, 265, 265, 265, 266, 268, 272, 277, 277, 280, 281, 281, 283, 284, 285, 286, 288, 294, 297, 298, 299, 301, 302, 306, 308, 308, 311, 311, 311, 313, 315, 318, 318, 319, 322, 322, 323, 323, 325, 326, 327, 333, 334, 335, 335, 337, 337, 338, 341, 343, 346, 350, 355, 355, 356, 357, 357, 357, 358, 361, 363, 364, 366, 370, 370, 370, 372, 373, 376, 379, 383, 383, 384, 384, 386, 387, 387, 389, 392, 393, 395, 396, 399, 400, 402, 402, 402]}
421 {0: [28, 27, 25, 25, 26, 24, 24, 25, 22, 23, 26, 24, 23, 24, 24, 25, 25, 26, 28, 26, 22, 23, 24, 24, 26, 25, 26, 26, 27, 28, 27, 25, 26, 25, 24, 26, 26, 26, 28, 26, 26, 29, 27, 26, 26, 27, 26, 25, 26, 25, 26, 26, 26, 27, 23, 24, 24, 24, 23, 26, 25, 26, 25, 27, 25, 23, 23, 24, 23, 24, 24, 26, 24, 24, 26, 25, 24, 24, 27, 26, 27, 28, 27, 25, 27, 27, 27, 27, 26, 28, 29, 28, 27, 27, 29, 27, 28, 27, 27, 27], 1: [240, 242, 246, 249, 249, 253, 253, 255, 258, 258, 258, 261, 263, 264, 265, 265, 265, 266, 268, 272, 277, 277, 280, 281, 281, 283, 284, 285, 286, 288, 294, 297, 298, 299, 301, 302, 306, 308, 308, 311, 311, 311, 313, 315, 318, 318, 319, 322, 322, 323, 323, 325, 326, 327, 333, 334, 335, 335, 337, 337, 338, 341, 343, 346, 350, 355, 355, 356, 357, 357, 357, 358, 361, 363, 364, 366, 370, 370, 370, 372, 373, 376, 379, 383, 383, 384, 384, 386, 387, 387, 389, 392, 393, 395, 396, 399, 400, 402, 402, 402]}
175 {0: [29, 29, 25, 25, 29, 26, 27, 28, 27, 27, 25, 25, 26, 27, 25, 25, 26, 26, 26, 26, 26, 25, 25, 25, 25, 26, 24, 25, 25, 23, 26, 26, 26, 27, 27, 29, 25, 26, 22, 23, 22, 22, 23, 22, 22, 23, 22, 22, 22, 22, 22, 22, 22, 22, 23, 22, 22, 22, 22, 23, 25, 23, 22, 23, 25, 25, 27, 24, 23, 24, 24, 25, 26, 26, 23, 22, 22, 22, 20, 24, 23, 23, 25, 26, 27, 26, 27, 26, 24, 26, 24, 24, 24, 24, 25, 25, 28, 26, 28, 30], 1: [240, 242, 246, 246, 247, 251, 251, 251, 254, 257, 259, 264, 264, 264, 266, 267, 268, 269, 269, 273, 274, 275, 275, 275, 275, 279, 283, 283, 283, 287, 288, 289, 289, 290, 290, 291, 297, 298, 303, 303, 305, 305, 305, 307, 307, 307, 308, 308, 308, 308, 309, 310, 310, 310, 311, 312, 313, 313, 313, 314, 314, 318, 321, 321, 321, 321, 321, 326, 330, 331, 332, 333, 335, 337, 341, 343, 345, 346, 349, 349, 352, 352, 352, 352, 353, 356, 356, 361, 364, 365, 368, 369, 370, 371, 372, 374, 375, 379, 379, 379]}
912 {0: [29, 29, 25, 25, 29, 26, 27, 28, 27, 27, 25, 25, 26, 27, 25, 25, 26, 26, 26, 26, 26, 25, 25, 25, 25, 26, 24, 25, 25, 23, 26, 26, 26, 27, 27, 29, 25, 26, 22, 23, 22, 22, 23, 22, 22, 23, 22, 22, 22, 22, 22, 22, 22, 22, 23, 22, 22, 22, 22, 23, 25, 23, 22, 23, 25, 25, 27, 24, 23, 24, 24, 25, 26, 26, 23, 22, 22, 22, 20, 24, 23, 23, 25, 26, 27, 26, 27, 26, 24, 26, 24, 24, 24, 24, 25, 25, 28, 26, 28, 30], 1: [240, 242, 246, 246, 247, 251, 251, 251, 254, 257, 259, 264, 264, 264, 266, 267, 268, 269, 269, 273, 274, 275, 275, 275, 275, 279, 283, 283, 283, 287, 288, 289, 289, 290, 290, 291, 297, 298, 303, 303, 305, 305, 305, 307, 307, 307, 308, 308, 308, 308, 309, 310, 310, 310, 311, 312, 313, 313, 313, 314, 314, 318, 321, 321, 321, 321, 321, 326, 330, 331, 332, 333, 335, 337, 341, 343, 345, 346, 349, 349, 352, 352, 352, 352, 353, 356, 356, 361, 364, 365, 368, 369, 370, 371, 372, 374, 375, 379, 379, 379]}
670 {0: [29, 29, 25, 25, 29, 26, 27, 28, 27, 27, 25, 25, 26, 27, 25, 25, 26, 26, 26, 26, 26, 25, 25, 25, 25, 26, 24, 25, 25, 23, 26, 26, 26, 27, 27, 29, 25, 26, 22, 23, 22, 22, 23, 22, 22, 23, 22, 22, 22, 22, 22, 22, 22, 22, 23, 22, 22, 22, 22, 23, 25, 23, 22, 23, 25, 25, 27, 24, 23, 24, 24, 25, 26, 26, 23, 22, 22, 22, 20, 24, 23, 23, 25, 26, 27, 26, 27, 26, 24, 26, 24, 24, 24, 24, 25, 25, 28, 26, 28, 30], 1: [240, 242, 246, 246, 247, 251, 251, 251, 254, 257, 259, 264, 264, 264, 266, 267, 268, 269, 269, 273, 274, 275, 275, 275, 275, 279, 283, 283, 283, 287, 288, 289, 289, 290, 290, 291, 297, 298, 303, 303, 305, 305, 305, 307, 307, 307, 308, 308, 308, 308, 309, 310, 310, 310, 311, 312, 313, 313, 313, 314, 314, 318, 321, 321, 321, 321, 321, 326, 330, 331, 332, 333, 335, 337, 341, 343, 345, 346, 349, 349, 352, 352, 352, 352, 353, 356, 356, 361, 364, 365, 368, 369, 370, 371, 372, 374, 375, 379, 379, 379]}
422 {0: [29, 27, 27, 26, 27, 26, 28, 25, 25, 26, 24, 25, 24, 23, 24, 25, 25, 25, 25, 25, 21, 21, 20, 20, 21, 21, 19, 19, 20, 21, 22, 24, 23, 22, 22, 22, 24, 24, 23, 23, 25, 24, 24, 24, 24, 24, 24, 25, 23, 23, 23, 25, 26, 23, 24, 24, 24, 25, 25, 23, 23, 23, 24, 25, 24, 24, 25, 28, 31, 26, 27, 25, 25, 23, 23, 23, 24, 24, 26, 26, 27, 28, 27, 28, 29, 30, 29, 27, 26, 27, 28, 26, 26, 27, 28, 28, 27, 29, 28, 29], 1: [240, 245, 245, 246, 246, 248, 248, 253, 253, 255, 258, 259, 263, 265, 265, 265, 267, 268, 270, 271, 277, 277, 278, 278, 278, 280, 282, 283, 283, 284, 286, 287, 289, 291, 291, 291, 292, 293, 294, 295, 295, 298, 299, 300, 302, 303, 305, 306, 308, 308, 308, 309, 312, 315, 315, 318, 318, 318, 320, 322, 325, 326, 329, 330, 331, 331, 332, 332, 334, 342, 343, 349, 351, 354, 354, 354, 354, 354, 354, 355, 355, 357, 360, 360, 361, 361, 367, 371, 374, 376, 376, 378, 378, 378, 378, 381, 382, 383, 386, 387]}
176 {0: [29, 29, 25, 25, 29, 26, 27, 28, 27, 27, 25, 25, 26, 27, 25, 25, 26, 26, 26, 26, 26, 25, 25, 25, 25, 26, 24, 25, 25, 23, 26, 26, 26, 27, 27, 29, 25, 26, 22, 23, 22, 22, 23, 22, 22, 23, 22, 22, 22, 22, 22, 22, 22, 22, 23, 22, 22, 22, 22, 23, 25, 23, 22, 23, 25, 25, 27, 24, 23, 24, 24, 25, 26, 26, 23, 22, 22, 22, 20, 24, 23, 23, 25, 26, 27, 26, 27, 26, 24, 26, 24, 24, 24, 24, 25, 25, 28, 26, 28, 30], 1: [240, 242, 246, 246, 247, 251, 251, 251, 254, 257, 259, 264, 264, 264, 266, 267, 268, 269, 269, 273, 274, 275, 275, 275, 275, 279, 283, 283, 283, 287, 288, 289, 289, 290, 290, 291, 297, 298, 303, 303, 305, 305, 305, 307, 307, 307, 308, 308, 308, 308, 309, 310, 310, 310, 311, 312, 313, 313, 313, 314, 314, 318, 321, 321, 321, 321, 321, 326, 330, 331, 332, 333, 335, 337, 341, 343, 345, 346, 349, 349, 352, 352, 352, 352, 353, 356, 356, 361, 364, 365, 368, 369, 370, 371, 372, 374, 375, 379, 379, 379]}
913 {0: [29, 29, 25, 25, 29, 26, 27, 28, 27, 27, 25, 25, 26, 27, 25, 25, 26, 26, 26, 26, 26, 25, 25, 25, 25, 26, 24, 25, 25, 23, 26, 26, 26, 27, 27, 29, 25, 26, 22, 23, 22, 22, 23, 22, 22, 23, 22, 22, 22, 22, 22, 22, 22, 22, 23, 22, 22, 22, 22, 23, 25, 23, 22, 23, 25, 25, 27, 24, 23, 24, 24, 25, 26, 26, 23, 22, 22, 22, 20, 24, 23, 23, 25, 26, 27, 26, 27, 26, 24, 26, 24, 24, 24, 24, 25, 25, 28, 26, 28, 30], 1: [240, 242, 246, 246, 247, 251, 251, 251, 254, 257, 259, 264, 264, 264, 266, 267, 268, 269, 269, 273, 274, 275, 275, 275, 275, 279, 283, 283, 283, 287, 288, 289, 289, 290, 290, 291, 297, 298, 303, 303, 305, 305, 305, 307, 307, 307, 308, 308, 308, 308, 309, 310, 310, 310, 311, 312, 313, 313, 313, 314, 314, 318, 321, 321, 321, 321, 321, 326, 330, 331, 332, 333, 335, 337, 341, 343, 345, 346, 349, 349, 352, 352, 352, 352, 353, 356, 356, 361, 364, 365, 368, 369, 370, 371, 372, 374, 375, 379, 379, 379]}
671 {0: [29, 29, 25, 25, 29, 26, 27, 28, 27, 27, 25, 25, 26, 27, 25, 25, 26, 26, 26, 26, 26, 25, 25, 25, 25, 26, 24, 25, 25, 23, 26, 26, 26, 27, 27, 29, 25, 26, 22, 23, 22, 22, 23, 22, 22, 23, 22, 22, 22, 22, 22, 22, 22, 22, 23, 22, 22, 22, 22, 23, 25, 23, 22, 23, 25, 25, 27, 24, 23, 24, 24, 25, 26, 26, 23, 22, 22, 22, 20, 24, 23, 23, 25, 26, 27, 26, 27, 26, 24, 26, 24, 24, 24, 24, 25, 25, 28, 26, 28, 30], 1: [240, 242, 246, 246, 247, 251, 251, 251, 254, 257, 259, 264, 264, 264, 266, 267, 268, 269, 269, 273, 274, 275, 275, 275, 275, 279, 283, 283, 283, 287, 288, 289, 289, 290, 290, 291, 297, 298, 303, 303, 305, 305, 305, 307, 307, 307, 308, 308, 308, 308, 309, 310, 310, 310, 311, 312, 313, 313, 313, 314, 314, 318, 321, 321, 321, 321, 321, 326, 330, 331, 332, 333, 335, 337, 341, 343, 345, 346, 349, 349, 352, 352, 352, 352, 353, 356, 356, 361, 364, 365, 368, 369, 370, 371, 372, 374, 375, 379, 379, 379]}
423 {0: [29, 29, 25, 25, 29, 26, 27, 28, 27, 27, 25, 25, 26, 27, 25, 25, 26, 26, 26, 26, 26, 25, 25, 25, 25, 26, 24, 25, 25, 23, 26, 26, 26, 27, 27, 29, 25, 26, 22, 23, 22, 22, 23, 22, 22, 23, 22, 22, 22, 22, 22, 22, 22, 22, 23, 22, 22, 22, 22, 23, 25, 23, 22, 23, 25, 25, 27, 24, 23, 24, 24, 25, 26, 26, 23, 22, 22, 22, 20, 24, 23, 23, 25, 26, 27, 26, 27, 26, 24, 26, 24, 24, 24, 24, 25, 25, 28, 26, 28, 30], 1: [240, 242, 246, 246, 247, 251, 251, 251, 254, 257, 259, 264, 264, 264, 266, 267, 268, 269, 269, 273, 274, 275, 275, 275, 275, 279, 283, 283, 283, 287, 288, 289, 289, 290, 290, 291, 297, 298, 303, 303, 305, 305, 305, 307, 307, 307, 308, 308, 308, 308, 309, 310, 310, 310, 311, 312, 313, 313, 313, 314, 314, 318, 321, 321, 321, 321, 321, 326, 330, 331, 332, 333, 335, 337, 341, 343, 345, 346, 349, 349, 352, 352, 352, 352, 353, 356, 356, 361, 364, 365, 368, 369, 370, 371, 372, 374, 375, 379, 379, 379]}
177 {0: [29, 29, 25, 25, 29, 26, 27, 28, 27, 27, 25, 25, 26, 27, 25, 25, 26, 26, 26, 26, 26, 25, 25, 25, 25, 26, 24, 25, 25, 23, 26, 26, 26, 27, 27, 29, 25, 26, 22, 23, 22, 22, 23, 22, 22, 23, 22, 22, 22, 22, 22, 22, 22, 22, 23, 22, 22, 22, 22, 23, 25, 23, 22, 23, 25, 25, 27, 24, 23, 24, 24, 25, 26, 26, 23, 22, 22, 22, 20, 24, 23, 23, 25, 26, 27, 26, 27, 26, 24, 26, 24, 24, 24, 24, 25, 25, 28, 26, 28, 30], 1: [240, 242, 246, 246, 247, 251, 251, 251, 254, 257, 259, 264, 264, 264, 266, 267, 268, 269, 269, 273, 274, 275, 275, 275, 275, 279, 283, 283, 283, 287, 288, 289, 289, 290, 290, 291, 297, 298, 303, 303, 305, 305, 305, 307, 307, 307, 308, 308, 308, 308, 309, 310, 310, 310, 311, 312, 313, 313, 313, 314, 314, 318, 321, 321, 321, 321, 321, 326, 330, 331, 332, 333, 335, 337, 341, 343, 345, 346, 349, 349, 352, 352, 352, 352, 353, 356, 356, 361, 364, 365, 368, 369, 370, 371, 372, 374, 375, 379, 379, 379]}
914 {0: [29, 29, 25, 25, 29, 26, 27, 28, 27, 27, 25, 25, 26, 27, 25, 25, 26, 26, 26, 26, 26, 25, 25, 25, 25, 26, 24, 25, 25, 23, 26, 26, 26, 27, 27, 29, 25, 26, 22, 23, 22, 22, 23, 22, 22, 23, 22, 22, 22, 22, 22, 22, 22, 22, 23, 22, 22, 22, 22, 23, 25, 23, 22, 23, 25, 25, 27, 24, 23, 24, 24, 25, 26, 26, 23, 22, 22, 22, 20, 24, 23, 23, 25, 26, 27, 26, 27, 26, 24, 26, 24, 24, 24, 24, 25, 25, 28, 26, 28, 30], 1: [240, 242, 246, 246, 247, 251, 251, 251, 254, 257, 259, 264, 264, 264, 266, 267, 268, 269, 269, 273, 274, 275, 275, 275, 275, 279, 283, 283, 283, 287, 288, 289, 289, 290, 290, 291, 297, 298, 303, 303, 305, 305, 305, 307, 307, 307, 308, 308, 308, 308, 309, 310, 310, 310, 311, 312, 313, 313, 313, 314, 314, 318, 321, 321, 321, 321, 321, 326, 330, 331, 332, 333, 335, 337, 341, 343, 345, 346, 349, 349, 352, 352, 352, 352, 353, 356, 356, 361, 364, 365, 368, 369, 370, 371, 372, 374, 375, 379, 379, 379]}
672 {0: [29, 29, 25, 25, 29, 26, 27, 28, 27, 27, 25, 25, 26, 27, 25, 25, 26, 26, 26, 26, 26, 25, 25, 25, 25, 26, 24, 25, 25, 23, 26, 26, 26, 27, 27, 29, 25, 26, 22, 23, 22, 22, 23, 22, 22, 23, 22, 22, 22, 22, 22, 22, 22, 22, 23, 22, 22, 22, 22, 23, 25, 23, 22, 23, 25, 25, 27, 24, 23, 24, 24, 25, 26, 26, 23, 22, 22, 22, 20, 24, 23, 23, 25, 26, 27, 26, 27, 26, 24, 26, 24, 24, 24, 24, 25, 25, 28, 26, 28, 30], 1: [240, 242, 246, 246, 247, 251, 251, 251, 254, 257, 259, 264, 264, 264, 266, 267, 268, 269, 269, 273, 274, 275, 275, 275, 275, 279, 283, 283, 283, 287, 288, 289, 289, 290, 290, 291, 297, 298, 303, 303, 305, 305, 305, 307, 307, 307, 308, 308, 308, 308, 309, 310, 310, 310, 311, 312, 313, 313, 313, 314, 314, 318, 321, 321, 321, 321, 321, 326, 330, 331, 332, 333, 335, 337, 341, 343, 345, 346, 349, 349, 352, 352, 352, 352, 353, 356, 356, 361, 364, 365, 368, 369, 370, 371, 372, 374, 375, 379, 379, 379]}
424 {0: [29, 29, 25, 25, 29, 26, 27, 28, 27, 27, 25, 25, 26, 27, 25, 25, 26, 26, 26, 26, 26, 25, 25, 25, 25, 26, 24, 25, 25, 23, 26, 26, 26, 27, 27, 29, 25, 26, 22, 23, 22, 22, 23, 22, 22, 23, 22, 22, 22, 22, 22, 22, 22, 22, 23, 22, 22, 22, 22, 23, 25, 23, 22, 23, 25, 25, 27, 24, 23, 24, 24, 25, 26, 26, 23, 22, 22, 22, 20, 24, 23, 23, 26, 27, 25, 26, 27, 27, 27, 29, 28, 26, 25, 25, 27, 28, 27, 29, 27, 30], 1: [240, 242, 246, 246, 247, 251, 251, 251, 254, 257, 259, 264, 264, 264, 266, 267, 268, 269, 269, 273, 274, 275, 275, 275, 275, 279, 283, 283, 283, 287, 288, 289, 289, 290, 290, 291, 297, 298, 303, 303, 305, 305, 305, 307, 307, 307, 308, 308, 308, 308, 309, 310, 310, 310, 311, 312, 313, 313, 313, 314, 314, 318, 321, 321, 321, 321, 321, 326, 330, 331, 332, 333, 335, 337, 341, 343, 345, 346, 349, 349, 352, 352, 353, 355, 358, 358, 358, 358, 360, 362, 365, 369, 373, 374, 374, 376, 379, 380, 383, 384]}
178 {0: [29, 29, 25, 25, 29, 26, 27, 28, 27, 27, 25, 25, 26, 27, 25, 25, 26, 26, 26, 26, 26, 25, 25, 25, 25, 26, 24, 25, 25, 23, 26, 26, 26, 27, 27, 29, 25, 26, 22, 23, 22, 22, 23, 22, 22, 23, 22, 22, 22, 22, 22, 22, 22, 22, 23, 22, 22, 22, 22, 23, 25, 23, 22, 23, 25, 25, 27, 24, 23, 24, 24, 25, 26, 26, 23, 22, 22, 22, 20, 24, 23, 23, 25, 26, 27, 26, 27, 26, 24, 26, 24, 24, 24, 24, 25, 25, 28, 26, 28, 30], 1: [240, 242, 246, 246, 247, 251, 251, 251, 254, 257, 259, 264, 264, 264, 266, 267, 268, 269, 269, 273, 274, 275, 275, 275, 275, 279, 283, 283, 283, 287, 288, 289, 289, 290, 290, 291, 297, 298, 303, 303, 305, 305, 305, 307, 307, 307, 308, 308, 308, 308, 309, 310, 310, 310, 311, 312, 313, 313, 313, 314, 314, 318, 321, 321, 321, 321, 321, 326, 330, 331, 332, 333, 335, 337, 341, 343, 345, 346, 349, 349, 352, 352, 352, 352, 353, 356, 356, 361, 364, 365, 368, 369, 370, 371, 372, 374, 375, 379, 379, 379]}
915 {0: [29, 29, 25, 25, 29, 26, 27, 28, 27, 27, 25, 25, 26, 27, 25, 25, 26, 26, 26, 26, 26, 25, 25, 25, 25, 26, 24, 25, 25, 23, 26, 26, 26, 27, 27, 29, 25, 26, 22, 23, 22, 22, 23, 22, 22, 23, 22, 22, 22, 22, 22, 22, 22, 22, 23, 22, 22, 22, 22, 23, 25, 23, 22, 23, 25, 25, 27, 24, 23, 24, 24, 25, 26, 26, 23, 22, 22, 22, 20, 24, 23, 23, 25, 26, 27, 26, 27, 26, 24, 26, 24, 24, 24, 24, 25, 25, 28, 26, 28, 30], 1: [240, 242, 246, 246, 247, 251, 251, 251, 254, 257, 259, 264, 264, 264, 266, 267, 268, 269, 269, 273, 274, 275, 275, 275, 275, 279, 283, 283, 283, 287, 288, 289, 289, 290, 290, 291, 297, 298, 303, 303, 305, 305, 305, 307, 307, 307, 308, 308, 308, 308, 309, 310, 310, 310, 311, 312, 313, 313, 313, 314, 314, 318, 321, 321, 321, 321, 321, 326, 330, 331, 332, 333, 335, 337, 341, 343, 345, 346, 349, 349, 352, 352, 352, 352, 353, 356, 356, 361, 364, 365, 368, 369, 370, 371, 372, 374, 375, 379, 379, 379]}
673 {0: [29, 29, 25, 25, 29, 26, 27, 28, 27, 27, 25, 25, 26, 27, 25, 25, 26, 26, 26, 26, 26, 25, 25, 25, 25, 26, 24, 25, 25, 23, 26, 26, 26, 27, 27, 29, 25, 26, 22, 23, 22, 22, 23, 22, 22, 23, 22, 22, 22, 22, 22, 22, 22, 22, 23, 22, 22, 22, 22, 23, 25, 23, 22, 23, 25, 25, 27, 24, 23, 24, 24, 25, 26, 26, 23, 22, 22, 22, 20, 24, 23, 23, 25, 26, 27, 26, 27, 26, 24, 26, 24, 24, 24, 24, 25, 25, 28, 26, 28, 30], 1: [240, 242, 246, 246, 247, 251, 251, 251, 254, 257, 259, 264, 264, 264, 266, 267, 268, 269, 269, 273, 274, 275, 275, 275, 275, 279, 283, 283, 283, 287, 288, 289, 289, 290, 290, 291, 297, 298, 303, 303, 305, 305, 305, 307, 307, 307, 308, 308, 308, 308, 309, 310, 310, 310, 311, 312, 313, 313, 313, 314, 314, 318, 321, 321, 321, 321, 321, 326, 330, 331, 332, 333, 335, 337, 341, 343, 345, 346, 349, 349, 352, 352, 352, 352, 353, 356, 356, 361, 364, 365, 368, 369, 370, 371, 372, 374, 375, 379, 379, 379]}
425 {0: [29, 29, 25, 25, 29, 26, 27, 28, 27, 27, 25, 25, 26, 27, 25, 25, 26, 26, 26, 26, 26, 25, 25, 25, 25, 26, 24, 25, 25, 23, 26, 26, 26, 27, 27, 29, 25, 26, 22, 23, 22, 22, 23, 22, 22, 23, 22, 22, 22, 22, 22, 22, 22, 22, 23, 22, 22, 22, 22, 23, 25, 23, 22, 23, 25, 25, 27, 24, 23, 24, 24, 25, 26, 26, 23, 22, 22, 22, 20, 24, 23, 23, 25, 26, 27, 26, 27, 26, 24, 26, 24, 24, 24, 24, 25, 25, 28, 26, 28, 30], 1: [240, 242, 246, 246, 247, 251, 251, 251, 254, 257, 259, 264, 264, 264, 266, 267, 268, 269, 269, 273, 274, 275, 275, 275, 275, 279, 283, 283, 283, 287, 288, 289, 289, 290, 290, 291, 297, 298, 303, 303, 305, 305, 305, 307, 307, 307, 308, 308, 308, 308, 309, 310, 310, 310, 311, 312, 313, 313, 313, 314, 314, 318, 321, 321, 321, 321, 321, 326, 330, 331, 332, 333, 335, 337, 341, 343, 345, 346, 349, 349, 352, 352, 352, 352, 353, 356, 356, 361, 364, 365, 368, 369, 370, 371, 372, 374, 375, 379, 379, 379]}
179 {0: [29, 29, 25, 25, 29, 26, 27, 28, 27, 27, 25, 25, 26, 27, 25, 25, 26, 26, 26, 26, 26, 25, 25, 25, 25, 26, 24, 25, 25, 23, 26, 26, 26, 27, 27, 29, 25, 26, 22, 23, 22, 22, 23, 22, 22, 23, 22, 22, 22, 22, 22, 22, 22, 22, 23, 22, 22, 22, 22, 23, 25, 23, 22, 23, 25, 25, 27, 24, 23, 24, 24, 25, 26, 26, 23, 22, 22, 22, 20, 24, 23, 23, 25, 26, 27, 26, 27, 26, 24, 26, 24, 24, 24, 24, 25, 25, 28, 26, 28, 30], 1: [240, 242, 246, 246, 247, 251, 251, 251, 254, 257, 259, 264, 264, 264, 266, 267, 268, 269, 269, 273, 274, 275, 275, 275, 275, 279, 283, 283, 283, 287, 288, 289, 289, 290, 290, 291, 297, 298, 303, 303, 305, 305, 305, 307, 307, 307, 308, 308, 308, 308, 309, 310, 310, 310, 311, 312, 313, 313, 313, 314, 314, 318, 321, 321, 321, 321, 321, 326, 330, 331, 332, 333, 335, 337, 341, 343, 345, 346, 349, 349, 352, 352, 352, 352, 353, 356, 356, 361, 364, 365, 368, 369, 370, 371, 372, 374, 375, 379, 379, 379]}
916 {0: [29, 29, 25, 25, 29, 26, 27, 28, 27, 27, 25, 25, 26, 27, 25, 25, 26, 26, 26, 26, 26, 25, 25, 25, 25, 26, 24, 25, 25, 23, 26, 26, 26, 27, 27, 29, 25, 26, 22, 23, 22, 22, 23, 22, 22, 23, 22, 22, 22, 22, 22, 22, 22, 22, 23, 22, 22, 22, 22, 23, 25, 23, 22, 23, 25, 25, 27, 24, 23, 24, 24, 25, 26, 26, 23, 22, 22, 22, 20, 24, 23, 23, 25, 26, 27, 26, 27, 26, 24, 26, 24, 24, 24, 24, 25, 25, 28, 26, 28, 30], 1: [240, 242, 246, 246, 247, 251, 251, 251, 254, 257, 259, 264, 264, 264, 266, 267, 268, 269, 269, 273, 274, 275, 275, 275, 275, 279, 283, 283, 283, 287, 288, 289, 289, 290, 290, 291, 297, 298, 303, 303, 305, 305, 305, 307, 307, 307, 308, 308, 308, 308, 309, 310, 310, 310, 311, 312, 313, 313, 313, 314, 314, 318, 321, 321, 321, 321, 321, 326, 330, 331, 332, 333, 335, 337, 341, 343, 345, 346, 349, 349, 352, 352, 352, 352, 353, 356, 356, 361, 364, 365, 368, 369, 370, 371, 372, 374, 375, 379, 379, 379]}
674 {0: [29, 29, 25, 25, 29, 26, 27, 28, 27, 27, 25, 25, 26, 27, 25, 25, 26, 26, 26, 26, 26, 25, 25, 25, 25, 26, 24, 25, 25, 23, 26, 26, 26, 27, 27, 29, 25, 26, 22, 23, 22, 22, 23, 22, 22, 23, 22, 22, 22, 22, 22, 22, 22, 22, 23, 22, 22, 22, 22, 23, 25, 23, 22, 23, 25, 25, 27, 24, 23, 24, 24, 25, 26, 26, 23, 22, 22, 22, 20, 24, 23, 23, 25, 26, 27, 26, 27, 26, 24, 26, 24, 24, 24, 24, 25, 25, 28, 26, 28, 30], 1: [240, 242, 246, 246, 247, 251, 251, 251, 254, 257, 259, 264, 264, 264, 266, 267, 268, 269, 269, 273, 274, 275, 275, 275, 275, 279, 283, 283, 283, 287, 288, 289, 289, 290, 290, 291, 297, 298, 303, 303, 305, 305, 305, 307, 307, 307, 308, 308, 308, 308, 309, 310, 310, 310, 311, 312, 313, 313, 313, 314, 314, 318, 321, 321, 321, 321, 321, 326, 330, 331, 332, 333, 335, 337, 341, 343, 345, 346, 349, 349, 352, 352, 352, 352, 353, 356, 356, 361, 364, 365, 368, 369, 370, 371, 372, 374, 375, 379, 379, 379]}
426 {0: [29, 29, 25, 25, 29, 26, 27, 28, 27, 27, 25, 25, 26, 27, 25, 25, 26, 26, 26, 26, 26, 25, 25, 25, 25, 26, 24, 25, 25, 23, 26, 26, 26, 27, 27, 29, 25, 26, 22, 23, 22, 22, 23, 22, 22, 23, 22, 22, 22, 22, 22, 22, 22, 22, 23, 22, 22, 22, 22, 23, 25, 23, 22, 23, 25, 25, 27, 24, 23, 24, 24, 25, 26, 26, 23, 22, 22, 22, 20, 24, 23, 23, 26, 27, 25, 26, 27, 27, 27, 29, 28, 26, 25, 25, 27, 28, 27, 29, 27, 30], 1: [240, 242, 246, 246, 247, 251, 251, 251, 254, 257, 259, 264, 264, 264, 266, 267, 268, 269, 269, 273, 274, 275, 275, 275, 275, 279, 283, 283, 283, 287, 288, 289, 289, 290, 290, 291, 297, 298, 303, 303, 305, 305, 305, 307, 307, 307, 308, 308, 308, 308, 309, 310, 310, 310, 311, 312, 313, 313, 313, 314, 314, 318, 321, 321, 321, 321, 321, 326, 330, 331, 332, 333, 335, 337, 341, 343, 345, 346, 349, 349, 352, 352, 353, 355, 358, 358, 358, 358, 360, 362, 365, 369, 373, 374, 374, 376, 379, 380, 383, 384]}
180 {0: [29, 29, 25, 25, 29, 26, 27, 28, 27, 27, 25, 25, 26, 27, 25, 25, 26, 26, 26, 26, 26, 25, 25, 25, 25, 26, 24, 25, 25, 23, 26, 26, 26, 27, 27, 29, 25, 26, 22, 23, 22, 22, 23, 22, 22, 23, 22, 22, 22, 22, 22, 22, 22, 22, 23, 22, 22, 22, 22, 23, 25, 23, 22, 23, 25, 25, 27, 24, 23, 24, 24, 25, 26, 26, 23, 22, 22, 22, 20, 24, 23, 23, 25, 26, 27, 26, 27, 26, 24, 26, 24, 24, 24, 24, 25, 25, 28, 26, 28, 30], 1: [240, 242, 246, 246, 247, 251, 251, 251, 254, 257, 259, 264, 264, 264, 266, 267, 268, 269, 269, 273, 274, 275, 275, 275, 275, 279, 283, 283, 283, 287, 288, 289, 289, 290, 290, 291, 297, 298, 303, 303, 305, 305, 305, 307, 307, 307, 308, 308, 308, 308, 309, 310, 310, 310, 311, 312, 313, 313, 313, 314, 314, 318, 321, 321, 321, 321, 321, 326, 330, 331, 332, 333, 335, 337, 341, 343, 345, 346, 349, 349, 352, 352, 352, 352, 353, 356, 356, 361, 364, 365, 368, 369, 370, 371, 372, 374, 375, 379, 379, 379]}
917 {0: [29, 29, 25, 25, 29, 26, 27, 28, 27, 27, 25, 25, 26, 27, 25, 25, 26, 26, 26, 26, 26, 25, 25, 25, 25, 26, 24, 25, 25, 23, 26, 26, 26, 27, 27, 29, 25, 26, 22, 23, 22, 22, 23, 22, 22, 23, 22, 22, 22, 22, 22, 22, 22, 22, 23, 22, 22, 22, 22, 23, 25, 23, 22, 23, 25, 25, 27, 24, 23, 24, 24, 25, 26, 26, 23, 22, 22, 22, 20, 24, 23, 23, 25, 26, 27, 26, 27, 26, 24, 26, 24, 24, 24, 24, 25, 25, 28, 26, 28, 30], 1: [240, 242, 246, 246, 247, 251, 251, 251, 254, 257, 259, 264, 264, 264, 266, 267, 268, 269, 269, 273, 274, 275, 275, 275, 275, 279, 283, 283, 283, 287, 288, 289, 289, 290, 290, 291, 297, 298, 303, 303, 305, 305, 305, 307, 307, 307, 308, 308, 308, 308, 309, 310, 310, 310, 311, 312, 313, 313, 313, 314, 314, 318, 321, 321, 321, 321, 321, 326, 330, 331, 332, 333, 335, 337, 341, 343, 345, 346, 349, 349, 352, 352, 352, 352, 353, 356, 356, 361, 364, 365, 368, 369, 370, 371, 372, 374, 375, 379, 379, 379]}
675 {0: [28, 27, 25, 25, 26, 24, 24, 25, 22, 23, 26, 24, 23, 24, 24, 25, 25, 26, 28, 26, 22, 23, 24, 24, 26, 25, 26, 26, 27, 28, 27, 25, 26, 25, 24, 26, 26, 26, 28, 26, 26, 29, 27, 26, 26, 27, 26, 25, 26, 25, 26, 26, 26, 27, 23, 24, 24, 24, 23, 26, 25, 26, 25, 27, 25, 23, 23, 24, 23, 24, 24, 26, 24, 24, 26, 25, 24, 24, 27, 26, 27, 28, 27, 25, 27, 27, 27, 27, 26, 28, 29, 28, 27, 27, 29, 27, 28, 27, 27, 27], 1: [240, 242, 246, 249, 249, 253, 253, 255, 258, 258, 258, 261, 263, 264, 265, 265, 265, 266, 268, 272, 277, 277, 280, 281, 281, 283, 284, 285, 286, 288, 294, 297, 298, 299, 301, 302, 306, 308, 308, 311, 311, 311, 313, 315, 318, 318, 319, 322, 322, 323, 323, 325, 326, 327, 333, 334, 335, 335, 337, 337, 338, 341, 343, 346, 350, 355, 355, 356, 357, 357, 357, 358, 361, 363, 364, 366, 370, 370, 370, 372, 373, 376, 379, 383, 383, 384, 384, 386, 387, 387, 389, 392, 393, 395, 396, 399, 400, 402, 402, 402]}
427 {0: [29, 29, 25, 25, 29, 26, 27, 28, 27, 27, 25, 25, 26, 27, 25, 25, 26, 26, 26, 26, 26, 25, 25, 25, 25, 26, 24, 25, 25, 23, 26, 26, 26, 27, 27, 29, 25, 26, 22, 23, 22, 22, 23, 22, 22, 23, 22, 22, 22, 22, 22, 22, 22, 22, 23, 22, 22, 22, 22, 23, 25, 23, 22, 23, 25, 25, 27, 24, 23, 24, 24, 25, 26, 26, 23, 22, 22, 22, 20, 24, 23, 23, 26, 27, 25, 26, 27, 27, 27, 29, 28, 26, 25, 25, 27, 28, 27, 29, 27, 30], 1: [240, 242, 246, 246, 247, 251, 251, 251, 254, 257, 259, 264, 264, 264, 266, 267, 268, 269, 269, 273, 274, 275, 275, 275, 275, 279, 283, 283, 283, 287, 288, 289, 289, 290, 290, 291, 297, 298, 303, 303, 305, 305, 305, 307, 307, 307, 308, 308, 308, 308, 309, 310, 310, 310, 311, 312, 313, 313, 313, 314, 314, 318, 321, 321, 321, 321, 321, 326, 330, 331, 332, 333, 335, 337, 341, 343, 345, 346, 349, 349, 352, 352, 353, 355, 358, 358, 358, 358, 360, 362, 365, 369, 373, 374, 374, 376, 379, 380, 383, 384]}
181 {0: [29, 29, 25, 25, 29, 26, 27, 28, 27, 27, 25, 25, 26, 27, 25, 25, 26, 26, 26, 26, 26, 25, 25, 25, 25, 26, 24, 25, 25, 23, 26, 26, 26, 27, 27, 29, 25, 26, 22, 23, 22, 22, 23, 22, 22, 23, 22, 22, 22, 22, 22, 22, 22, 22, 23, 22, 22, 22, 22, 23, 25, 23, 22, 23, 25, 25, 27, 24, 23, 24, 24, 25, 26, 26, 23, 22, 22, 22, 20, 24, 23, 23, 25, 26, 27, 26, 27, 26, 24, 26, 24, 24, 24, 24, 25, 25, 28, 26, 28, 30], 1: [240, 242, 246, 246, 247, 251, 251, 251, 254, 257, 259, 264, 264, 264, 266, 267, 268, 269, 269, 273, 274, 275, 275, 275, 275, 279, 283, 283, 283, 287, 288, 289, 289, 290, 290, 291, 297, 298, 303, 303, 305, 305, 305, 307, 307, 307, 308, 308, 308, 308, 309, 310, 310, 310, 311, 312, 313, 313, 313, 314, 314, 318, 321, 321, 321, 321, 321, 326, 330, 331, 332, 333, 335, 337, 341, 343, 345, 346, 349, 349, 352, 352, 352, 352, 353, 356, 356, 361, 364, 365, 368, 369, 370, 371, 372, 374, 375, 379, 379, 379]}
918 {0: [28, 27, 25, 25, 26, 24, 24, 25, 22, 23, 26, 24, 23, 24, 24, 25, 25, 26, 28, 26, 22, 23, 24, 24, 26, 25, 26, 26, 27, 28, 27, 25, 26, 25, 24, 26, 26, 26, 28, 26, 26, 29, 27, 26, 26, 27, 26, 25, 26, 25, 26, 26, 26, 27, 23, 24, 24, 24, 23, 26, 25, 26, 25, 27, 25, 23, 23, 24, 23, 24, 24, 26, 24, 24, 26, 25, 24, 24, 27, 26, 27, 28, 27, 25, 27, 27, 27, 27, 26, 28, 29, 28, 27, 27, 29, 27, 28, 27, 27, 27], 1: [240, 242, 246, 249, 249, 253, 253, 255, 258, 258, 258, 261, 263, 264, 265, 265, 265, 266, 268, 272, 277, 277, 280, 281, 281, 283, 284, 285, 286, 288, 294, 297, 298, 299, 301, 302, 306, 308, 308, 311, 311, 311, 313, 315, 318, 318, 319, 322, 322, 323, 323, 325, 326, 327, 333, 334, 335, 335, 337, 337, 338, 341, 343, 346, 350, 355, 355, 356, 357, 357, 357, 358, 361, 363, 364, 366, 370, 370, 370, 372, 373, 376, 379, 383, 383, 384, 384, 386, 387, 387, 389, 392, 393, 395, 396, 399, 400, 402, 402, 402]}
676 {0: [29, 29, 25, 25, 29, 26, 27, 28, 27, 27, 25, 25, 26, 27, 25, 25, 26, 26, 26, 26, 26, 25, 25, 25, 25, 26, 24, 25, 25, 23, 26, 26, 26, 27, 27, 29, 25, 26, 22, 23, 22, 22, 23, 22, 22, 23, 22, 22, 22, 22, 22, 22, 22, 22, 23, 22, 22, 22, 22, 23, 25, 23, 22, 23, 25, 25, 27, 24, 23, 24, 24, 25, 26, 26, 23, 22, 22, 22, 20, 24, 23, 23, 25, 26, 27, 26, 27, 26, 24, 26, 24, 24, 24, 24, 25, 25, 28, 26, 28, 30], 1: [240, 242, 246, 246, 247, 251, 251, 251, 254, 257, 259, 264, 264, 264, 266, 267, 268, 269, 269, 273, 274, 275, 275, 275, 275, 279, 283, 283, 283, 287, 288, 289, 289, 290, 290, 291, 297, 298, 303, 303, 305, 305, 305, 307, 307, 307, 308, 308, 308, 308, 309, 310, 310, 310, 311, 312, 313, 313, 313, 314, 314, 318, 321, 321, 321, 321, 321, 326, 330, 331, 332, 333, 335, 337, 341, 343, 345, 346, 349, 349, 352, 352, 352, 352, 353, 356, 356, 361, 364, 365, 368, 369, 370, 371, 372, 374, 375, 379, 379, 379]}
428 {0: [29, 29, 25, 25, 29, 26, 27, 28, 27, 27, 25, 25, 26, 27, 25, 25, 26, 26, 26, 26, 26, 25, 25, 25, 25, 26, 24, 25, 25, 23, 26, 26, 26, 27, 27, 29, 25, 26, 22, 23, 22, 22, 23, 22, 22, 23, 22, 22, 22, 22, 22, 22, 22, 22, 23, 22, 22, 22, 22, 23, 25, 23, 22, 23, 25, 25, 27, 24, 23, 24, 24, 25, 26, 26, 23, 22, 22, 22, 20, 24, 23, 23, 26, 27, 25, 26, 27, 27, 27, 29, 28, 26, 25, 25, 27, 28, 27, 29, 27, 30], 1: [240, 242, 246, 246, 247, 251, 251, 251, 254, 257, 259, 264, 264, 264, 266, 267, 268, 269, 269, 273, 274, 275, 275, 275, 275, 279, 283, 283, 283, 287, 288, 289, 289, 290, 290, 291, 297, 298, 303, 303, 305, 305, 305, 307, 307, 307, 308, 308, 308, 308, 309, 310, 310, 310, 311, 312, 313, 313, 313, 314, 314, 318, 321, 321, 321, 321, 321, 326, 330, 331, 332, 333, 335, 337, 341, 343, 345, 346, 349, 349, 352, 352, 353, 355, 358, 358, 358, 358, 360, 362, 365, 369, 373, 374, 374, 376, 379, 380, 383, 384]}
182 {0: [29, 29, 25, 25, 29, 26, 27, 28, 27, 27, 25, 25, 26, 27, 25, 25, 26, 26, 26, 26, 26, 25, 25, 25, 25, 26, 24, 25, 25, 23, 26, 26, 26, 27, 27, 29, 25, 26, 22, 23, 22, 22, 23, 22, 22, 23, 22, 22, 22, 22, 22, 22, 22, 22, 23, 22, 22, 22, 22, 23, 25, 23, 22, 23, 25, 25, 27, 24, 23, 24, 24, 25, 26, 26, 23, 22, 22, 22, 20, 24, 23, 23, 25, 26, 27, 26, 27, 26, 24, 26, 24, 24, 24, 24, 25, 25, 28, 26, 28, 30], 1: [240, 242, 246, 246, 247, 251, 251, 251, 254, 257, 259, 264, 264, 264, 266, 267, 268, 269, 269, 273, 274, 275, 275, 275, 275, 279, 283, 283, 283, 287, 288, 289, 289, 290, 290, 291, 297, 298, 303, 303, 305, 305, 305, 307, 307, 307, 308, 308, 308, 308, 309, 310, 310, 310, 311, 312, 313, 313, 313, 314, 314, 318, 321, 321, 321, 321, 321, 326, 330, 331, 332, 333, 335, 337, 341, 343, 345, 346, 349, 349, 352, 352, 352, 352, 353, 356, 356, 361, 364, 365, 368, 369, 370, 371, 372, 374, 375, 379, 379, 379]}
919 {0: [29, 29, 25, 25, 29, 26, 27, 28, 27, 27, 25, 25, 26, 27, 25, 25, 26, 26, 26, 26, 26, 25, 25, 25, 25, 26, 24, 25, 25, 23, 26, 26, 26, 27, 27, 29, 25, 26, 22, 23, 22, 22, 23, 22, 22, 23, 22, 22, 22, 22, 22, 22, 22, 22, 23, 22, 22, 22, 22, 23, 25, 23, 22, 23, 25, 25, 27, 24, 23, 24, 24, 25, 26, 26, 23, 22, 22, 22, 20, 24, 23, 23, 25, 26, 27, 26, 27, 26, 24, 26, 24, 24, 24, 24, 25, 25, 28, 26, 28, 30], 1: [240, 242, 246, 246, 247, 251, 251, 251, 254, 257, 259, 264, 264, 264, 266, 267, 268, 269, 269, 273, 274, 275, 275, 275, 275, 279, 283, 283, 283, 287, 288, 289, 289, 290, 290, 291, 297, 298, 303, 303, 305, 305, 305, 307, 307, 307, 308, 308, 308, 308, 309, 310, 310, 310, 311, 312, 313, 313, 313, 314, 314, 318, 321, 321, 321, 321, 321, 326, 330, 331, 332, 333, 335, 337, 341, 343, 345, 346, 349, 349, 352, 352, 352, 352, 353, 356, 356, 361, 364, 365, 368, 369, 370, 371, 372, 374, 375, 379, 379, 379]}
677 {0: [28, 28, 28, 26, 26, 27, 27, 28, 30, 29, 30, 27, 28, 27, 28, 29, 27, 29, 28, 28, 27, 30, 29, 29, 29, 31, 31, 28, 29, 31, 28, 29, 28, 30, 28, 30, 27, 27, 29, 28, 29, 29, 29, 30, 28, 29, 28, 26, 26, 26, 30, 30, 27, 25, 25, 28, 27, 27, 27, 28, 27, 30, 29, 26, 26, 26, 27, 27, 29, 27, 28, 27, 27, 28, 29, 28, 29, 28, 30, 28, 29, 29, 28, 27, 23, 23, 25, 23, 24, 23, 22, 23, 23, 25, 25, 25, 29, 28, 29, 29], 1: [239, 241, 245, 250, 254, 255, 258, 258, 258, 261, 263, 268, 270, 273, 274, 275, 277, 278, 280, 283, 285, 286, 290, 293, 295, 296, 299, 303, 305, 307, 311, 313, 317, 318, 322, 324, 328, 328, 329, 330, 330, 331, 333, 337, 339, 339, 343, 345, 345, 346, 347, 350, 354, 358, 359, 359, 361, 362, 363, 363, 365, 367, 371, 376, 377, 377, 377, 380, 381, 385, 389, 391, 391, 391, 396, 399, 400, 402, 404, 407, 408, 408, 412, 414, 420, 420, 420, 422, 422, 423, 424, 424, 424, 424, 426, 426, 427, 429, 429, 430]}
429 {0: [29, 29, 25, 25, 29, 26, 27, 28, 27, 27, 25, 25, 26, 27, 25, 25, 26, 26, 26, 26, 26, 25, 25, 25, 25, 26, 24, 25, 25, 23, 26, 26, 26, 27, 27, 29, 25, 26, 22, 23, 22, 22, 23, 22, 22, 23, 22, 22, 22, 22, 22, 22, 22, 22, 23, 22, 22, 22, 22, 23, 25, 23, 22, 23, 25, 25, 27, 24, 23, 24, 24, 25, 26, 26, 23, 22, 22, 22, 20, 24, 23, 23, 25, 26, 27, 26, 27, 26, 24, 26, 24, 24, 24, 24, 25, 25, 28, 26, 28, 30], 1: [240, 242, 246, 246, 247, 251, 251, 251, 254, 257, 259, 264, 264, 264, 266, 267, 268, 269, 269, 273, 274, 275, 275, 275, 275, 279, 283, 283, 283, 287, 288, 289, 289, 290, 290, 291, 297, 298, 303, 303, 305, 305, 305, 307, 307, 307, 308, 308, 308, 308, 309, 310, 310, 310, 311, 312, 313, 313, 313, 314, 314, 318, 321, 321, 321, 321, 321, 326, 330, 331, 332, 333, 335, 337, 341, 343, 345, 346, 349, 349, 352, 352, 352, 352, 353, 356, 356, 361, 364, 365, 368, 369, 370, 371, 372, 374, 375, 379, 379, 379]}
183 {0: [29, 29, 25, 25, 29, 26, 27, 28, 27, 27, 25, 25, 26, 27, 25, 25, 26, 26, 26, 26, 26, 25, 25, 25, 25, 26, 24, 25, 25, 23, 26, 26, 26, 27, 27, 29, 25, 26, 22, 23, 22, 22, 23, 22, 22, 23, 22, 22, 22, 22, 22, 22, 22, 22, 23, 22, 22, 22, 22, 23, 25, 23, 22, 23, 25, 25, 27, 24, 23, 24, 24, 25, 26, 26, 23, 22, 22, 22, 20, 24, 23, 23, 25, 26, 27, 26, 27, 26, 24, 26, 24, 24, 24, 24, 25, 25, 28, 26, 28, 30], 1: [240, 242, 246, 246, 247, 251, 251, 251, 254, 257, 259, 264, 264, 264, 266, 267, 268, 269, 269, 273, 274, 275, 275, 275, 275, 279, 283, 283, 283, 287, 288, 289, 289, 290, 290, 291, 297, 298, 303, 303, 305, 305, 305, 307, 307, 307, 308, 308, 308, 308, 309, 310, 310, 310, 311, 312, 313, 313, 313, 314, 314, 318, 321, 321, 321, 321, 321, 326, 330, 331, 332, 333, 335, 337, 341, 343, 345, 346, 349, 349, 352, 352, 352, 352, 353, 356, 356, 361, 364, 365, 368, 369, 370, 371, 372, 374, 375, 379, 379, 379]}
920 {0: [29, 29, 25, 25, 29, 26, 27, 28, 27, 27, 25, 25, 26, 27, 25, 25, 26, 26, 26, 26, 26, 25, 25, 25, 25, 26, 24, 25, 25, 23, 26, 26, 26, 27, 27, 29, 25, 26, 22, 23, 22, 22, 23, 22, 22, 23, 22, 22, 22, 22, 22, 22, 22, 22, 23, 22, 22, 22, 22, 23, 25, 23, 22, 23, 25, 25, 27, 24, 23, 24, 24, 25, 26, 26, 23, 22, 22, 22, 20, 24, 23, 23, 25, 26, 27, 26, 27, 26, 24, 26, 24, 24, 24, 24, 25, 25, 28, 26, 28, 30], 1: [240, 242, 246, 246, 247, 251, 251, 251, 254, 257, 259, 264, 264, 264, 266, 267, 268, 269, 269, 273, 274, 275, 275, 275, 275, 279, 283, 283, 283, 287, 288, 289, 289, 290, 290, 291, 297, 298, 303, 303, 305, 305, 305, 307, 307, 307, 308, 308, 308, 308, 309, 310, 310, 310, 311, 312, 313, 313, 313, 314, 314, 318, 321, 321, 321, 321, 321, 326, 330, 331, 332, 333, 335, 337, 341, 343, 345, 346, 349, 349, 352, 352, 352, 352, 353, 356, 356, 361, 364, 365, 368, 369, 370, 371, 372, 374, 375, 379, 379, 379]}
678 {0: [29, 29, 25, 25, 29, 26, 27, 28, 27, 27, 25, 25, 26, 27, 25, 25, 26, 26, 26, 26, 26, 25, 25, 25, 25, 26, 24, 25, 25, 23, 26, 26, 26, 27, 27, 29, 25, 26, 22, 23, 22, 22, 23, 22, 22, 23, 22, 22, 22, 22, 22, 22, 22, 22, 23, 22, 22, 22, 22, 23, 25, 23, 22, 23, 25, 25, 27, 24, 23, 24, 24, 25, 26, 26, 23, 22, 22, 22, 20, 24, 23, 23, 25, 26, 27, 26, 27, 26, 24, 26, 24, 24, 24, 24, 25, 25, 28, 26, 28, 30], 1: [240, 242, 246, 246, 247, 251, 251, 251, 254, 257, 259, 264, 264, 264, 266, 267, 268, 269, 269, 273, 274, 275, 275, 275, 275, 279, 283, 283, 283, 287, 288, 289, 289, 290, 290, 291, 297, 298, 303, 303, 305, 305, 305, 307, 307, 307, 308, 308, 308, 308, 309, 310, 310, 310, 311, 312, 313, 313, 313, 314, 314, 318, 321, 321, 321, 321, 321, 326, 330, 331, 332, 333, 335, 337, 341, 343, 345, 346, 349, 349, 352, 352, 352, 352, 353, 356, 356, 361, 364, 365, 368, 369, 370, 371, 372, 374, 375, 379, 379, 379]}
430 {0: [29, 29, 25, 25, 29, 26, 27, 28, 27, 27, 25, 25, 26, 27, 25, 25, 26, 26, 26, 26, 26, 25, 25, 25, 25, 26, 24, 25, 25, 23, 26, 26, 26, 27, 27, 29, 25, 26, 22, 23, 22, 22, 23, 22, 22, 23, 22, 22, 22, 22, 22, 22, 22, 22, 23, 22, 22, 22, 22, 23, 25, 23, 22, 23, 25, 25, 27, 24, 23, 24, 24, 25, 26, 26, 23, 22, 22, 22, 20, 24, 23, 23, 25, 26, 27, 26, 27, 26, 24, 26, 24, 24, 24, 24, 25, 25, 28, 26, 28, 30], 1: [240, 242, 246, 246, 247, 251, 251, 251, 254, 257, 259, 264, 264, 264, 266, 267, 268, 269, 269, 273, 274, 275, 275, 275, 275, 279, 283, 283, 283, 287, 288, 289, 289, 290, 290, 291, 297, 298, 303, 303, 305, 305, 305, 307, 307, 307, 308, 308, 308, 308, 309, 310, 310, 310, 311, 312, 313, 313, 313, 314, 314, 318, 321, 321, 321, 321, 321, 326, 330, 331, 332, 333, 335, 337, 341, 343, 345, 346, 349, 349, 352, 352, 352, 352, 353, 356, 356, 361, 364, 365, 368, 369, 370, 371, 372, 374, 375, 379, 379, 379]}
184 {0: [29, 29, 25, 25, 29, 26, 27, 28, 27, 27, 25, 25, 26, 27, 25, 25, 26, 26, 26, 26, 26, 25, 25, 25, 25, 26, 24, 25, 25, 23, 26, 26, 26, 27, 27, 29, 25, 26, 22, 23, 22, 22, 23, 22, 22, 23, 22, 22, 22, 22, 22, 22, 22, 22, 23, 22, 22, 22, 22, 23, 25, 23, 22, 23, 25, 25, 27, 24, 23, 24, 24, 25, 26, 26, 23, 22, 22, 22, 20, 24, 23, 23, 25, 26, 27, 26, 27, 26, 24, 26, 24, 24, 24, 24, 25, 25, 28, 26, 28, 30], 1: [240, 242, 246, 246, 247, 251, 251, 251, 254, 257, 259, 264, 264, 264, 266, 267, 268, 269, 269, 273, 274, 275, 275, 275, 275, 279, 283, 283, 283, 287, 288, 289, 289, 290, 290, 291, 297, 298, 303, 303, 305, 305, 305, 307, 307, 307, 308, 308, 308, 308, 309, 310, 310, 310, 311, 312, 313, 313, 313, 314, 314, 318, 321, 321, 321, 321, 321, 326, 330, 331, 332, 333, 335, 337, 341, 343, 345, 346, 349, 349, 352, 352, 352, 352, 353, 356, 356, 361, 364, 365, 368, 369, 370, 371, 372, 374, 375, 379, 379, 379]}
921 {0: [29, 29, 25, 25, 29, 26, 27, 28, 27, 27, 25, 25, 26, 27, 25, 25, 26, 26, 26, 26, 26, 25, 25, 25, 25, 26, 24, 25, 25, 23, 26, 26, 26, 27, 27, 29, 25, 26, 22, 23, 22, 22, 23, 22, 22, 23, 22, 22, 22, 22, 22, 22, 22, 22, 23, 22, 22, 22, 22, 23, 25, 23, 22, 23, 25, 25, 27, 24, 23, 24, 24, 25, 26, 26, 23, 22, 22, 22, 20, 24, 23, 23, 25, 26, 27, 26, 27, 26, 24, 26, 24, 24, 24, 24, 25, 25, 28, 26, 28, 30], 1: [240, 242, 246, 246, 247, 251, 251, 251, 254, 257, 259, 264, 264, 264, 266, 267, 268, 269, 269, 273, 274, 275, 275, 275, 275, 279, 283, 283, 283, 287, 288, 289, 289, 290, 290, 291, 297, 298, 303, 303, 305, 305, 305, 307, 307, 307, 308, 308, 308, 308, 309, 310, 310, 310, 311, 312, 313, 313, 313, 314, 314, 318, 321, 321, 321, 321, 321, 326, 330, 331, 332, 333, 335, 337, 341, 343, 345, 346, 349, 349, 352, 352, 352, 352, 353, 356, 356, 361, 364, 365, 368, 369, 370, 371, 372, 374, 375, 379, 379, 379]}
679 {0: [29, 29, 25, 25, 29, 26, 27, 28, 27, 27, 25, 25, 26, 27, 25, 25, 26, 26, 26, 26, 26, 25, 25, 25, 25, 26, 24, 25, 25, 23, 26, 26, 26, 27, 27, 29, 25, 26, 22, 23, 22, 22, 23, 22, 22, 23, 22, 22, 22, 22, 22, 22, 22, 22, 23, 22, 22, 22, 22, 23, 25, 23, 22, 23, 25, 25, 27, 24, 23, 24, 24, 25, 26, 26, 23, 22, 22, 22, 20, 24, 23, 23, 25, 26, 27, 26, 27, 26, 24, 26, 24, 24, 24, 24, 25, 25, 28, 26, 28, 30], 1: [240, 242, 246, 246, 247, 251, 251, 251, 254, 257, 259, 264, 264, 264, 266, 267, 268, 269, 269, 273, 274, 275, 275, 275, 275, 279, 283, 283, 283, 287, 288, 289, 289, 290, 290, 291, 297, 298, 303, 303, 305, 305, 305, 307, 307, 307, 308, 308, 308, 308, 309, 310, 310, 310, 311, 312, 313, 313, 313, 314, 314, 318, 321, 321, 321, 321, 321, 326, 330, 331, 332, 333, 335, 337, 341, 343, 345, 346, 349, 349, 352, 352, 352, 352, 353, 356, 356, 361, 364, 365, 368, 369, 370, 371, 372, 374, 375, 379, 379, 379]}
431 {0: [29, 29, 25, 25, 29, 26, 27, 28, 27, 27, 25, 25, 26, 27, 25, 25, 26, 26, 26, 26, 26, 25, 25, 25, 25, 26, 24, 25, 25, 23, 26, 26, 26, 27, 27, 29, 25, 26, 22, 23, 22, 22, 23, 22, 22, 23, 22, 22, 22, 22, 22, 22, 22, 22, 23, 22, 22, 22, 22, 23, 25, 23, 22, 23, 25, 25, 27, 24, 23, 24, 24, 25, 26, 26, 23, 22, 22, 22, 20, 24, 23, 23, 25, 26, 27, 26, 27, 26, 24, 26, 24, 24, 24, 24, 25, 25, 28, 26, 28, 30], 1: [240, 242, 246, 246, 247, 251, 251, 251, 254, 257, 259, 264, 264, 264, 266, 267, 268, 269, 269, 273, 274, 275, 275, 275, 275, 279, 283, 283, 283, 287, 288, 289, 289, 290, 290, 291, 297, 298, 303, 303, 305, 305, 305, 307, 307, 307, 308, 308, 308, 308, 309, 310, 310, 310, 311, 312, 313, 313, 313, 314, 314, 318, 321, 321, 321, 321, 321, 326, 330, 331, 332, 333, 335, 337, 341, 343, 345, 346, 349, 349, 352, 352, 352, 352, 353, 356, 356, 361, 364, 365, 368, 369, 370, 371, 372, 374, 375, 379, 379, 379]}
432 {0: [29, 29, 25, 25, 29, 26, 27, 28, 27, 27, 25, 25, 26, 27, 25, 25, 26, 26, 26, 26, 26, 25, 25, 25, 25, 26, 24, 25, 25, 23, 26, 26, 26, 27, 27, 29, 25, 26, 22, 23, 22, 22, 23, 22, 22, 23, 22, 22, 22, 22, 22, 22, 22, 22, 23, 22, 22, 22, 22, 23, 25, 23, 22, 23, 25, 25, 27, 24, 23, 24, 24, 25, 26, 26, 23, 22, 22, 22, 20, 24, 23, 23, 25, 26, 27, 26, 27, 26, 24, 26, 24, 24, 24, 24, 25, 25, 28, 26, 28, 30], 1: [240, 242, 246, 246, 247, 251, 251, 251, 254, 257, 259, 264, 264, 264, 266, 267, 268, 269, 269, 273, 274, 275, 275, 275, 275, 279, 283, 283, 283, 287, 288, 289, 289, 290, 290, 291, 297, 298, 303, 303, 305, 305, 305, 307, 307, 307, 308, 308, 308, 308, 309, 310, 310, 310, 311, 312, 313, 313, 313, 314, 314, 318, 321, 321, 321, 321, 321, 326, 330, 331, 332, 333, 335, 337, 341, 343, 345, 346, 349, 349, 352, 352, 352, 352, 353, 356, 356, 361, 364, 365, 368, 369, 370, 371, 372, 374, 375, 379, 379, 379]}
921 {0: [29, 29, 25, 25, 29, 26, 27, 28, 27, 27, 25, 25, 26, 27, 25, 25, 26, 26, 26, 26, 26, 25, 25, 25, 25, 26, 24, 25, 25, 23, 26, 26, 26, 27, 27, 29, 25, 26, 22, 23, 22, 22, 23, 22, 22, 23, 22, 22, 22, 22, 22, 22, 22, 22, 23, 22, 22, 22, 22, 23, 25, 23, 22, 23, 25, 25, 27, 24, 23, 24, 24, 25, 26, 26, 23, 22, 22, 22, 20, 24, 23, 23, 25, 26, 27, 26, 27, 26, 24, 26, 24, 24, 24, 24, 25, 25, 28, 26, 28, 30], 1: [240, 242, 246, 246, 247, 251, 251, 251, 254, 257, 259, 264, 264, 264, 266, 267, 268, 269, 269, 273, 274, 275, 275, 275, 275, 279, 283, 283, 283, 287, 288, 289, 289, 290, 290, 291, 297, 298, 303, 303, 305, 305, 305, 307, 307, 307, 308, 308, 308, 308, 309, 310, 310, 310, 311, 312, 313, 313, 313, 314, 314, 318, 321, 321, 321, 321, 321, 326, 330, 331, 332, 333, 335, 337, 341, 343, 345, 346, 349, 349, 352, 352, 352, 352, 353, 356, 356, 361, 364, 365, 368, 369, 370, 371, 372, 374, 375, 379, 379, 379]}
184 {0: [29, 29, 25, 25, 29, 26, 27, 28, 27, 27, 25, 25, 26, 27, 25, 25, 26, 26, 26, 26, 26, 25, 25, 25, 25, 26, 24, 25, 25, 23, 26, 26, 26, 27, 27, 29, 25, 26, 22, 23, 22, 22, 23, 22, 22, 23, 22, 22, 22, 22, 22, 22, 22, 22, 23, 22, 22, 22, 22, 23, 25, 23, 22, 23, 25, 25, 27, 24, 23, 24, 24, 25, 26, 26, 23, 22, 22, 22, 20, 24, 23, 23, 25, 26, 27, 26, 27, 26, 24, 26, 24, 24, 24, 24, 25, 25, 28, 26, 28, 30], 1: [240, 242, 246, 246, 247, 251, 251, 251, 254, 257, 259, 264, 264, 264, 266, 267, 268, 269, 269, 273, 274, 275, 275, 275, 275, 279, 283, 283, 283, 287, 288, 289, 289, 290, 290, 291, 297, 298, 303, 303, 305, 305, 305, 307, 307, 307, 308, 308, 308, 308, 309, 310, 310, 310, 311, 312, 313, 313, 313, 314, 314, 318, 321, 321, 321, 321, 321, 326, 330, 331, 332, 333, 335, 337, 341, 343, 345, 346, 349, 349, 352, 352, 352, 352, 353, 356, 356, 361, 364, 365, 368, 369, 370, 371, 372, 374, 375, 379, 379, 379]}
922 {0: [29, 29, 25, 25, 29, 26, 27, 28, 27, 27, 25, 25, 26, 27, 25, 25, 26, 26, 26, 26, 26, 25, 25, 25, 25, 26, 24, 25, 25, 23, 26, 26, 26, 27, 27, 29, 25, 26, 22, 23, 22, 22, 23, 22, 22, 23, 22, 22, 22, 22, 22, 22, 22, 22, 23, 22, 22, 22, 22, 23, 25, 23, 22, 23, 25, 25, 27, 24, 23, 24, 24, 25, 26, 26, 23, 22, 22, 22, 20, 24, 23, 23, 25, 26, 27, 26, 27, 26, 24, 26, 24, 24, 24, 24, 25, 25, 28, 26, 28, 30], 1: [240, 242, 246, 246, 247, 251, 251, 251, 254, 257, 259, 264, 264, 264, 266, 267, 268, 269, 269, 273, 274, 275, 275, 275, 275, 279, 283, 283, 283, 287, 288, 289, 289, 290, 290, 291, 297, 298, 303, 303, 305, 305, 305, 307, 307, 307, 308, 308, 308, 308, 309, 310, 310, 310, 311, 312, 313, 313, 313, 314, 314, 318, 321, 321, 321, 321, 321, 326, 330, 331, 332, 333, 335, 337, 341, 343, 345, 346, 349, 349, 352, 352, 352, 352, 353, 356, 356, 361, 364, 365, 368, 369, 370, 371, 372, 374, 375, 379, 379, 379]}
432 {0: [29, 29, 25, 25, 29, 26, 27, 28, 27, 27, 25, 25, 26, 27, 25, 25, 26, 26, 26, 26, 26, 25, 25, 25, 25, 26, 24, 25, 25, 23, 26, 26, 26, 27, 27, 29, 25, 26, 22, 23, 22, 22, 23, 22, 22, 23, 22, 22, 22, 22, 22, 22, 22, 22, 23, 22, 22, 22, 22, 23, 25, 23, 22, 23, 25, 25, 27, 24, 23, 24, 24, 25, 26, 26, 23, 22, 22, 22, 20, 24, 23, 23, 25, 26, 27, 26, 27, 26, 24, 26, 24, 24, 24, 24, 25, 25, 28, 26, 28, 30], 1: [240, 242, 246, 246, 247, 251, 251, 251, 254, 257, 259, 264, 264, 264, 266, 267, 268, 269, 269, 273, 274, 275, 275, 275, 275, 279, 283, 283, 283, 287, 288, 289, 289, 290, 290, 291, 297, 298, 303, 303, 305, 305, 305, 307, 307, 307, 308, 308, 308, 308, 309, 310, 310, 310, 311, 312, 313, 313, 313, 314, 314, 318, 321, 321, 321, 321, 321, 326, 330, 331, 332, 333, 335, 337, 341, 343, 345, 346, 349, 349, 352, 352, 352, 352, 353, 356, 356, 361, 364, 365, 368, 369, 370, 371, 372, 374, 375, 379, 379, 379]}
185 {0: [29, 29, 25, 25, 29, 26, 27, 28, 27, 27, 25, 25, 26, 27, 25, 25, 26, 26, 26, 26, 26, 25, 25, 25, 25, 26, 24, 25, 25, 23, 26, 26, 26, 27, 27, 29, 25, 26, 22, 23, 22, 22, 23, 22, 22, 23, 22, 22, 22, 22, 22, 22, 22, 22, 23, 22, 22, 22, 22, 23, 25, 23, 22, 23, 25, 25, 27, 24, 23, 24, 24, 25, 26, 26, 23, 22, 22, 22, 20, 24, 23, 23, 25, 26, 27, 26, 27, 26, 24, 26, 24, 24, 24, 24, 25, 25, 28, 26, 28, 30], 1: [240, 242, 246, 246, 247, 251, 251, 251, 254, 257, 259, 264, 264, 264, 266, 267, 268, 269, 269, 273, 274, 275, 275, 275, 275, 279, 283, 283, 283, 287, 288, 289, 289, 290, 290, 291, 297, 298, 303, 303, 305, 305, 305, 307, 307, 307, 308, 308, 308, 308, 309, 310, 310, 310, 311, 312, 313, 313, 313, 314, 314, 318, 321, 321, 321, 321, 321, 326, 330, 331, 332, 333, 335, 337, 341, 343, 345, 346, 349, 349, 352, 352, 352, 352, 353, 356, 356, 361, 364, 365, 368, 369, 370, 371, 372, 374, 375, 379, 379, 379]}
923 {0: [29, 29, 25, 25, 29, 26, 27, 28, 27, 27, 25, 25, 26, 27, 25, 25, 26, 26, 26, 26, 26, 25, 25, 25, 25, 26, 24, 25, 25, 23, 26, 26, 26, 27, 27, 29, 25, 26, 22, 23, 22, 22, 23, 22, 22, 23, 22, 22, 22, 22, 22, 22, 22, 22, 23, 22, 22, 22, 22, 23, 25, 23, 22, 23, 25, 25, 27, 24, 23, 24, 24, 25, 26, 26, 23, 22, 22, 22, 20, 24, 23, 23, 25, 26, 27, 26, 27, 26, 24, 26, 24, 24, 24, 24, 25, 25, 28, 26, 28, 30], 1: [240, 242, 246, 246, 247, 251, 251, 251, 254, 257, 259, 264, 264, 264, 266, 267, 268, 269, 269, 273, 274, 275, 275, 275, 275, 279, 283, 283, 283, 287, 288, 289, 289, 290, 290, 291, 297, 298, 303, 303, 305, 305, 305, 307, 307, 307, 308, 308, 308, 308, 309, 310, 310, 310, 311, 312, 313, 313, 313, 314, 314, 318, 321, 321, 321, 321, 321, 326, 330, 331, 332, 333, 335, 337, 341, 343, 345, 346, 349, 349, 352, 352, 352, 352, 353, 356, 356, 361, 364, 365, 368, 369, 370, 371, 372, 374, 375, 379, 379, 379]}
433 {0: [29, 29, 25, 25, 29, 26, 27, 28, 27, 27, 25, 25, 26, 27, 25, 25, 26, 26, 26, 26, 26, 25, 25, 25, 25, 26, 24, 25, 25, 23, 26, 26, 26, 27, 27, 29, 25, 26, 22, 23, 22, 22, 23, 22, 22, 23, 22, 22, 22, 22, 22, 22, 22, 22, 23, 22, 22, 22, 22, 23, 25, 23, 22, 23, 25, 25, 27, 24, 23, 24, 24, 25, 26, 26, 23, 22, 22, 22, 20, 24, 23, 23, 25, 26, 27, 26, 27, 26, 24, 26, 24, 24, 24, 24, 25, 25, 28, 26, 28, 30], 1: [240, 242, 246, 246, 247, 251, 251, 251, 254, 257, 259, 264, 264, 264, 266, 267, 268, 269, 269, 273, 274, 275, 275, 275, 275, 279, 283, 283, 283, 287, 288, 289, 289, 290, 290, 291, 297, 298, 303, 303, 305, 305, 305, 307, 307, 307, 308, 308, 308, 308, 309, 310, 310, 310, 311, 312, 313, 313, 313, 314, 314, 318, 321, 321, 321, 321, 321, 326, 330, 331, 332, 333, 335, 337, 341, 343, 345, 346, 349, 349, 352, 352, 352, 352, 353, 356, 356, 361, 364, 365, 368, 369, 370, 371, 372, 374, 375, 379, 379, 379]}
679 {0: [29, 29, 25, 25, 29, 26, 27, 28, 27, 27, 25, 25, 26, 27, 25, 25, 26, 26, 26, 26, 26, 25, 25, 25, 25, 26, 24, 25, 25, 23, 26, 26, 26, 27, 27, 29, 25, 26, 22, 23, 22, 22, 23, 22, 22, 23, 22, 22, 22, 22, 22, 22, 22, 22, 23, 22, 22, 22, 22, 23, 25, 23, 22, 23, 25, 25, 27, 24, 23, 24, 24, 25, 26, 26, 23, 22, 22, 22, 20, 24, 23, 23, 25, 26, 27, 26, 27, 26, 24, 26, 24, 24, 24, 24, 25, 25, 28, 26, 28, 30], 1: [240, 242, 246, 246, 247, 251, 251, 251, 254, 257, 259, 264, 264, 264, 266, 267, 268, 269, 269, 273, 274, 275, 275, 275, 275, 279, 283, 283, 283, 287, 288, 289, 289, 290, 290, 291, 297, 298, 303, 303, 305, 305, 305, 307, 307, 307, 308, 308, 308, 308, 309, 310, 310, 310, 311, 312, 313, 313, 313, 314, 314, 318, 321, 321, 321, 321, 321, 326, 330, 331, 332, 333, 335, 337, 341, 343, 345, 346, 349, 349, 352, 352, 352, 352, 353, 356, 356, 361, 364, 365, 368, 369, 370, 371, 372, 374, 375, 379, 379, 379]}
186 {0: [29, 29, 25, 25, 29, 26, 27, 28, 27, 27, 25, 25, 26, 27, 25, 25, 26, 26, 26, 26, 26, 25, 25, 25, 25, 26, 24, 25, 25, 23, 26, 26, 26, 27, 27, 29, 25, 26, 22, 23, 22, 22, 23, 22, 22, 23, 22, 22, 22, 22, 22, 22, 22, 22, 23, 22, 22, 22, 22, 23, 25, 23, 22, 23, 25, 25, 27, 24, 23, 24, 24, 25, 26, 26, 23, 22, 22, 22, 20, 24, 23, 23, 25, 26, 27, 26, 27, 26, 24, 26, 24, 24, 24, 24, 25, 25, 28, 26, 28, 30], 1: [240, 242, 246, 246, 247, 251, 251, 251, 254, 257, 259, 264, 264, 264, 266, 267, 268, 269, 269, 273, 274, 275, 275, 275, 275, 279, 283, 283, 283, 287, 288, 289, 289, 290, 290, 291, 297, 298, 303, 303, 305, 305, 305, 307, 307, 307, 308, 308, 308, 308, 309, 310, 310, 310, 311, 312, 313, 313, 313, 314, 314, 318, 321, 321, 321, 321, 321, 326, 330, 331, 332, 333, 335, 337, 341, 343, 345, 346, 349, 349, 352, 352, 352, 352, 353, 356, 356, 361, 364, 365, 368, 369, 370, 371, 372, 374, 375, 379, 379, 379]}
680 {0: [29, 29, 25, 25, 29, 26, 27, 28, 27, 27, 25, 25, 26, 27, 25, 25, 26, 26, 26, 26, 26, 25, 25, 25, 25, 26, 24, 25, 25, 23, 26, 26, 26, 27, 27, 29, 25, 26, 22, 23, 22, 22, 23, 22, 22, 23, 22, 22, 22, 22, 22, 22, 22, 22, 23, 22, 22, 22, 22, 23, 25, 23, 22, 23, 25, 25, 27, 24, 23, 24, 24, 25, 26, 26, 23, 22, 22, 22, 20, 24, 23, 23, 26, 27, 25, 26, 27, 27, 27, 29, 28, 26, 25, 25, 27, 28, 27, 29, 27, 30], 1: [240, 242, 246, 246, 247, 251, 251, 251, 254, 257, 259, 264, 264, 264, 266, 267, 268, 269, 269, 273, 274, 275, 275, 275, 275, 279, 283, 283, 283, 287, 288, 289, 289, 290, 290, 291, 297, 298, 303, 303, 305, 305, 305, 307, 307, 307, 308, 308, 308, 308, 309, 310, 310, 310, 311, 312, 313, 313, 313, 314, 314, 318, 321, 321, 321, 321, 321, 326, 330, 331, 332, 333, 335, 337, 341, 343, 345, 346, 349, 349, 352, 352, 353, 355, 358, 358, 358, 358, 360, 362, 365, 369, 373, 374, 374, 376, 379, 380, 383, 384]}
187 {0: [29, 29, 25, 25, 29, 26, 27, 28, 27, 27, 25, 25, 26, 27, 25, 25, 26, 26, 26, 26, 26, 25, 25, 25, 25, 26, 24, 25, 25, 23, 26, 26, 26, 27, 27, 29, 25, 26, 22, 23, 22, 22, 23, 22, 22, 23, 22, 22, 22, 22, 22, 22, 22, 22, 23, 22, 22, 22, 22, 23, 25, 23, 22, 23, 25, 25, 27, 24, 23, 24, 24, 25, 26, 26, 23, 22, 22, 22, 20, 24, 23, 23, 25, 26, 27, 26, 27, 26, 24, 26, 24, 24, 24, 24, 25, 25, 28, 26, 28, 30], 1: [240, 242, 246, 246, 247, 251, 251, 251, 254, 257, 259, 264, 264, 264, 266, 267, 268, 269, 269, 273, 274, 275, 275, 275, 275, 279, 283, 283, 283, 287, 288, 289, 289, 290, 290, 291, 297, 298, 303, 303, 305, 305, 305, 307, 307, 307, 308, 308, 308, 308, 309, 310, 310, 310, 311, 312, 313, 313, 313, 314, 314, 318, 321, 321, 321, 321, 321, 326, 330, 331, 332, 333, 335, 337, 341, 343, 345, 346, 349, 349, 352, 352, 352, 352, 353, 356, 356, 361, 364, 365, 368, 369, 370, 371, 372, 374, 375, 379, 379, 379]}
188 {0: [29, 29, 25, 25, 29, 26, 27, 28, 27, 27, 25, 25, 26, 27, 25, 25, 26, 26, 26, 26, 26, 25, 25, 25, 25, 26, 24, 25, 25, 23, 26, 26, 26, 27, 27, 29, 25, 26, 22, 23, 22, 22, 23, 22, 22, 23, 22, 22, 22, 22, 22, 22, 22, 22, 23, 22, 22, 22, 22, 23, 25, 23, 22, 23, 25, 25, 27, 24, 23, 24, 24, 25, 26, 26, 23, 22, 22, 22, 20, 24, 23, 23, 25, 26, 27, 26, 27, 26, 24, 26, 24, 24, 24, 24, 25, 25, 28, 26, 28, 30], 1: [240, 242, 246, 246, 247, 251, 251, 251, 254, 257, 259, 264, 264, 264, 266, 267, 268, 269, 269, 273, 274, 275, 275, 275, 275, 279, 283, 283, 283, 287, 288, 289, 289, 290, 290, 291, 297, 298, 303, 303, 305, 305, 305, 307, 307, 307, 308, 308, 308, 308, 309, 310, 310, 310, 311, 312, 313, 313, 313, 314, 314, 318, 321, 321, 321, 321, 321, 326, 330, 331, 332, 333, 335, 337, 341, 343, 345, 346, 349, 349, 352, 352, 352, 352, 353, 356, 356, 361, 364, 365, 368, 369, 370, 371, 372, 374, 375, 379, 379, 379]}
681 {0: [29, 29, 25, 25, 29, 26, 27, 28, 27, 27, 25, 25, 26, 27, 25, 25, 26, 26, 26, 26, 26, 25, 25, 25, 25, 26, 24, 25, 25, 23, 26, 26, 26, 27, 27, 29, 25, 26, 22, 23, 22, 22, 23, 22, 22, 23, 22, 22, 22, 22, 22, 22, 22, 22, 23, 22, 22, 22, 22, 23, 25, 23, 22, 23, 25, 25, 27, 24, 23, 24, 24, 25, 26, 26, 23, 22, 22, 22, 20, 24, 23, 23, 25, 26, 27, 26, 27, 26, 24, 26, 24, 24, 24, 24, 25, 25, 28, 26, 28, 30], 1: [240, 242, 246, 246, 247, 251, 251, 251, 254, 257, 259, 264, 264, 264, 266, 267, 268, 269, 269, 273, 274, 275, 275, 275, 275, 279, 283, 283, 283, 287, 288, 289, 289, 290, 290, 291, 297, 298, 303, 303, 305, 305, 305, 307, 307, 307, 308, 308, 308, 308, 309, 310, 310, 310, 311, 312, 313, 313, 313, 314, 314, 318, 321, 321, 321, 321, 321, 326, 330, 331, 332, 333, 335, 337, 341, 343, 345, 346, 349, 349, 352, 352, 352, 352, 353, 356, 356, 361, 364, 365, 368, 369, 370, 371, 372, 374, 375, 379, 379, 379]}
682 {0: [29, 29, 25, 25, 29, 26, 27, 28, 27, 27, 25, 25, 26, 27, 25, 25, 26, 26, 26, 26, 26, 25, 25, 25, 25, 26, 24, 25, 25, 23, 26, 26, 26, 27, 27, 29, 25, 26, 22, 23, 22, 22, 23, 22, 22, 23, 22, 22, 22, 22, 22, 22, 22, 22, 23, 22, 22, 22, 22, 23, 25, 23, 22, 23, 25, 25, 27, 24, 23, 24, 24, 25, 26, 26, 23, 22, 22, 22, 20, 24, 23, 23, 26, 27, 25, 26, 27, 27, 27, 29, 28, 26, 25, 25, 27, 28, 27, 29, 27, 30], 1: [240, 242, 246, 246, 247, 251, 251, 251, 254, 257, 259, 264, 264, 264, 266, 267, 268, 269, 269, 273, 274, 275, 275, 275, 275, 279, 283, 283, 283, 287, 288, 289, 289, 290, 290, 291, 297, 298, 303, 303, 305, 305, 305, 307, 307, 307, 308, 308, 308, 308, 309, 310, 310, 310, 311, 312, 313, 313, 313, 314, 314, 318, 321, 321, 321, 321, 321, 326, 330, 331, 332, 333, 335, 337, 341, 343, 345, 346, 349, 349, 352, 352, 353, 355, 358, 358, 358, 358, 360, 362, 365, 369, 373, 374, 374, 376, 379, 380, 383, 384]}
683 {0: [29, 29, 25, 25, 29, 26, 27, 28, 27, 27, 25, 25, 26, 27, 25, 25, 26, 26, 26, 26, 26, 25, 25, 25, 25, 26, 24, 25, 25, 23, 26, 26, 26, 27, 27, 29, 25, 26, 22, 23, 22, 22, 23, 22, 22, 23, 22, 22, 22, 22, 22, 22, 22, 22, 23, 22, 22, 22, 22, 23, 25, 23, 22, 23, 25, 25, 27, 24, 23, 24, 24, 25, 26, 26, 23, 22, 22, 22, 20, 24, 23, 23, 26, 27, 25, 26, 27, 27, 27, 29, 28, 26, 25, 25, 27, 28, 27, 29, 27, 30], 1: [240, 242, 246, 246, 247, 251, 251, 251, 254, 257, 259, 264, 264, 264, 266, 267, 268, 269, 269, 273, 274, 275, 275, 275, 275, 279, 283, 283, 283, 287, 288, 289, 289, 290, 290, 291, 297, 298, 303, 303, 305, 305, 305, 307, 307, 307, 308, 308, 308, 308, 309, 310, 310, 310, 311, 312, 313, 313, 313, 314, 314, 318, 321, 321, 321, 321, 321, 326, 330, 331, 332, 333, 335, 337, 341, 343, 345, 346, 349, 349, 352, 352, 353, 355, 358, 358, 358, 358, 360, 362, 365, 369, 373, 374, 374, 376, 379, 380, 383, 384]}
684 {0: [29, 29, 25, 25, 29, 26, 27, 28, 27, 27, 25, 25, 26, 27, 25, 25, 26, 26, 26, 26, 26, 25, 25, 25, 25, 26, 24, 25, 25, 23, 26, 26, 26, 27, 27, 29, 25, 26, 22, 23, 22, 22, 23, 22, 22, 23, 22, 22, 22, 22, 22, 22, 22, 22, 23, 22, 22, 22, 22, 23, 25, 23, 22, 23, 25, 25, 27, 24, 23, 24, 24, 25, 26, 26, 23, 22, 22, 22, 20, 24, 23, 23, 26, 27, 25, 26, 27, 27, 27, 29, 28, 26, 25, 25, 27, 28, 27, 29, 27, 30], 1: [240, 242, 246, 246, 247, 251, 251, 251, 254, 257, 259, 264, 264, 264, 266, 267, 268, 269, 269, 273, 274, 275, 275, 275, 275, 279, 283, 283, 283, 287, 288, 289, 289, 290, 290, 291, 297, 298, 303, 303, 305, 305, 305, 307, 307, 307, 308, 308, 308, 308, 309, 310, 310, 310, 311, 312, 313, 313, 313, 314, 314, 318, 321, 321, 321, 321, 321, 326, 330, 331, 332, 333, 335, 337, 341, 343, 345, 346, 349, 349, 352, 352, 353, 355, 358, 358, 358, 358, 360, 362, 365, 369, 373, 374, 374, 376, 379, 380, 383, 384]}
685 {0: [29, 29, 25, 25, 29, 26, 27, 28, 27, 27, 25, 25, 26, 27, 25, 25, 26, 26, 26, 26, 26, 25, 25, 25, 25, 26, 24, 25, 25, 23, 26, 26, 26, 27, 27, 29, 25, 26, 22, 23, 22, 22, 23, 22, 22, 23, 22, 22, 22, 22, 22, 22, 22, 22, 23, 22, 22, 22, 22, 23, 25, 23, 22, 23, 25, 25, 27, 24, 23, 24, 24, 25, 26, 26, 23, 22, 22, 22, 20, 24, 23, 23, 25, 26, 27, 26, 27, 26, 24, 26, 24, 24, 24, 24, 25, 25, 28, 26, 28, 30], 1: [240, 242, 246, 246, 247, 251, 251, 251, 254, 257, 259, 264, 264, 264, 266, 267, 268, 269, 269, 273, 274, 275, 275, 275, 275, 279, 283, 283, 283, 287, 288, 289, 289, 290, 290, 291, 297, 298, 303, 303, 305, 305, 305, 307, 307, 307, 308, 308, 308, 308, 309, 310, 310, 310, 311, 312, 313, 313, 313, 314, 314, 318, 321, 321, 321, 321, 321, 326, 330, 331, 332, 333, 335, 337, 341, 343, 345, 346, 349, 349, 352, 352, 352, 352, 353, 356, 356, 361, 364, 365, 368, 369, 370, 371, 372, 374, 375, 379, 379, 379]}
686 {0: [29, 29, 25, 25, 29, 26, 27, 28, 27, 27, 25, 25, 26, 27, 25, 25, 26, 26, 26, 26, 26, 25, 25, 25, 25, 26, 24, 25, 25, 23, 26, 26, 26, 27, 27, 29, 25, 26, 22, 23, 22, 22, 23, 22, 22, 23, 22, 22, 22, 22, 22, 22, 22, 22, 23, 22, 22, 22, 22, 23, 25, 23, 22, 23, 25, 25, 27, 24, 23, 24, 24, 25, 26, 26, 23, 22, 22, 22, 20, 24, 23, 23, 25, 26, 27, 26, 27, 26, 24, 26, 24, 24, 24, 24, 25, 25, 28, 26, 28, 30], 1: [240, 242, 246, 246, 247, 251, 251, 251, 254, 257, 259, 264, 264, 264, 266, 267, 268, 269, 269, 273, 274, 275, 275, 275, 275, 279, 283, 283, 283, 287, 288, 289, 289, 290, 290, 291, 297, 298, 303, 303, 305, 305, 305, 307, 307, 307, 308, 308, 308, 308, 309, 310, 310, 310, 311, 312, 313, 313, 313, 314, 314, 318, 321, 321, 321, 321, 321, 326, 330, 331, 332, 333, 335, 337, 341, 343, 345, 346, 349, 349, 352, 352, 352, 352, 353, 356, 356, 361, 364, 365, 368, 369, 370, 371, 372, 374, 375, 379, 379, 379]}
687 {0: [29, 29, 25, 25, 29, 26, 27, 28, 27, 27, 25, 25, 26, 27, 25, 25, 26, 26, 26, 26, 26, 25, 25, 25, 25, 26, 24, 25, 25, 23, 26, 26, 26, 27, 27, 29, 25, 26, 22, 23, 22, 22, 23, 22, 22, 23, 22, 22, 22, 22, 22, 22, 22, 22, 23, 22, 22, 22, 22, 23, 25, 23, 22, 23, 25, 25, 27, 24, 23, 24, 24, 25, 26, 26, 23, 22, 22, 22, 20, 24, 23, 23, 25, 26, 27, 26, 27, 26, 24, 26, 24, 24, 24, 24, 25, 25, 28, 26, 28, 30], 1: [240, 242, 246, 246, 247, 251, 251, 251, 254, 257, 259, 264, 264, 264, 266, 267, 268, 269, 269, 273, 274, 275, 275, 275, 275, 279, 283, 283, 283, 287, 288, 289, 289, 290, 290, 291, 297, 298, 303, 303, 305, 305, 305, 307, 307, 307, 308, 308, 308, 308, 309, 310, 310, 310, 311, 312, 313, 313, 313, 314, 314, 318, 321, 321, 321, 321, 321, 326, 330, 331, 332, 333, 335, 337, 341, 343, 345, 346, 349, 349, 352, 352, 352, 352, 353, 356, 356, 361, 364, 365, 368, 369, 370, 371, 372, 374, 375, 379, 379, 379]}
688 {0: [29, 29, 25, 25, 29, 26, 27, 28, 27, 27, 25, 25, 26, 27, 25, 25, 26, 26, 26, 26, 26, 25, 25, 25, 25, 26, 24, 25, 25, 23, 26, 26, 26, 27, 27, 29, 25, 26, 22, 23, 22, 22, 23, 22, 22, 23, 22, 22, 22, 22, 22, 22, 22, 22, 23, 22, 22, 22, 22, 23, 25, 23, 22, 23, 25, 25, 27, 24, 23, 24, 24, 25, 26, 26, 23, 22, 22, 22, 20, 24, 23, 23, 25, 26, 27, 26, 27, 26, 24, 26, 24, 24, 24, 24, 25, 25, 28, 26, 28, 30], 1: [240, 242, 246, 246, 247, 251, 251, 251, 254, 257, 259, 264, 264, 264, 266, 267, 268, 269, 269, 273, 274, 275, 275, 275, 275, 279, 283, 283, 283, 287, 288, 289, 289, 290, 290, 291, 297, 298, 303, 303, 305, 305, 305, 307, 307, 307, 308, 308, 308, 308, 309, 310, 310, 310, 311, 312, 313, 313, 313, 314, 314, 318, 321, 321, 321, 321, 321, 326, 330, 331, 332, 333, 335, 337, 341, 343, 345, 346, 349, 349, 352, 352, 352, 352, 353, 356, 356, 361, 364, 365, 368, 369, 370, 371, 372, 374, 375, 379, 379, 379]}
689 {0: [29, 29, 25, 25, 29, 26, 27, 28, 27, 27, 25, 25, 26, 27, 25, 25, 26, 26, 26, 26, 26, 25, 25, 25, 25, 26, 24, 25, 25, 23, 26, 26, 26, 27, 27, 29, 25, 26, 22, 23, 22, 22, 23, 22, 22, 23, 22, 22, 22, 22, 22, 22, 22, 22, 23, 22, 22, 22, 22, 23, 25, 23, 22, 23, 25, 25, 27, 24, 23, 24, 24, 25, 26, 26, 23, 22, 22, 22, 20, 24, 23, 23, 25, 26, 27, 26, 27, 26, 24, 26, 24, 24, 24, 24, 25, 25, 28, 26, 28, 30], 1: [240, 242, 246, 246, 247, 251, 251, 251, 254, 257, 259, 264, 264, 264, 266, 267, 268, 269, 269, 273, 274, 275, 275, 275, 275, 279, 283, 283, 283, 287, 288, 289, 289, 290, 290, 291, 297, 298, 303, 303, 305, 305, 305, 307, 307, 307, 308, 308, 308, 308, 309, 310, 310, 310, 311, 312, 313, 313, 313, 314, 314, 318, 321, 321, 321, 321, 321, 326, 330, 331, 332, 333, 335, 337, 341, 343, 345, 346, 349, 349, 352, 352, 352, 352, 353, 356, 356, 361, 364, 365, 368, 369, 370, 371, 372, 374, 375, 379, 379, 379]}
690 {0: [29, 29, 25, 25, 29, 26, 27, 28, 27, 27, 25, 25, 26, 27, 25, 25, 26, 26, 26, 26, 26, 25, 25, 25, 25, 26, 24, 25, 25, 23, 26, 26, 26, 27, 27, 29, 25, 26, 22, 23, 22, 22, 23, 22, 22, 23, 22, 22, 22, 22, 22, 22, 22, 22, 23, 22, 22, 22, 22, 23, 25, 23, 22, 23, 25, 25, 27, 24, 23, 24, 24, 25, 26, 26, 23, 22, 22, 22, 20, 24, 23, 23, 25, 26, 27, 26, 27, 26, 24, 26, 24, 24, 24, 24, 25, 25, 28, 26, 28, 30], 1: [240, 242, 246, 246, 247, 251, 251, 251, 254, 257, 259, 264, 264, 264, 266, 267, 268, 269, 269, 273, 274, 275, 275, 275, 275, 279, 283, 283, 283, 287, 288, 289, 289, 290, 290, 291, 297, 298, 303, 303, 305, 305, 305, 307, 307, 307, 308, 308, 308, 308, 309, 310, 310, 310, 311, 312, 313, 313, 313, 314, 314, 318, 321, 321, 321, 321, 321, 326, 330, 331, 332, 333, 335, 337, 341, 343, 345, 346, 349, 349, 352, 352, 352, 352, 353, 356, 356, 361, 364, 365, 368, 369, 370, 371, 372, 374, 375, 379, 379, 379]}
691 {0: [29, 29, 25, 25, 29, 26, 27, 28, 27, 27, 25, 25, 26, 27, 25, 25, 26, 26, 26, 26, 26, 25, 25, 25, 25, 26, 24, 25, 25, 23, 26, 26, 26, 27, 27, 29, 25, 26, 22, 23, 22, 22, 23, 22, 22, 23, 22, 22, 22, 22, 22, 22, 22, 22, 23, 22, 22, 22, 22, 23, 25, 23, 22, 23, 25, 25, 27, 24, 23, 24, 24, 25, 26, 26, 23, 22, 22, 22, 20, 24, 23, 23, 25, 26, 27, 26, 27, 26, 24, 26, 24, 24, 24, 24, 25, 25, 28, 26, 28, 30], 1: [240, 242, 246, 246, 247, 251, 251, 251, 254, 257, 259, 264, 264, 264, 266, 267, 268, 269, 269, 273, 274, 275, 275, 275, 275, 279, 283, 283, 283, 287, 288, 289, 289, 290, 290, 291, 297, 298, 303, 303, 305, 305, 305, 307, 307, 307, 308, 308, 308, 308, 309, 310, 310, 310, 311, 312, 313, 313, 313, 314, 314, 318, 321, 321, 321, 321, 321, 326, 330, 331, 332, 333, 335, 337, 341, 343, 345, 346, 349, 349, 352, 352, 352, 352, 353, 356, 356, 361, 364, 365, 368, 369, 370, 371, 372, 374, 375, 379, 379, 379]}
188 {0: [29, 29, 25, 25, 29, 26, 27, 28, 27, 27, 25, 25, 26, 27, 25, 25, 26, 26, 26, 26, 26, 25, 25, 25, 25, 26, 24, 25, 25, 23, 26, 26, 26, 27, 27, 29, 25, 26, 22, 23, 22, 22, 23, 22, 22, 23, 22, 22, 22, 22, 22, 22, 22, 22, 23, 22, 22, 22, 22, 23, 25, 23, 22, 23, 25, 25, 27, 24, 23, 24, 24, 25, 26, 26, 23, 22, 22, 22, 20, 24, 23, 23, 25, 26, 27, 26, 27, 26, 24, 26, 24, 24, 24, 24, 25, 25, 28, 26, 28, 30], 1: [240, 242, 246, 246, 247, 251, 251, 251, 254, 257, 259, 264, 264, 264, 266, 267, 268, 269, 269, 273, 274, 275, 275, 275, 275, 279, 283, 283, 283, 287, 288, 289, 289, 290, 290, 291, 297, 298, 303, 303, 305, 305, 305, 307, 307, 307, 308, 308, 308, 308, 309, 310, 310, 310, 311, 312, 313, 313, 313, 314, 314, 318, 321, 321, 321, 321, 321, 326, 330, 331, 332, 333, 335, 337, 341, 343, 345, 346, 349, 349, 352, 352, 352, 352, 353, 356, 356, 361, 364, 365, 368, 369, 370, 371, 372, 374, 375, 379, 379, 379]}
692 {0: [29, 29, 25, 25, 29, 26, 27, 28, 27, 27, 25, 25, 26, 27, 25, 25, 26, 26, 26, 26, 26, 25, 25, 25, 25, 26, 24, 25, 25, 23, 26, 26, 26, 27, 27, 29, 25, 26, 22, 23, 22, 22, 23, 22, 22, 23, 22, 22, 22, 22, 22, 22, 22, 22, 23, 22, 22, 22, 22, 23, 25, 23, 22, 23, 25, 25, 27, 24, 23, 24, 24, 25, 26, 26, 23, 22, 22, 22, 20, 24, 23, 23, 25, 26, 27, 26, 27, 26, 24, 26, 24, 24, 24, 24, 25, 25, 28, 26, 28, 30], 1: [240, 242, 246, 246, 247, 251, 251, 251, 254, 257, 259, 264, 264, 264, 266, 267, 268, 269, 269, 273, 274, 275, 275, 275, 275, 279, 283, 283, 283, 287, 288, 289, 289, 290, 290, 291, 297, 298, 303, 303, 305, 305, 305, 307, 307, 307, 308, 308, 308, 308, 309, 310, 310, 310, 311, 312, 313, 313, 313, 314, 314, 318, 321, 321, 321, 321, 321, 326, 330, 331, 332, 333, 335, 337, 341, 343, 345, 346, 349, 349, 352, 352, 352, 352, 353, 356, 356, 361, 364, 365, 368, 369, 370, 371, 372, 374, 375, 379, 379, 379]}
693 {0: [29, 29, 25, 25, 29, 26, 27, 28, 27, 27, 25, 25, 26, 27, 25, 25, 26, 26, 26, 26, 26, 25, 25, 25, 25, 26, 24, 25, 25, 23, 26, 26, 26, 27, 27, 29, 25, 26, 22, 23, 22, 22, 23, 22, 22, 23, 22, 22, 22, 22, 22, 22, 22, 22, 23, 22, 22, 22, 22, 23, 25, 23, 22, 23, 25, 25, 27, 24, 23, 24, 24, 25, 26, 26, 23, 22, 22, 22, 20, 24, 23, 23, 25, 26, 27, 26, 27, 26, 24, 26, 24, 24, 24, 24, 25, 25, 28, 26, 28, 30], 1: [240, 242, 246, 246, 247, 251, 251, 251, 254, 257, 259, 264, 264, 264, 266, 267, 268, 269, 269, 273, 274, 275, 275, 275, 275, 279, 283, 283, 283, 287, 288, 289, 289, 290, 290, 291, 297, 298, 303, 303, 305, 305, 305, 307, 307, 307, 308, 308, 308, 308, 309, 310, 310, 310, 311, 312, 313, 313, 313, 314, 314, 318, 321, 321, 321, 321, 321, 326, 330, 331, 332, 333, 335, 337, 341, 343, 345, 346, 349, 349, 352, 352, 352, 352, 353, 356, 356, 361, 364, 365, 368, 369, 370, 371, 372, 374, 375, 379, 379, 379]}
694 {0: [29, 29, 25, 25, 29, 26, 27, 28, 27, 27, 25, 25, 26, 27, 25, 25, 26, 26, 26, 26, 26, 25, 25, 25, 25, 26, 24, 25, 25, 23, 26, 26, 26, 27, 27, 29, 25, 26, 22, 23, 22, 22, 23, 22, 22, 23, 22, 22, 22, 22, 22, 22, 22, 22, 23, 22, 22, 22, 22, 23, 25, 23, 22, 23, 25, 25, 27, 24, 23, 24, 24, 25, 26, 26, 23, 22, 22, 22, 20, 24, 23, 23, 25, 26, 27, 26, 27, 26, 24, 26, 24, 24, 24, 24, 25, 25, 28, 26, 28, 30], 1: [240, 242, 246, 246, 247, 251, 251, 251, 254, 257, 259, 264, 264, 264, 266, 267, 268, 269, 269, 273, 274, 275, 275, 275, 275, 279, 283, 283, 283, 287, 288, 289, 289, 290, 290, 291, 297, 298, 303, 303, 305, 305, 305, 307, 307, 307, 308, 308, 308, 308, 309, 310, 310, 310, 311, 312, 313, 313, 313, 314, 314, 318, 321, 321, 321, 321, 321, 326, 330, 331, 332, 333, 335, 337, 341, 343, 345, 346, 349, 349, 352, 352, 352, 352, 353, 356, 356, 361, 364, 365, 368, 369, 370, 371, 372, 374, 375, 379, 379, 379]}
189 {0: [29, 29, 25, 25, 29, 26, 27, 28, 27, 27, 25, 25, 26, 27, 25, 25, 26, 26, 26, 26, 26, 25, 25, 25, 25, 26, 24, 25, 25, 23, 26, 26, 26, 27, 27, 29, 25, 26, 22, 23, 22, 22, 23, 22, 22, 23, 22, 22, 22, 22, 22, 22, 22, 22, 23, 22, 22, 22, 22, 23, 25, 23, 22, 23, 25, 25, 27, 24, 23, 24, 24, 25, 26, 26, 23, 22, 22, 22, 20, 24, 23, 23, 25, 26, 27, 26, 27, 26, 24, 26, 24, 24, 24, 24, 25, 25, 28, 26, 28, 30], 1: [240, 242, 246, 246, 247, 251, 251, 251, 254, 257, 259, 264, 264, 264, 266, 267, 268, 269, 269, 273, 274, 275, 275, 275, 275, 279, 283, 283, 283, 287, 288, 289, 289, 290, 290, 291, 297, 298, 303, 303, 305, 305, 305, 307, 307, 307, 308, 308, 308, 308, 309, 310, 310, 310, 311, 312, 313, 313, 313, 314, 314, 318, 321, 321, 321, 321, 321, 326, 330, 331, 332, 333, 335, 337, 341, 343, 345, 346, 349, 349, 352, 352, 352, 352, 353, 356, 356, 361, 364, 365, 368, 369, 370, 371, 372, 374, 375, 379, 379, 379]}
434 {0: [29, 29, 25, 25, 29, 26, 27, 28, 27, 27, 25, 25, 26, 27, 25, 25, 26, 26, 26, 26, 26, 25, 25, 25, 25, 26, 24, 25, 25, 23, 26, 26, 26, 27, 27, 29, 25, 26, 22, 23, 22, 22, 23, 22, 22, 23, 22, 22, 22, 22, 22, 22, 22, 22, 23, 22, 22, 22, 22, 23, 25, 23, 22, 23, 25, 25, 27, 24, 23, 24, 24, 25, 26, 26, 23, 22, 22, 22, 20, 24, 23, 23, 25, 26, 27, 26, 27, 26, 24, 26, 24, 24, 24, 24, 25, 25, 28, 26, 28, 30], 1: [240, 242, 246, 246, 247, 251, 251, 251, 254, 257, 259, 264, 264, 264, 266, 267, 268, 269, 269, 273, 274, 275, 275, 275, 275, 279, 283, 283, 283, 287, 288, 289, 289, 290, 290, 291, 297, 298, 303, 303, 305, 305, 305, 307, 307, 307, 308, 308, 308, 308, 309, 310, 310, 310, 311, 312, 313, 313, 313, 314, 314, 318, 321, 321, 321, 321, 321, 326, 330, 331, 332, 333, 335, 337, 341, 343, 345, 346, 349, 349, 352, 352, 352, 352, 353, 356, 356, 361, 364, 365, 368, 369, 370, 371, 372, 374, 375, 379, 379, 379]}
924 {0: [29, 29, 25, 25, 29, 26, 27, 28, 27, 27, 25, 25, 26, 27, 25, 25, 26, 26, 26, 26, 26, 25, 25, 25, 25, 26, 24, 25, 25, 23, 26, 26, 26, 27, 27, 29, 25, 26, 22, 23, 22, 22, 23, 22, 22, 23, 22, 22, 22, 22, 22, 22, 22, 22, 23, 22, 22, 22, 22, 23, 25, 23, 22, 23, 25, 25, 27, 24, 23, 24, 24, 25, 26, 26, 23, 22, 22, 22, 20, 24, 23, 23, 25, 26, 27, 26, 27, 26, 24, 26, 24, 24, 24, 24, 25, 25, 28, 26, 28, 30], 1: [240, 242, 246, 246, 247, 251, 251, 251, 254, 257, 259, 264, 264, 264, 266, 267, 268, 269, 269, 273, 274, 275, 275, 275, 275, 279, 283, 283, 283, 287, 288, 289, 289, 290, 290, 291, 297, 298, 303, 303, 305, 305, 305, 307, 307, 307, 308, 308, 308, 308, 309, 310, 310, 310, 311, 312, 313, 313, 313, 314, 314, 318, 321, 321, 321, 321, 321, 326, 330, 331, 332, 333, 335, 337, 341, 343, 345, 346, 349, 349, 352, 352, 352, 352, 353, 356, 356, 361, 364, 365, 368, 369, 370, 371, 372, 374, 375, 379, 379, 379]}
695 {0: [29, 29, 25, 25, 29, 26, 27, 28, 27, 27, 25, 25, 26, 27, 25, 25, 26, 26, 26, 26, 26, 25, 25, 25, 25, 26, 24, 25, 25, 23, 26, 26, 26, 27, 27, 29, 25, 26, 22, 23, 22, 22, 23, 22, 22, 23, 22, 22, 22, 22, 22, 22, 22, 22, 23, 22, 22, 22, 22, 23, 25, 23, 22, 23, 25, 25, 27, 24, 23, 24, 24, 25, 26, 26, 23, 22, 22, 22, 20, 24, 23, 23, 25, 26, 27, 26, 27, 26, 24, 26, 24, 24, 24, 24, 25, 25, 28, 26, 28, 30], 1: [240, 242, 246, 246, 247, 251, 251, 251, 254, 257, 259, 264, 264, 264, 266, 267, 268, 269, 269, 273, 274, 275, 275, 275, 275, 279, 283, 283, 283, 287, 288, 289, 289, 290, 290, 291, 297, 298, 303, 303, 305, 305, 305, 307, 307, 307, 308, 308, 308, 308, 309, 310, 310, 310, 311, 312, 313, 313, 313, 314, 314, 318, 321, 321, 321, 321, 321, 326, 330, 331, 332, 333, 335, 337, 341, 343, 345, 346, 349, 349, 352, 352, 352, 352, 353, 356, 356, 361, 364, 365, 368, 369, 370, 371, 372, 374, 375, 379, 379, 379]}
696 {0: [29, 29, 25, 25, 29, 26, 27, 28, 27, 27, 25, 25, 26, 27, 25, 25, 26, 26, 26, 26, 26, 25, 25, 25, 25, 26, 24, 25, 25, 23, 26, 26, 26, 27, 27, 29, 25, 26, 22, 23, 22, 22, 23, 22, 22, 23, 22, 22, 22, 22, 22, 22, 22, 22, 23, 22, 22, 22, 22, 23, 25, 23, 22, 23, 25, 25, 27, 24, 23, 24, 24, 25, 26, 26, 23, 22, 22, 22, 20, 24, 23, 23, 25, 26, 27, 26, 27, 26, 24, 26, 24, 24, 24, 24, 25, 25, 28, 26, 28, 30], 1: [240, 242, 246, 246, 247, 251, 251, 251, 254, 257, 259, 264, 264, 264, 266, 267, 268, 269, 269, 273, 274, 275, 275, 275, 275, 279, 283, 283, 283, 287, 288, 289, 289, 290, 290, 291, 297, 298, 303, 303, 305, 305, 305, 307, 307, 307, 308, 308, 308, 308, 309, 310, 310, 310, 311, 312, 313, 313, 313, 314, 314, 318, 321, 321, 321, 321, 321, 326, 330, 331, 332, 333, 335, 337, 341, 343, 345, 346, 349, 349, 352, 352, 352, 352, 353, 356, 356, 361, 364, 365, 368, 369, 370, 371, 372, 374, 375, 379, 379, 379]}
435 {0: [29, 29, 25, 25, 29, 26, 27, 28, 27, 27, 25, 25, 26, 27, 25, 25, 26, 26, 26, 26, 26, 25, 25, 25, 25, 26, 24, 25, 25, 23, 26, 26, 26, 27, 27, 29, 25, 26, 22, 23, 22, 22, 23, 22, 22, 23, 22, 22, 22, 22, 22, 22, 22, 22, 23, 22, 22, 22, 22, 23, 25, 23, 22, 23, 25, 25, 27, 24, 23, 24, 24, 25, 26, 26, 23, 22, 22, 22, 20, 24, 23, 23, 25, 26, 27, 26, 27, 26, 24, 26, 24, 24, 24, 24, 25, 25, 28, 26, 28, 30], 1: [240, 242, 246, 246, 247, 251, 251, 251, 254, 257, 259, 264, 264, 264, 266, 267, 268, 269, 269, 273, 274, 275, 275, 275, 275, 279, 283, 283, 283, 287, 288, 289, 289, 290, 290, 291, 297, 298, 303, 303, 305, 305, 305, 307, 307, 307, 308, 308, 308, 308, 309, 310, 310, 310, 311, 312, 313, 313, 313, 314, 314, 318, 321, 321, 321, 321, 321, 326, 330, 331, 332, 333, 335, 337, 341, 343, 345, 346, 349, 349, 352, 352, 352, 352, 353, 356, 356, 361, 364, 365, 368, 369, 370, 371, 372, 374, 375, 379, 379, 379]}
190 {0: [29, 29, 25, 25, 29, 26, 27, 28, 27, 27, 25, 25, 26, 27, 25, 25, 26, 26, 26, 26, 26, 25, 25, 25, 25, 26, 24, 25, 25, 23, 26, 26, 26, 27, 27, 29, 25, 26, 22, 23, 22, 22, 23, 22, 22, 23, 22, 22, 22, 22, 22, 22, 22, 22, 23, 22, 22, 22, 22, 23, 25, 23, 22, 23, 25, 25, 27, 24, 23, 24, 24, 25, 26, 26, 23, 22, 22, 22, 20, 24, 23, 23, 25, 26, 27, 26, 27, 26, 24, 26, 24, 24, 24, 24, 25, 25, 28, 26, 28, 30], 1: [240, 242, 246, 246, 247, 251, 251, 251, 254, 257, 259, 264, 264, 264, 266, 267, 268, 269, 269, 273, 274, 275, 275, 275, 275, 279, 283, 283, 283, 287, 288, 289, 289, 290, 290, 291, 297, 298, 303, 303, 305, 305, 305, 307, 307, 307, 308, 308, 308, 308, 309, 310, 310, 310, 311, 312, 313, 313, 313, 314, 314, 318, 321, 321, 321, 321, 321, 326, 330, 331, 332, 333, 335, 337, 341, 343, 345, 346, 349, 349, 352, 352, 352, 352, 353, 356, 356, 361, 364, 365, 368, 369, 370, 371, 372, 374, 375, 379, 379, 379]}
925 {0: [28, 30, 27, 24, 22, 22, 22, 22, 22, 22, 22, 23, 23, 24, 24, 25, 25, 28, 27, 26, 27, 28, 26, 24, 24, 24, 24, 25, 26, 24, 25, 24, 26, 25, 26, 28, 25, 26, 26, 25, 24, 24, 23, 24, 24, 25, 27, 27, 26, 28, 26, 28, 28, 28, 28, 27, 27, 28, 27, 27, 27, 27, 28, 26, 26, 26, 26, 25, 24, 25, 25, 27, 27, 29, 26, 28, 27, 25, 25, 24, 26, 25, 24, 25, 25, 25, 24, 25, 25, 24, 24, 24, 26, 28, 25, 24, 24, 24, 27, 26], 1: [239, 241, 246, 249, 252, 252, 252, 253, 254, 256, 256, 256, 256, 258, 260, 262, 263, 264, 266, 268, 268, 270, 274, 276, 277, 278, 278, 278, 279, 282, 284, 287, 287, 288, 288, 289, 294, 297, 299, 301, 303, 306, 307, 308, 310, 312, 312, 313, 317, 317, 319, 320, 321, 322, 322, 324, 324, 326, 328, 329, 330, 330, 330, 332, 334, 336, 337, 338, 339, 340, 341, 343, 344, 347, 354, 354, 357, 359, 360, 362, 362, 364, 365, 365, 365, 366, 368, 368, 370, 373, 374, 374, 375, 375, 379, 381, 381, 381, 381, 386]}
697 {0: [29, 29, 25, 25, 29, 26, 27, 28, 27, 27, 25, 25, 26, 27, 25, 25, 26, 26, 26, 26, 26, 25, 25, 25, 25, 26, 24, 25, 25, 23, 26, 26, 26, 27, 27, 29, 25, 26, 22, 23, 22, 22, 23, 22, 22, 23, 22, 22, 22, 22, 22, 22, 22, 22, 23, 22, 22, 22, 22, 23, 25, 23, 22, 23, 25, 25, 27, 24, 23, 24, 24, 25, 26, 26, 23, 22, 22, 22, 20, 24, 23, 23, 25, 26, 27, 26, 27, 26, 24, 26, 24, 24, 24, 24, 25, 25, 28, 26, 28, 30], 1: [240, 242, 246, 246, 247, 251, 251, 251, 254, 257, 259, 264, 264, 264, 266, 267, 268, 269, 269, 273, 274, 275, 275, 275, 275, 279, 283, 283, 283, 287, 288, 289, 289, 290, 290, 291, 297, 298, 303, 303, 305, 305, 305, 307, 307, 307, 308, 308, 308, 308, 309, 310, 310, 310, 311, 312, 313, 313, 313, 314, 314, 318, 321, 321, 321, 321, 321, 326, 330, 331, 332, 333, 335, 337, 341, 343, 345, 346, 349, 349, 352, 352, 352, 352, 353, 356, 356, 361, 364, 365, 368, 369, 370, 371, 372, 374, 375, 379, 379, 379]}
698 {0: [29, 29, 25, 25, 29, 26, 27, 28, 27, 27, 25, 25, 26, 27, 25, 25, 26, 26, 26, 26, 26, 25, 25, 25, 25, 26, 24, 25, 25, 23, 26, 26, 26, 27, 27, 29, 25, 26, 22, 23, 22, 22, 23, 22, 22, 23, 22, 22, 22, 22, 22, 22, 22, 22, 23, 22, 22, 22, 22, 23, 25, 23, 22, 23, 25, 25, 27, 24, 23, 24, 24, 25, 26, 26, 23, 22, 22, 22, 20, 24, 23, 23, 25, 26, 27, 26, 27, 26, 24, 26, 24, 24, 24, 24, 25, 25, 28, 26, 28, 30], 1: [240, 242, 246, 246, 247, 251, 251, 251, 254, 257, 259, 264, 264, 264, 266, 267, 268, 269, 269, 273, 274, 275, 275, 275, 275, 279, 283, 283, 283, 287, 288, 289, 289, 290, 290, 291, 297, 298, 303, 303, 305, 305, 305, 307, 307, 307, 308, 308, 308, 308, 309, 310, 310, 310, 311, 312, 313, 313, 313, 314, 314, 318, 321, 321, 321, 321, 321, 326, 330, 331, 332, 333, 335, 337, 341, 343, 345, 346, 349, 349, 352, 352, 352, 352, 353, 356, 356, 361, 364, 365, 368, 369, 370, 371, 372, 374, 375, 379, 379, 379]}
436 {0: [29, 29, 25, 25, 29, 26, 27, 28, 27, 27, 25, 25, 26, 27, 25, 25, 26, 26, 26, 26, 26, 25, 25, 25, 25, 26, 24, 25, 25, 23, 26, 26, 26, 27, 27, 29, 25, 26, 22, 23, 22, 22, 23, 22, 22, 23, 22, 22, 22, 22, 22, 22, 22, 22, 23, 22, 22, 22, 22, 23, 25, 23, 22, 23, 25, 25, 27, 24, 23, 24, 24, 25, 26, 26, 23, 22, 22, 22, 20, 24, 23, 23, 25, 26, 27, 26, 27, 26, 24, 26, 24, 24, 24, 24, 25, 25, 28, 26, 28, 30], 1: [240, 242, 246, 246, 247, 251, 251, 251, 254, 257, 259, 264, 264, 264, 266, 267, 268, 269, 269, 273, 274, 275, 275, 275, 275, 279, 283, 283, 283, 287, 288, 289, 289, 290, 290, 291, 297, 298, 303, 303, 305, 305, 305, 307, 307, 307, 308, 308, 308, 308, 309, 310, 310, 310, 311, 312, 313, 313, 313, 314, 314, 318, 321, 321, 321, 321, 321, 326, 330, 331, 332, 333, 335, 337, 341, 343, 345, 346, 349, 349, 352, 352, 352, 352, 353, 356, 356, 361, 364, 365, 368, 369, 370, 371, 372, 374, 375, 379, 379, 379]}
926 {0: [29, 29, 25, 25, 29, 26, 27, 28, 27, 27, 25, 25, 26, 27, 25, 25, 26, 26, 26, 26, 26, 25, 25, 25, 25, 26, 24, 25, 25, 23, 26, 26, 26, 27, 27, 29, 25, 26, 22, 23, 22, 22, 23, 22, 22, 23, 22, 22, 22, 22, 22, 22, 22, 22, 23, 22, 22, 22, 22, 23, 25, 23, 22, 23, 25, 25, 27, 24, 23, 24, 24, 25, 26, 26, 23, 22, 22, 22, 20, 24, 23, 23, 25, 26, 27, 26, 27, 26, 24, 26, 24, 24, 24, 24, 25, 25, 28, 26, 28, 30], 1: [240, 242, 246, 246, 247, 251, 251, 251, 254, 257, 259, 264, 264, 264, 266, 267, 268, 269, 269, 273, 274, 275, 275, 275, 275, 279, 283, 283, 283, 287, 288, 289, 289, 290, 290, 291, 297, 298, 303, 303, 305, 305, 305, 307, 307, 307, 308, 308, 308, 308, 309, 310, 310, 310, 311, 312, 313, 313, 313, 314, 314, 318, 321, 321, 321, 321, 321, 326, 330, 331, 332, 333, 335, 337, 341, 343, 345, 346, 349, 349, 352, 352, 352, 352, 353, 356, 356, 361, 364, 365, 368, 369, 370, 371, 372, 374, 375, 379, 379, 379]}
191 {0: [29, 29, 25, 25, 29, 26, 27, 28, 27, 27, 25, 25, 26, 27, 25, 25, 26, 26, 26, 26, 26, 25, 25, 25, 25, 26, 24, 25, 25, 23, 26, 26, 26, 27, 27, 29, 25, 26, 22, 23, 22, 22, 23, 22, 22, 23, 22, 22, 22, 22, 22, 22, 22, 22, 23, 22, 22, 22, 22, 23, 25, 23, 22, 23, 25, 25, 27, 24, 23, 24, 24, 25, 26, 26, 23, 22, 22, 22, 20, 24, 23, 23, 25, 26, 27, 26, 27, 26, 24, 26, 24, 24, 24, 24, 25, 25, 28, 26, 28, 30], 1: [240, 242, 246, 246, 247, 251, 251, 251, 254, 257, 259, 264, 264, 264, 266, 267, 268, 269, 269, 273, 274, 275, 275, 275, 275, 279, 283, 283, 283, 287, 288, 289, 289, 290, 290, 291, 297, 298, 303, 303, 305, 305, 305, 307, 307, 307, 308, 308, 308, 308, 309, 310, 310, 310, 311, 312, 313, 313, 313, 314, 314, 318, 321, 321, 321, 321, 321, 326, 330, 331, 332, 333, 335, 337, 341, 343, 345, 346, 349, 349, 352, 352, 352, 352, 353, 356, 356, 361, 364, 365, 368, 369, 370, 371, 372, 374, 375, 379, 379, 379]}
699 {0: [29, 29, 25, 25, 29, 26, 27, 28, 27, 27, 25, 25, 26, 27, 25, 25, 26, 26, 26, 26, 26, 25, 25, 25, 25, 26, 24, 25, 25, 23, 26, 26, 26, 27, 27, 29, 25, 26, 22, 23, 22, 22, 23, 22, 22, 23, 22, 22, 22, 22, 22, 22, 22, 22, 23, 22, 22, 22, 22, 23, 25, 23, 22, 23, 25, 25, 27, 24, 23, 24, 24, 25, 26, 26, 23, 22, 22, 22, 20, 24, 23, 23, 25, 26, 27, 26, 27, 26, 24, 26, 24, 24, 24, 24, 25, 25, 28, 26, 28, 30], 1: [240, 242, 246, 246, 247, 251, 251, 251, 254, 257, 259, 264, 264, 264, 266, 267, 268, 269, 269, 273, 274, 275, 275, 275, 275, 279, 283, 283, 283, 287, 288, 289, 289, 290, 290, 291, 297, 298, 303, 303, 305, 305, 305, 307, 307, 307, 308, 308, 308, 308, 309, 310, 310, 310, 311, 312, 313, 313, 313, 314, 314, 318, 321, 321, 321, 321, 321, 326, 330, 331, 332, 333, 335, 337, 341, 343, 345, 346, 349, 349, 352, 352, 352, 352, 353, 356, 356, 361, 364, 365, 368, 369, 370, 371, 372, 374, 375, 379, 379, 379]}
700 {0: [29, 29, 25, 25, 29, 26, 27, 28, 27, 27, 25, 25, 26, 27, 25, 25, 26, 26, 26, 26, 26, 25, 25, 25, 25, 26, 24, 25, 25, 23, 26, 26, 26, 27, 27, 29, 25, 26, 22, 23, 22, 22, 23, 22, 22, 23, 22, 22, 22, 22, 22, 22, 22, 22, 23, 22, 22, 22, 22, 23, 25, 23, 22, 23, 25, 25, 27, 24, 23, 24, 24, 25, 26, 26, 23, 22, 22, 22, 20, 24, 23, 23, 25, 26, 27, 26, 27, 26, 24, 26, 24, 24, 24, 24, 25, 25, 28, 26, 28, 30], 1: [240, 242, 246, 246, 247, 251, 251, 251, 254, 257, 259, 264, 264, 264, 266, 267, 268, 269, 269, 273, 274, 275, 275, 275, 275, 279, 283, 283, 283, 287, 288, 289, 289, 290, 290, 291, 297, 298, 303, 303, 305, 305, 305, 307, 307, 307, 308, 308, 308, 308, 309, 310, 310, 310, 311, 312, 313, 313, 313, 314, 314, 318, 321, 321, 321, 321, 321, 326, 330, 331, 332, 333, 335, 337, 341, 343, 345, 346, 349, 349, 352, 352, 352, 352, 353, 356, 356, 361, 364, 365, 368, 369, 370, 371, 372, 374, 375, 379, 379, 379]}
437 {0: [29, 29, 25, 25, 29, 26, 27, 28, 27, 27, 25, 25, 26, 27, 25, 25, 26, 26, 26, 26, 26, 25, 25, 25, 25, 26, 24, 25, 25, 23, 26, 26, 26, 27, 27, 29, 25, 26, 22, 23, 22, 22, 23, 22, 22, 23, 22, 22, 22, 22, 22, 22, 22, 22, 23, 22, 22, 22, 22, 23, 25, 23, 22, 23, 25, 25, 27, 24, 23, 24, 24, 25, 26, 26, 23, 22, 22, 22, 20, 24, 23, 23, 25, 26, 27, 26, 27, 26, 24, 26, 24, 24, 24, 24, 25, 25, 28, 26, 28, 30], 1: [240, 242, 246, 246, 247, 251, 251, 251, 254, 257, 259, 264, 264, 264, 266, 267, 268, 269, 269, 273, 274, 275, 275, 275, 275, 279, 283, 283, 283, 287, 288, 289, 289, 290, 290, 291, 297, 298, 303, 303, 305, 305, 305, 307, 307, 307, 308, 308, 308, 308, 309, 310, 310, 310, 311, 312, 313, 313, 313, 314, 314, 318, 321, 321, 321, 321, 321, 326, 330, 331, 332, 333, 335, 337, 341, 343, 345, 346, 349, 349, 352, 352, 352, 352, 353, 356, 356, 361, 364, 365, 368, 369, 370, 371, 372, 374, 375, 379, 379, 379]}
927 {0: [29, 29, 25, 25, 29, 26, 27, 28, 27, 27, 25, 25, 26, 27, 25, 25, 26, 26, 26, 26, 26, 25, 25, 25, 25, 26, 24, 25, 25, 23, 26, 26, 26, 27, 27, 29, 25, 26, 22, 23, 22, 22, 23, 22, 22, 23, 22, 22, 22, 22, 22, 22, 22, 22, 23, 22, 22, 22, 22, 23, 25, 23, 22, 23, 25, 25, 27, 24, 23, 24, 24, 25, 26, 26, 23, 22, 22, 22, 20, 24, 23, 23, 25, 26, 27, 26, 27, 26, 24, 26, 24, 24, 24, 24, 25, 25, 28, 26, 28, 30], 1: [240, 242, 246, 246, 247, 251, 251, 251, 254, 257, 259, 264, 264, 264, 266, 267, 268, 269, 269, 273, 274, 275, 275, 275, 275, 279, 283, 283, 283, 287, 288, 289, 289, 290, 290, 291, 297, 298, 303, 303, 305, 305, 305, 307, 307, 307, 308, 308, 308, 308, 309, 310, 310, 310, 311, 312, 313, 313, 313, 314, 314, 318, 321, 321, 321, 321, 321, 326, 330, 331, 332, 333, 335, 337, 341, 343, 345, 346, 349, 349, 352, 352, 352, 352, 353, 356, 356, 361, 364, 365, 368, 369, 370, 371, 372, 374, 375, 379, 379, 379]}
192 {0: [29, 29, 25, 25, 29, 26, 27, 28, 27, 27, 25, 25, 26, 27, 25, 25, 26, 26, 26, 26, 26, 25, 25, 25, 25, 26, 24, 25, 25, 23, 26, 26, 26, 27, 27, 29, 25, 26, 22, 23, 22, 22, 23, 22, 22, 23, 22, 22, 22, 22, 22, 22, 22, 22, 23, 22, 22, 22, 22, 23, 25, 23, 22, 23, 25, 25, 27, 24, 23, 24, 24, 25, 26, 26, 23, 22, 22, 22, 20, 24, 23, 23, 25, 26, 27, 26, 27, 26, 24, 26, 24, 24, 24, 24, 25, 25, 28, 26, 28, 30], 1: [240, 242, 246, 246, 247, 251, 251, 251, 254, 257, 259, 264, 264, 264, 266, 267, 268, 269, 269, 273, 274, 275, 275, 275, 275, 279, 283, 283, 283, 287, 288, 289, 289, 290, 290, 291, 297, 298, 303, 303, 305, 305, 305, 307, 307, 307, 308, 308, 308, 308, 309, 310, 310, 310, 311, 312, 313, 313, 313, 314, 314, 318, 321, 321, 321, 321, 321, 326, 330, 331, 332, 333, 335, 337, 341, 343, 345, 346, 349, 349, 352, 352, 352, 352, 353, 356, 356, 361, 364, 365, 368, 369, 370, 371, 372, 374, 375, 379, 379, 379]}
701 {0: [29, 29, 25, 25, 29, 26, 27, 28, 27, 27, 25, 25, 26, 27, 25, 25, 26, 26, 26, 26, 26, 25, 25, 25, 25, 26, 24, 25, 25, 23, 26, 26, 26, 27, 27, 29, 25, 26, 22, 23, 22, 22, 23, 22, 22, 23, 22, 22, 22, 22, 22, 22, 22, 22, 23, 22, 22, 22, 22, 23, 25, 23, 22, 23, 25, 25, 27, 24, 23, 24, 24, 25, 26, 26, 23, 22, 22, 22, 20, 24, 23, 23, 25, 26, 27, 26, 27, 26, 24, 26, 24, 24, 24, 24, 25, 25, 28, 26, 28, 30], 1: [240, 242, 246, 246, 247, 251, 251, 251, 254, 257, 259, 264, 264, 264, 266, 267, 268, 269, 269, 273, 274, 275, 275, 275, 275, 279, 283, 283, 283, 287, 288, 289, 289, 290, 290, 291, 297, 298, 303, 303, 305, 305, 305, 307, 307, 307, 308, 308, 308, 308, 309, 310, 310, 310, 311, 312, 313, 313, 313, 314, 314, 318, 321, 321, 321, 321, 321, 326, 330, 331, 332, 333, 335, 337, 341, 343, 345, 346, 349, 349, 352, 352, 352, 352, 353, 356, 356, 361, 364, 365, 368, 369, 370, 371, 372, 374, 375, 379, 379, 379]}
702 {0: [29, 29, 25, 25, 29, 26, 27, 28, 27, 27, 25, 25, 26, 27, 25, 25, 26, 26, 26, 26, 26, 25, 25, 25, 25, 26, 24, 25, 25, 23, 26, 26, 26, 27, 27, 29, 25, 26, 22, 23, 22, 22, 23, 22, 22, 23, 22, 22, 22, 22, 22, 22, 22, 22, 23, 22, 22, 22, 22, 23, 25, 23, 22, 23, 25, 25, 27, 24, 23, 24, 24, 25, 26, 26, 23, 22, 22, 22, 20, 24, 23, 23, 25, 26, 27, 26, 27, 26, 24, 26, 24, 24, 24, 24, 25, 25, 28, 26, 28, 30], 1: [240, 242, 246, 246, 247, 251, 251, 251, 254, 257, 259, 264, 264, 264, 266, 267, 268, 269, 269, 273, 274, 275, 275, 275, 275, 279, 283, 283, 283, 287, 288, 289, 289, 290, 290, 291, 297, 298, 303, 303, 305, 305, 305, 307, 307, 307, 308, 308, 308, 308, 309, 310, 310, 310, 311, 312, 313, 313, 313, 314, 314, 318, 321, 321, 321, 321, 321, 326, 330, 331, 332, 333, 335, 337, 341, 343, 345, 346, 349, 349, 352, 352, 352, 352, 353, 356, 356, 361, 364, 365, 368, 369, 370, 371, 372, 374, 375, 379, 379, 379]}
703 {0: [29, 29, 25, 25, 29, 26, 27, 28, 27, 27, 25, 25, 26, 27, 25, 25, 26, 26, 26, 26, 26, 25, 25, 25, 25, 26, 24, 25, 25, 23, 26, 26, 26, 27, 27, 29, 25, 26, 22, 23, 22, 22, 23, 22, 22, 23, 22, 22, 22, 22, 22, 22, 22, 22, 23, 22, 22, 22, 22, 23, 25, 23, 22, 23, 25, 25, 27, 24, 23, 24, 24, 25, 26, 26, 23, 22, 22, 22, 20, 24, 23, 23, 25, 26, 27, 26, 27, 26, 24, 26, 24, 24, 24, 24, 25, 25, 28, 26, 28, 30], 1: [240, 242, 246, 246, 247, 251, 251, 251, 254, 257, 259, 264, 264, 264, 266, 267, 268, 269, 269, 273, 274, 275, 275, 275, 275, 279, 283, 283, 283, 287, 288, 289, 289, 290, 290, 291, 297, 298, 303, 303, 305, 305, 305, 307, 307, 307, 308, 308, 308, 308, 309, 310, 310, 310, 311, 312, 313, 313, 313, 314, 314, 318, 321, 321, 321, 321, 321, 326, 330, 331, 332, 333, 335, 337, 341, 343, 345, 346, 349, 349, 352, 352, 352, 352, 353, 356, 356, 361, 364, 365, 368, 369, 370, 371, 372, 374, 375, 379, 379, 379]}
928 {0: [29, 29, 25, 25, 29, 26, 27, 28, 27, 27, 25, 25, 26, 27, 25, 25, 26, 26, 26, 26, 26, 25, 25, 25, 25, 26, 24, 25, 25, 23, 26, 26, 26, 27, 27, 29, 25, 26, 22, 23, 22, 22, 23, 22, 22, 23, 22, 22, 22, 22, 22, 22, 22, 22, 23, 22, 22, 22, 22, 23, 25, 23, 22, 23, 25, 25, 27, 24, 23, 24, 24, 25, 26, 26, 23, 22, 22, 22, 20, 24, 23, 23, 25, 26, 27, 26, 27, 26, 24, 26, 24, 24, 24, 24, 25, 25, 28, 26, 28, 30], 1: [240, 242, 246, 246, 247, 251, 251, 251, 254, 257, 259, 264, 264, 264, 266, 267, 268, 269, 269, 273, 274, 275, 275, 275, 275, 279, 283, 283, 283, 287, 288, 289, 289, 290, 290, 291, 297, 298, 303, 303, 305, 305, 305, 307, 307, 307, 308, 308, 308, 308, 309, 310, 310, 310, 311, 312, 313, 313, 313, 314, 314, 318, 321, 321, 321, 321, 321, 326, 330, 331, 332, 333, 335, 337, 341, 343, 345, 346, 349, 349, 352, 352, 352, 352, 353, 356, 356, 361, 364, 365, 368, 369, 370, 371, 372, 374, 375, 379, 379, 379]}
438 {0: [29, 29, 25, 25, 29, 26, 27, 28, 27, 27, 25, 25, 26, 27, 25, 25, 26, 26, 26, 26, 26, 25, 25, 25, 25, 26, 24, 25, 25, 23, 26, 26, 26, 27, 27, 29, 25, 26, 22, 23, 22, 22, 23, 22, 22, 23, 22, 22, 22, 22, 22, 22, 22, 22, 23, 22, 22, 22, 22, 23, 25, 23, 22, 23, 25, 25, 27, 24, 23, 24, 24, 25, 26, 26, 23, 22, 22, 22, 20, 24, 23, 23, 25, 26, 27, 26, 27, 26, 24, 26, 24, 24, 24, 24, 25, 25, 28, 26, 28, 30], 1: [240, 242, 246, 246, 247, 251, 251, 251, 254, 257, 259, 264, 264, 264, 266, 267, 268, 269, 269, 273, 274, 275, 275, 275, 275, 279, 283, 283, 283, 287, 288, 289, 289, 290, 290, 291, 297, 298, 303, 303, 305, 305, 305, 307, 307, 307, 308, 308, 308, 308, 309, 310, 310, 310, 311, 312, 313, 313, 313, 314, 314, 318, 321, 321, 321, 321, 321, 326, 330, 331, 332, 333, 335, 337, 341, 343, 345, 346, 349, 349, 352, 352, 352, 352, 353, 356, 356, 361, 364, 365, 368, 369, 370, 371, 372, 374, 375, 379, 379, 379]}
193 {0: [29, 29, 25, 25, 29, 26, 27, 28, 27, 27, 25, 25, 26, 27, 25, 25, 26, 26, 26, 26, 26, 25, 25, 25, 25, 26, 24, 25, 25, 23, 26, 26, 26, 27, 27, 29, 25, 26, 22, 23, 22, 22, 23, 22, 22, 23, 22, 22, 22, 22, 22, 22, 22, 22, 23, 22, 22, 22, 22, 23, 25, 23, 22, 23, 25, 25, 27, 24, 23, 24, 24, 25, 26, 26, 23, 22, 22, 22, 20, 24, 23, 23, 25, 26, 27, 26, 27, 26, 24, 26, 24, 24, 24, 24, 25, 25, 28, 26, 28, 30], 1: [240, 242, 246, 246, 247, 251, 251, 251, 254, 257, 259, 264, 264, 264, 266, 267, 268, 269, 269, 273, 274, 275, 275, 275, 275, 279, 283, 283, 283, 287, 288, 289, 289, 290, 290, 291, 297, 298, 303, 303, 305, 305, 305, 307, 307, 307, 308, 308, 308, 308, 309, 310, 310, 310, 311, 312, 313, 313, 313, 314, 314, 318, 321, 321, 321, 321, 321, 326, 330, 331, 332, 333, 335, 337, 341, 343, 345, 346, 349, 349, 352, 352, 352, 352, 353, 356, 356, 361, 364, 365, 368, 369, 370, 371, 372, 374, 375, 379, 379, 379]}
704 {0: [29, 29, 25, 25, 29, 26, 27, 28, 27, 27, 25, 25, 26, 27, 25, 25, 26, 26, 26, 26, 26, 25, 25, 25, 25, 26, 24, 25, 25, 23, 26, 26, 26, 27, 27, 29, 25, 26, 22, 23, 22, 22, 23, 22, 22, 23, 22, 22, 22, 22, 22, 22, 22, 22, 23, 22, 22, 22, 22, 23, 25, 23, 22, 23, 25, 25, 27, 24, 23, 24, 24, 25, 26, 26, 23, 22, 22, 22, 20, 24, 23, 23, 25, 26, 27, 26, 27, 26, 24, 26, 24, 24, 24, 24, 25, 25, 28, 26, 28, 30], 1: [240, 242, 246, 246, 247, 251, 251, 251, 254, 257, 259, 264, 264, 264, 266, 267, 268, 269, 269, 273, 274, 275, 275, 275, 275, 279, 283, 283, 283, 287, 288, 289, 289, 290, 290, 291, 297, 298, 303, 303, 305, 305, 305, 307, 307, 307, 308, 308, 308, 308, 309, 310, 310, 310, 311, 312, 313, 313, 313, 314, 314, 318, 321, 321, 321, 321, 321, 326, 330, 331, 332, 333, 335, 337, 341, 343, 345, 346, 349, 349, 352, 352, 352, 352, 353, 356, 356, 361, 364, 365, 368, 369, 370, 371, 372, 374, 375, 379, 379, 379]}
705 {0: [29, 29, 25, 25, 29, 26, 27, 28, 27, 27, 25, 25, 26, 27, 25, 25, 26, 26, 26, 26, 26, 25, 25, 25, 25, 26, 24, 25, 25, 23, 26, 26, 26, 27, 27, 29, 25, 26, 22, 23, 22, 22, 23, 22, 22, 23, 22, 22, 22, 22, 22, 22, 22, 22, 23, 22, 22, 22, 22, 23, 25, 23, 22, 23, 25, 25, 27, 24, 23, 24, 24, 25, 26, 26, 23, 22, 22, 22, 20, 24, 23, 23, 25, 26, 27, 26, 27, 26, 24, 26, 24, 24, 24, 24, 25, 25, 28, 26, 28, 30], 1: [240, 242, 246, 246, 247, 251, 251, 251, 254, 257, 259, 264, 264, 264, 266, 267, 268, 269, 269, 273, 274, 275, 275, 275, 275, 279, 283, 283, 283, 287, 288, 289, 289, 290, 290, 291, 297, 298, 303, 303, 305, 305, 305, 307, 307, 307, 308, 308, 308, 308, 309, 310, 310, 310, 311, 312, 313, 313, 313, 314, 314, 318, 321, 321, 321, 321, 321, 326, 330, 331, 332, 333, 335, 337, 341, 343, 345, 346, 349, 349, 352, 352, 352, 352, 353, 356, 356, 361, 364, 365, 368, 369, 370, 371, 372, 374, 375, 379, 379, 379]}
929 {0: [29, 29, 25, 25, 29, 26, 27, 28, 27, 27, 25, 25, 26, 27, 25, 25, 26, 26, 26, 26, 26, 25, 25, 25, 25, 26, 24, 25, 25, 23, 26, 26, 26, 27, 27, 29, 25, 26, 22, 23, 22, 22, 23, 22, 22, 23, 22, 22, 22, 22, 22, 22, 22, 22, 23, 22, 22, 22, 22, 23, 25, 23, 22, 23, 25, 25, 27, 24, 23, 24, 24, 25, 26, 26, 23, 22, 22, 22, 20, 24, 23, 23, 25, 26, 27, 26, 27, 26, 24, 26, 24, 24, 24, 24, 25, 25, 28, 26, 28, 30], 1: [240, 242, 246, 246, 247, 251, 251, 251, 254, 257, 259, 264, 264, 264, 266, 267, 268, 269, 269, 273, 274, 275, 275, 275, 275, 279, 283, 283, 283, 287, 288, 289, 289, 290, 290, 291, 297, 298, 303, 303, 305, 305, 305, 307, 307, 307, 308, 308, 308, 308, 309, 310, 310, 310, 311, 312, 313, 313, 313, 314, 314, 318, 321, 321, 321, 321, 321, 326, 330, 331, 332, 333, 335, 337, 341, 343, 345, 346, 349, 349, 352, 352, 352, 352, 353, 356, 356, 361, 364, 365, 368, 369, 370, 371, 372, 374, 375, 379, 379, 379]}
439 {0: [29, 29, 25, 25, 29, 26, 27, 28, 27, 27, 25, 25, 26, 27, 25, 25, 26, 26, 26, 26, 26, 25, 25, 25, 25, 26, 24, 25, 25, 23, 26, 26, 26, 27, 27, 29, 25, 26, 22, 23, 22, 22, 23, 22, 22, 23, 22, 22, 22, 22, 22, 22, 22, 22, 23, 22, 22, 22, 22, 23, 25, 23, 22, 23, 25, 25, 27, 24, 23, 24, 24, 25, 26, 26, 23, 22, 22, 22, 20, 24, 23, 23, 25, 26, 27, 26, 27, 26, 24, 26, 24, 24, 24, 24, 25, 25, 28, 26, 28, 30], 1: [240, 242, 246, 246, 247, 251, 251, 251, 254, 257, 259, 264, 264, 264, 266, 267, 268, 269, 269, 273, 274, 275, 275, 275, 275, 279, 283, 283, 283, 287, 288, 289, 289, 290, 290, 291, 297, 298, 303, 303, 305, 305, 305, 307, 307, 307, 308, 308, 308, 308, 309, 310, 310, 310, 311, 312, 313, 313, 313, 314, 314, 318, 321, 321, 321, 321, 321, 326, 330, 331, 332, 333, 335, 337, 341, 343, 345, 346, 349, 349, 352, 352, 352, 352, 353, 356, 356, 361, 364, 365, 368, 369, 370, 371, 372, 374, 375, 379, 379, 379]}
194 {0: [29, 29, 25, 25, 29, 26, 27, 28, 27, 27, 25, 25, 26, 27, 25, 25, 26, 26, 26, 26, 26, 25, 25, 25, 25, 26, 24, 25, 25, 23, 26, 26, 26, 27, 27, 29, 25, 26, 22, 23, 22, 22, 23, 22, 22, 23, 22, 22, 22, 22, 22, 22, 22, 22, 23, 22, 22, 22, 22, 23, 25, 23, 22, 23, 25, 25, 27, 24, 23, 24, 24, 25, 26, 26, 23, 22, 22, 22, 20, 24, 23, 23, 25, 26, 27, 26, 27, 26, 24, 26, 24, 24, 24, 24, 25, 25, 28, 26, 28, 30], 1: [240, 242, 246, 246, 247, 251, 251, 251, 254, 257, 259, 264, 264, 264, 266, 267, 268, 269, 269, 273, 274, 275, 275, 275, 275, 279, 283, 283, 283, 287, 288, 289, 289, 290, 290, 291, 297, 298, 303, 303, 305, 305, 305, 307, 307, 307, 308, 308, 308, 308, 309, 310, 310, 310, 311, 312, 313, 313, 313, 314, 314, 318, 321, 321, 321, 321, 321, 326, 330, 331, 332, 333, 335, 337, 341, 343, 345, 346, 349, 349, 352, 352, 352, 352, 353, 356, 356, 361, 364, 365, 368, 369, 370, 371, 372, 374, 375, 379, 379, 379]}
706 {0: [29, 29, 25, 25, 29, 26, 27, 28, 27, 27, 25, 25, 26, 27, 25, 25, 26, 26, 26, 26, 26, 25, 25, 25, 25, 26, 24, 25, 25, 23, 26, 26, 26, 27, 27, 29, 25, 26, 22, 23, 22, 22, 23, 22, 22, 23, 22, 22, 22, 22, 22, 22, 22, 22, 23, 22, 22, 22, 22, 23, 25, 23, 22, 23, 25, 25, 27, 24, 23, 24, 24, 25, 26, 26, 23, 22, 22, 22, 20, 24, 23, 23, 25, 26, 27, 26, 27, 26, 24, 26, 24, 24, 24, 24, 25, 25, 28, 26, 28, 30], 1: [240, 242, 246, 246, 247, 251, 251, 251, 254, 257, 259, 264, 264, 264, 266, 267, 268, 269, 269, 273, 274, 275, 275, 275, 275, 279, 283, 283, 283, 287, 288, 289, 289, 290, 290, 291, 297, 298, 303, 303, 305, 305, 305, 307, 307, 307, 308, 308, 308, 308, 309, 310, 310, 310, 311, 312, 313, 313, 313, 314, 314, 318, 321, 321, 321, 321, 321, 326, 330, 331, 332, 333, 335, 337, 341, 343, 345, 346, 349, 349, 352, 352, 352, 352, 353, 356, 356, 361, 364, 365, 368, 369, 370, 371, 372, 374, 375, 379, 379, 379]}
707 {0: [29, 29, 25, 25, 29, 26, 27, 28, 27, 27, 25, 25, 26, 27, 25, 25, 26, 26, 26, 26, 26, 25, 25, 25, 25, 26, 24, 25, 25, 23, 26, 26, 26, 27, 27, 29, 25, 26, 22, 23, 22, 22, 23, 22, 22, 23, 22, 22, 22, 22, 22, 22, 22, 22, 23, 22, 22, 22, 22, 23, 25, 23, 22, 23, 25, 25, 27, 24, 23, 24, 24, 25, 26, 26, 23, 22, 22, 22, 20, 24, 23, 23, 25, 26, 27, 26, 27, 26, 24, 26, 24, 24, 24, 24, 25, 25, 28, 26, 28, 30], 1: [240, 242, 246, 246, 247, 251, 251, 251, 254, 257, 259, 264, 264, 264, 266, 267, 268, 269, 269, 273, 274, 275, 275, 275, 275, 279, 283, 283, 283, 287, 288, 289, 289, 290, 290, 291, 297, 298, 303, 303, 305, 305, 305, 307, 307, 307, 308, 308, 308, 308, 309, 310, 310, 310, 311, 312, 313, 313, 313, 314, 314, 318, 321, 321, 321, 321, 321, 326, 330, 331, 332, 333, 335, 337, 341, 343, 345, 346, 349, 349, 352, 352, 352, 352, 353, 356, 356, 361, 364, 365, 368, 369, 370, 371, 372, 374, 375, 379, 379, 379]}
930 {0: [29, 29, 25, 25, 29, 26, 27, 28, 27, 27, 25, 25, 26, 27, 25, 25, 26, 26, 26, 26, 26, 25, 25, 25, 25, 26, 24, 25, 25, 23, 26, 26, 26, 27, 27, 29, 25, 26, 22, 23, 22, 22, 23, 22, 22, 23, 22, 22, 22, 22, 22, 22, 22, 22, 23, 22, 22, 22, 22, 23, 25, 23, 22, 23, 25, 25, 27, 24, 23, 24, 24, 25, 26, 26, 23, 22, 22, 22, 20, 24, 23, 23, 25, 26, 27, 26, 27, 26, 24, 26, 24, 24, 24, 24, 25, 25, 28, 26, 28, 30], 1: [240, 242, 246, 246, 247, 251, 251, 251, 254, 257, 259, 264, 264, 264, 266, 267, 268, 269, 269, 273, 274, 275, 275, 275, 275, 279, 283, 283, 283, 287, 288, 289, 289, 290, 290, 291, 297, 298, 303, 303, 305, 305, 305, 307, 307, 307, 308, 308, 308, 308, 309, 310, 310, 310, 311, 312, 313, 313, 313, 314, 314, 318, 321, 321, 321, 321, 321, 326, 330, 331, 332, 333, 335, 337, 341, 343, 345, 346, 349, 349, 352, 352, 352, 352, 353, 356, 356, 361, 364, 365, 368, 369, 370, 371, 372, 374, 375, 379, 379, 379]}
440 {0: [29, 29, 25, 25, 29, 26, 27, 28, 27, 27, 25, 25, 26, 27, 25, 25, 26, 26, 26, 26, 26, 25, 25, 25, 25, 26, 24, 25, 25, 23, 26, 26, 26, 27, 27, 29, 25, 26, 22, 23, 22, 22, 23, 22, 22, 23, 22, 22, 22, 22, 22, 22, 22, 22, 23, 22, 22, 22, 22, 23, 25, 23, 22, 23, 25, 25, 27, 24, 23, 24, 24, 25, 26, 26, 23, 22, 22, 22, 20, 24, 23, 23, 25, 26, 27, 26, 27, 26, 24, 26, 24, 24, 24, 24, 25, 25, 28, 26, 28, 30], 1: [240, 242, 246, 246, 247, 251, 251, 251, 254, 257, 259, 264, 264, 264, 266, 267, 268, 269, 269, 273, 274, 275, 275, 275, 275, 279, 283, 283, 283, 287, 288, 289, 289, 290, 290, 291, 297, 298, 303, 303, 305, 305, 305, 307, 307, 307, 308, 308, 308, 308, 309, 310, 310, 310, 311, 312, 313, 313, 313, 314, 314, 318, 321, 321, 321, 321, 321, 326, 330, 331, 332, 333, 335, 337, 341, 343, 345, 346, 349, 349, 352, 352, 352, 352, 353, 356, 356, 361, 364, 365, 368, 369, 370, 371, 372, 374, 375, 379, 379, 379]}
195 {0: [29, 29, 25, 25, 29, 26, 27, 28, 27, 27, 25, 25, 26, 27, 25, 25, 26, 26, 26, 26, 26, 25, 25, 25, 25, 26, 24, 25, 25, 23, 26, 26, 26, 27, 27, 29, 25, 26, 22, 23, 22, 22, 23, 22, 22, 23, 22, 22, 22, 22, 22, 22, 22, 22, 23, 22, 22, 22, 22, 23, 25, 23, 22, 23, 25, 25, 27, 24, 23, 24, 24, 25, 26, 26, 23, 22, 22, 22, 20, 24, 23, 23, 25, 26, 27, 26, 27, 26, 24, 26, 24, 24, 24, 24, 25, 25, 28, 26, 28, 30], 1: [240, 242, 246, 246, 247, 251, 251, 251, 254, 257, 259, 264, 264, 264, 266, 267, 268, 269, 269, 273, 274, 275, 275, 275, 275, 279, 283, 283, 283, 287, 288, 289, 289, 290, 290, 291, 297, 298, 303, 303, 305, 305, 305, 307, 307, 307, 308, 308, 308, 308, 309, 310, 310, 310, 311, 312, 313, 313, 313, 314, 314, 318, 321, 321, 321, 321, 321, 326, 330, 331, 332, 333, 335, 337, 341, 343, 345, 346, 349, 349, 352, 352, 352, 352, 353, 356, 356, 361, 364, 365, 368, 369, 370, 371, 372, 374, 375, 379, 379, 379]}
708 {0: [29, 29, 25, 25, 29, 26, 27, 28, 27, 27, 25, 25, 26, 27, 25, 25, 26, 26, 26, 26, 26, 25, 25, 25, 25, 26, 24, 25, 25, 23, 26, 26, 26, 27, 27, 29, 25, 26, 22, 23, 22, 22, 23, 22, 22, 23, 22, 22, 22, 22, 22, 22, 22, 22, 23, 22, 22, 22, 22, 23, 25, 23, 22, 23, 25, 25, 27, 24, 23, 24, 24, 25, 26, 26, 23, 22, 22, 22, 20, 24, 23, 23, 25, 26, 27, 26, 27, 26, 24, 26, 24, 24, 24, 24, 25, 25, 28, 26, 28, 30], 1: [240, 242, 246, 246, 247, 251, 251, 251, 254, 257, 259, 264, 264, 264, 266, 267, 268, 269, 269, 273, 274, 275, 275, 275, 275, 279, 283, 283, 283, 287, 288, 289, 289, 290, 290, 291, 297, 298, 303, 303, 305, 305, 305, 307, 307, 307, 308, 308, 308, 308, 309, 310, 310, 310, 311, 312, 313, 313, 313, 314, 314, 318, 321, 321, 321, 321, 321, 326, 330, 331, 332, 333, 335, 337, 341, 343, 345, 346, 349, 349, 352, 352, 352, 352, 353, 356, 356, 361, 364, 365, 368, 369, 370, 371, 372, 374, 375, 379, 379, 379]}
931 {0: [29, 29, 25, 25, 29, 26, 27, 28, 27, 27, 25, 25, 26, 27, 25, 25, 26, 26, 26, 26, 26, 25, 25, 25, 25, 26, 24, 25, 25, 23, 26, 26, 26, 27, 27, 29, 25, 26, 22, 23, 22, 22, 23, 22, 22, 23, 22, 22, 22, 22, 22, 22, 22, 22, 23, 22, 22, 22, 22, 23, 25, 23, 22, 23, 25, 25, 27, 24, 23, 24, 24, 25, 26, 26, 23, 22, 22, 22, 20, 24, 23, 23, 25, 26, 27, 26, 27, 26, 24, 26, 24, 24, 24, 24, 25, 25, 28, 26, 28, 30], 1: [240, 242, 246, 246, 247, 251, 251, 251, 254, 257, 259, 264, 264, 264, 266, 267, 268, 269, 269, 273, 274, 275, 275, 275, 275, 279, 283, 283, 283, 287, 288, 289, 289, 290, 290, 291, 297, 298, 303, 303, 305, 305, 305, 307, 307, 307, 308, 308, 308, 308, 309, 310, 310, 310, 311, 312, 313, 313, 313, 314, 314, 318, 321, 321, 321, 321, 321, 326, 330, 331, 332, 333, 335, 337, 341, 343, 345, 346, 349, 349, 352, 352, 352, 352, 353, 356, 356, 361, 364, 365, 368, 369, 370, 371, 372, 374, 375, 379, 379, 379]}
441 {0: [29, 29, 25, 25, 29, 26, 27, 28, 27, 27, 25, 25, 26, 27, 25, 25, 26, 26, 26, 26, 26, 25, 25, 25, 25, 26, 24, 25, 25, 23, 26, 26, 26, 27, 27, 29, 25, 26, 22, 23, 22, 22, 23, 22, 22, 23, 22, 22, 22, 22, 22, 22, 22, 22, 23, 22, 22, 22, 22, 23, 25, 23, 22, 23, 25, 25, 27, 24, 23, 24, 24, 25, 26, 26, 23, 22, 22, 22, 20, 24, 23, 23, 25, 26, 27, 26, 27, 26, 24, 26, 24, 24, 24, 24, 25, 25, 28, 26, 28, 30], 1: [240, 242, 246, 246, 247, 251, 251, 251, 254, 257, 259, 264, 264, 264, 266, 267, 268, 269, 269, 273, 274, 275, 275, 275, 275, 279, 283, 283, 283, 287, 288, 289, 289, 290, 290, 291, 297, 298, 303, 303, 305, 305, 305, 307, 307, 307, 308, 308, 308, 308, 309, 310, 310, 310, 311, 312, 313, 313, 313, 314, 314, 318, 321, 321, 321, 321, 321, 326, 330, 331, 332, 333, 335, 337, 341, 343, 345, 346, 349, 349, 352, 352, 352, 352, 353, 356, 356, 361, 364, 365, 368, 369, 370, 371, 372, 374, 375, 379, 379, 379]}
196 {0: [29, 29, 25, 25, 29, 26, 27, 28, 27, 27, 25, 25, 26, 27, 25, 25, 26, 26, 26, 26, 26, 25, 25, 25, 25, 26, 24, 25, 25, 23, 26, 26, 26, 27, 27, 29, 25, 26, 22, 23, 22, 22, 23, 22, 22, 23, 22, 22, 22, 22, 22, 22, 22, 22, 23, 22, 22, 22, 22, 23, 25, 23, 22, 23, 25, 25, 27, 24, 23, 24, 24, 25, 26, 26, 23, 22, 22, 22, 20, 24, 23, 23, 25, 26, 27, 26, 27, 26, 24, 26, 24, 24, 24, 24, 25, 25, 28, 26, 28, 30], 1: [240, 242, 246, 246, 247, 251, 251, 251, 254, 257, 259, 264, 264, 264, 266, 267, 268, 269, 269, 273, 274, 275, 275, 275, 275, 279, 283, 283, 283, 287, 288, 289, 289, 290, 290, 291, 297, 298, 303, 303, 305, 305, 305, 307, 307, 307, 308, 308, 308, 308, 309, 310, 310, 310, 311, 312, 313, 313, 313, 314, 314, 318, 321, 321, 321, 321, 321, 326, 330, 331, 332, 333, 335, 337, 341, 343, 345, 346, 349, 349, 352, 352, 352, 352, 353, 356, 356, 361, 364, 365, 368, 369, 370, 371, 372, 374, 375, 379, 379, 379]}
709 {0: [28, 27, 25, 25, 26, 24, 24, 25, 22, 23, 26, 24, 23, 24, 24, 25, 25, 26, 28, 26, 22, 23, 24, 24, 26, 25, 26, 26, 27, 28, 27, 25, 26, 25, 24, 26, 26, 26, 28, 26, 26, 29, 27, 26, 26, 27, 26, 25, 26, 25, 26, 26, 26, 27, 23, 24, 24, 24, 23, 26, 25, 26, 25, 27, 25, 23, 23, 24, 23, 24, 24, 26, 24, 24, 26, 25, 24, 24, 27, 26, 27, 28, 27, 25, 27, 27, 27, 27, 26, 28, 29, 28, 27, 27, 29, 27, 28, 27, 27, 27], 1: [240, 242, 246, 249, 249, 253, 253, 255, 258, 258, 258, 261, 263, 264, 265, 265, 265, 266, 268, 272, 277, 277, 280, 281, 281, 283, 284, 285, 286, 288, 294, 297, 298, 299, 301, 302, 306, 308, 308, 311, 311, 311, 313, 315, 318, 318, 319, 322, 322, 323, 323, 325, 326, 327, 333, 334, 335, 335, 337, 337, 338, 341, 343, 346, 350, 355, 355, 356, 357, 357, 357, 358, 361, 363, 364, 366, 370, 370, 370, 372, 373, 376, 379, 383, 383, 384, 384, 386, 387, 387, 389, 392, 393, 395, 396, 399, 400, 402, 402, 402]}
932 {0: [29, 29, 25, 25, 29, 26, 27, 28, 27, 27, 25, 25, 26, 27, 25, 25, 26, 26, 26, 26, 26, 25, 25, 25, 25, 26, 24, 25, 25, 23, 26, 26, 26, 27, 27, 29, 25, 26, 22, 23, 22, 22, 23, 22, 22, 23, 22, 22, 22, 22, 22, 22, 22, 22, 23, 22, 22, 22, 22, 23, 25, 23, 22, 23, 25, 25, 27, 24, 23, 24, 24, 25, 26, 26, 23, 22, 22, 22, 20, 24, 23, 23, 25, 26, 27, 26, 27, 26, 24, 26, 24, 24, 24, 24, 25, 25, 28, 26, 28, 30], 1: [240, 242, 246, 246, 247, 251, 251, 251, 254, 257, 259, 264, 264, 264, 266, 267, 268, 269, 269, 273, 274, 275, 275, 275, 275, 279, 283, 283, 283, 287, 288, 289, 289, 290, 290, 291, 297, 298, 303, 303, 305, 305, 305, 307, 307, 307, 308, 308, 308, 308, 309, 310, 310, 310, 311, 312, 313, 313, 313, 314, 314, 318, 321, 321, 321, 321, 321, 326, 330, 331, 332, 333, 335, 337, 341, 343, 345, 346, 349, 349, 352, 352, 352, 352, 353, 356, 356, 361, 364, 365, 368, 369, 370, 371, 372, 374, 375, 379, 379, 379]}
442 {0: [29, 29, 25, 25, 29, 26, 27, 28, 27, 27, 25, 25, 26, 27, 25, 25, 26, 26, 26, 26, 26, 25, 25, 25, 25, 26, 24, 25, 25, 23, 26, 26, 26, 27, 27, 29, 25, 26, 22, 23, 22, 22, 23, 22, 22, 23, 22, 22, 22, 22, 22, 22, 22, 22, 23, 22, 22, 22, 22, 23, 25, 23, 22, 23, 25, 25, 27, 24, 23, 24, 24, 25, 26, 26, 23, 22, 22, 22, 20, 24, 23, 23, 25, 26, 27, 26, 27, 26, 24, 26, 24, 24, 24, 24, 25, 25, 28, 26, 28, 30], 1: [240, 242, 246, 246, 247, 251, 251, 251, 254, 257, 259, 264, 264, 264, 266, 267, 268, 269, 269, 273, 274, 275, 275, 275, 275, 279, 283, 283, 283, 287, 288, 289, 289, 290, 290, 291, 297, 298, 303, 303, 305, 305, 305, 307, 307, 307, 308, 308, 308, 308, 309, 310, 310, 310, 311, 312, 313, 313, 313, 314, 314, 318, 321, 321, 321, 321, 321, 326, 330, 331, 332, 333, 335, 337, 341, 343, 345, 346, 349, 349, 352, 352, 352, 352, 353, 356, 356, 361, 364, 365, 368, 369, 370, 371, 372, 374, 375, 379, 379, 379]}
197 {0: [29, 29, 25, 25, 29, 26, 27, 28, 27, 27, 25, 25, 26, 27, 25, 25, 26, 26, 26, 26, 26, 25, 25, 25, 25, 26, 24, 25, 25, 23, 26, 26, 26, 27, 27, 29, 25, 26, 22, 23, 22, 22, 23, 22, 22, 23, 22, 22, 22, 22, 22, 22, 22, 22, 23, 22, 22, 22, 22, 23, 25, 23, 22, 23, 25, 25, 27, 24, 23, 24, 24, 25, 26, 26, 23, 22, 22, 22, 20, 24, 23, 23, 25, 26, 27, 26, 27, 26, 24, 26, 24, 24, 24, 24, 25, 25, 28, 26, 28, 30], 1: [240, 242, 246, 246, 247, 251, 251, 251, 254, 257, 259, 264, 264, 264, 266, 267, 268, 269, 269, 273, 274, 275, 275, 275, 275, 279, 283, 283, 283, 287, 288, 289, 289, 290, 290, 291, 297, 298, 303, 303, 305, 305, 305, 307, 307, 307, 308, 308, 308, 308, 309, 310, 310, 310, 311, 312, 313, 313, 313, 314, 314, 318, 321, 321, 321, 321, 321, 326, 330, 331, 332, 333, 335, 337, 341, 343, 345, 346, 349, 349, 352, 352, 352, 352, 353, 356, 356, 361, 364, 365, 368, 369, 370, 371, 372, 374, 375, 379, 379, 379]}
710 {0: [28, 27, 27, 27, 27, 27, 26, 24, 24, 24, 25, 25, 24, 25, 27, 27, 27, 25, 26, 22, 21, 22, 24, 22, 24, 25, 23, 23, 23, 24, 22, 21, 21, 22, 20, 21, 22, 23, 24, 22, 22, 22, 22, 22, 23, 22, 23, 22, 23, 22, 21, 21, 23, 21, 22, 21, 22, 21, 19, 23, 22, 21, 21, 21, 21, 21, 21, 23, 23, 22, 23, 25, 25, 25, 25, 23, 24, 23, 23, 23, 25, 24, 25, 24, 25, 25, 25, 24, 26, 26, 27, 26, 25, 23, 24, 23, 23, 24, 25, 24], 1: [240, 242, 242, 243, 244, 244, 246, 248, 248, 250, 252, 256, 258, 260, 262, 263, 264, 270, 271, 275, 276, 276, 276, 278, 278, 278, 280, 280, 280, 283, 288, 290, 293, 294, 296, 298, 298, 299, 300, 305, 306, 309, 309, 309, 309, 312, 314, 316, 317, 320, 321, 321, 323, 326, 327, 330, 331, 332, 335, 335, 337, 338, 338, 338, 339, 339, 339, 339, 342, 346, 347, 348, 349, 351, 353, 357, 357, 358, 358, 358, 358, 361, 362, 363, 364, 364, 365, 368, 369, 371, 372, 375, 377, 379, 380, 382, 384, 384, 384, 386]}
933 {0: [29, 29, 25, 25, 29, 26, 27, 28, 27, 27, 25, 25, 26, 27, 25, 25, 26, 26, 26, 26, 26, 25, 25, 25, 25, 26, 24, 25, 25, 23, 26, 26, 26, 27, 27, 29, 25, 26, 22, 23, 22, 22, 23, 22, 22, 23, 22, 22, 22, 22, 22, 22, 22, 22, 23, 22, 22, 22, 22, 23, 25, 23, 22, 23, 25, 25, 27, 24, 23, 24, 24, 25, 26, 26, 23, 22, 22, 22, 20, 24, 23, 23, 25, 26, 27, 26, 27, 26, 24, 26, 24, 24, 24, 24, 25, 25, 28, 26, 28, 30], 1: [240, 242, 246, 246, 247, 251, 251, 251, 254, 257, 259, 264, 264, 264, 266, 267, 268, 269, 269, 273, 274, 275, 275, 275, 275, 279, 283, 283, 283, 287, 288, 289, 289, 290, 290, 291, 297, 298, 303, 303, 305, 305, 305, 307, 307, 307, 308, 308, 308, 308, 309, 310, 310, 310, 311, 312, 313, 313, 313, 314, 314, 318, 321, 321, 321, 321, 321, 326, 330, 331, 332, 333, 335, 337, 341, 343, 345, 346, 349, 349, 352, 352, 352, 352, 353, 356, 356, 361, 364, 365, 368, 369, 370, 371, 372, 374, 375, 379, 379, 379]}
443 {0: [29, 29, 25, 25, 29, 26, 27, 28, 27, 27, 25, 25, 26, 27, 25, 25, 26, 26, 26, 26, 26, 25, 25, 25, 25, 26, 24, 25, 25, 23, 26, 26, 26, 27, 27, 29, 25, 26, 22, 23, 22, 22, 23, 22, 22, 23, 22, 22, 22, 22, 22, 22, 22, 22, 23, 22, 22, 22, 22, 23, 25, 23, 22, 23, 25, 25, 27, 24, 23, 24, 24, 25, 26, 26, 23, 22, 22, 22, 20, 24, 23, 23, 25, 26, 27, 26, 27, 26, 24, 26, 24, 24, 24, 24, 25, 25, 28, 26, 28, 30], 1: [240, 242, 246, 246, 247, 251, 251, 251, 254, 257, 259, 264, 264, 264, 266, 267, 268, 269, 269, 273, 274, 275, 275, 275, 275, 279, 283, 283, 283, 287, 288, 289, 289, 290, 290, 291, 297, 298, 303, 303, 305, 305, 305, 307, 307, 307, 308, 308, 308, 308, 309, 310, 310, 310, 311, 312, 313, 313, 313, 314, 314, 318, 321, 321, 321, 321, 321, 326, 330, 331, 332, 333, 335, 337, 341, 343, 345, 346, 349, 349, 352, 352, 352, 352, 353, 356, 356, 361, 364, 365, 368, 369, 370, 371, 372, 374, 375, 379, 379, 379]}
198 {0: [29, 29, 25, 25, 29, 26, 27, 28, 27, 27, 25, 25, 26, 27, 25, 25, 26, 26, 26, 26, 26, 25, 25, 25, 25, 26, 24, 25, 25, 23, 26, 26, 26, 27, 27, 29, 25, 26, 22, 23, 22, 22, 23, 22, 22, 23, 22, 22, 22, 22, 22, 22, 22, 22, 23, 22, 22, 22, 22, 23, 25, 23, 22, 23, 25, 25, 27, 24, 23, 24, 24, 25, 26, 26, 23, 22, 22, 22, 20, 24, 23, 23, 25, 26, 27, 26, 27, 26, 24, 26, 24, 24, 24, 24, 25, 25, 28, 26, 28, 30], 1: [240, 242, 246, 246, 247, 251, 251, 251, 254, 257, 259, 264, 264, 264, 266, 267, 268, 269, 269, 273, 274, 275, 275, 275, 275, 279, 283, 283, 283, 287, 288, 289, 289, 290, 290, 291, 297, 298, 303, 303, 305, 305, 305, 307, 307, 307, 308, 308, 308, 308, 309, 310, 310, 310, 311, 312, 313, 313, 313, 314, 314, 318, 321, 321, 321, 321, 321, 326, 330, 331, 332, 333, 335, 337, 341, 343, 345, 346, 349, 349, 352, 352, 352, 352, 353, 356, 356, 361, 364, 365, 368, 369, 370, 371, 372, 374, 375, 379, 379, 379]}
711 {0: [29, 29, 25, 25, 29, 26, 27, 28, 27, 27, 25, 25, 26, 27, 25, 25, 26, 26, 26, 26, 26, 25, 25, 25, 25, 26, 24, 25, 25, 23, 26, 26, 26, 27, 27, 29, 25, 26, 22, 23, 22, 22, 23, 22, 22, 23, 22, 22, 22, 22, 22, 22, 22, 22, 23, 22, 22, 22, 22, 23, 25, 23, 22, 23, 25, 25, 27, 24, 23, 24, 24, 25, 26, 26, 23, 22, 22, 22, 20, 24, 23, 23, 25, 26, 27, 26, 27, 26, 24, 26, 24, 24, 24, 24, 25, 25, 28, 26, 28, 30], 1: [240, 242, 246, 246, 247, 251, 251, 251, 254, 257, 259, 264, 264, 264, 266, 267, 268, 269, 269, 273, 274, 275, 275, 275, 275, 279, 283, 283, 283, 287, 288, 289, 289, 290, 290, 291, 297, 298, 303, 303, 305, 305, 305, 307, 307, 307, 308, 308, 308, 308, 309, 310, 310, 310, 311, 312, 313, 313, 313, 314, 314, 318, 321, 321, 321, 321, 321, 326, 330, 331, 332, 333, 335, 337, 341, 343, 345, 346, 349, 349, 352, 352, 352, 352, 353, 356, 356, 361, 364, 365, 368, 369, 370, 371, 372, 374, 375, 379, 379, 379]}
934 {0: [29, 29, 25, 25, 29, 26, 27, 28, 27, 27, 25, 25, 26, 27, 25, 25, 26, 26, 26, 26, 26, 25, 25, 25, 25, 26, 24, 25, 25, 23, 26, 26, 26, 27, 27, 29, 25, 26, 22, 23, 22, 22, 23, 22, 22, 23, 22, 22, 22, 22, 22, 22, 22, 22, 23, 22, 22, 22, 22, 23, 25, 23, 22, 23, 25, 25, 27, 24, 23, 24, 24, 25, 26, 26, 23, 22, 22, 22, 20, 24, 23, 23, 25, 26, 27, 26, 27, 26, 24, 26, 24, 24, 24, 24, 25, 25, 28, 26, 28, 30], 1: [240, 242, 246, 246, 247, 251, 251, 251, 254, 257, 259, 264, 264, 264, 266, 267, 268, 269, 269, 273, 274, 275, 275, 275, 275, 279, 283, 283, 283, 287, 288, 289, 289, 290, 290, 291, 297, 298, 303, 303, 305, 305, 305, 307, 307, 307, 308, 308, 308, 308, 309, 310, 310, 310, 311, 312, 313, 313, 313, 314, 314, 318, 321, 321, 321, 321, 321, 326, 330, 331, 332, 333, 335, 337, 341, 343, 345, 346, 349, 349, 352, 352, 352, 352, 353, 356, 356, 361, 364, 365, 368, 369, 370, 371, 372, 374, 375, 379, 379, 379]}
444 {0: [29, 29, 25, 25, 29, 26, 27, 28, 27, 27, 25, 25, 26, 27, 25, 25, 26, 26, 26, 26, 26, 25, 25, 25, 25, 26, 24, 25, 25, 23, 26, 26, 26, 27, 27, 29, 25, 26, 22, 23, 22, 22, 23, 22, 22, 23, 22, 22, 22, 22, 22, 22, 22, 22, 23, 22, 22, 22, 22, 23, 25, 23, 22, 23, 25, 25, 27, 24, 23, 24, 24, 25, 26, 26, 23, 22, 22, 22, 20, 24, 23, 23, 25, 26, 27, 26, 27, 26, 24, 26, 24, 24, 24, 24, 25, 25, 28, 26, 28, 30], 1: [240, 242, 246, 246, 247, 251, 251, 251, 254, 257, 259, 264, 264, 264, 266, 267, 268, 269, 269, 273, 274, 275, 275, 275, 275, 279, 283, 283, 283, 287, 288, 289, 289, 290, 290, 291, 297, 298, 303, 303, 305, 305, 305, 307, 307, 307, 308, 308, 308, 308, 309, 310, 310, 310, 311, 312, 313, 313, 313, 314, 314, 318, 321, 321, 321, 321, 321, 326, 330, 331, 332, 333, 335, 337, 341, 343, 345, 346, 349, 349, 352, 352, 352, 352, 353, 356, 356, 361, 364, 365, 368, 369, 370, 371, 372, 374, 375, 379, 379, 379]}
199 {0: [29, 29, 25, 25, 29, 26, 27, 28, 27, 27, 25, 25, 26, 27, 25, 25, 26, 26, 26, 26, 26, 25, 25, 25, 25, 26, 24, 25, 25, 23, 26, 26, 26, 27, 27, 29, 25, 26, 22, 23, 22, 22, 23, 22, 22, 23, 22, 22, 22, 22, 22, 22, 22, 22, 23, 22, 22, 22, 22, 23, 25, 23, 22, 23, 25, 25, 27, 24, 23, 24, 24, 25, 26, 26, 23, 22, 22, 22, 20, 24, 23, 23, 25, 26, 27, 26, 27, 26, 24, 26, 24, 24, 24, 24, 25, 25, 28, 26, 28, 30], 1: [240, 242, 246, 246, 247, 251, 251, 251, 254, 257, 259, 264, 264, 264, 266, 267, 268, 269, 269, 273, 274, 275, 275, 275, 275, 279, 283, 283, 283, 287, 288, 289, 289, 290, 290, 291, 297, 298, 303, 303, 305, 305, 305, 307, 307, 307, 308, 308, 308, 308, 309, 310, 310, 310, 311, 312, 313, 313, 313, 314, 314, 318, 321, 321, 321, 321, 321, 326, 330, 331, 332, 333, 335, 337, 341, 343, 345, 346, 349, 349, 352, 352, 352, 352, 353, 356, 356, 361, 364, 365, 368, 369, 370, 371, 372, 374, 375, 379, 379, 379]}
712 {0: [28, 27, 25, 25, 26, 24, 24, 25, 22, 23, 26, 24, 23, 24, 24, 25, 25, 26, 28, 26, 22, 23, 24, 24, 26, 25, 26, 26, 27, 28, 27, 25, 26, 25, 24, 26, 26, 26, 28, 26, 26, 29, 27, 26, 26, 27, 26, 25, 26, 25, 26, 26, 26, 27, 23, 24, 24, 24, 23, 26, 25, 26, 25, 27, 25, 23, 23, 24, 23, 24, 24, 26, 24, 24, 26, 25, 24, 24, 27, 26, 27, 28, 27, 25, 27, 27, 27, 27, 26, 28, 29, 28, 27, 27, 29, 27, 28, 27, 27, 27], 1: [240, 242, 246, 249, 249, 253, 253, 255, 258, 258, 258, 261, 263, 264, 265, 265, 265, 266, 268, 272, 277, 277, 280, 281, 281, 283, 284, 285, 286, 288, 294, 297, 298, 299, 301, 302, 306, 308, 308, 311, 311, 311, 313, 315, 318, 318, 319, 322, 322, 323, 323, 325, 326, 327, 333, 334, 335, 335, 337, 337, 338, 341, 343, 346, 350, 355, 355, 356, 357, 357, 357, 358, 361, 363, 364, 366, 370, 370, 370, 372, 373, 376, 379, 383, 383, 384, 384, 386, 387, 387, 389, 392, 393, 395, 396, 399, 400, 402, 402, 402]}
935 {0: [29, 29, 25, 25, 29, 26, 27, 28, 27, 27, 25, 25, 26, 27, 25, 25, 26, 26, 26, 26, 26, 25, 25, 25, 25, 26, 24, 25, 25, 23, 26, 26, 26, 27, 27, 29, 25, 26, 22, 23, 22, 22, 23, 22, 22, 23, 22, 22, 22, 22, 22, 22, 22, 22, 23, 22, 22, 22, 22, 23, 25, 23, 22, 23, 25, 25, 27, 24, 23, 24, 24, 25, 26, 26, 23, 22, 22, 22, 20, 24, 23, 23, 25, 26, 27, 26, 27, 26, 24, 26, 24, 24, 24, 24, 25, 25, 28, 26, 28, 30], 1: [240, 242, 246, 246, 247, 251, 251, 251, 254, 257, 259, 264, 264, 264, 266, 267, 268, 269, 269, 273, 274, 275, 275, 275, 275, 279, 283, 283, 283, 287, 288, 289, 289, 290, 290, 291, 297, 298, 303, 303, 305, 305, 305, 307, 307, 307, 308, 308, 308, 308, 309, 310, 310, 310, 311, 312, 313, 313, 313, 314, 314, 318, 321, 321, 321, 321, 321, 326, 330, 331, 332, 333, 335, 337, 341, 343, 345, 346, 349, 349, 352, 352, 352, 352, 353, 356, 356, 361, 364, 365, 368, 369, 370, 371, 372, 374, 375, 379, 379, 379]}
445 {0: [29, 29, 25, 25, 29, 26, 27, 28, 27, 27, 25, 25, 26, 27, 25, 25, 26, 26, 26, 26, 26, 25, 25, 25, 25, 26, 24, 25, 25, 23, 26, 26, 26, 27, 27, 29, 25, 26, 22, 23, 22, 22, 23, 22, 22, 23, 22, 22, 22, 22, 22, 22, 22, 22, 23, 22, 22, 22, 22, 23, 25, 23, 22, 23, 25, 25, 27, 24, 23, 24, 24, 25, 26, 26, 23, 22, 22, 22, 20, 24, 23, 23, 25, 26, 27, 26, 27, 26, 24, 26, 24, 24, 24, 24, 25, 25, 28, 26, 28, 30], 1: [240, 242, 246, 246, 247, 251, 251, 251, 254, 257, 259, 264, 264, 264, 266, 267, 268, 269, 269, 273, 274, 275, 275, 275, 275, 279, 283, 283, 283, 287, 288, 289, 289, 290, 290, 291, 297, 298, 303, 303, 305, 305, 305, 307, 307, 307, 308, 308, 308, 308, 309, 310, 310, 310, 311, 312, 313, 313, 313, 314, 314, 318, 321, 321, 321, 321, 321, 326, 330, 331, 332, 333, 335, 337, 341, 343, 345, 346, 349, 349, 352, 352, 352, 352, 353, 356, 356, 361, 364, 365, 368, 369, 370, 371, 372, 374, 375, 379, 379, 379]}
200 {0: [29, 29, 25, 25, 29, 26, 27, 28, 27, 27, 25, 25, 26, 27, 25, 25, 26, 26, 26, 26, 26, 25, 25, 25, 25, 26, 24, 25, 25, 23, 26, 26, 26, 27, 27, 29, 25, 26, 22, 23, 22, 22, 23, 22, 22, 23, 22, 22, 22, 22, 22, 22, 22, 22, 23, 22, 22, 22, 22, 23, 25, 23, 22, 23, 25, 25, 27, 24, 23, 24, 24, 25, 26, 26, 23, 22, 22, 22, 20, 24, 23, 23, 25, 26, 27, 26, 27, 26, 24, 26, 24, 24, 24, 24, 25, 25, 28, 26, 28, 30], 1: [240, 242, 246, 246, 247, 251, 251, 251, 254, 257, 259, 264, 264, 264, 266, 267, 268, 269, 269, 273, 274, 275, 275, 275, 275, 279, 283, 283, 283, 287, 288, 289, 289, 290, 290, 291, 297, 298, 303, 303, 305, 305, 305, 307, 307, 307, 308, 308, 308, 308, 309, 310, 310, 310, 311, 312, 313, 313, 313, 314, 314, 318, 321, 321, 321, 321, 321, 326, 330, 331, 332, 333, 335, 337, 341, 343, 345, 346, 349, 349, 352, 352, 352, 352, 353, 356, 356, 361, 364, 365, 368, 369, 370, 371, 372, 374, 375, 379, 379, 379]}
713 {0: [29, 29, 25, 25, 29, 26, 27, 28, 27, 27, 25, 25, 26, 27, 25, 25, 26, 26, 26, 26, 26, 25, 25, 25, 25, 26, 24, 25, 25, 23, 26, 26, 26, 27, 27, 29, 25, 26, 22, 23, 22, 22, 23, 22, 22, 23, 22, 22, 22, 22, 22, 22, 22, 22, 23, 22, 22, 22, 22, 23, 25, 23, 22, 23, 25, 25, 27, 24, 23, 24, 24, 25, 26, 26, 23, 22, 22, 22, 20, 24, 23, 23, 25, 26, 27, 26, 27, 26, 24, 26, 24, 24, 24, 24, 25, 25, 28, 26, 28, 30], 1: [240, 242, 246, 246, 247, 251, 251, 251, 254, 257, 259, 264, 264, 264, 266, 267, 268, 269, 269, 273, 274, 275, 275, 275, 275, 279, 283, 283, 283, 287, 288, 289, 289, 290, 290, 291, 297, 298, 303, 303, 305, 305, 305, 307, 307, 307, 308, 308, 308, 308, 309, 310, 310, 310, 311, 312, 313, 313, 313, 314, 314, 318, 321, 321, 321, 321, 321, 326, 330, 331, 332, 333, 335, 337, 341, 343, 345, 346, 349, 349, 352, 352, 352, 352, 353, 356, 356, 361, 364, 365, 368, 369, 370, 371, 372, 374, 375, 379, 379, 379]}
936 {0: [29, 29, 25, 25, 29, 26, 27, 28, 27, 27, 25, 25, 26, 27, 25, 25, 26, 26, 26, 26, 26, 25, 25, 25, 25, 26, 24, 25, 25, 23, 26, 26, 26, 27, 27, 29, 25, 26, 22, 23, 22, 22, 23, 22, 22, 23, 22, 22, 22, 22, 22, 22, 22, 22, 23, 22, 22, 22, 22, 23, 25, 23, 22, 23, 25, 25, 27, 24, 23, 24, 24, 25, 26, 26, 23, 22, 22, 22, 20, 24, 23, 23, 25, 26, 27, 26, 27, 26, 24, 26, 24, 24, 24, 24, 25, 25, 28, 26, 28, 30], 1: [240, 242, 246, 246, 247, 251, 251, 251, 254, 257, 259, 264, 264, 264, 266, 267, 268, 269, 269, 273, 274, 275, 275, 275, 275, 279, 283, 283, 283, 287, 288, 289, 289, 290, 290, 291, 297, 298, 303, 303, 305, 305, 305, 307, 307, 307, 308, 308, 308, 308, 309, 310, 310, 310, 311, 312, 313, 313, 313, 314, 314, 318, 321, 321, 321, 321, 321, 326, 330, 331, 332, 333, 335, 337, 341, 343, 345, 346, 349, 349, 352, 352, 352, 352, 353, 356, 356, 361, 364, 365, 368, 369, 370, 371, 372, 374, 375, 379, 379, 379]}
446 {0: [29, 29, 25, 25, 29, 26, 27, 28, 27, 27, 25, 25, 26, 27, 25, 25, 26, 26, 26, 26, 26, 25, 25, 25, 25, 26, 24, 25, 25, 23, 26, 26, 26, 27, 27, 29, 25, 26, 22, 23, 22, 22, 23, 22, 22, 23, 22, 22, 22, 22, 22, 22, 22, 22, 23, 22, 22, 22, 22, 23, 25, 23, 22, 23, 25, 25, 27, 24, 23, 24, 24, 25, 26, 26, 23, 22, 22, 22, 20, 24, 23, 23, 25, 26, 27, 26, 27, 26, 24, 26, 24, 24, 24, 24, 25, 25, 28, 26, 28, 30], 1: [240, 242, 246, 246, 247, 251, 251, 251, 254, 257, 259, 264, 264, 264, 266, 267, 268, 269, 269, 273, 274, 275, 275, 275, 275, 279, 283, 283, 283, 287, 288, 289, 289, 290, 290, 291, 297, 298, 303, 303, 305, 305, 305, 307, 307, 307, 308, 308, 308, 308, 309, 310, 310, 310, 311, 312, 313, 313, 313, 314, 314, 318, 321, 321, 321, 321, 321, 326, 330, 331, 332, 333, 335, 337, 341, 343, 345, 346, 349, 349, 352, 352, 352, 352, 353, 356, 356, 361, 364, 365, 368, 369, 370, 371, 372, 374, 375, 379, 379, 379]}
201 {0: [29, 29, 25, 25, 29, 26, 27, 28, 27, 27, 25, 25, 26, 27, 25, 25, 26, 26, 26, 26, 26, 25, 25, 25, 25, 26, 24, 25, 25, 23, 26, 26, 26, 27, 27, 29, 25, 26, 22, 23, 22, 22, 23, 22, 22, 23, 22, 22, 22, 22, 22, 22, 22, 22, 23, 22, 22, 22, 22, 23, 25, 23, 22, 23, 25, 25, 27, 24, 23, 24, 24, 25, 26, 26, 23, 22, 22, 22, 20, 24, 23, 23, 25, 26, 27, 26, 27, 26, 24, 26, 24, 24, 24, 24, 25, 25, 28, 26, 28, 30], 1: [240, 242, 246, 246, 247, 251, 251, 251, 254, 257, 259, 264, 264, 264, 266, 267, 268, 269, 269, 273, 274, 275, 275, 275, 275, 279, 283, 283, 283, 287, 288, 289, 289, 290, 290, 291, 297, 298, 303, 303, 305, 305, 305, 307, 307, 307, 308, 308, 308, 308, 309, 310, 310, 310, 311, 312, 313, 313, 313, 314, 314, 318, 321, 321, 321, 321, 321, 326, 330, 331, 332, 333, 335, 337, 341, 343, 345, 346, 349, 349, 352, 352, 352, 352, 353, 356, 356, 361, 364, 365, 368, 369, 370, 371, 372, 374, 375, 379, 379, 379]}
714 {0: [29, 29, 25, 25, 29, 26, 27, 28, 27, 27, 25, 25, 26, 27, 25, 25, 26, 26, 26, 26, 26, 25, 25, 25, 25, 26, 24, 25, 25, 23, 26, 26, 26, 27, 27, 29, 25, 26, 22, 23, 22, 22, 23, 22, 22, 23, 22, 22, 22, 22, 22, 22, 22, 22, 23, 22, 22, 22, 22, 23, 25, 23, 22, 23, 25, 25, 27, 24, 23, 24, 24, 25, 26, 26, 23, 22, 22, 22, 20, 24, 23, 23, 25, 26, 27, 26, 27, 26, 24, 26, 24, 24, 24, 24, 25, 25, 28, 26, 28, 30], 1: [240, 242, 246, 246, 247, 251, 251, 251, 254, 257, 259, 264, 264, 264, 266, 267, 268, 269, 269, 273, 274, 275, 275, 275, 275, 279, 283, 283, 283, 287, 288, 289, 289, 290, 290, 291, 297, 298, 303, 303, 305, 305, 305, 307, 307, 307, 308, 308, 308, 308, 309, 310, 310, 310, 311, 312, 313, 313, 313, 314, 314, 318, 321, 321, 321, 321, 321, 326, 330, 331, 332, 333, 335, 337, 341, 343, 345, 346, 349, 349, 352, 352, 352, 352, 353, 356, 356, 361, 364, 365, 368, 369, 370, 371, 372, 374, 375, 379, 379, 379]}
937 {0: [29, 29, 25, 25, 29, 26, 27, 28, 27, 27, 25, 25, 26, 27, 25, 25, 26, 26, 26, 26, 26, 25, 25, 25, 25, 26, 24, 25, 25, 23, 26, 26, 26, 27, 27, 29, 25, 26, 22, 23, 22, 22, 23, 22, 22, 23, 22, 22, 22, 22, 22, 22, 22, 22, 23, 22, 22, 22, 22, 23, 25, 23, 22, 23, 25, 25, 27, 24, 23, 24, 24, 25, 26, 26, 23, 22, 22, 22, 20, 24, 23, 23, 25, 26, 27, 26, 27, 26, 24, 26, 24, 24, 24, 24, 25, 25, 28, 26, 28, 30], 1: [240, 242, 246, 246, 247, 251, 251, 251, 254, 257, 259, 264, 264, 264, 266, 267, 268, 269, 269, 273, 274, 275, 275, 275, 275, 279, 283, 283, 283, 287, 288, 289, 289, 290, 290, 291, 297, 298, 303, 303, 305, 305, 305, 307, 307, 307, 308, 308, 308, 308, 309, 310, 310, 310, 311, 312, 313, 313, 313, 314, 314, 318, 321, 321, 321, 321, 321, 326, 330, 331, 332, 333, 335, 337, 341, 343, 345, 346, 349, 349, 352, 352, 352, 352, 353, 356, 356, 361, 364, 365, 368, 369, 370, 371, 372, 374, 375, 379, 379, 379]}
447 {0: [29, 29, 25, 25, 29, 26, 27, 28, 27, 27, 25, 25, 26, 27, 25, 25, 26, 26, 26, 26, 26, 25, 25, 25, 25, 26, 24, 25, 25, 23, 26, 26, 26, 27, 27, 29, 25, 26, 22, 23, 22, 22, 23, 22, 22, 23, 22, 22, 22, 22, 22, 22, 22, 22, 23, 22, 22, 22, 22, 23, 25, 23, 22, 23, 25, 25, 27, 24, 23, 24, 24, 25, 26, 26, 23, 22, 22, 22, 20, 24, 23, 23, 25, 26, 27, 26, 27, 26, 24, 26, 24, 24, 24, 24, 25, 25, 28, 26, 28, 30], 1: [240, 242, 246, 246, 247, 251, 251, 251, 254, 257, 259, 264, 264, 264, 266, 267, 268, 269, 269, 273, 274, 275, 275, 275, 275, 279, 283, 283, 283, 287, 288, 289, 289, 290, 290, 291, 297, 298, 303, 303, 305, 305, 305, 307, 307, 307, 308, 308, 308, 308, 309, 310, 310, 310, 311, 312, 313, 313, 313, 314, 314, 318, 321, 321, 321, 321, 321, 326, 330, 331, 332, 333, 335, 337, 341, 343, 345, 346, 349, 349, 352, 352, 352, 352, 353, 356, 356, 361, 364, 365, 368, 369, 370, 371, 372, 374, 375, 379, 379, 379]}
202 {0: [29, 29, 25, 25, 29, 26, 27, 28, 27, 27, 25, 25, 26, 27, 25, 25, 26, 26, 26, 26, 26, 25, 25, 25, 25, 26, 24, 25, 25, 23, 26, 26, 26, 27, 27, 29, 25, 26, 22, 23, 22, 22, 23, 22, 22, 23, 22, 22, 22, 22, 22, 22, 22, 22, 23, 22, 22, 22, 22, 23, 25, 23, 22, 23, 25, 25, 27, 24, 23, 24, 24, 25, 26, 26, 23, 22, 22, 22, 20, 24, 23, 23, 25, 26, 27, 26, 27, 26, 24, 26, 24, 24, 24, 24, 25, 25, 28, 26, 28, 30], 1: [240, 242, 246, 246, 247, 251, 251, 251, 254, 257, 259, 264, 264, 264, 266, 267, 268, 269, 269, 273, 274, 275, 275, 275, 275, 279, 283, 283, 283, 287, 288, 289, 289, 290, 290, 291, 297, 298, 303, 303, 305, 305, 305, 307, 307, 307, 308, 308, 308, 308, 309, 310, 310, 310, 311, 312, 313, 313, 313, 314, 314, 318, 321, 321, 321, 321, 321, 326, 330, 331, 332, 333, 335, 337, 341, 343, 345, 346, 349, 349, 352, 352, 352, 352, 353, 356, 356, 361, 364, 365, 368, 369, 370, 371, 372, 374, 375, 379, 379, 379]}
715 {0: [29, 29, 25, 25, 29, 26, 27, 28, 27, 27, 25, 25, 26, 27, 25, 25, 26, 26, 26, 26, 26, 25, 25, 25, 25, 26, 24, 25, 25, 23, 26, 26, 26, 27, 27, 29, 25, 26, 22, 23, 22, 22, 23, 22, 22, 23, 22, 22, 22, 22, 22, 22, 22, 22, 23, 22, 22, 22, 22, 23, 25, 23, 22, 23, 25, 25, 27, 24, 23, 24, 24, 25, 26, 26, 23, 22, 22, 22, 20, 24, 23, 23, 25, 26, 27, 26, 27, 26, 24, 26, 24, 24, 24, 24, 25, 25, 28, 26, 28, 30], 1: [240, 242, 246, 246, 247, 251, 251, 251, 254, 257, 259, 264, 264, 264, 266, 267, 268, 269, 269, 273, 274, 275, 275, 275, 275, 279, 283, 283, 283, 287, 288, 289, 289, 290, 290, 291, 297, 298, 303, 303, 305, 305, 305, 307, 307, 307, 308, 308, 308, 308, 309, 310, 310, 310, 311, 312, 313, 313, 313, 314, 314, 318, 321, 321, 321, 321, 321, 326, 330, 331, 332, 333, 335, 337, 341, 343, 345, 346, 349, 349, 352, 352, 352, 352, 353, 356, 356, 361, 364, 365, 368, 369, 370, 371, 372, 374, 375, 379, 379, 379]}
448 {0: [29, 29, 25, 25, 29, 26, 27, 28, 27, 27, 25, 25, 26, 27, 25, 25, 26, 26, 26, 26, 26, 25, 25, 25, 25, 26, 24, 25, 25, 23, 26, 26, 26, 27, 27, 29, 25, 26, 22, 23, 22, 22, 23, 22, 22, 23, 22, 22, 22, 22, 22, 22, 22, 22, 23, 22, 22, 22, 22, 23, 25, 23, 22, 23, 25, 25, 27, 24, 23, 24, 24, 25, 26, 26, 23, 22, 22, 22, 20, 24, 23, 23, 25, 26, 27, 26, 27, 26, 24, 26, 24, 24, 24, 24, 25, 25, 28, 26, 28, 30], 1: [240, 242, 246, 246, 247, 251, 251, 251, 254, 257, 259, 264, 264, 264, 266, 267, 268, 269, 269, 273, 274, 275, 275, 275, 275, 279, 283, 283, 283, 287, 288, 289, 289, 290, 290, 291, 297, 298, 303, 303, 305, 305, 305, 307, 307, 307, 308, 308, 308, 308, 309, 310, 310, 310, 311, 312, 313, 313, 313, 314, 314, 318, 321, 321, 321, 321, 321, 326, 330, 331, 332, 333, 335, 337, 341, 343, 345, 346, 349, 349, 352, 352, 352, 352, 353, 356, 356, 361, 364, 365, 368, 369, 370, 371, 372, 374, 375, 379, 379, 379]}
938 {0: [29, 29, 25, 25, 29, 26, 27, 28, 27, 27, 25, 25, 26, 27, 25, 25, 26, 26, 26, 26, 26, 25, 25, 25, 25, 26, 24, 25, 25, 23, 26, 26, 26, 27, 27, 29, 25, 26, 22, 23, 22, 22, 23, 22, 22, 23, 22, 22, 22, 22, 22, 22, 22, 22, 23, 22, 22, 22, 22, 23, 25, 23, 22, 23, 25, 25, 27, 24, 23, 24, 24, 25, 26, 26, 23, 22, 22, 22, 20, 24, 23, 23, 25, 26, 27, 26, 27, 26, 24, 26, 24, 24, 24, 24, 25, 25, 28, 26, 28, 30], 1: [240, 242, 246, 246, 247, 251, 251, 251, 254, 257, 259, 264, 264, 264, 266, 267, 268, 269, 269, 273, 274, 275, 275, 275, 275, 279, 283, 283, 283, 287, 288, 289, 289, 290, 290, 291, 297, 298, 303, 303, 305, 305, 305, 307, 307, 307, 308, 308, 308, 308, 309, 310, 310, 310, 311, 312, 313, 313, 313, 314, 314, 318, 321, 321, 321, 321, 321, 326, 330, 331, 332, 333, 335, 337, 341, 343, 345, 346, 349, 349, 352, 352, 352, 352, 353, 356, 356, 361, 364, 365, 368, 369, 370, 371, 372, 374, 375, 379, 379, 379]}
203 {0: [29, 29, 25, 25, 29, 26, 27, 28, 27, 27, 25, 25, 26, 27, 25, 25, 26, 26, 26, 26, 26, 25, 25, 25, 25, 26, 24, 25, 25, 23, 26, 26, 26, 27, 27, 29, 25, 26, 22, 23, 22, 22, 23, 22, 22, 23, 22, 22, 22, 22, 22, 22, 22, 22, 23, 22, 22, 22, 22, 23, 25, 23, 22, 23, 25, 25, 27, 24, 23, 24, 24, 25, 26, 26, 23, 22, 22, 22, 20, 24, 23, 23, 25, 26, 27, 26, 27, 26, 24, 26, 24, 24, 24, 24, 25, 25, 28, 26, 28, 30], 1: [240, 242, 246, 246, 247, 251, 251, 251, 254, 257, 259, 264, 264, 264, 266, 267, 268, 269, 269, 273, 274, 275, 275, 275, 275, 279, 283, 283, 283, 287, 288, 289, 289, 290, 290, 291, 297, 298, 303, 303, 305, 305, 305, 307, 307, 307, 308, 308, 308, 308, 309, 310, 310, 310, 311, 312, 313, 313, 313, 314, 314, 318, 321, 321, 321, 321, 321, 326, 330, 331, 332, 333, 335, 337, 341, 343, 345, 346, 349, 349, 352, 352, 352, 352, 353, 356, 356, 361, 364, 365, 368, 369, 370, 371, 372, 374, 375, 379, 379, 379]}
716 {0: [29, 29, 25, 25, 29, 26, 27, 28, 27, 27, 25, 25, 26, 27, 25, 25, 26, 26, 26, 26, 26, 25, 25, 25, 25, 26, 24, 25, 25, 23, 26, 26, 26, 27, 27, 29, 25, 26, 22, 23, 22, 22, 23, 22, 22, 23, 22, 22, 22, 22, 22, 22, 22, 22, 23, 22, 22, 22, 22, 23, 25, 23, 22, 23, 25, 25, 27, 24, 23, 24, 24, 25, 26, 26, 23, 22, 22, 22, 20, 24, 23, 23, 25, 26, 27, 26, 27, 26, 24, 26, 24, 24, 24, 24, 25, 25, 28, 26, 28, 30], 1: [240, 242, 246, 246, 247, 251, 251, 251, 254, 257, 259, 264, 264, 264, 266, 267, 268, 269, 269, 273, 274, 275, 275, 275, 275, 279, 283, 283, 283, 287, 288, 289, 289, 290, 290, 291, 297, 298, 303, 303, 305, 305, 305, 307, 307, 307, 308, 308, 308, 308, 309, 310, 310, 310, 311, 312, 313, 313, 313, 314, 314, 318, 321, 321, 321, 321, 321, 326, 330, 331, 332, 333, 335, 337, 341, 343, 345, 346, 349, 349, 352, 352, 352, 352, 353, 356, 356, 361, 364, 365, 368, 369, 370, 371, 372, 374, 375, 379, 379, 379]}
939 {0: [29, 29, 25, 25, 29, 26, 27, 28, 27, 27, 25, 25, 26, 27, 25, 25, 26, 26, 26, 26, 26, 25, 25, 25, 25, 26, 24, 25, 25, 23, 26, 26, 26, 27, 27, 29, 25, 26, 22, 23, 22, 22, 23, 22, 22, 23, 22, 22, 22, 22, 22, 22, 22, 22, 23, 22, 22, 22, 22, 23, 25, 23, 22, 23, 25, 25, 27, 24, 23, 24, 24, 25, 26, 26, 23, 22, 22, 22, 20, 24, 23, 23, 25, 26, 27, 26, 27, 26, 24, 26, 24, 24, 24, 24, 25, 25, 28, 26, 28, 30], 1: [240, 242, 246, 246, 247, 251, 251, 251, 254, 257, 259, 264, 264, 264, 266, 267, 268, 269, 269, 273, 274, 275, 275, 275, 275, 279, 283, 283, 283, 287, 288, 289, 289, 290, 290, 291, 297, 298, 303, 303, 305, 305, 305, 307, 307, 307, 308, 308, 308, 308, 309, 310, 310, 310, 311, 312, 313, 313, 313, 314, 314, 318, 321, 321, 321, 321, 321, 326, 330, 331, 332, 333, 335, 337, 341, 343, 345, 346, 349, 349, 352, 352, 352, 352, 353, 356, 356, 361, 364, 365, 368, 369, 370, 371, 372, 374, 375, 379, 379, 379]}
449 {0: [29, 29, 25, 25, 29, 26, 27, 28, 27, 27, 25, 25, 26, 27, 25, 25, 26, 26, 26, 26, 26, 25, 25, 25, 25, 26, 24, 25, 25, 23, 26, 26, 26, 27, 27, 29, 25, 26, 22, 23, 22, 22, 23, 22, 22, 23, 22, 22, 22, 22, 22, 22, 22, 22, 23, 22, 22, 22, 22, 23, 25, 23, 22, 23, 25, 25, 27, 24, 23, 24, 24, 25, 26, 26, 23, 22, 22, 22, 20, 24, 23, 23, 25, 26, 27, 26, 27, 26, 24, 26, 24, 24, 24, 24, 25, 25, 28, 26, 28, 30], 1: [240, 242, 246, 246, 247, 251, 251, 251, 254, 257, 259, 264, 264, 264, 266, 267, 268, 269, 269, 273, 274, 275, 275, 275, 275, 279, 283, 283, 283, 287, 288, 289, 289, 290, 290, 291, 297, 298, 303, 303, 305, 305, 305, 307, 307, 307, 308, 308, 308, 308, 309, 310, 310, 310, 311, 312, 313, 313, 313, 314, 314, 318, 321, 321, 321, 321, 321, 326, 330, 331, 332, 333, 335, 337, 341, 343, 345, 346, 349, 349, 352, 352, 352, 352, 353, 356, 356, 361, 364, 365, 368, 369, 370, 371, 372, 374, 375, 379, 379, 379]}
204 {0: [29, 29, 25, 25, 29, 26, 27, 28, 27, 27, 25, 25, 26, 27, 25, 25, 26, 26, 26, 26, 26, 25, 25, 25, 25, 26, 24, 25, 25, 23, 26, 26, 26, 27, 27, 29, 25, 26, 22, 23, 22, 22, 23, 22, 22, 23, 22, 22, 22, 22, 22, 22, 22, 22, 23, 22, 22, 22, 22, 23, 25, 23, 22, 23, 25, 25, 27, 24, 23, 24, 24, 25, 26, 26, 23, 22, 22, 22, 20, 24, 23, 23, 25, 26, 27, 26, 27, 26, 24, 26, 24, 24, 24, 24, 25, 25, 28, 26, 28, 30], 1: [240, 242, 246, 246, 247, 251, 251, 251, 254, 257, 259, 264, 264, 264, 266, 267, 268, 269, 269, 273, 274, 275, 275, 275, 275, 279, 283, 283, 283, 287, 288, 289, 289, 290, 290, 291, 297, 298, 303, 303, 305, 305, 305, 307, 307, 307, 308, 308, 308, 308, 309, 310, 310, 310, 311, 312, 313, 313, 313, 314, 314, 318, 321, 321, 321, 321, 321, 326, 330, 331, 332, 333, 335, 337, 341, 343, 345, 346, 349, 349, 352, 352, 352, 352, 353, 356, 356, 361, 364, 365, 368, 369, 370, 371, 372, 374, 375, 379, 379, 379]}
717 {0: [29, 29, 25, 25, 29, 26, 27, 28, 27, 27, 25, 25, 26, 27, 25, 25, 26, 26, 26, 26, 26, 25, 25, 25, 25, 26, 24, 25, 25, 23, 26, 26, 26, 27, 27, 29, 25, 26, 22, 23, 22, 22, 23, 22, 22, 23, 22, 22, 22, 22, 22, 22, 22, 22, 23, 22, 22, 22, 22, 23, 25, 23, 22, 23, 25, 25, 27, 24, 23, 24, 24, 25, 26, 26, 23, 22, 22, 22, 20, 24, 23, 23, 25, 26, 27, 26, 27, 26, 24, 26, 24, 24, 24, 24, 25, 25, 28, 26, 28, 30], 1: [240, 242, 246, 246, 247, 251, 251, 251, 254, 257, 259, 264, 264, 264, 266, 267, 268, 269, 269, 273, 274, 275, 275, 275, 275, 279, 283, 283, 283, 287, 288, 289, 289, 290, 290, 291, 297, 298, 303, 303, 305, 305, 305, 307, 307, 307, 308, 308, 308, 308, 309, 310, 310, 310, 311, 312, 313, 313, 313, 314, 314, 318, 321, 321, 321, 321, 321, 326, 330, 331, 332, 333, 335, 337, 341, 343, 345, 346, 349, 349, 352, 352, 352, 352, 353, 356, 356, 361, 364, 365, 368, 369, 370, 371, 372, 374, 375, 379, 379, 379]}
940 {0: [29, 29, 25, 25, 29, 26, 27, 28, 27, 27, 25, 25, 26, 27, 25, 25, 26, 26, 26, 26, 26, 25, 25, 25, 25, 26, 24, 25, 25, 23, 26, 26, 26, 27, 27, 29, 25, 26, 22, 23, 22, 22, 23, 22, 22, 23, 22, 22, 22, 22, 22, 22, 22, 22, 23, 22, 22, 22, 22, 23, 25, 23, 22, 23, 25, 25, 27, 24, 23, 24, 24, 25, 26, 26, 23, 22, 22, 22, 20, 24, 23, 23, 25, 26, 27, 26, 27, 26, 24, 26, 24, 24, 24, 24, 25, 25, 28, 26, 28, 30], 1: [240, 242, 246, 246, 247, 251, 251, 251, 254, 257, 259, 264, 264, 264, 266, 267, 268, 269, 269, 273, 274, 275, 275, 275, 275, 279, 283, 283, 283, 287, 288, 289, 289, 290, 290, 291, 297, 298, 303, 303, 305, 305, 305, 307, 307, 307, 308, 308, 308, 308, 309, 310, 310, 310, 311, 312, 313, 313, 313, 314, 314, 318, 321, 321, 321, 321, 321, 326, 330, 331, 332, 333, 335, 337, 341, 343, 345, 346, 349, 349, 352, 352, 352, 352, 353, 356, 356, 361, 364, 365, 368, 369, 370, 371, 372, 374, 375, 379, 379, 379]}
450 {0: [29, 29, 25, 25, 29, 26, 27, 28, 27, 27, 25, 25, 26, 27, 25, 25, 26, 26, 26, 26, 26, 25, 25, 25, 25, 26, 24, 25, 25, 23, 26, 26, 26, 27, 27, 29, 25, 26, 22, 23, 22, 22, 23, 22, 22, 23, 22, 22, 22, 22, 22, 22, 22, 22, 23, 22, 22, 22, 22, 23, 25, 23, 22, 23, 25, 25, 27, 24, 23, 24, 24, 25, 26, 26, 23, 22, 22, 22, 20, 24, 23, 23, 25, 26, 27, 26, 27, 26, 24, 26, 24, 24, 24, 24, 25, 25, 28, 26, 28, 30], 1: [240, 242, 246, 246, 247, 251, 251, 251, 254, 257, 259, 264, 264, 264, 266, 267, 268, 269, 269, 273, 274, 275, 275, 275, 275, 279, 283, 283, 283, 287, 288, 289, 289, 290, 290, 291, 297, 298, 303, 303, 305, 305, 305, 307, 307, 307, 308, 308, 308, 308, 309, 310, 310, 310, 311, 312, 313, 313, 313, 314, 314, 318, 321, 321, 321, 321, 321, 326, 330, 331, 332, 333, 335, 337, 341, 343, 345, 346, 349, 349, 352, 352, 352, 352, 353, 356, 356, 361, 364, 365, 368, 369, 370, 371, 372, 374, 375, 379, 379, 379]}
205 {0: [29, 29, 25, 25, 29, 26, 27, 28, 27, 27, 25, 25, 26, 27, 25, 25, 26, 26, 26, 26, 26, 25, 25, 25, 25, 26, 24, 25, 25, 23, 26, 26, 26, 27, 27, 29, 25, 26, 22, 23, 22, 22, 23, 22, 22, 23, 22, 22, 22, 22, 22, 22, 22, 22, 23, 22, 22, 22, 22, 23, 25, 23, 22, 23, 25, 25, 27, 24, 23, 24, 24, 25, 26, 26, 23, 22, 22, 22, 20, 24, 23, 23, 25, 26, 27, 26, 27, 26, 24, 26, 24, 24, 24, 24, 25, 25, 28, 26, 28, 30], 1: [240, 242, 246, 246, 247, 251, 251, 251, 254, 257, 259, 264, 264, 264, 266, 267, 268, 269, 269, 273, 274, 275, 275, 275, 275, 279, 283, 283, 283, 287, 288, 289, 289, 290, 290, 291, 297, 298, 303, 303, 305, 305, 305, 307, 307, 307, 308, 308, 308, 308, 309, 310, 310, 310, 311, 312, 313, 313, 313, 314, 314, 318, 321, 321, 321, 321, 321, 326, 330, 331, 332, 333, 335, 337, 341, 343, 345, 346, 349, 349, 352, 352, 352, 352, 353, 356, 356, 361, 364, 365, 368, 369, 370, 371, 372, 374, 375, 379, 379, 379]}
718 {0: [29, 29, 25, 25, 29, 26, 27, 28, 27, 27, 25, 25, 26, 27, 25, 25, 26, 26, 26, 26, 26, 25, 25, 25, 25, 26, 24, 25, 25, 23, 26, 26, 26, 27, 27, 29, 25, 26, 22, 23, 22, 22, 23, 22, 22, 23, 22, 22, 22, 22, 22, 22, 22, 22, 23, 22, 22, 22, 22, 23, 25, 23, 22, 23, 25, 25, 27, 24, 23, 24, 24, 25, 26, 26, 23, 22, 22, 22, 20, 24, 23, 23, 25, 26, 27, 26, 27, 26, 24, 26, 24, 24, 24, 24, 25, 25, 28, 26, 28, 30], 1: [240, 242, 246, 246, 247, 251, 251, 251, 254, 257, 259, 264, 264, 264, 266, 267, 268, 269, 269, 273, 274, 275, 275, 275, 275, 279, 283, 283, 283, 287, 288, 289, 289, 290, 290, 291, 297, 298, 303, 303, 305, 305, 305, 307, 307, 307, 308, 308, 308, 308, 309, 310, 310, 310, 311, 312, 313, 313, 313, 314, 314, 318, 321, 321, 321, 321, 321, 326, 330, 331, 332, 333, 335, 337, 341, 343, 345, 346, 349, 349, 352, 352, 352, 352, 353, 356, 356, 361, 364, 365, 368, 369, 370, 371, 372, 374, 375, 379, 379, 379]}
941 {0: [29, 29, 25, 25, 29, 26, 27, 28, 27, 27, 25, 25, 26, 27, 25, 25, 26, 26, 26, 26, 26, 25, 25, 25, 25, 26, 24, 25, 25, 23, 26, 26, 26, 27, 27, 29, 25, 26, 22, 23, 22, 22, 23, 22, 22, 23, 22, 22, 22, 22, 22, 22, 22, 22, 23, 22, 22, 22, 22, 23, 25, 23, 22, 23, 25, 25, 27, 24, 23, 24, 24, 25, 26, 26, 23, 22, 22, 22, 20, 24, 23, 23, 25, 26, 27, 26, 27, 26, 24, 26, 24, 24, 24, 24, 25, 25, 28, 26, 28, 30], 1: [240, 242, 246, 246, 247, 251, 251, 251, 254, 257, 259, 264, 264, 264, 266, 267, 268, 269, 269, 273, 274, 275, 275, 275, 275, 279, 283, 283, 283, 287, 288, 289, 289, 290, 290, 291, 297, 298, 303, 303, 305, 305, 305, 307, 307, 307, 308, 308, 308, 308, 309, 310, 310, 310, 311, 312, 313, 313, 313, 314, 314, 318, 321, 321, 321, 321, 321, 326, 330, 331, 332, 333, 335, 337, 341, 343, 345, 346, 349, 349, 352, 352, 352, 352, 353, 356, 356, 361, 364, 365, 368, 369, 370, 371, 372, 374, 375, 379, 379, 379]}
451 {0: [29, 29, 25, 25, 29, 26, 27, 28, 27, 27, 25, 25, 26, 27, 25, 25, 26, 26, 26, 26, 26, 25, 25, 25, 25, 26, 24, 25, 25, 23, 26, 26, 26, 27, 27, 29, 25, 26, 22, 23, 22, 22, 23, 22, 22, 23, 22, 22, 22, 22, 22, 22, 22, 22, 23, 22, 22, 22, 22, 23, 25, 23, 22, 23, 25, 25, 27, 24, 23, 24, 24, 25, 26, 26, 23, 22, 22, 22, 20, 24, 23, 23, 25, 26, 27, 26, 27, 26, 24, 26, 24, 24, 24, 24, 25, 25, 28, 26, 28, 30], 1: [240, 242, 246, 246, 247, 251, 251, 251, 254, 257, 259, 264, 264, 264, 266, 267, 268, 269, 269, 273, 274, 275, 275, 275, 275, 279, 283, 283, 283, 287, 288, 289, 289, 290, 290, 291, 297, 298, 303, 303, 305, 305, 305, 307, 307, 307, 308, 308, 308, 308, 309, 310, 310, 310, 311, 312, 313, 313, 313, 314, 314, 318, 321, 321, 321, 321, 321, 326, 330, 331, 332, 333, 335, 337, 341, 343, 345, 346, 349, 349, 352, 352, 352, 352, 353, 356, 356, 361, 364, 365, 368, 369, 370, 371, 372, 374, 375, 379, 379, 379]}
206 {0: [29, 29, 25, 25, 29, 26, 27, 28, 27, 27, 25, 25, 26, 27, 25, 25, 26, 26, 26, 26, 26, 25, 25, 25, 25, 26, 24, 25, 25, 23, 26, 26, 26, 27, 27, 29, 25, 26, 22, 23, 22, 22, 23, 22, 22, 23, 22, 22, 22, 22, 22, 22, 22, 22, 23, 22, 22, 22, 22, 23, 25, 23, 22, 23, 25, 25, 27, 24, 23, 24, 24, 25, 26, 26, 23, 22, 22, 22, 20, 24, 23, 23, 25, 26, 27, 26, 27, 26, 24, 26, 24, 24, 24, 24, 25, 25, 28, 26, 28, 30], 1: [240, 242, 246, 246, 247, 251, 251, 251, 254, 257, 259, 264, 264, 264, 266, 267, 268, 269, 269, 273, 274, 275, 275, 275, 275, 279, 283, 283, 283, 287, 288, 289, 289, 290, 290, 291, 297, 298, 303, 303, 305, 305, 305, 307, 307, 307, 308, 308, 308, 308, 309, 310, 310, 310, 311, 312, 313, 313, 313, 314, 314, 318, 321, 321, 321, 321, 321, 326, 330, 331, 332, 333, 335, 337, 341, 343, 345, 346, 349, 349, 352, 352, 352, 352, 353, 356, 356, 361, 364, 365, 368, 369, 370, 371, 372, 374, 375, 379, 379, 379]}
719 {0: [29, 29, 25, 25, 29, 26, 27, 28, 27, 27, 25, 25, 26, 27, 25, 25, 26, 26, 26, 26, 26, 25, 25, 25, 25, 26, 24, 25, 25, 23, 26, 26, 26, 27, 27, 29, 25, 26, 22, 23, 22, 22, 23, 22, 22, 23, 22, 22, 22, 22, 22, 22, 22, 22, 23, 22, 22, 22, 22, 23, 25, 23, 22, 23, 25, 25, 27, 24, 23, 24, 24, 25, 26, 26, 23, 22, 22, 22, 20, 24, 23, 23, 25, 26, 27, 26, 27, 26, 24, 26, 24, 24, 24, 24, 25, 25, 28, 26, 28, 30], 1: [240, 242, 246, 246, 247, 251, 251, 251, 254, 257, 259, 264, 264, 264, 266, 267, 268, 269, 269, 273, 274, 275, 275, 275, 275, 279, 283, 283, 283, 287, 288, 289, 289, 290, 290, 291, 297, 298, 303, 303, 305, 305, 305, 307, 307, 307, 308, 308, 308, 308, 309, 310, 310, 310, 311, 312, 313, 313, 313, 314, 314, 318, 321, 321, 321, 321, 321, 326, 330, 331, 332, 333, 335, 337, 341, 343, 345, 346, 349, 349, 352, 352, 352, 352, 353, 356, 356, 361, 364, 365, 368, 369, 370, 371, 372, 374, 375, 379, 379, 379]}
942 {0: [29, 29, 25, 25, 29, 26, 27, 28, 27, 27, 25, 25, 26, 27, 25, 25, 26, 26, 26, 26, 26, 25, 25, 25, 25, 26, 24, 25, 25, 23, 26, 26, 26, 27, 27, 29, 25, 26, 22, 23, 22, 22, 23, 22, 22, 23, 22, 22, 22, 22, 22, 22, 22, 22, 23, 22, 22, 22, 22, 23, 25, 23, 22, 23, 25, 25, 27, 24, 23, 24, 24, 25, 26, 26, 23, 22, 22, 22, 20, 24, 23, 23, 25, 26, 27, 26, 27, 26, 24, 26, 24, 24, 24, 24, 25, 25, 28, 26, 28, 30], 1: [240, 242, 246, 246, 247, 251, 251, 251, 254, 257, 259, 264, 264, 264, 266, 267, 268, 269, 269, 273, 274, 275, 275, 275, 275, 279, 283, 283, 283, 287, 288, 289, 289, 290, 290, 291, 297, 298, 303, 303, 305, 305, 305, 307, 307, 307, 308, 308, 308, 308, 309, 310, 310, 310, 311, 312, 313, 313, 313, 314, 314, 318, 321, 321, 321, 321, 321, 326, 330, 331, 332, 333, 335, 337, 341, 343, 345, 346, 349, 349, 352, 352, 352, 352, 353, 356, 356, 361, 364, 365, 368, 369, 370, 371, 372, 374, 375, 379, 379, 379]}
452 {0: [29, 29, 25, 25, 29, 26, 27, 28, 27, 27, 25, 25, 26, 27, 25, 25, 26, 26, 26, 26, 26, 25, 25, 25, 25, 26, 24, 25, 25, 23, 26, 26, 26, 27, 27, 29, 25, 26, 22, 23, 22, 22, 23, 22, 22, 23, 22, 22, 22, 22, 22, 22, 22, 22, 23, 22, 22, 22, 22, 23, 25, 23, 22, 23, 25, 25, 27, 24, 23, 24, 24, 25, 26, 26, 23, 22, 22, 22, 20, 24, 23, 23, 25, 26, 27, 26, 27, 26, 24, 26, 24, 24, 24, 24, 25, 25, 28, 26, 28, 30], 1: [240, 242, 246, 246, 247, 251, 251, 251, 254, 257, 259, 264, 264, 264, 266, 267, 268, 269, 269, 273, 274, 275, 275, 275, 275, 279, 283, 283, 283, 287, 288, 289, 289, 290, 290, 291, 297, 298, 303, 303, 305, 305, 305, 307, 307, 307, 308, 308, 308, 308, 309, 310, 310, 310, 311, 312, 313, 313, 313, 314, 314, 318, 321, 321, 321, 321, 321, 326, 330, 331, 332, 333, 335, 337, 341, 343, 345, 346, 349, 349, 352, 352, 352, 352, 353, 356, 356, 361, 364, 365, 368, 369, 370, 371, 372, 374, 375, 379, 379, 379]}
207 {0: [28, 27, 25, 25, 26, 24, 24, 25, 22, 23, 26, 24, 23, 24, 24, 25, 25, 26, 28, 26, 22, 23, 24, 24, 26, 25, 26, 26, 27, 28, 27, 25, 26, 25, 24, 26, 26, 26, 28, 26, 26, 29, 27, 26, 26, 27, 26, 25, 26, 25, 26, 26, 26, 27, 23, 24, 24, 24, 23, 26, 25, 26, 25, 27, 25, 23, 23, 24, 23, 24, 24, 26, 24, 24, 26, 25, 27, 25, 26, 26, 27, 25, 25, 27, 27, 27, 28, 28, 25, 27, 26, 26, 25, 24, 25, 25, 25, 25, 25, 25], 1: [240, 242, 246, 249, 249, 253, 253, 255, 258, 258, 258, 261, 263, 264, 265, 265, 265, 266, 268, 272, 277, 277, 280, 281, 281, 283, 284, 285, 286, 288, 294, 297, 298, 299, 301, 302, 306, 308, 308, 311, 311, 311, 313, 315, 318, 318, 319, 322, 322, 323, 323, 325, 326, 327, 333, 334, 335, 335, 337, 337, 338, 341, 343, 346, 350, 355, 355, 356, 357, 357, 357, 358, 361, 363, 364, 366, 369, 371, 373, 373, 373, 376, 376, 376, 377, 377, 377, 380, 383, 384, 385, 387, 388, 389, 389, 389, 390, 390, 392, 393]}
720 {0: [29, 29, 25, 25, 29, 26, 27, 28, 27, 27, 25, 25, 26, 27, 25, 25, 26, 26, 26, 26, 26, 25, 25, 25, 25, 26, 24, 25, 25, 23, 26, 26, 26, 27, 27, 29, 25, 26, 22, 23, 22, 22, 23, 22, 22, 23, 22, 22, 22, 22, 22, 22, 22, 22, 23, 22, 22, 22, 22, 23, 25, 23, 22, 23, 25, 25, 27, 24, 23, 24, 24, 25, 26, 26, 23, 22, 22, 22, 20, 24, 23, 23, 25, 26, 27, 26, 27, 26, 24, 26, 24, 24, 24, 24, 25, 25, 28, 26, 28, 30], 1: [240, 242, 246, 246, 247, 251, 251, 251, 254, 257, 259, 264, 264, 264, 266, 267, 268, 269, 269, 273, 274, 275, 275, 275, 275, 279, 283, 283, 283, 287, 288, 289, 289, 290, 290, 291, 297, 298, 303, 303, 305, 305, 305, 307, 307, 307, 308, 308, 308, 308, 309, 310, 310, 310, 311, 312, 313, 313, 313, 314, 314, 318, 321, 321, 321, 321, 321, 326, 330, 331, 332, 333, 335, 337, 341, 343, 345, 346, 349, 349, 352, 352, 352, 352, 353, 356, 356, 361, 364, 365, 368, 369, 370, 371, 372, 374, 375, 379, 379, 379]}
943 {0: [27, 27, 27, 25, 25, 26, 23, 22, 22, 22, 23, 24, 24, 26, 25, 26, 25, 25, 24, 24, 25, 22, 21, 23, 24, 23, 23, 24, 24, 23, 26, 28, 27, 29, 26, 25, 25, 24, 24, 24, 24, 25, 25, 25, 25, 27, 27, 27, 27, 27, 27, 25, 27, 26, 29, 27, 26, 27, 27, 25, 24, 25, 24, 25, 26, 30, 27, 26, 27, 27, 26, 24, 23, 23, 23, 24, 26, 25, 27, 27, 26, 26, 28, 26, 26, 26, 28, 27, 27, 27, 28, 28, 27, 27, 26, 27, 27, 27, 27, 24], 1: [239, 240, 242, 245, 246, 249, 255, 257, 258, 259, 260, 260, 261, 262, 267, 271, 274, 274, 275, 275, 277, 281, 282, 284, 285, 287, 287, 288, 290, 291, 293, 297, 299, 300, 304, 308, 311, 312, 312, 313, 313, 313, 314, 316, 317, 317, 321, 321, 322, 323, 327, 330, 331, 333, 333, 336, 340, 341, 344, 349, 350, 351, 352, 352, 353, 355, 359, 360, 360, 361, 363, 368, 369, 369, 369, 369, 370, 372, 375, 376, 379, 381, 382, 388, 389, 390, 391, 394, 395, 397, 397, 400, 402, 403, 405, 409, 409, 410, 411, 414]}
453 {0: [29, 29, 25, 25, 29, 26, 27, 28, 27, 27, 25, 25, 26, 27, 25, 25, 26, 26, 26, 26, 26, 25, 25, 25, 25, 26, 24, 25, 25, 23, 26, 26, 26, 27, 27, 29, 25, 26, 22, 23, 22, 22, 23, 22, 22, 23, 22, 22, 22, 22, 22, 22, 22, 22, 23, 22, 22, 22, 22, 23, 25, 23, 22, 23, 25, 25, 27, 24, 23, 24, 24, 25, 26, 26, 23, 22, 22, 22, 20, 24, 23, 23, 25, 26, 27, 26, 27, 26, 24, 26, 24, 24, 24, 24, 25, 25, 28, 26, 28, 30], 1: [240, 242, 246, 246, 247, 251, 251, 251, 254, 257, 259, 264, 264, 264, 266, 267, 268, 269, 269, 273, 274, 275, 275, 275, 275, 279, 283, 283, 283, 287, 288, 289, 289, 290, 290, 291, 297, 298, 303, 303, 305, 305, 305, 307, 307, 307, 308, 308, 308, 308, 309, 310, 310, 310, 311, 312, 313, 313, 313, 314, 314, 318, 321, 321, 321, 321, 321, 326, 330, 331, 332, 333, 335, 337, 341, 343, 345, 346, 349, 349, 352, 352, 352, 352, 353, 356, 356, 361, 364, 365, 368, 369, 370, 371, 372, 374, 375, 379, 379, 379]}
208 {0: [29, 29, 25, 25, 29, 26, 27, 28, 27, 27, 25, 25, 26, 27, 25, 25, 26, 26, 26, 26, 26, 25, 25, 25, 25, 26, 24, 25, 25, 23, 26, 26, 26, 27, 27, 29, 25, 26, 22, 23, 22, 22, 23, 22, 22, 23, 22, 22, 22, 22, 22, 22, 22, 22, 23, 22, 22, 22, 22, 23, 25, 23, 22, 23, 25, 25, 27, 24, 23, 24, 24, 25, 26, 26, 23, 22, 22, 22, 20, 24, 23, 23, 25, 26, 27, 26, 27, 26, 24, 26, 24, 24, 24, 24, 25, 25, 28, 26, 28, 30], 1: [240, 242, 246, 246, 247, 251, 251, 251, 254, 257, 259, 264, 264, 264, 266, 267, 268, 269, 269, 273, 274, 275, 275, 275, 275, 279, 283, 283, 283, 287, 288, 289, 289, 290, 290, 291, 297, 298, 303, 303, 305, 305, 305, 307, 307, 307, 308, 308, 308, 308, 309, 310, 310, 310, 311, 312, 313, 313, 313, 314, 314, 318, 321, 321, 321, 321, 321, 326, 330, 331, 332, 333, 335, 337, 341, 343, 345, 346, 349, 349, 352, 352, 352, 352, 353, 356, 356, 361, 364, 365, 368, 369, 370, 371, 372, 374, 375, 379, 379, 379]}
721 {0: [29, 29, 25, 25, 29, 26, 27, 28, 27, 27, 25, 25, 26, 27, 25, 25, 26, 26, 26, 26, 26, 25, 25, 25, 25, 26, 24, 25, 25, 23, 26, 26, 26, 27, 27, 29, 25, 26, 22, 23, 22, 22, 23, 22, 22, 23, 22, 22, 22, 22, 22, 22, 22, 22, 23, 22, 22, 22, 22, 23, 25, 23, 22, 23, 25, 25, 27, 24, 23, 24, 24, 25, 26, 26, 23, 22, 22, 22, 20, 24, 23, 23, 26, 27, 25, 26, 27, 27, 27, 29, 28, 26, 25, 25, 27, 28, 27, 29, 27, 30], 1: [240, 242, 246, 246, 247, 251, 251, 251, 254, 257, 259, 264, 264, 264, 266, 267, 268, 269, 269, 273, 274, 275, 275, 275, 275, 279, 283, 283, 283, 287, 288, 289, 289, 290, 290, 291, 297, 298, 303, 303, 305, 305, 305, 307, 307, 307, 308, 308, 308, 308, 309, 310, 310, 310, 311, 312, 313, 313, 313, 314, 314, 318, 321, 321, 321, 321, 321, 326, 330, 331, 332, 333, 335, 337, 341, 343, 345, 346, 349, 349, 352, 352, 353, 355, 358, 358, 358, 358, 360, 362, 365, 369, 373, 374, 374, 376, 379, 380, 383, 384]}
944 {0: [28, 27, 25, 25, 26, 24, 24, 25, 22, 23, 26, 24, 23, 24, 24, 25, 25, 26, 28, 26, 22, 23, 24, 24, 26, 25, 26, 26, 27, 28, 27, 25, 26, 25, 24, 26, 26, 26, 28, 26, 26, 29, 27, 26, 26, 27, 26, 25, 26, 25, 26, 26, 26, 27, 23, 24, 24, 24, 23, 26, 25, 26, 25, 27, 25, 23, 23, 24, 23, 24, 24, 26, 24, 24, 26, 25, 24, 24, 27, 26, 27, 28, 27, 25, 27, 27, 27, 27, 26, 28, 29, 28, 27, 27, 29, 27, 28, 27, 27, 27], 1: [240, 242, 246, 249, 249, 253, 253, 255, 258, 258, 258, 261, 263, 264, 265, 265, 265, 266, 268, 272, 277, 277, 280, 281, 281, 283, 284, 285, 286, 288, 294, 297, 298, 299, 301, 302, 306, 308, 308, 311, 311, 311, 313, 315, 318, 318, 319, 322, 322, 323, 323, 325, 326, 327, 333, 334, 335, 335, 337, 337, 338, 341, 343, 346, 350, 355, 355, 356, 357, 357, 357, 358, 361, 363, 364, 366, 370, 370, 370, 372, 373, 376, 379, 383, 383, 384, 384, 386, 387, 387, 389, 392, 393, 395, 396, 399, 400, 402, 402, 402]}
454 {0: [29, 29, 25, 25, 29, 26, 27, 28, 27, 27, 25, 25, 26, 27, 25, 25, 26, 26, 26, 26, 26, 25, 25, 25, 25, 26, 24, 25, 25, 23, 26, 26, 26, 27, 27, 29, 25, 26, 22, 23, 22, 22, 23, 22, 22, 23, 22, 22, 22, 22, 22, 22, 22, 22, 23, 22, 22, 22, 22, 23, 25, 23, 22, 23, 25, 25, 27, 24, 23, 24, 24, 25, 26, 26, 23, 22, 22, 22, 20, 24, 23, 23, 25, 26, 27, 26, 27, 26, 24, 26, 24, 24, 24, 24, 25, 25, 28, 26, 28, 30], 1: [240, 242, 246, 246, 247, 251, 251, 251, 254, 257, 259, 264, 264, 264, 266, 267, 268, 269, 269, 273, 274, 275, 275, 275, 275, 279, 283, 283, 283, 287, 288, 289, 289, 290, 290, 291, 297, 298, 303, 303, 305, 305, 305, 307, 307, 307, 308, 308, 308, 308, 309, 310, 310, 310, 311, 312, 313, 313, 313, 314, 314, 318, 321, 321, 321, 321, 321, 326, 330, 331, 332, 333, 335, 337, 341, 343, 345, 346, 349, 349, 352, 352, 352, 352, 353, 356, 356, 361, 364, 365, 368, 369, 370, 371, 372, 374, 375, 379, 379, 379]}
209 {0: [29, 29, 25, 25, 29, 26, 27, 28, 27, 27, 25, 25, 26, 27, 25, 25, 26, 26, 26, 26, 26, 25, 25, 25, 25, 26, 24, 25, 25, 23, 26, 26, 26, 27, 27, 29, 25, 26, 22, 23, 22, 22, 23, 22, 22, 23, 22, 22, 22, 22, 22, 22, 22, 22, 23, 22, 22, 22, 22, 23, 25, 23, 22, 23, 25, 25, 27, 24, 23, 24, 24, 25, 26, 26, 23, 22, 22, 22, 20, 24, 23, 23, 25, 26, 27, 26, 27, 26, 24, 26, 24, 24, 24, 24, 25, 25, 28, 26, 28, 30], 1: [240, 242, 246, 246, 247, 251, 251, 251, 254, 257, 259, 264, 264, 264, 266, 267, 268, 269, 269, 273, 274, 275, 275, 275, 275, 279, 283, 283, 283, 287, 288, 289, 289, 290, 290, 291, 297, 298, 303, 303, 305, 305, 305, 307, 307, 307, 308, 308, 308, 308, 309, 310, 310, 310, 311, 312, 313, 313, 313, 314, 314, 318, 321, 321, 321, 321, 321, 326, 330, 331, 332, 333, 335, 337, 341, 343, 345, 346, 349, 349, 352, 352, 352, 352, 353, 356, 356, 361, 364, 365, 368, 369, 370, 371, 372, 374, 375, 379, 379, 379]}
722 {0: [29, 29, 25, 25, 29, 26, 27, 28, 27, 27, 25, 25, 26, 27, 25, 25, 26, 26, 26, 26, 26, 25, 25, 25, 25, 26, 24, 25, 25, 23, 26, 26, 26, 27, 27, 29, 25, 26, 22, 23, 22, 22, 23, 22, 22, 23, 22, 22, 22, 22, 22, 22, 22, 22, 23, 22, 22, 22, 22, 23, 25, 23, 22, 23, 25, 25, 27, 24, 23, 24, 24, 25, 26, 26, 23, 22, 22, 22, 20, 24, 23, 23, 25, 26, 27, 26, 27, 26, 24, 26, 24, 24, 24, 24, 25, 25, 28, 26, 28, 30], 1: [240, 242, 246, 246, 247, 251, 251, 251, 254, 257, 259, 264, 264, 264, 266, 267, 268, 269, 269, 273, 274, 275, 275, 275, 275, 279, 283, 283, 283, 287, 288, 289, 289, 290, 290, 291, 297, 298, 303, 303, 305, 305, 305, 307, 307, 307, 308, 308, 308, 308, 309, 310, 310, 310, 311, 312, 313, 313, 313, 314, 314, 318, 321, 321, 321, 321, 321, 326, 330, 331, 332, 333, 335, 337, 341, 343, 345, 346, 349, 349, 352, 352, 352, 352, 353, 356, 356, 361, 364, 365, 368, 369, 370, 371, 372, 374, 375, 379, 379, 379]}
945 {0: [29, 29, 25, 25, 29, 26, 27, 28, 27, 27, 25, 25, 26, 27, 25, 25, 26, 26, 26, 26, 26, 25, 25, 25, 25, 26, 24, 25, 25, 23, 26, 26, 26, 27, 27, 29, 25, 26, 22, 23, 22, 22, 23, 22, 22, 23, 22, 22, 22, 22, 22, 22, 22, 22, 23, 22, 22, 22, 22, 23, 25, 23, 22, 23, 25, 25, 27, 24, 23, 24, 24, 25, 26, 26, 23, 22, 22, 22, 20, 24, 23, 23, 25, 26, 27, 26, 27, 26, 24, 26, 24, 24, 24, 24, 25, 25, 28, 26, 28, 30], 1: [240, 242, 246, 246, 247, 251, 251, 251, 254, 257, 259, 264, 264, 264, 266, 267, 268, 269, 269, 273, 274, 275, 275, 275, 275, 279, 283, 283, 283, 287, 288, 289, 289, 290, 290, 291, 297, 298, 303, 303, 305, 305, 305, 307, 307, 307, 308, 308, 308, 308, 309, 310, 310, 310, 311, 312, 313, 313, 313, 314, 314, 318, 321, 321, 321, 321, 321, 326, 330, 331, 332, 333, 335, 337, 341, 343, 345, 346, 349, 349, 352, 352, 352, 352, 353, 356, 356, 361, 364, 365, 368, 369, 370, 371, 372, 374, 375, 379, 379, 379]}
455 {0: [29, 29, 25, 25, 29, 26, 27, 28, 27, 27, 25, 25, 26, 27, 25, 25, 26, 26, 26, 26, 26, 25, 25, 25, 25, 26, 24, 25, 25, 23, 26, 26, 26, 27, 27, 29, 25, 26, 22, 23, 22, 22, 23, 22, 22, 23, 22, 22, 22, 22, 22, 22, 22, 22, 23, 22, 22, 22, 22, 23, 25, 23, 22, 23, 25, 25, 27, 24, 23, 24, 24, 25, 26, 26, 23, 22, 22, 22, 20, 24, 23, 23, 25, 26, 27, 26, 27, 26, 24, 26, 24, 24, 24, 24, 25, 25, 28, 26, 28, 30], 1: [240, 242, 246, 246, 247, 251, 251, 251, 254, 257, 259, 264, 264, 264, 266, 267, 268, 269, 269, 273, 274, 275, 275, 275, 275, 279, 283, 283, 283, 287, 288, 289, 289, 290, 290, 291, 297, 298, 303, 303, 305, 305, 305, 307, 307, 307, 308, 308, 308, 308, 309, 310, 310, 310, 311, 312, 313, 313, 313, 314, 314, 318, 321, 321, 321, 321, 321, 326, 330, 331, 332, 333, 335, 337, 341, 343, 345, 346, 349, 349, 352, 352, 352, 352, 353, 356, 356, 361, 364, 365, 368, 369, 370, 371, 372, 374, 375, 379, 379, 379]}
210 {0: [29, 29, 25, 25, 29, 26, 27, 28, 27, 27, 25, 25, 26, 27, 25, 25, 26, 26, 26, 26, 26, 25, 25, 25, 25, 26, 24, 25, 25, 23, 26, 26, 26, 27, 27, 29, 25, 26, 22, 23, 22, 22, 23, 22, 22, 23, 22, 22, 22, 22, 22, 22, 22, 22, 23, 22, 22, 22, 22, 23, 25, 23, 22, 23, 25, 25, 27, 24, 23, 24, 24, 25, 26, 26, 23, 22, 22, 22, 20, 24, 23, 23, 25, 26, 27, 26, 27, 26, 24, 26, 24, 24, 24, 24, 25, 25, 28, 26, 28, 30], 1: [240, 242, 246, 246, 247, 251, 251, 251, 254, 257, 259, 264, 264, 264, 266, 267, 268, 269, 269, 273, 274, 275, 275, 275, 275, 279, 283, 283, 283, 287, 288, 289, 289, 290, 290, 291, 297, 298, 303, 303, 305, 305, 305, 307, 307, 307, 308, 308, 308, 308, 309, 310, 310, 310, 311, 312, 313, 313, 313, 314, 314, 318, 321, 321, 321, 321, 321, 326, 330, 331, 332, 333, 335, 337, 341, 343, 345, 346, 349, 349, 352, 352, 352, 352, 353, 356, 356, 361, 364, 365, 368, 369, 370, 371, 372, 374, 375, 379, 379, 379]}
723 {0: [27, 27, 27, 26, 25, 24, 24, 24, 25, 28, 28, 25, 24, 24, 24, 25, 25, 24, 25, 25, 25, 27, 26, 24, 22, 21, 21, 22, 23, 25, 25, 26, 28, 29, 27, 26, 25, 23, 23, 23, 23, 23, 24, 25, 27, 26, 28, 23, 23, 25, 24, 25, 26, 26, 24, 25, 23, 23, 24, 25, 24, 25, 25, 26, 27, 26, 26, 26, 26, 25, 24, 25, 26, 26, 24, 23, 25, 26, 25, 27, 26, 27, 27, 27, 28, 27, 27, 26, 25, 24, 25, 25, 25, 27, 24, 26, 25, 25, 27, 28], 1: [240, 243, 244, 248, 251, 254, 255, 256, 257, 259, 261, 264, 267, 267, 267, 267, 270, 272, 272, 273, 274, 274, 277, 281, 285, 288, 289, 289, 291, 291, 293, 293, 293, 296, 302, 305, 310, 313, 313, 314, 314, 315, 316, 316, 317, 321, 322, 330, 330, 331, 333, 333, 334, 337, 339, 339, 341, 341, 341, 342, 343, 343, 343, 343, 347, 349, 350, 352, 353, 356, 359, 360, 360, 364, 369, 370, 370, 373, 377, 377, 379, 379, 380, 381, 383, 385, 386, 391, 394, 396, 398, 398, 400, 400, 404, 404, 406, 407, 408, 412]}
946 {0: [29, 29, 25, 25, 29, 26, 27, 28, 27, 27, 25, 25, 26, 27, 25, 25, 26, 26, 26, 26, 26, 25, 25, 25, 25, 26, 24, 25, 25, 23, 26, 26, 26, 27, 27, 29, 25, 26, 22, 23, 22, 22, 23, 22, 22, 23, 22, 22, 22, 22, 22, 22, 22, 22, 23, 22, 22, 22, 22, 23, 25, 23, 22, 23, 25, 25, 27, 24, 23, 24, 24, 25, 26, 26, 23, 22, 22, 22, 20, 24, 23, 23, 25, 26, 27, 26, 27, 26, 24, 26, 24, 24, 24, 24, 25, 25, 28, 26, 28, 30], 1: [240, 242, 246, 246, 247, 251, 251, 251, 254, 257, 259, 264, 264, 264, 266, 267, 268, 269, 269, 273, 274, 275, 275, 275, 275, 279, 283, 283, 283, 287, 288, 289, 289, 290, 290, 291, 297, 298, 303, 303, 305, 305, 305, 307, 307, 307, 308, 308, 308, 308, 309, 310, 310, 310, 311, 312, 313, 313, 313, 314, 314, 318, 321, 321, 321, 321, 321, 326, 330, 331, 332, 333, 335, 337, 341, 343, 345, 346, 349, 349, 352, 352, 352, 352, 353, 356, 356, 361, 364, 365, 368, 369, 370, 371, 372, 374, 375, 379, 379, 379]}
456 {0: [29, 29, 25, 25, 29, 26, 27, 28, 27, 27, 25, 25, 26, 27, 25, 25, 26, 26, 26, 26, 26, 25, 25, 25, 25, 26, 24, 25, 25, 23, 26, 26, 26, 27, 27, 29, 25, 26, 22, 23, 22, 22, 23, 22, 22, 23, 22, 22, 22, 22, 22, 22, 22, 22, 23, 22, 22, 22, 22, 23, 25, 23, 22, 23, 25, 25, 27, 24, 23, 24, 24, 25, 26, 26, 23, 22, 22, 22, 20, 24, 23, 23, 25, 26, 27, 26, 27, 26, 24, 26, 24, 24, 24, 24, 25, 25, 28, 26, 28, 30], 1: [240, 242, 246, 246, 247, 251, 251, 251, 254, 257, 259, 264, 264, 264, 266, 267, 268, 269, 269, 273, 274, 275, 275, 275, 275, 279, 283, 283, 283, 287, 288, 289, 289, 290, 290, 291, 297, 298, 303, 303, 305, 305, 305, 307, 307, 307, 308, 308, 308, 308, 309, 310, 310, 310, 311, 312, 313, 313, 313, 314, 314, 318, 321, 321, 321, 321, 321, 326, 330, 331, 332, 333, 335, 337, 341, 343, 345, 346, 349, 349, 352, 352, 352, 352, 353, 356, 356, 361, 364, 365, 368, 369, 370, 371, 372, 374, 375, 379, 379, 379]}
211 {0: [29, 29, 25, 25, 29, 26, 27, 28, 27, 27, 25, 25, 26, 27, 25, 25, 26, 26, 26, 26, 26, 25, 25, 25, 25, 26, 24, 25, 25, 23, 26, 26, 26, 27, 27, 29, 25, 26, 22, 23, 22, 22, 23, 22, 22, 23, 22, 22, 22, 22, 22, 22, 22, 22, 23, 22, 22, 22, 22, 23, 25, 23, 22, 23, 25, 25, 27, 24, 23, 24, 24, 25, 26, 26, 23, 22, 22, 22, 20, 24, 23, 23, 25, 26, 27, 26, 27, 26, 24, 26, 24, 24, 24, 24, 25, 25, 28, 26, 28, 30], 1: [240, 242, 246, 246, 247, 251, 251, 251, 254, 257, 259, 264, 264, 264, 266, 267, 268, 269, 269, 273, 274, 275, 275, 275, 275, 279, 283, 283, 283, 287, 288, 289, 289, 290, 290, 291, 297, 298, 303, 303, 305, 305, 305, 307, 307, 307, 308, 308, 308, 308, 309, 310, 310, 310, 311, 312, 313, 313, 313, 314, 314, 318, 321, 321, 321, 321, 321, 326, 330, 331, 332, 333, 335, 337, 341, 343, 345, 346, 349, 349, 352, 352, 352, 352, 353, 356, 356, 361, 364, 365, 368, 369, 370, 371, 372, 374, 375, 379, 379, 379]}
724 {0: [28, 27, 25, 25, 26, 24, 24, 25, 22, 23, 26, 24, 23, 24, 24, 25, 25, 26, 28, 26, 22, 23, 24, 24, 26, 25, 26, 26, 27, 28, 27, 25, 26, 25, 24, 26, 26, 26, 28, 26, 26, 29, 27, 26, 26, 27, 26, 25, 26, 25, 26, 26, 26, 27, 23, 24, 24, 24, 23, 26, 25, 26, 25, 27, 25, 23, 23, 24, 23, 24, 24, 26, 24, 24, 26, 25, 27, 25, 26, 26, 27, 25, 25, 27, 27, 27, 28, 28, 25, 27, 26, 26, 25, 24, 25, 25, 25, 25, 25, 25], 1: [240, 242, 246, 249, 249, 253, 253, 255, 258, 258, 258, 261, 263, 264, 265, 265, 265, 266, 268, 272, 277, 277, 280, 281, 281, 283, 284, 285, 286, 288, 294, 297, 298, 299, 301, 302, 306, 308, 308, 311, 311, 311, 313, 315, 318, 318, 319, 322, 322, 323, 323, 325, 326, 327, 333, 334, 335, 335, 337, 337, 338, 341, 343, 346, 350, 355, 355, 356, 357, 357, 357, 358, 361, 363, 364, 366, 369, 371, 373, 373, 373, 376, 376, 376, 377, 377, 377, 380, 383, 384, 385, 387, 388, 389, 389, 389, 390, 390, 392, 393]}
947 {0: [29, 29, 25, 25, 29, 26, 27, 28, 27, 27, 25, 25, 26, 27, 25, 25, 26, 26, 26, 26, 26, 25, 25, 25, 25, 26, 24, 25, 25, 23, 26, 26, 26, 27, 27, 29, 25, 26, 22, 23, 22, 22, 23, 22, 22, 23, 22, 22, 22, 22, 22, 22, 22, 22, 23, 22, 22, 22, 22, 23, 25, 23, 22, 23, 25, 25, 27, 24, 23, 24, 24, 25, 26, 26, 23, 22, 22, 22, 20, 24, 23, 23, 25, 26, 27, 26, 27, 26, 24, 26, 24, 24, 24, 24, 25, 25, 28, 26, 28, 30], 1: [240, 242, 246, 246, 247, 251, 251, 251, 254, 257, 259, 264, 264, 264, 266, 267, 268, 269, 269, 273, 274, 275, 275, 275, 275, 279, 283, 283, 283, 287, 288, 289, 289, 290, 290, 291, 297, 298, 303, 303, 305, 305, 305, 307, 307, 307, 308, 308, 308, 308, 309, 310, 310, 310, 311, 312, 313, 313, 313, 314, 314, 318, 321, 321, 321, 321, 321, 326, 330, 331, 332, 333, 335, 337, 341, 343, 345, 346, 349, 349, 352, 352, 352, 352, 353, 356, 356, 361, 364, 365, 368, 369, 370, 371, 372, 374, 375, 379, 379, 379]}
457 {0: [29, 29, 25, 25, 29, 26, 27, 28, 27, 27, 25, 25, 26, 27, 25, 25, 26, 26, 26, 26, 26, 25, 25, 25, 25, 26, 24, 25, 25, 23, 26, 26, 26, 27, 27, 29, 25, 26, 22, 23, 22, 22, 23, 22, 22, 23, 22, 22, 22, 22, 22, 22, 22, 22, 23, 22, 22, 22, 22, 23, 25, 23, 22, 23, 25, 25, 27, 24, 23, 24, 24, 25, 26, 26, 23, 22, 22, 22, 20, 24, 23, 23, 25, 26, 27, 26, 27, 26, 24, 26, 24, 24, 24, 24, 25, 25, 28, 26, 28, 30], 1: [240, 242, 246, 246, 247, 251, 251, 251, 254, 257, 259, 264, 264, 264, 266, 267, 268, 269, 269, 273, 274, 275, 275, 275, 275, 279, 283, 283, 283, 287, 288, 289, 289, 290, 290, 291, 297, 298, 303, 303, 305, 305, 305, 307, 307, 307, 308, 308, 308, 308, 309, 310, 310, 310, 311, 312, 313, 313, 313, 314, 314, 318, 321, 321, 321, 321, 321, 326, 330, 331, 332, 333, 335, 337, 341, 343, 345, 346, 349, 349, 352, 352, 352, 352, 353, 356, 356, 361, 364, 365, 368, 369, 370, 371, 372, 374, 375, 379, 379, 379]}
212 {0: [29, 29, 25, 25, 29, 26, 27, 28, 27, 27, 25, 25, 26, 27, 25, 25, 26, 26, 26, 26, 26, 25, 25, 25, 25, 26, 24, 25, 25, 23, 26, 26, 26, 27, 27, 29, 25, 26, 22, 23, 22, 22, 23, 22, 22, 23, 22, 22, 22, 22, 22, 22, 22, 22, 23, 22, 22, 22, 22, 23, 25, 23, 22, 23, 25, 25, 27, 24, 23, 24, 24, 25, 26, 26, 23, 22, 22, 22, 20, 24, 23, 23, 25, 26, 27, 26, 27, 26, 24, 26, 24, 24, 24, 24, 25, 25, 28, 26, 28, 30], 1: [240, 242, 246, 246, 247, 251, 251, 251, 254, 257, 259, 264, 264, 264, 266, 267, 268, 269, 269, 273, 274, 275, 275, 275, 275, 279, 283, 283, 283, 287, 288, 289, 289, 290, 290, 291, 297, 298, 303, 303, 305, 305, 305, 307, 307, 307, 308, 308, 308, 308, 309, 310, 310, 310, 311, 312, 313, 313, 313, 314, 314, 318, 321, 321, 321, 321, 321, 326, 330, 331, 332, 333, 335, 337, 341, 343, 345, 346, 349, 349, 352, 352, 352, 352, 353, 356, 356, 361, 364, 365, 368, 369, 370, 371, 372, 374, 375, 379, 379, 379]}
725 {0: [29, 29, 25, 25, 29, 26, 27, 28, 27, 27, 25, 25, 26, 27, 25, 25, 26, 26, 26, 26, 26, 25, 25, 25, 25, 26, 24, 25, 25, 23, 26, 26, 26, 27, 27, 29, 25, 26, 22, 23, 22, 22, 23, 22, 22, 23, 22, 22, 22, 22, 22, 22, 22, 22, 23, 22, 22, 22, 22, 23, 25, 23, 22, 23, 25, 25, 27, 24, 23, 24, 24, 25, 26, 26, 23, 22, 22, 22, 20, 24, 23, 23, 26, 27, 25, 26, 27, 27, 27, 29, 28, 26, 25, 25, 27, 28, 27, 29, 27, 30], 1: [240, 242, 246, 246, 247, 251, 251, 251, 254, 257, 259, 264, 264, 264, 266, 267, 268, 269, 269, 273, 274, 275, 275, 275, 275, 279, 283, 283, 283, 287, 288, 289, 289, 290, 290, 291, 297, 298, 303, 303, 305, 305, 305, 307, 307, 307, 308, 308, 308, 308, 309, 310, 310, 310, 311, 312, 313, 313, 313, 314, 314, 318, 321, 321, 321, 321, 321, 326, 330, 331, 332, 333, 335, 337, 341, 343, 345, 346, 349, 349, 352, 352, 353, 355, 358, 358, 358, 358, 360, 362, 365, 369, 373, 374, 374, 376, 379, 380, 383, 384]}
948 {0: [29, 29, 25, 25, 29, 26, 27, 28, 27, 27, 25, 25, 26, 27, 25, 25, 26, 26, 26, 26, 26, 25, 25, 25, 25, 26, 24, 25, 25, 23, 26, 26, 26, 27, 27, 29, 25, 26, 22, 23, 22, 22, 23, 22, 22, 23, 22, 22, 22, 22, 22, 22, 22, 22, 23, 22, 22, 22, 22, 23, 25, 23, 22, 23, 25, 25, 27, 24, 23, 24, 24, 25, 26, 26, 23, 22, 22, 22, 20, 24, 23, 23, 25, 26, 27, 26, 27, 26, 24, 26, 24, 24, 24, 24, 25, 25, 28, 26, 28, 30], 1: [240, 242, 246, 246, 247, 251, 251, 251, 254, 257, 259, 264, 264, 264, 266, 267, 268, 269, 269, 273, 274, 275, 275, 275, 275, 279, 283, 283, 283, 287, 288, 289, 289, 290, 290, 291, 297, 298, 303, 303, 305, 305, 305, 307, 307, 307, 308, 308, 308, 308, 309, 310, 310, 310, 311, 312, 313, 313, 313, 314, 314, 318, 321, 321, 321, 321, 321, 326, 330, 331, 332, 333, 335, 337, 341, 343, 345, 346, 349, 349, 352, 352, 352, 352, 353, 356, 356, 361, 364, 365, 368, 369, 370, 371, 372, 374, 375, 379, 379, 379]}
213 {0: [29, 29, 25, 25, 29, 26, 27, 28, 27, 27, 25, 25, 26, 27, 25, 25, 26, 26, 26, 26, 26, 25, 25, 25, 25, 26, 24, 25, 25, 23, 26, 26, 26, 27, 27, 29, 25, 26, 22, 23, 22, 22, 23, 22, 22, 23, 22, 22, 22, 22, 22, 22, 22, 22, 23, 22, 22, 22, 22, 23, 25, 23, 22, 23, 25, 25, 27, 24, 23, 24, 24, 25, 26, 26, 23, 22, 22, 22, 20, 24, 23, 23, 25, 26, 27, 26, 27, 26, 24, 26, 24, 24, 24, 24, 25, 25, 28, 26, 28, 30], 1: [240, 242, 246, 246, 247, 251, 251, 251, 254, 257, 259, 264, 264, 264, 266, 267, 268, 269, 269, 273, 274, 275, 275, 275, 275, 279, 283, 283, 283, 287, 288, 289, 289, 290, 290, 291, 297, 298, 303, 303, 305, 305, 305, 307, 307, 307, 308, 308, 308, 308, 309, 310, 310, 310, 311, 312, 313, 313, 313, 314, 314, 318, 321, 321, 321, 321, 321, 326, 330, 331, 332, 333, 335, 337, 341, 343, 345, 346, 349, 349, 352, 352, 352, 352, 353, 356, 356, 361, 364, 365, 368, 369, 370, 371, 372, 374, 375, 379, 379, 379]}
458 {0: [29, 29, 25, 25, 29, 26, 27, 28, 27, 27, 25, 25, 26, 27, 25, 25, 26, 26, 26, 26, 26, 25, 25, 25, 25, 26, 24, 25, 25, 23, 26, 26, 26, 27, 27, 29, 25, 26, 22, 23, 22, 22, 23, 22, 22, 23, 22, 22, 22, 22, 22, 22, 22, 22, 23, 22, 22, 22, 22, 23, 25, 23, 22, 23, 25, 25, 27, 24, 23, 24, 24, 25, 26, 26, 23, 22, 22, 22, 20, 24, 23, 23, 25, 26, 27, 26, 27, 26, 24, 26, 24, 24, 24, 24, 25, 25, 28, 26, 28, 30], 1: [240, 242, 246, 246, 247, 251, 251, 251, 254, 257, 259, 264, 264, 264, 266, 267, 268, 269, 269, 273, 274, 275, 275, 275, 275, 279, 283, 283, 283, 287, 288, 289, 289, 290, 290, 291, 297, 298, 303, 303, 305, 305, 305, 307, 307, 307, 308, 308, 308, 308, 309, 310, 310, 310, 311, 312, 313, 313, 313, 314, 314, 318, 321, 321, 321, 321, 321, 326, 330, 331, 332, 333, 335, 337, 341, 343, 345, 346, 349, 349, 352, 352, 352, 352, 353, 356, 356, 361, 364, 365, 368, 369, 370, 371, 372, 374, 375, 379, 379, 379]}
726 {0: [29, 29, 25, 25, 29, 26, 27, 28, 27, 27, 25, 25, 26, 27, 25, 25, 26, 26, 26, 26, 26, 25, 25, 25, 25, 26, 24, 25, 25, 23, 26, 26, 26, 27, 27, 29, 25, 26, 22, 23, 22, 22, 23, 22, 22, 23, 22, 22, 22, 22, 22, 22, 22, 22, 23, 22, 22, 22, 22, 23, 25, 23, 22, 23, 25, 25, 27, 24, 23, 24, 24, 25, 26, 26, 23, 22, 22, 22, 20, 24, 23, 23, 26, 27, 25, 26, 27, 27, 27, 29, 28, 26, 25, 25, 27, 28, 27, 29, 27, 30], 1: [240, 242, 246, 246, 247, 251, 251, 251, 254, 257, 259, 264, 264, 264, 266, 267, 268, 269, 269, 273, 274, 275, 275, 275, 275, 279, 283, 283, 283, 287, 288, 289, 289, 290, 290, 291, 297, 298, 303, 303, 305, 305, 305, 307, 307, 307, 308, 308, 308, 308, 309, 310, 310, 310, 311, 312, 313, 313, 313, 314, 314, 318, 321, 321, 321, 321, 321, 326, 330, 331, 332, 333, 335, 337, 341, 343, 345, 346, 349, 349, 352, 352, 353, 355, 358, 358, 358, 358, 360, 362, 365, 369, 373, 374, 374, 376, 379, 380, 383, 384]}
949 {0: [29, 29, 25, 25, 29, 26, 27, 28, 27, 27, 25, 25, 26, 27, 25, 25, 26, 26, 26, 26, 26, 25, 25, 25, 25, 26, 24, 25, 25, 23, 26, 26, 26, 27, 27, 29, 25, 26, 22, 23, 22, 22, 23, 22, 22, 23, 22, 22, 22, 22, 22, 22, 22, 22, 23, 22, 22, 22, 22, 23, 25, 23, 22, 23, 25, 25, 27, 24, 23, 24, 24, 25, 26, 26, 23, 22, 22, 22, 20, 24, 23, 23, 25, 26, 27, 26, 27, 26, 24, 26, 24, 24, 24, 24, 25, 25, 28, 26, 28, 30], 1: [240, 242, 246, 246, 247, 251, 251, 251, 254, 257, 259, 264, 264, 264, 266, 267, 268, 269, 269, 273, 274, 275, 275, 275, 275, 279, 283, 283, 283, 287, 288, 289, 289, 290, 290, 291, 297, 298, 303, 303, 305, 305, 305, 307, 307, 307, 308, 308, 308, 308, 309, 310, 310, 310, 311, 312, 313, 313, 313, 314, 314, 318, 321, 321, 321, 321, 321, 326, 330, 331, 332, 333, 335, 337, 341, 343, 345, 346, 349, 349, 352, 352, 352, 352, 353, 356, 356, 361, 364, 365, 368, 369, 370, 371, 372, 374, 375, 379, 379, 379]}
459 {0: [28, 27, 25, 25, 26, 24, 24, 25, 22, 23, 26, 24, 23, 24, 24, 25, 25, 26, 28, 26, 22, 23, 24, 24, 26, 25, 26, 26, 27, 28, 27, 25, 26, 25, 24, 26, 26, 26, 28, 26, 26, 29, 27, 26, 26, 27, 26, 25, 26, 25, 26, 26, 26, 27, 23, 24, 24, 24, 23, 26, 25, 26, 25, 27, 25, 23, 23, 24, 23, 24, 24, 26, 24, 24, 26, 25, 24, 24, 27, 26, 27, 28, 27, 25, 27, 27, 27, 27, 26, 28, 29, 28, 27, 27, 29, 27, 28, 27, 27, 27], 1: [240, 242, 246, 249, 249, 253, 253, 255, 258, 258, 258, 261, 263, 264, 265, 265, 265, 266, 268, 272, 277, 277, 280, 281, 281, 283, 284, 285, 286, 288, 294, 297, 298, 299, 301, 302, 306, 308, 308, 311, 311, 311, 313, 315, 318, 318, 319, 322, 322, 323, 323, 325, 326, 327, 333, 334, 335, 335, 337, 337, 338, 341, 343, 346, 350, 355, 355, 356, 357, 357, 357, 358, 361, 363, 364, 366, 370, 370, 370, 372, 373, 376, 379, 383, 383, 384, 384, 386, 387, 387, 389, 392, 393, 395, 396, 399, 400, 402, 402, 402]}
214 {0: [29, 29, 25, 25, 29, 26, 27, 28, 27, 27, 25, 25, 26, 27, 25, 25, 26, 26, 26, 26, 26, 25, 25, 25, 25, 26, 24, 25, 25, 23, 26, 26, 26, 27, 27, 29, 25, 26, 22, 23, 22, 22, 23, 22, 22, 23, 22, 22, 22, 22, 22, 22, 22, 22, 23, 22, 22, 22, 22, 23, 25, 23, 22, 23, 25, 25, 27, 24, 23, 24, 24, 25, 26, 26, 23, 22, 22, 22, 20, 24, 23, 23, 25, 26, 27, 26, 27, 26, 24, 26, 24, 24, 24, 24, 25, 25, 28, 26, 28, 30], 1: [240, 242, 246, 246, 247, 251, 251, 251, 254, 257, 259, 264, 264, 264, 266, 267, 268, 269, 269, 273, 274, 275, 275, 275, 275, 279, 283, 283, 283, 287, 288, 289, 289, 290, 290, 291, 297, 298, 303, 303, 305, 305, 305, 307, 307, 307, 308, 308, 308, 308, 309, 310, 310, 310, 311, 312, 313, 313, 313, 314, 314, 318, 321, 321, 321, 321, 321, 326, 330, 331, 332, 333, 335, 337, 341, 343, 345, 346, 349, 349, 352, 352, 352, 352, 353, 356, 356, 361, 364, 365, 368, 369, 370, 371, 372, 374, 375, 379, 379, 379]}
727 {0: [29, 29, 25, 25, 29, 26, 27, 28, 27, 27, 25, 25, 26, 27, 25, 25, 26, 26, 26, 26, 26, 25, 25, 25, 25, 26, 24, 25, 25, 23, 26, 26, 26, 27, 27, 29, 25, 26, 22, 23, 22, 22, 23, 22, 22, 23, 22, 22, 22, 22, 22, 22, 22, 22, 23, 22, 22, 22, 22, 23, 25, 23, 22, 23, 25, 25, 27, 24, 23, 24, 24, 25, 26, 26, 23, 22, 22, 22, 20, 24, 23, 23, 26, 27, 25, 26, 27, 27, 27, 29, 28, 26, 25, 25, 27, 28, 27, 29, 27, 30], 1: [240, 242, 246, 246, 247, 251, 251, 251, 254, 257, 259, 264, 264, 264, 266, 267, 268, 269, 269, 273, 274, 275, 275, 275, 275, 279, 283, 283, 283, 287, 288, 289, 289, 290, 290, 291, 297, 298, 303, 303, 305, 305, 305, 307, 307, 307, 308, 308, 308, 308, 309, 310, 310, 310, 311, 312, 313, 313, 313, 314, 314, 318, 321, 321, 321, 321, 321, 326, 330, 331, 332, 333, 335, 337, 341, 343, 345, 346, 349, 349, 352, 352, 353, 355, 358, 358, 358, 358, 360, 362, 365, 369, 373, 374, 374, 376, 379, 380, 383, 384]}
950 {0: [29, 29, 25, 25, 29, 26, 27, 28, 27, 27, 25, 25, 26, 27, 25, 25, 26, 26, 26, 26, 26, 25, 25, 25, 25, 26, 24, 25, 25, 23, 26, 26, 26, 27, 27, 29, 25, 26, 22, 23, 22, 22, 23, 22, 22, 23, 22, 22, 22, 22, 22, 22, 22, 22, 23, 22, 22, 22, 22, 23, 25, 23, 22, 23, 25, 25, 27, 24, 23, 24, 24, 25, 26, 26, 23, 22, 22, 22, 20, 24, 23, 23, 25, 26, 27, 26, 27, 26, 24, 26, 24, 24, 24, 24, 25, 25, 28, 26, 28, 30], 1: [240, 242, 246, 246, 247, 251, 251, 251, 254, 257, 259, 264, 264, 264, 266, 267, 268, 269, 269, 273, 274, 275, 275, 275, 275, 279, 283, 283, 283, 287, 288, 289, 289, 290, 290, 291, 297, 298, 303, 303, 305, 305, 305, 307, 307, 307, 308, 308, 308, 308, 309, 310, 310, 310, 311, 312, 313, 313, 313, 314, 314, 318, 321, 321, 321, 321, 321, 326, 330, 331, 332, 333, 335, 337, 341, 343, 345, 346, 349, 349, 352, 352, 352, 352, 353, 356, 356, 361, 364, 365, 368, 369, 370, 371, 372, 374, 375, 379, 379, 379]}
460 {0: [29, 29, 25, 25, 29, 26, 27, 28, 27, 27, 25, 25, 26, 27, 25, 25, 26, 26, 26, 26, 26, 25, 25, 25, 25, 26, 24, 25, 25, 23, 26, 26, 26, 27, 27, 29, 25, 26, 22, 23, 22, 22, 23, 22, 22, 23, 22, 22, 22, 22, 22, 22, 22, 22, 23, 22, 22, 22, 22, 23, 25, 23, 22, 23, 25, 25, 27, 24, 23, 24, 24, 25, 26, 26, 23, 22, 22, 22, 20, 24, 23, 23, 25, 26, 27, 26, 27, 26, 24, 26, 24, 24, 24, 24, 25, 25, 28, 26, 28, 30], 1: [240, 242, 246, 246, 247, 251, 251, 251, 254, 257, 259, 264, 264, 264, 266, 267, 268, 269, 269, 273, 274, 275, 275, 275, 275, 279, 283, 283, 283, 287, 288, 289, 289, 290, 290, 291, 297, 298, 303, 303, 305, 305, 305, 307, 307, 307, 308, 308, 308, 308, 309, 310, 310, 310, 311, 312, 313, 313, 313, 314, 314, 318, 321, 321, 321, 321, 321, 326, 330, 331, 332, 333, 335, 337, 341, 343, 345, 346, 349, 349, 352, 352, 352, 352, 353, 356, 356, 361, 364, 365, 368, 369, 370, 371, 372, 374, 375, 379, 379, 379]}
215 {0: [29, 29, 25, 25, 29, 26, 27, 28, 27, 27, 25, 25, 26, 27, 25, 25, 26, 26, 26, 26, 26, 25, 25, 25, 25, 26, 24, 25, 25, 23, 26, 26, 26, 27, 27, 29, 25, 26, 22, 23, 22, 22, 23, 22, 22, 23, 22, 22, 22, 22, 22, 22, 22, 22, 23, 22, 22, 22, 22, 23, 25, 23, 22, 23, 25, 25, 27, 24, 23, 24, 24, 25, 26, 26, 23, 22, 22, 22, 20, 24, 23, 23, 25, 26, 27, 26, 27, 26, 24, 26, 24, 24, 24, 24, 25, 25, 28, 26, 28, 30], 1: [240, 242, 246, 246, 247, 251, 251, 251, 254, 257, 259, 264, 264, 264, 266, 267, 268, 269, 269, 273, 274, 275, 275, 275, 275, 279, 283, 283, 283, 287, 288, 289, 289, 290, 290, 291, 297, 298, 303, 303, 305, 305, 305, 307, 307, 307, 308, 308, 308, 308, 309, 310, 310, 310, 311, 312, 313, 313, 313, 314, 314, 318, 321, 321, 321, 321, 321, 326, 330, 331, 332, 333, 335, 337, 341, 343, 345, 346, 349, 349, 352, 352, 352, 352, 353, 356, 356, 361, 364, 365, 368, 369, 370, 371, 372, 374, 375, 379, 379, 379]}
728 {0: [29, 29, 25, 25, 29, 26, 27, 28, 27, 27, 25, 25, 26, 27, 25, 25, 26, 26, 26, 26, 26, 25, 25, 25, 25, 26, 24, 25, 25, 23, 26, 26, 26, 27, 27, 29, 25, 26, 22, 23, 22, 22, 23, 22, 22, 23, 22, 22, 22, 22, 22, 22, 22, 22, 23, 22, 22, 22, 22, 23, 25, 23, 22, 23, 25, 25, 27, 24, 23, 24, 24, 25, 26, 26, 23, 22, 22, 22, 20, 24, 23, 23, 25, 26, 27, 26, 27, 26, 24, 26, 24, 24, 24, 24, 25, 25, 28, 26, 28, 30], 1: [240, 242, 246, 246, 247, 251, 251, 251, 254, 257, 259, 264, 264, 264, 266, 267, 268, 269, 269, 273, 274, 275, 275, 275, 275, 279, 283, 283, 283, 287, 288, 289, 289, 290, 290, 291, 297, 298, 303, 303, 305, 305, 305, 307, 307, 307, 308, 308, 308, 308, 309, 310, 310, 310, 311, 312, 313, 313, 313, 314, 314, 318, 321, 321, 321, 321, 321, 326, 330, 331, 332, 333, 335, 337, 341, 343, 345, 346, 349, 349, 352, 352, 352, 352, 353, 356, 356, 361, 364, 365, 368, 369, 370, 371, 372, 374, 375, 379, 379, 379]}
951 {0: [29, 29, 25, 25, 29, 26, 27, 28, 27, 27, 25, 25, 26, 27, 25, 25, 26, 26, 26, 26, 26, 25, 25, 25, 25, 26, 24, 25, 25, 23, 26, 26, 26, 27, 27, 29, 25, 26, 22, 23, 22, 22, 23, 22, 22, 23, 22, 22, 22, 22, 22, 22, 22, 22, 23, 22, 22, 22, 22, 23, 25, 23, 22, 23, 25, 25, 27, 24, 23, 24, 24, 25, 26, 26, 23, 22, 22, 22, 20, 24, 23, 23, 25, 26, 27, 26, 27, 26, 24, 26, 24, 24, 24, 24, 25, 25, 28, 26, 28, 30], 1: [240, 242, 246, 246, 247, 251, 251, 251, 254, 257, 259, 264, 264, 264, 266, 267, 268, 269, 269, 273, 274, 275, 275, 275, 275, 279, 283, 283, 283, 287, 288, 289, 289, 290, 290, 291, 297, 298, 303, 303, 305, 305, 305, 307, 307, 307, 308, 308, 308, 308, 309, 310, 310, 310, 311, 312, 313, 313, 313, 314, 314, 318, 321, 321, 321, 321, 321, 326, 330, 331, 332, 333, 335, 337, 341, 343, 345, 346, 349, 349, 352, 352, 352, 352, 353, 356, 356, 361, 364, 365, 368, 369, 370, 371, 372, 374, 375, 379, 379, 379]}
461 {0: [29, 29, 25, 25, 29, 26, 27, 28, 27, 27, 25, 25, 26, 27, 25, 25, 26, 26, 26, 26, 26, 25, 25, 25, 25, 26, 24, 25, 25, 23, 26, 26, 26, 27, 27, 29, 25, 26, 22, 23, 22, 22, 23, 22, 22, 23, 22, 22, 22, 22, 22, 22, 22, 22, 23, 22, 22, 22, 22, 23, 25, 23, 22, 23, 25, 25, 27, 24, 23, 24, 24, 25, 26, 26, 23, 22, 22, 22, 20, 24, 23, 23, 25, 26, 27, 26, 27, 26, 24, 26, 24, 24, 24, 24, 25, 25, 28, 26, 28, 30], 1: [240, 242, 246, 246, 247, 251, 251, 251, 254, 257, 259, 264, 264, 264, 266, 267, 268, 269, 269, 273, 274, 275, 275, 275, 275, 279, 283, 283, 283, 287, 288, 289, 289, 290, 290, 291, 297, 298, 303, 303, 305, 305, 305, 307, 307, 307, 308, 308, 308, 308, 309, 310, 310, 310, 311, 312, 313, 313, 313, 314, 314, 318, 321, 321, 321, 321, 321, 326, 330, 331, 332, 333, 335, 337, 341, 343, 345, 346, 349, 349, 352, 352, 352, 352, 353, 356, 356, 361, 364, 365, 368, 369, 370, 371, 372, 374, 375, 379, 379, 379]}
216 {0: [29, 29, 25, 25, 29, 26, 27, 28, 27, 27, 25, 25, 26, 27, 25, 25, 26, 26, 26, 26, 26, 25, 25, 25, 25, 26, 24, 25, 25, 23, 26, 26, 26, 27, 27, 29, 25, 26, 22, 23, 22, 22, 23, 22, 22, 23, 22, 22, 22, 22, 22, 22, 22, 22, 23, 22, 22, 22, 22, 23, 25, 23, 22, 23, 25, 25, 27, 24, 23, 24, 24, 25, 26, 26, 23, 22, 22, 22, 20, 24, 23, 23, 25, 26, 27, 26, 27, 26, 24, 26, 24, 24, 24, 24, 25, 25, 28, 26, 28, 30], 1: [240, 242, 246, 246, 247, 251, 251, 251, 254, 257, 259, 264, 264, 264, 266, 267, 268, 269, 269, 273, 274, 275, 275, 275, 275, 279, 283, 283, 283, 287, 288, 289, 289, 290, 290, 291, 297, 298, 303, 303, 305, 305, 305, 307, 307, 307, 308, 308, 308, 308, 309, 310, 310, 310, 311, 312, 313, 313, 313, 314, 314, 318, 321, 321, 321, 321, 321, 326, 330, 331, 332, 333, 335, 337, 341, 343, 345, 346, 349, 349, 352, 352, 352, 352, 353, 356, 356, 361, 364, 365, 368, 369, 370, 371, 372, 374, 375, 379, 379, 379]}
729 {0: [29, 29, 25, 25, 29, 26, 27, 28, 27, 27, 25, 25, 26, 27, 25, 25, 26, 26, 26, 26, 26, 25, 25, 25, 25, 26, 24, 25, 25, 23, 26, 26, 26, 27, 27, 29, 25, 26, 22, 23, 22, 22, 23, 22, 22, 23, 22, 22, 22, 22, 22, 22, 22, 22, 23, 22, 22, 22, 22, 23, 25, 23, 22, 23, 25, 25, 27, 24, 23, 24, 24, 25, 26, 26, 23, 22, 22, 22, 20, 24, 23, 23, 25, 26, 27, 26, 27, 26, 24, 26, 24, 24, 24, 24, 25, 25, 28, 26, 28, 30], 1: [240, 242, 246, 246, 247, 251, 251, 251, 254, 257, 259, 264, 264, 264, 266, 267, 268, 269, 269, 273, 274, 275, 275, 275, 275, 279, 283, 283, 283, 287, 288, 289, 289, 290, 290, 291, 297, 298, 303, 303, 305, 305, 305, 307, 307, 307, 308, 308, 308, 308, 309, 310, 310, 310, 311, 312, 313, 313, 313, 314, 314, 318, 321, 321, 321, 321, 321, 326, 330, 331, 332, 333, 335, 337, 341, 343, 345, 346, 349, 349, 352, 352, 352, 352, 353, 356, 356, 361, 364, 365, 368, 369, 370, 371, 372, 374, 375, 379, 379, 379]}
952 {0: [28, 27, 25, 25, 26, 24, 24, 25, 22, 23, 26, 24, 23, 24, 24, 25, 25, 26, 28, 26, 22, 23, 24, 24, 26, 25, 26, 26, 27, 28, 27, 25, 26, 25, 24, 26, 26, 26, 28, 26, 26, 29, 27, 26, 26, 27, 26, 25, 26, 25, 26, 26, 26, 27, 23, 24, 24, 24, 23, 26, 25, 26, 25, 27, 25, 23, 23, 24, 23, 24, 24, 26, 24, 24, 26, 25, 24, 24, 27, 26, 27, 28, 27, 25, 27, 27, 27, 27, 26, 28, 29, 28, 27, 27, 29, 27, 28, 27, 27, 27], 1: [240, 242, 246, 249, 249, 253, 253, 255, 258, 258, 258, 261, 263, 264, 265, 265, 265, 266, 268, 272, 277, 277, 280, 281, 281, 283, 284, 285, 286, 288, 294, 297, 298, 299, 301, 302, 306, 308, 308, 311, 311, 311, 313, 315, 318, 318, 319, 322, 322, 323, 323, 325, 326, 327, 333, 334, 335, 335, 337, 337, 338, 341, 343, 346, 350, 355, 355, 356, 357, 357, 357, 358, 361, 363, 364, 366, 370, 370, 370, 372, 373, 376, 379, 383, 383, 384, 384, 386, 387, 387, 389, 392, 393, 395, 396, 399, 400, 402, 402, 402]}
217 {0: [29, 29, 25, 25, 29, 26, 27, 28, 27, 27, 25, 25, 26, 27, 25, 25, 26, 26, 26, 26, 26, 25, 25, 25, 25, 26, 24, 25, 25, 23, 26, 26, 26, 27, 27, 29, 25, 26, 22, 23, 22, 22, 23, 22, 22, 23, 22, 22, 22, 22, 22, 22, 22, 22, 23, 22, 22, 22, 22, 23, 25, 23, 22, 23, 25, 25, 27, 24, 23, 24, 24, 25, 26, 26, 23, 22, 22, 22, 20, 24, 23, 23, 25, 26, 27, 26, 27, 26, 24, 26, 24, 24, 24, 24, 25, 25, 28, 26, 28, 30], 1: [240, 242, 246, 246, 247, 251, 251, 251, 254, 257, 259, 264, 264, 264, 266, 267, 268, 269, 269, 273, 274, 275, 275, 275, 275, 279, 283, 283, 283, 287, 288, 289, 289, 290, 290, 291, 297, 298, 303, 303, 305, 305, 305, 307, 307, 307, 308, 308, 308, 308, 309, 310, 310, 310, 311, 312, 313, 313, 313, 314, 314, 318, 321, 321, 321, 321, 321, 326, 330, 331, 332, 333, 335, 337, 341, 343, 345, 346, 349, 349, 352, 352, 352, 352, 353, 356, 356, 361, 364, 365, 368, 369, 370, 371, 372, 374, 375, 379, 379, 379]}
462 {0: [29, 29, 25, 25, 29, 26, 27, 28, 27, 27, 25, 25, 26, 27, 25, 25, 26, 26, 26, 26, 26, 25, 25, 25, 25, 26, 24, 25, 25, 23, 26, 26, 26, 27, 27, 29, 25, 26, 22, 23, 22, 22, 23, 22, 22, 23, 22, 22, 22, 22, 22, 22, 22, 22, 23, 22, 22, 22, 22, 23, 25, 23, 22, 23, 25, 25, 27, 24, 23, 24, 24, 25, 26, 26, 23, 22, 22, 22, 20, 24, 23, 23, 25, 26, 27, 26, 27, 26, 24, 26, 24, 24, 24, 24, 25, 25, 28, 26, 28, 30], 1: [240, 242, 246, 246, 247, 251, 251, 251, 254, 257, 259, 264, 264, 264, 266, 267, 268, 269, 269, 273, 274, 275, 275, 275, 275, 279, 283, 283, 283, 287, 288, 289, 289, 290, 290, 291, 297, 298, 303, 303, 305, 305, 305, 307, 307, 307, 308, 308, 308, 308, 309, 310, 310, 310, 311, 312, 313, 313, 313, 314, 314, 318, 321, 321, 321, 321, 321, 326, 330, 331, 332, 333, 335, 337, 341, 343, 345, 346, 349, 349, 352, 352, 352, 352, 353, 356, 356, 361, 364, 365, 368, 369, 370, 371, 372, 374, 375, 379, 379, 379]}
730 {0: [29, 29, 25, 25, 29, 26, 27, 28, 27, 27, 25, 25, 26, 27, 25, 25, 26, 26, 26, 26, 26, 25, 25, 25, 25, 26, 24, 25, 25, 23, 26, 26, 26, 27, 27, 29, 25, 26, 22, 23, 22, 22, 23, 22, 22, 23, 22, 22, 22, 22, 22, 22, 22, 22, 23, 22, 22, 22, 22, 23, 25, 23, 22, 23, 25, 25, 27, 24, 23, 24, 24, 25, 26, 26, 23, 22, 22, 22, 20, 24, 23, 23, 25, 26, 27, 26, 27, 26, 24, 26, 24, 24, 24, 24, 25, 25, 28, 26, 28, 30], 1: [240, 242, 246, 246, 247, 251, 251, 251, 254, 257, 259, 264, 264, 264, 266, 267, 268, 269, 269, 273, 274, 275, 275, 275, 275, 279, 283, 283, 283, 287, 288, 289, 289, 290, 290, 291, 297, 298, 303, 303, 305, 305, 305, 307, 307, 307, 308, 308, 308, 308, 309, 310, 310, 310, 311, 312, 313, 313, 313, 314, 314, 318, 321, 321, 321, 321, 321, 326, 330, 331, 332, 333, 335, 337, 341, 343, 345, 346, 349, 349, 352, 352, 352, 352, 353, 356, 356, 361, 364, 365, 368, 369, 370, 371, 372, 374, 375, 379, 379, 379]}
953 {0: [29, 29, 25, 25, 29, 26, 27, 28, 27, 27, 25, 25, 26, 27, 25, 25, 26, 26, 26, 26, 26, 25, 25, 25, 25, 26, 24, 25, 25, 23, 26, 26, 26, 27, 27, 29, 25, 26, 22, 23, 22, 22, 23, 22, 22, 23, 22, 22, 22, 22, 22, 22, 22, 22, 23, 22, 22, 22, 22, 23, 25, 23, 22, 23, 25, 25, 27, 24, 23, 24, 24, 25, 26, 26, 23, 22, 22, 22, 20, 24, 23, 23, 25, 26, 27, 26, 27, 26, 24, 26, 24, 24, 24, 24, 25, 25, 28, 26, 28, 30], 1: [240, 242, 246, 246, 247, 251, 251, 251, 254, 257, 259, 264, 264, 264, 266, 267, 268, 269, 269, 273, 274, 275, 275, 275, 275, 279, 283, 283, 283, 287, 288, 289, 289, 290, 290, 291, 297, 298, 303, 303, 305, 305, 305, 307, 307, 307, 308, 308, 308, 308, 309, 310, 310, 310, 311, 312, 313, 313, 313, 314, 314, 318, 321, 321, 321, 321, 321, 326, 330, 331, 332, 333, 335, 337, 341, 343, 345, 346, 349, 349, 352, 352, 352, 352, 353, 356, 356, 361, 364, 365, 368, 369, 370, 371, 372, 374, 375, 379, 379, 379]}
463 {0: [29, 29, 25, 25, 29, 26, 27, 28, 27, 27, 25, 25, 26, 27, 25, 25, 26, 26, 26, 26, 26, 25, 25, 25, 25, 26, 24, 25, 25, 23, 26, 26, 26, 27, 27, 29, 25, 26, 22, 23, 22, 22, 23, 22, 22, 23, 22, 22, 22, 22, 22, 22, 22, 22, 23, 22, 22, 22, 22, 23, 25, 23, 22, 23, 25, 25, 27, 24, 23, 24, 24, 25, 26, 26, 23, 22, 22, 22, 20, 24, 23, 23, 25, 26, 27, 26, 27, 26, 24, 26, 24, 24, 24, 24, 25, 25, 28, 26, 28, 30], 1: [240, 242, 246, 246, 247, 251, 251, 251, 254, 257, 259, 264, 264, 264, 266, 267, 268, 269, 269, 273, 274, 275, 275, 275, 275, 279, 283, 283, 283, 287, 288, 289, 289, 290, 290, 291, 297, 298, 303, 303, 305, 305, 305, 307, 307, 307, 308, 308, 308, 308, 309, 310, 310, 310, 311, 312, 313, 313, 313, 314, 314, 318, 321, 321, 321, 321, 321, 326, 330, 331, 332, 333, 335, 337, 341, 343, 345, 346, 349, 349, 352, 352, 352, 352, 353, 356, 356, 361, 364, 365, 368, 369, 370, 371, 372, 374, 375, 379, 379, 379]}
218 {0: [29, 29, 25, 25, 29, 26, 27, 28, 27, 27, 25, 25, 26, 27, 25, 25, 26, 26, 26, 26, 26, 25, 25, 25, 25, 26, 24, 25, 25, 23, 26, 26, 26, 27, 27, 29, 25, 26, 22, 23, 22, 22, 23, 22, 22, 23, 22, 22, 22, 22, 22, 22, 22, 22, 23, 22, 22, 22, 22, 23, 25, 23, 22, 23, 25, 25, 27, 24, 23, 24, 24, 25, 26, 26, 23, 22, 22, 22, 20, 24, 23, 23, 25, 26, 27, 26, 27, 26, 24, 26, 24, 24, 24, 24, 25, 25, 28, 26, 28, 30], 1: [240, 242, 246, 246, 247, 251, 251, 251, 254, 257, 259, 264, 264, 264, 266, 267, 268, 269, 269, 273, 274, 275, 275, 275, 275, 279, 283, 283, 283, 287, 288, 289, 289, 290, 290, 291, 297, 298, 303, 303, 305, 305, 305, 307, 307, 307, 308, 308, 308, 308, 309, 310, 310, 310, 311, 312, 313, 313, 313, 314, 314, 318, 321, 321, 321, 321, 321, 326, 330, 331, 332, 333, 335, 337, 341, 343, 345, 346, 349, 349, 352, 352, 352, 352, 353, 356, 356, 361, 364, 365, 368, 369, 370, 371, 372, 374, 375, 379, 379, 379]}
731 {0: [29, 29, 25, 25, 29, 26, 27, 28, 27, 27, 25, 25, 26, 27, 25, 25, 26, 26, 26, 26, 26, 25, 25, 25, 25, 26, 24, 25, 25, 23, 26, 26, 26, 27, 27, 29, 25, 26, 22, 23, 22, 22, 23, 22, 22, 23, 22, 22, 22, 22, 22, 22, 22, 22, 23, 22, 22, 22, 22, 23, 25, 23, 22, 23, 25, 25, 27, 24, 23, 24, 24, 25, 26, 26, 23, 22, 22, 22, 20, 24, 23, 23, 25, 26, 27, 26, 27, 26, 24, 26, 24, 24, 24, 24, 25, 25, 28, 26, 28, 30], 1: [240, 242, 246, 246, 247, 251, 251, 251, 254, 257, 259, 264, 264, 264, 266, 267, 268, 269, 269, 273, 274, 275, 275, 275, 275, 279, 283, 283, 283, 287, 288, 289, 289, 290, 290, 291, 297, 298, 303, 303, 305, 305, 305, 307, 307, 307, 308, 308, 308, 308, 309, 310, 310, 310, 311, 312, 313, 313, 313, 314, 314, 318, 321, 321, 321, 321, 321, 326, 330, 331, 332, 333, 335, 337, 341, 343, 345, 346, 349, 349, 352, 352, 352, 352, 353, 356, 356, 361, 364, 365, 368, 369, 370, 371, 372, 374, 375, 379, 379, 379]}
954 {0: [29, 29, 25, 25, 29, 26, 27, 28, 27, 27, 25, 25, 26, 27, 25, 25, 26, 26, 26, 26, 26, 25, 25, 25, 25, 26, 24, 25, 25, 23, 26, 26, 26, 27, 27, 29, 25, 26, 22, 23, 22, 22, 23, 22, 22, 23, 22, 22, 22, 22, 22, 22, 22, 22, 23, 22, 22, 22, 22, 23, 25, 23, 22, 23, 25, 25, 27, 24, 23, 24, 24, 25, 26, 26, 23, 22, 22, 22, 20, 24, 23, 23, 25, 26, 27, 26, 27, 26, 24, 26, 24, 24, 24, 24, 25, 25, 28, 26, 28, 30], 1: [240, 242, 246, 246, 247, 251, 251, 251, 254, 257, 259, 264, 264, 264, 266, 267, 268, 269, 269, 273, 274, 275, 275, 275, 275, 279, 283, 283, 283, 287, 288, 289, 289, 290, 290, 291, 297, 298, 303, 303, 305, 305, 305, 307, 307, 307, 308, 308, 308, 308, 309, 310, 310, 310, 311, 312, 313, 313, 313, 314, 314, 318, 321, 321, 321, 321, 321, 326, 330, 331, 332, 333, 335, 337, 341, 343, 345, 346, 349, 349, 352, 352, 352, 352, 353, 356, 356, 361, 364, 365, 368, 369, 370, 371, 372, 374, 375, 379, 379, 379]}
464 {0: [29, 29, 25, 25, 29, 26, 27, 28, 27, 27, 25, 25, 26, 27, 25, 25, 26, 26, 26, 26, 26, 25, 25, 25, 25, 26, 24, 25, 25, 23, 26, 26, 26, 27, 27, 29, 25, 26, 22, 23, 22, 22, 23, 22, 22, 23, 22, 22, 22, 22, 22, 22, 22, 22, 23, 22, 22, 22, 22, 23, 25, 23, 22, 23, 25, 25, 27, 24, 23, 24, 24, 25, 26, 26, 23, 22, 22, 22, 20, 24, 23, 23, 25, 26, 27, 26, 27, 26, 24, 26, 24, 24, 24, 24, 25, 25, 28, 26, 28, 30], 1: [240, 242, 246, 246, 247, 251, 251, 251, 254, 257, 259, 264, 264, 264, 266, 267, 268, 269, 269, 273, 274, 275, 275, 275, 275, 279, 283, 283, 283, 287, 288, 289, 289, 290, 290, 291, 297, 298, 303, 303, 305, 305, 305, 307, 307, 307, 308, 308, 308, 308, 309, 310, 310, 310, 311, 312, 313, 313, 313, 314, 314, 318, 321, 321, 321, 321, 321, 326, 330, 331, 332, 333, 335, 337, 341, 343, 345, 346, 349, 349, 352, 352, 352, 352, 353, 356, 356, 361, 364, 365, 368, 369, 370, 371, 372, 374, 375, 379, 379, 379]}
219 {0: [29, 29, 25, 25, 29, 26, 27, 28, 27, 27, 25, 25, 26, 27, 25, 25, 26, 26, 26, 26, 26, 25, 25, 25, 25, 26, 24, 25, 25, 23, 26, 26, 26, 27, 27, 29, 25, 26, 22, 23, 22, 22, 23, 22, 22, 23, 22, 22, 22, 22, 22, 22, 22, 22, 23, 22, 22, 22, 22, 23, 25, 23, 22, 23, 25, 25, 27, 24, 23, 24, 24, 25, 26, 26, 23, 22, 22, 22, 20, 24, 23, 23, 25, 26, 27, 26, 27, 26, 24, 26, 24, 24, 24, 24, 25, 25, 28, 26, 28, 30], 1: [240, 242, 246, 246, 247, 251, 251, 251, 254, 257, 259, 264, 264, 264, 266, 267, 268, 269, 269, 273, 274, 275, 275, 275, 275, 279, 283, 283, 283, 287, 288, 289, 289, 290, 290, 291, 297, 298, 303, 303, 305, 305, 305, 307, 307, 307, 308, 308, 308, 308, 309, 310, 310, 310, 311, 312, 313, 313, 313, 314, 314, 318, 321, 321, 321, 321, 321, 326, 330, 331, 332, 333, 335, 337, 341, 343, 345, 346, 349, 349, 352, 352, 352, 352, 353, 356, 356, 361, 364, 365, 368, 369, 370, 371, 372, 374, 375, 379, 379, 379]}
732 {0: [29, 29, 25, 25, 29, 26, 27, 28, 27, 27, 25, 25, 26, 27, 25, 25, 26, 26, 26, 26, 26, 25, 25, 25, 25, 26, 24, 25, 25, 23, 26, 26, 26, 27, 27, 29, 25, 26, 22, 23, 22, 22, 23, 22, 22, 23, 22, 22, 22, 22, 22, 22, 22, 22, 23, 22, 22, 22, 22, 23, 25, 23, 22, 23, 25, 25, 27, 24, 23, 24, 24, 25, 26, 26, 23, 22, 22, 22, 20, 24, 23, 23, 25, 26, 27, 26, 27, 26, 24, 26, 24, 24, 24, 24, 25, 25, 28, 26, 28, 30], 1: [240, 242, 246, 246, 247, 251, 251, 251, 254, 257, 259, 264, 264, 264, 266, 267, 268, 269, 269, 273, 274, 275, 275, 275, 275, 279, 283, 283, 283, 287, 288, 289, 289, 290, 290, 291, 297, 298, 303, 303, 305, 305, 305, 307, 307, 307, 308, 308, 308, 308, 309, 310, 310, 310, 311, 312, 313, 313, 313, 314, 314, 318, 321, 321, 321, 321, 321, 326, 330, 331, 332, 333, 335, 337, 341, 343, 345, 346, 349, 349, 352, 352, 352, 352, 353, 356, 356, 361, 364, 365, 368, 369, 370, 371, 372, 374, 375, 379, 379, 379]}
955 {0: [29, 29, 25, 25, 29, 26, 27, 28, 27, 27, 25, 25, 26, 27, 25, 25, 26, 26, 26, 26, 26, 25, 25, 25, 25, 26, 24, 25, 25, 23, 26, 26, 26, 27, 27, 29, 25, 26, 22, 23, 22, 22, 23, 22, 22, 23, 22, 22, 22, 22, 22, 22, 22, 22, 23, 22, 22, 22, 22, 23, 25, 23, 22, 23, 25, 25, 27, 24, 23, 24, 24, 25, 26, 26, 23, 22, 22, 22, 20, 24, 23, 23, 25, 26, 27, 26, 27, 26, 24, 26, 24, 24, 24, 24, 25, 25, 28, 26, 28, 30], 1: [240, 242, 246, 246, 247, 251, 251, 251, 254, 257, 259, 264, 264, 264, 266, 267, 268, 269, 269, 273, 274, 275, 275, 275, 275, 279, 283, 283, 283, 287, 288, 289, 289, 290, 290, 291, 297, 298, 303, 303, 305, 305, 305, 307, 307, 307, 308, 308, 308, 308, 309, 310, 310, 310, 311, 312, 313, 313, 313, 314, 314, 318, 321, 321, 321, 321, 321, 326, 330, 331, 332, 333, 335, 337, 341, 343, 345, 346, 349, 349, 352, 352, 352, 352, 353, 356, 356, 361, 364, 365, 368, 369, 370, 371, 372, 374, 375, 379, 379, 379]}
465 {0: [29, 29, 25, 25, 29, 26, 27, 28, 27, 27, 25, 25, 26, 27, 25, 25, 26, 26, 26, 26, 26, 25, 25, 25, 25, 26, 24, 25, 25, 23, 26, 26, 26, 27, 27, 29, 25, 26, 22, 23, 22, 22, 23, 22, 22, 23, 22, 22, 22, 22, 22, 22, 22, 22, 23, 22, 22, 22, 22, 23, 25, 23, 22, 23, 25, 25, 27, 24, 23, 24, 24, 25, 26, 26, 23, 22, 22, 22, 20, 24, 23, 23, 25, 26, 27, 26, 27, 26, 24, 26, 24, 24, 24, 24, 25, 25, 28, 26, 28, 30], 1: [240, 242, 246, 246, 247, 251, 251, 251, 254, 257, 259, 264, 264, 264, 266, 267, 268, 269, 269, 273, 274, 275, 275, 275, 275, 279, 283, 283, 283, 287, 288, 289, 289, 290, 290, 291, 297, 298, 303, 303, 305, 305, 305, 307, 307, 307, 308, 308, 308, 308, 309, 310, 310, 310, 311, 312, 313, 313, 313, 314, 314, 318, 321, 321, 321, 321, 321, 326, 330, 331, 332, 333, 335, 337, 341, 343, 345, 346, 349, 349, 352, 352, 352, 352, 353, 356, 356, 361, 364, 365, 368, 369, 370, 371, 372, 374, 375, 379, 379, 379]}
220 {0: [29, 29, 25, 25, 29, 26, 27, 28, 27, 27, 25, 25, 26, 27, 25, 25, 26, 26, 26, 26, 26, 25, 25, 25, 25, 26, 24, 25, 25, 23, 26, 26, 26, 27, 27, 29, 25, 26, 22, 23, 22, 22, 23, 22, 22, 23, 22, 22, 22, 22, 22, 22, 22, 22, 23, 22, 22, 22, 22, 23, 25, 23, 22, 23, 25, 25, 27, 24, 23, 24, 24, 25, 26, 26, 23, 22, 22, 22, 20, 24, 23, 23, 25, 26, 27, 26, 27, 26, 24, 26, 24, 24, 24, 24, 25, 25, 28, 26, 28, 30], 1: [240, 242, 246, 246, 247, 251, 251, 251, 254, 257, 259, 264, 264, 264, 266, 267, 268, 269, 269, 273, 274, 275, 275, 275, 275, 279, 283, 283, 283, 287, 288, 289, 289, 290, 290, 291, 297, 298, 303, 303, 305, 305, 305, 307, 307, 307, 308, 308, 308, 308, 309, 310, 310, 310, 311, 312, 313, 313, 313, 314, 314, 318, 321, 321, 321, 321, 321, 326, 330, 331, 332, 333, 335, 337, 341, 343, 345, 346, 349, 349, 352, 352, 352, 352, 353, 356, 356, 361, 364, 365, 368, 369, 370, 371, 372, 374, 375, 379, 379, 379]}
733 {0: [29, 29, 25, 25, 29, 26, 27, 28, 27, 27, 25, 25, 26, 27, 25, 25, 26, 26, 26, 26, 26, 25, 25, 25, 25, 26, 24, 25, 25, 23, 26, 26, 26, 27, 27, 29, 25, 26, 22, 23, 22, 22, 23, 22, 22, 23, 22, 22, 22, 22, 22, 22, 22, 22, 23, 22, 22, 22, 22, 23, 25, 23, 22, 23, 25, 25, 27, 24, 23, 24, 24, 25, 26, 26, 23, 22, 22, 22, 20, 24, 23, 23, 25, 26, 27, 26, 27, 26, 24, 26, 24, 24, 24, 24, 25, 25, 28, 26, 28, 30], 1: [240, 242, 246, 246, 247, 251, 251, 251, 254, 257, 259, 264, 264, 264, 266, 267, 268, 269, 269, 273, 274, 275, 275, 275, 275, 279, 283, 283, 283, 287, 288, 289, 289, 290, 290, 291, 297, 298, 303, 303, 305, 305, 305, 307, 307, 307, 308, 308, 308, 308, 309, 310, 310, 310, 311, 312, 313, 313, 313, 314, 314, 318, 321, 321, 321, 321, 321, 326, 330, 331, 332, 333, 335, 337, 341, 343, 345, 346, 349, 349, 352, 352, 352, 352, 353, 356, 356, 361, 364, 365, 368, 369, 370, 371, 372, 374, 375, 379, 379, 379]}
956 {0: [29, 29, 25, 25, 29, 26, 27, 28, 27, 27, 25, 25, 26, 27, 25, 25, 26, 26, 26, 26, 26, 25, 25, 25, 25, 26, 24, 25, 25, 23, 26, 26, 26, 27, 27, 29, 25, 26, 22, 23, 22, 22, 23, 22, 22, 23, 22, 22, 22, 22, 22, 22, 22, 22, 23, 22, 22, 22, 22, 23, 25, 23, 22, 23, 25, 25, 27, 24, 23, 24, 24, 25, 26, 26, 23, 22, 22, 22, 20, 24, 23, 23, 25, 26, 27, 26, 27, 26, 24, 26, 24, 24, 24, 24, 25, 25, 28, 26, 28, 30], 1: [240, 242, 246, 246, 247, 251, 251, 251, 254, 257, 259, 264, 264, 264, 266, 267, 268, 269, 269, 273, 274, 275, 275, 275, 275, 279, 283, 283, 283, 287, 288, 289, 289, 290, 290, 291, 297, 298, 303, 303, 305, 305, 305, 307, 307, 307, 308, 308, 308, 308, 309, 310, 310, 310, 311, 312, 313, 313, 313, 314, 314, 318, 321, 321, 321, 321, 321, 326, 330, 331, 332, 333, 335, 337, 341, 343, 345, 346, 349, 349, 352, 352, 352, 352, 353, 356, 356, 361, 364, 365, 368, 369, 370, 371, 372, 374, 375, 379, 379, 379]}
466 {0: [29, 29, 25, 25, 29, 26, 27, 28, 27, 27, 25, 25, 26, 27, 25, 25, 26, 26, 26, 26, 26, 25, 25, 25, 25, 26, 24, 25, 25, 23, 26, 26, 26, 27, 27, 29, 25, 26, 22, 23, 22, 22, 23, 22, 22, 23, 22, 22, 22, 22, 22, 22, 22, 22, 23, 22, 22, 22, 22, 23, 25, 23, 22, 23, 25, 25, 27, 24, 23, 24, 24, 25, 26, 26, 23, 22, 22, 22, 20, 24, 23, 23, 25, 26, 27, 26, 27, 26, 24, 26, 24, 24, 24, 24, 25, 25, 28, 26, 28, 30], 1: [240, 242, 246, 246, 247, 251, 251, 251, 254, 257, 259, 264, 264, 264, 266, 267, 268, 269, 269, 273, 274, 275, 275, 275, 275, 279, 283, 283, 283, 287, 288, 289, 289, 290, 290, 291, 297, 298, 303, 303, 305, 305, 305, 307, 307, 307, 308, 308, 308, 308, 309, 310, 310, 310, 311, 312, 313, 313, 313, 314, 314, 318, 321, 321, 321, 321, 321, 326, 330, 331, 332, 333, 335, 337, 341, 343, 345, 346, 349, 349, 352, 352, 352, 352, 353, 356, 356, 361, 364, 365, 368, 369, 370, 371, 372, 374, 375, 379, 379, 379]}
734 {0: [29, 29, 25, 25, 29, 26, 27, 28, 27, 27, 25, 25, 26, 27, 25, 25, 26, 26, 26, 26, 26, 25, 25, 25, 25, 26, 24, 25, 25, 23, 26, 26, 26, 27, 27, 29, 25, 26, 22, 23, 22, 22, 23, 22, 22, 23, 22, 22, 22, 22, 22, 22, 22, 22, 23, 22, 22, 22, 22, 23, 25, 23, 22, 23, 25, 25, 27, 24, 23, 24, 24, 25, 26, 26, 23, 22, 22, 22, 20, 24, 23, 23, 25, 26, 27, 26, 27, 26, 24, 26, 24, 24, 24, 24, 25, 25, 28, 26, 28, 30], 1: [240, 242, 246, 246, 247, 251, 251, 251, 254, 257, 259, 264, 264, 264, 266, 267, 268, 269, 269, 273, 274, 275, 275, 275, 275, 279, 283, 283, 283, 287, 288, 289, 289, 290, 290, 291, 297, 298, 303, 303, 305, 305, 305, 307, 307, 307, 308, 308, 308, 308, 309, 310, 310, 310, 311, 312, 313, 313, 313, 314, 314, 318, 321, 321, 321, 321, 321, 326, 330, 331, 332, 333, 335, 337, 341, 343, 345, 346, 349, 349, 352, 352, 352, 352, 353, 356, 356, 361, 364, 365, 368, 369, 370, 371, 372, 374, 375, 379, 379, 379]}
221 {0: [29, 29, 25, 25, 29, 26, 27, 28, 27, 27, 25, 25, 26, 27, 25, 25, 26, 26, 26, 26, 26, 25, 25, 25, 25, 26, 24, 25, 25, 23, 26, 26, 26, 27, 27, 29, 25, 26, 22, 23, 22, 22, 23, 22, 22, 23, 22, 22, 22, 22, 22, 22, 22, 22, 23, 22, 22, 22, 22, 23, 25, 23, 22, 23, 25, 25, 27, 24, 23, 24, 24, 25, 26, 26, 23, 22, 22, 22, 20, 24, 23, 23, 25, 26, 27, 26, 27, 26, 24, 26, 24, 24, 24, 24, 25, 25, 28, 26, 28, 30], 1: [240, 242, 246, 246, 247, 251, 251, 251, 254, 257, 259, 264, 264, 264, 266, 267, 268, 269, 269, 273, 274, 275, 275, 275, 275, 279, 283, 283, 283, 287, 288, 289, 289, 290, 290, 291, 297, 298, 303, 303, 305, 305, 305, 307, 307, 307, 308, 308, 308, 308, 309, 310, 310, 310, 311, 312, 313, 313, 313, 314, 314, 318, 321, 321, 321, 321, 321, 326, 330, 331, 332, 333, 335, 337, 341, 343, 345, 346, 349, 349, 352, 352, 352, 352, 353, 356, 356, 361, 364, 365, 368, 369, 370, 371, 372, 374, 375, 379, 379, 379]}
957 {0: [29, 29, 25, 25, 29, 26, 27, 28, 27, 27, 25, 25, 26, 27, 25, 25, 26, 26, 26, 26, 26, 25, 25, 25, 25, 26, 24, 25, 25, 23, 26, 26, 26, 27, 27, 29, 25, 26, 22, 23, 22, 22, 23, 22, 22, 23, 22, 22, 22, 22, 22, 22, 22, 22, 23, 22, 22, 22, 22, 23, 25, 23, 22, 23, 25, 25, 27, 24, 23, 24, 24, 25, 26, 26, 23, 22, 22, 22, 20, 24, 23, 23, 25, 26, 27, 26, 27, 26, 24, 26, 24, 24, 24, 24, 25, 25, 28, 26, 28, 30], 1: [240, 242, 246, 246, 247, 251, 251, 251, 254, 257, 259, 264, 264, 264, 266, 267, 268, 269, 269, 273, 274, 275, 275, 275, 275, 279, 283, 283, 283, 287, 288, 289, 289, 290, 290, 291, 297, 298, 303, 303, 305, 305, 305, 307, 307, 307, 308, 308, 308, 308, 309, 310, 310, 310, 311, 312, 313, 313, 313, 314, 314, 318, 321, 321, 321, 321, 321, 326, 330, 331, 332, 333, 335, 337, 341, 343, 345, 346, 349, 349, 352, 352, 352, 352, 353, 356, 356, 361, 364, 365, 368, 369, 370, 371, 372, 374, 375, 379, 379, 379]}
467 {0: [28, 27, 27, 27, 27, 27, 26, 24, 24, 24, 25, 25, 24, 25, 27, 27, 27, 25, 26, 22, 21, 22, 24, 22, 24, 25, 23, 23, 23, 24, 22, 21, 21, 22, 20, 21, 22, 23, 24, 22, 22, 22, 22, 22, 23, 22, 23, 22, 23, 22, 21, 21, 23, 21, 22, 21, 22, 21, 19, 23, 22, 21, 21, 21, 21, 21, 21, 23, 23, 22, 23, 25, 25, 25, 25, 23, 24, 23, 23, 23, 25, 24, 25, 24, 25, 25, 25, 24, 26, 26, 27, 26, 25, 23, 24, 23, 23, 24, 25, 24], 1: [240, 242, 242, 243, 244, 244, 246, 248, 248, 250, 252, 256, 258, 260, 262, 263, 264, 270, 271, 275, 276, 276, 276, 278, 278, 278, 280, 280, 280, 283, 288, 290, 293, 294, 296, 298, 298, 299, 300, 305, 306, 309, 309, 309, 309, 312, 314, 316, 317, 320, 321, 321, 323, 326, 327, 330, 331, 332, 335, 335, 337, 338, 338, 338, 339, 339, 339, 339, 342, 346, 347, 348, 349, 351, 353, 357, 357, 358, 358, 358, 358, 361, 362, 363, 364, 364, 365, 368, 369, 371, 372, 375, 377, 379, 380, 382, 384, 384, 384, 386]}
222 {0: [29, 29, 25, 25, 29, 26, 27, 28, 27, 27, 25, 25, 26, 27, 25, 25, 26, 26, 26, 26, 26, 25, 25, 25, 25, 26, 24, 25, 25, 23, 26, 26, 26, 27, 27, 29, 25, 26, 22, 23, 22, 22, 23, 22, 22, 23, 22, 22, 22, 22, 22, 22, 22, 22, 23, 22, 22, 22, 22, 23, 25, 23, 22, 23, 25, 25, 27, 24, 23, 24, 24, 25, 26, 26, 23, 22, 22, 22, 20, 24, 23, 23, 25, 26, 27, 26, 27, 26, 24, 26, 24, 24, 24, 24, 25, 25, 28, 26, 28, 30], 1: [240, 242, 246, 246, 247, 251, 251, 251, 254, 257, 259, 264, 264, 264, 266, 267, 268, 269, 269, 273, 274, 275, 275, 275, 275, 279, 283, 283, 283, 287, 288, 289, 289, 290, 290, 291, 297, 298, 303, 303, 305, 305, 305, 307, 307, 307, 308, 308, 308, 308, 309, 310, 310, 310, 311, 312, 313, 313, 313, 314, 314, 318, 321, 321, 321, 321, 321, 326, 330, 331, 332, 333, 335, 337, 341, 343, 345, 346, 349, 349, 352, 352, 352, 352, 353, 356, 356, 361, 364, 365, 368, 369, 370, 371, 372, 374, 375, 379, 379, 379]}
735 {0: [28, 27, 25, 25, 26, 24, 24, 25, 22, 23, 26, 24, 23, 24, 24, 25, 25, 26, 28, 26, 22, 23, 24, 24, 26, 25, 26, 26, 27, 28, 27, 25, 26, 25, 24, 26, 26, 26, 28, 26, 26, 29, 27, 26, 26, 27, 26, 25, 26, 25, 26, 26, 26, 27, 23, 24, 24, 24, 23, 26, 25, 26, 25, 27, 25, 23, 23, 24, 23, 24, 24, 26, 24, 24, 26, 25, 24, 24, 27, 26, 27, 28, 27, 25, 27, 27, 27, 27, 26, 28, 29, 28, 27, 27, 29, 27, 28, 27, 27, 27], 1: [240, 242, 246, 249, 249, 253, 253, 255, 258, 258, 258, 261, 263, 264, 265, 265, 265, 266, 268, 272, 277, 277, 280, 281, 281, 283, 284, 285, 286, 288, 294, 297, 298, 299, 301, 302, 306, 308, 308, 311, 311, 311, 313, 315, 318, 318, 319, 322, 322, 323, 323, 325, 326, 327, 333, 334, 335, 335, 337, 337, 338, 341, 343, 346, 350, 355, 355, 356, 357, 357, 357, 358, 361, 363, 364, 366, 370, 370, 370, 372, 373, 376, 379, 383, 383, 384, 384, 386, 387, 387, 389, 392, 393, 395, 396, 399, 400, 402, 402, 402]}
958 {0: [29, 29, 25, 25, 29, 26, 27, 28, 27, 27, 25, 25, 26, 27, 25, 25, 26, 26, 26, 26, 26, 25, 25, 25, 25, 26, 24, 25, 25, 23, 26, 26, 26, 27, 27, 29, 25, 26, 22, 23, 22, 22, 23, 22, 22, 23, 22, 22, 22, 22, 22, 22, 22, 22, 23, 22, 22, 22, 22, 23, 25, 23, 22, 23, 25, 25, 27, 24, 23, 24, 24, 25, 26, 26, 23, 22, 22, 22, 20, 24, 23, 23, 25, 26, 27, 26, 27, 26, 24, 26, 24, 24, 24, 24, 25, 25, 28, 26, 28, 30], 1: [240, 242, 246, 246, 247, 251, 251, 251, 254, 257, 259, 264, 264, 264, 266, 267, 268, 269, 269, 273, 274, 275, 275, 275, 275, 279, 283, 283, 283, 287, 288, 289, 289, 290, 290, 291, 297, 298, 303, 303, 305, 305, 305, 307, 307, 307, 308, 308, 308, 308, 309, 310, 310, 310, 311, 312, 313, 313, 313, 314, 314, 318, 321, 321, 321, 321, 321, 326, 330, 331, 332, 333, 335, 337, 341, 343, 345, 346, 349, 349, 352, 352, 352, 352, 353, 356, 356, 361, 364, 365, 368, 369, 370, 371, 372, 374, 375, 379, 379, 379]}
468 {0: [29, 29, 25, 25, 29, 26, 27, 28, 27, 27, 25, 25, 26, 27, 25, 25, 26, 26, 26, 26, 26, 25, 25, 25, 25, 26, 24, 25, 25, 23, 26, 26, 26, 27, 27, 29, 25, 26, 22, 23, 22, 22, 23, 22, 22, 23, 22, 22, 22, 22, 22, 22, 22, 22, 23, 22, 22, 22, 22, 23, 25, 23, 22, 23, 25, 25, 27, 24, 23, 24, 24, 25, 26, 26, 23, 22, 22, 22, 20, 24, 23, 23, 25, 26, 27, 26, 27, 26, 24, 26, 24, 24, 24, 24, 25, 25, 28, 26, 28, 30], 1: [240, 242, 246, 246, 247, 251, 251, 251, 254, 257, 259, 264, 264, 264, 266, 267, 268, 269, 269, 273, 274, 275, 275, 275, 275, 279, 283, 283, 283, 287, 288, 289, 289, 290, 290, 291, 297, 298, 303, 303, 305, 305, 305, 307, 307, 307, 308, 308, 308, 308, 309, 310, 310, 310, 311, 312, 313, 313, 313, 314, 314, 318, 321, 321, 321, 321, 321, 326, 330, 331, 332, 333, 335, 337, 341, 343, 345, 346, 349, 349, 352, 352, 352, 352, 353, 356, 356, 361, 364, 365, 368, 369, 370, 371, 372, 374, 375, 379, 379, 379]}
736 {0: [29, 29, 25, 25, 29, 26, 27, 28, 27, 27, 25, 25, 26, 27, 25, 25, 26, 26, 26, 26, 26, 25, 25, 25, 25, 26, 24, 25, 25, 23, 26, 26, 26, 27, 27, 29, 25, 26, 22, 23, 22, 22, 23, 22, 22, 23, 22, 22, 22, 22, 22, 22, 22, 22, 23, 22, 22, 22, 22, 23, 25, 23, 22, 23, 25, 25, 27, 24, 23, 24, 24, 25, 26, 26, 23, 22, 22, 22, 20, 24, 23, 23, 25, 26, 27, 26, 27, 26, 24, 26, 24, 24, 24, 24, 25, 25, 28, 26, 28, 30], 1: [240, 242, 246, 246, 247, 251, 251, 251, 254, 257, 259, 264, 264, 264, 266, 267, 268, 269, 269, 273, 274, 275, 275, 275, 275, 279, 283, 283, 283, 287, 288, 289, 289, 290, 290, 291, 297, 298, 303, 303, 305, 305, 305, 307, 307, 307, 308, 308, 308, 308, 309, 310, 310, 310, 311, 312, 313, 313, 313, 314, 314, 318, 321, 321, 321, 321, 321, 326, 330, 331, 332, 333, 335, 337, 341, 343, 345, 346, 349, 349, 352, 352, 352, 352, 353, 356, 356, 361, 364, 365, 368, 369, 370, 371, 372, 374, 375, 379, 379, 379]}
223 {0: [29, 29, 25, 25, 29, 26, 27, 28, 27, 27, 25, 25, 26, 27, 25, 25, 26, 26, 26, 26, 26, 25, 25, 25, 25, 26, 24, 25, 25, 23, 26, 26, 26, 27, 27, 29, 25, 26, 22, 23, 22, 22, 23, 22, 22, 23, 22, 22, 22, 22, 22, 22, 22, 22, 23, 22, 22, 22, 22, 23, 25, 23, 22, 23, 25, 25, 27, 24, 23, 24, 24, 25, 26, 26, 23, 22, 22, 22, 20, 24, 23, 23, 25, 26, 27, 26, 27, 26, 24, 26, 24, 24, 24, 24, 25, 25, 28, 26, 28, 30], 1: [240, 242, 246, 246, 247, 251, 251, 251, 254, 257, 259, 264, 264, 264, 266, 267, 268, 269, 269, 273, 274, 275, 275, 275, 275, 279, 283, 283, 283, 287, 288, 289, 289, 290, 290, 291, 297, 298, 303, 303, 305, 305, 305, 307, 307, 307, 308, 308, 308, 308, 309, 310, 310, 310, 311, 312, 313, 313, 313, 314, 314, 318, 321, 321, 321, 321, 321, 326, 330, 331, 332, 333, 335, 337, 341, 343, 345, 346, 349, 349, 352, 352, 352, 352, 353, 356, 356, 361, 364, 365, 368, 369, 370, 371, 372, 374, 375, 379, 379, 379]}
959 {0: [29, 29, 25, 25, 29, 26, 27, 28, 27, 27, 25, 25, 26, 27, 25, 25, 26, 26, 26, 26, 26, 25, 25, 25, 25, 26, 24, 25, 25, 23, 26, 26, 26, 27, 27, 29, 25, 26, 22, 23, 22, 22, 23, 22, 22, 23, 22, 22, 22, 22, 22, 22, 22, 22, 23, 22, 22, 22, 22, 23, 25, 23, 22, 23, 25, 25, 27, 24, 23, 24, 24, 25, 26, 26, 23, 22, 22, 22, 20, 24, 23, 23, 25, 26, 27, 26, 27, 26, 24, 26, 24, 24, 24, 24, 25, 25, 28, 26, 28, 30], 1: [240, 242, 246, 246, 247, 251, 251, 251, 254, 257, 259, 264, 264, 264, 266, 267, 268, 269, 269, 273, 274, 275, 275, 275, 275, 279, 283, 283, 283, 287, 288, 289, 289, 290, 290, 291, 297, 298, 303, 303, 305, 305, 305, 307, 307, 307, 308, 308, 308, 308, 309, 310, 310, 310, 311, 312, 313, 313, 313, 314, 314, 318, 321, 321, 321, 321, 321, 326, 330, 331, 332, 333, 335, 337, 341, 343, 345, 346, 349, 349, 352, 352, 352, 352, 353, 356, 356, 361, 364, 365, 368, 369, 370, 371, 372, 374, 375, 379, 379, 379]}
469 {0: [28, 30, 27, 24, 22, 22, 22, 22, 22, 22, 22, 23, 23, 24, 24, 25, 25, 28, 27, 26, 27, 28, 26, 24, 24, 24, 24, 25, 26, 24, 25, 24, 26, 25, 26, 28, 25, 26, 26, 25, 24, 24, 23, 24, 24, 25, 27, 27, 26, 28, 26, 28, 28, 28, 28, 27, 27, 28, 27, 27, 27, 27, 28, 26, 26, 26, 26, 25, 24, 25, 25, 27, 27, 29, 26, 28, 27, 25, 25, 24, 26, 25, 24, 25, 25, 25, 24, 25, 25, 24, 24, 24, 26, 28, 25, 24, 24, 24, 27, 26], 1: [239, 241, 246, 249, 252, 252, 252, 253, 254, 256, 256, 256, 256, 258, 260, 262, 263, 264, 266, 268, 268, 270, 274, 276, 277, 278, 278, 278, 279, 282, 284, 287, 287, 288, 288, 289, 294, 297, 299, 301, 303, 306, 307, 308, 310, 312, 312, 313, 317, 317, 319, 320, 321, 322, 322, 324, 324, 326, 328, 329, 330, 330, 330, 332, 334, 336, 337, 338, 339, 340, 341, 343, 344, 347, 354, 354, 357, 359, 360, 362, 362, 364, 365, 365, 365, 366, 368, 368, 370, 373, 374, 374, 375, 375, 379, 381, 381, 381, 381, 386]}
737 {0: [29, 29, 25, 25, 29, 26, 27, 28, 27, 27, 25, 25, 26, 27, 25, 25, 26, 26, 26, 26, 26, 25, 25, 25, 25, 26, 24, 25, 25, 23, 26, 26, 26, 27, 27, 29, 25, 26, 22, 23, 22, 22, 23, 22, 22, 23, 22, 22, 22, 22, 22, 22, 22, 22, 23, 22, 22, 22, 22, 23, 25, 23, 22, 23, 25, 25, 27, 24, 23, 24, 24, 25, 26, 26, 23, 22, 22, 22, 20, 24, 23, 23, 25, 26, 27, 26, 27, 26, 24, 26, 24, 24, 24, 24, 25, 25, 28, 26, 28, 30], 1: [240, 242, 246, 246, 247, 251, 251, 251, 254, 257, 259, 264, 264, 264, 266, 267, 268, 269, 269, 273, 274, 275, 275, 275, 275, 279, 283, 283, 283, 287, 288, 289, 289, 290, 290, 291, 297, 298, 303, 303, 305, 305, 305, 307, 307, 307, 308, 308, 308, 308, 309, 310, 310, 310, 311, 312, 313, 313, 313, 314, 314, 318, 321, 321, 321, 321, 321, 326, 330, 331, 332, 333, 335, 337, 341, 343, 345, 346, 349, 349, 352, 352, 352, 352, 353, 356, 356, 361, 364, 365, 368, 369, 370, 371, 372, 374, 375, 379, 379, 379]}
224 {0: [29, 29, 25, 25, 29, 26, 27, 28, 27, 27, 25, 25, 26, 27, 25, 25, 26, 26, 26, 26, 26, 25, 25, 25, 25, 26, 24, 25, 25, 23, 26, 26, 26, 27, 27, 29, 25, 26, 22, 23, 22, 22, 23, 22, 22, 23, 22, 22, 22, 22, 22, 22, 22, 22, 23, 22, 22, 22, 22, 23, 25, 23, 22, 23, 25, 25, 27, 24, 23, 24, 24, 25, 26, 26, 23, 22, 22, 22, 20, 24, 23, 23, 25, 26, 27, 26, 27, 26, 24, 26, 24, 24, 24, 24, 25, 25, 28, 26, 28, 30], 1: [240, 242, 246, 246, 247, 251, 251, 251, 254, 257, 259, 264, 264, 264, 266, 267, 268, 269, 269, 273, 274, 275, 275, 275, 275, 279, 283, 283, 283, 287, 288, 289, 289, 290, 290, 291, 297, 298, 303, 303, 305, 305, 305, 307, 307, 307, 308, 308, 308, 308, 309, 310, 310, 310, 311, 312, 313, 313, 313, 314, 314, 318, 321, 321, 321, 321, 321, 326, 330, 331, 332, 333, 335, 337, 341, 343, 345, 346, 349, 349, 352, 352, 352, 352, 353, 356, 356, 361, 364, 365, 368, 369, 370, 371, 372, 374, 375, 379, 379, 379]}
960 {0: [29, 29, 25, 25, 29, 26, 27, 28, 27, 27, 25, 25, 26, 27, 25, 25, 26, 26, 26, 26, 26, 25, 25, 25, 25, 26, 24, 25, 25, 23, 26, 26, 26, 27, 27, 29, 25, 26, 22, 23, 22, 22, 23, 22, 22, 23, 22, 22, 22, 22, 22, 22, 22, 22, 23, 22, 22, 22, 22, 23, 25, 23, 22, 23, 25, 25, 27, 24, 23, 24, 24, 25, 26, 26, 23, 22, 22, 22, 20, 24, 23, 23, 25, 26, 27, 26, 27, 26, 24, 26, 24, 24, 24, 24, 25, 25, 28, 26, 28, 30], 1: [240, 242, 246, 246, 247, 251, 251, 251, 254, 257, 259, 264, 264, 264, 266, 267, 268, 269, 269, 273, 274, 275, 275, 275, 275, 279, 283, 283, 283, 287, 288, 289, 289, 290, 290, 291, 297, 298, 303, 303, 305, 305, 305, 307, 307, 307, 308, 308, 308, 308, 309, 310, 310, 310, 311, 312, 313, 313, 313, 314, 314, 318, 321, 321, 321, 321, 321, 326, 330, 331, 332, 333, 335, 337, 341, 343, 345, 346, 349, 349, 352, 352, 352, 352, 353, 356, 356, 361, 364, 365, 368, 369, 370, 371, 372, 374, 375, 379, 379, 379]}
470 {0: [28, 27, 25, 25, 26, 24, 24, 25, 22, 23, 26, 24, 23, 24, 24, 25, 25, 26, 28, 26, 22, 23, 24, 24, 26, 25, 26, 26, 27, 28, 27, 25, 26, 25, 24, 26, 26, 26, 28, 26, 26, 29, 27, 26, 26, 27, 26, 25, 26, 25, 26, 26, 26, 27, 23, 24, 24, 24, 23, 26, 25, 26, 25, 27, 25, 23, 23, 24, 23, 24, 24, 26, 24, 24, 26, 25, 24, 24, 27, 26, 27, 28, 27, 25, 27, 27, 27, 27, 26, 28, 29, 28, 27, 27, 29, 27, 28, 27, 27, 27], 1: [240, 242, 246, 249, 249, 253, 253, 255, 258, 258, 258, 261, 263, 264, 265, 265, 265, 266, 268, 272, 277, 277, 280, 281, 281, 283, 284, 285, 286, 288, 294, 297, 298, 299, 301, 302, 306, 308, 308, 311, 311, 311, 313, 315, 318, 318, 319, 322, 322, 323, 323, 325, 326, 327, 333, 334, 335, 335, 337, 337, 338, 341, 343, 346, 350, 355, 355, 356, 357, 357, 357, 358, 361, 363, 364, 366, 370, 370, 370, 372, 373, 376, 379, 383, 383, 384, 384, 386, 387, 387, 389, 392, 393, 395, 396, 399, 400, 402, 402, 402]}
738 {0: [29, 29, 25, 25, 29, 26, 27, 28, 27, 27, 25, 25, 26, 27, 25, 25, 26, 26, 26, 26, 26, 25, 25, 25, 25, 26, 24, 25, 25, 23, 26, 26, 26, 27, 27, 29, 25, 26, 22, 23, 22, 22, 23, 22, 22, 23, 22, 22, 22, 22, 22, 22, 22, 22, 23, 22, 22, 22, 22, 23, 25, 23, 22, 23, 25, 25, 27, 24, 23, 24, 24, 25, 26, 26, 23, 22, 22, 22, 20, 24, 23, 23, 25, 26, 27, 26, 27, 26, 24, 26, 24, 24, 24, 24, 25, 25, 28, 26, 28, 30], 1: [240, 242, 246, 246, 247, 251, 251, 251, 254, 257, 259, 264, 264, 264, 266, 267, 268, 269, 269, 273, 274, 275, 275, 275, 275, 279, 283, 283, 283, 287, 288, 289, 289, 290, 290, 291, 297, 298, 303, 303, 305, 305, 305, 307, 307, 307, 308, 308, 308, 308, 309, 310, 310, 310, 311, 312, 313, 313, 313, 314, 314, 318, 321, 321, 321, 321, 321, 326, 330, 331, 332, 333, 335, 337, 341, 343, 345, 346, 349, 349, 352, 352, 352, 352, 353, 356, 356, 361, 364, 365, 368, 369, 370, 371, 372, 374, 375, 379, 379, 379]}
225 {0: [29, 29, 25, 25, 29, 26, 27, 28, 27, 27, 25, 25, 26, 27, 25, 25, 26, 26, 26, 26, 26, 25, 25, 25, 25, 26, 24, 25, 25, 23, 26, 26, 26, 27, 27, 29, 25, 26, 22, 23, 22, 22, 23, 22, 22, 23, 22, 22, 22, 22, 22, 22, 22, 22, 23, 22, 22, 22, 22, 23, 25, 23, 22, 23, 25, 25, 27, 24, 23, 24, 24, 25, 26, 26, 23, 22, 22, 22, 20, 24, 23, 23, 25, 26, 27, 26, 27, 26, 24, 26, 24, 24, 24, 24, 25, 25, 28, 26, 28, 30], 1: [240, 242, 246, 246, 247, 251, 251, 251, 254, 257, 259, 264, 264, 264, 266, 267, 268, 269, 269, 273, 274, 275, 275, 275, 275, 279, 283, 283, 283, 287, 288, 289, 289, 290, 290, 291, 297, 298, 303, 303, 305, 305, 305, 307, 307, 307, 308, 308, 308, 308, 309, 310, 310, 310, 311, 312, 313, 313, 313, 314, 314, 318, 321, 321, 321, 321, 321, 326, 330, 331, 332, 333, 335, 337, 341, 343, 345, 346, 349, 349, 352, 352, 352, 352, 353, 356, 356, 361, 364, 365, 368, 369, 370, 371, 372, 374, 375, 379, 379, 379]}
961 {0: [29, 29, 25, 25, 29, 26, 27, 28, 27, 27, 25, 25, 26, 27, 25, 25, 26, 26, 26, 26, 26, 25, 25, 25, 25, 26, 24, 25, 25, 23, 26, 26, 26, 27, 27, 29, 25, 26, 22, 23, 22, 22, 23, 22, 22, 23, 22, 22, 22, 22, 22, 22, 22, 22, 23, 22, 22, 22, 22, 23, 25, 23, 22, 23, 25, 25, 27, 24, 23, 24, 24, 25, 26, 26, 23, 22, 22, 22, 20, 24, 23, 23, 25, 26, 27, 26, 27, 26, 24, 26, 24, 24, 24, 24, 25, 25, 28, 26, 28, 30], 1: [240, 242, 246, 246, 247, 251, 251, 251, 254, 257, 259, 264, 264, 264, 266, 267, 268, 269, 269, 273, 274, 275, 275, 275, 275, 279, 283, 283, 283, 287, 288, 289, 289, 290, 290, 291, 297, 298, 303, 303, 305, 305, 305, 307, 307, 307, 308, 308, 308, 308, 309, 310, 310, 310, 311, 312, 313, 313, 313, 314, 314, 318, 321, 321, 321, 321, 321, 326, 330, 331, 332, 333, 335, 337, 341, 343, 345, 346, 349, 349, 352, 352, 352, 352, 353, 356, 356, 361, 364, 365, 368, 369, 370, 371, 372, 374, 375, 379, 379, 379]}
471 {0: [28, 30, 27, 24, 22, 22, 22, 22, 22, 22, 22, 23, 23, 24, 24, 25, 25, 28, 27, 26, 27, 28, 26, 24, 24, 24, 24, 25, 26, 24, 25, 24, 26, 25, 26, 28, 25, 26, 26, 25, 24, 24, 23, 24, 24, 25, 27, 27, 26, 28, 26, 28, 28, 28, 28, 27, 27, 28, 27, 27, 27, 27, 28, 26, 26, 26, 26, 25, 24, 25, 25, 27, 27, 29, 26, 28, 27, 25, 25, 24, 26, 25, 24, 25, 25, 25, 24, 25, 25, 24, 24, 24, 26, 28, 25, 24, 24, 24, 27, 26], 1: [239, 241, 246, 249, 252, 252, 252, 253, 254, 256, 256, 256, 256, 258, 260, 262, 263, 264, 266, 268, 268, 270, 274, 276, 277, 278, 278, 278, 279, 282, 284, 287, 287, 288, 288, 289, 294, 297, 299, 301, 303, 306, 307, 308, 310, 312, 312, 313, 317, 317, 319, 320, 321, 322, 322, 324, 324, 326, 328, 329, 330, 330, 330, 332, 334, 336, 337, 338, 339, 340, 341, 343, 344, 347, 354, 354, 357, 359, 360, 362, 362, 364, 365, 365, 365, 366, 368, 368, 370, 373, 374, 374, 375, 375, 379, 381, 381, 381, 381, 386]}
739 {0: [28, 27, 25, 25, 26, 24, 24, 25, 22, 23, 26, 24, 23, 24, 24, 25, 25, 26, 28, 26, 22, 23, 24, 24, 26, 25, 26, 26, 27, 28, 27, 25, 26, 25, 24, 26, 26, 26, 28, 26, 26, 29, 27, 26, 26, 27, 26, 25, 26, 25, 26, 26, 26, 27, 23, 24, 24, 24, 23, 26, 25, 26, 25, 27, 25, 23, 23, 24, 23, 24, 24, 26, 24, 24, 26, 25, 24, 24, 27, 26, 27, 28, 27, 25, 27, 27, 27, 27, 26, 28, 29, 28, 27, 27, 29, 27, 28, 27, 27, 27], 1: [240, 242, 246, 249, 249, 253, 253, 255, 258, 258, 258, 261, 263, 264, 265, 265, 265, 266, 268, 272, 277, 277, 280, 281, 281, 283, 284, 285, 286, 288, 294, 297, 298, 299, 301, 302, 306, 308, 308, 311, 311, 311, 313, 315, 318, 318, 319, 322, 322, 323, 323, 325, 326, 327, 333, 334, 335, 335, 337, 337, 338, 341, 343, 346, 350, 355, 355, 356, 357, 357, 357, 358, 361, 363, 364, 366, 370, 370, 370, 372, 373, 376, 379, 383, 383, 384, 384, 386, 387, 387, 389, 392, 393, 395, 396, 399, 400, 402, 402, 402]}
226 {0: [29, 29, 25, 25, 29, 26, 27, 28, 27, 27, 25, 25, 26, 27, 25, 25, 26, 26, 26, 26, 26, 25, 25, 25, 25, 26, 24, 25, 25, 23, 26, 26, 26, 27, 27, 29, 25, 26, 22, 23, 22, 22, 23, 22, 22, 23, 22, 22, 22, 22, 22, 22, 22, 22, 23, 22, 22, 22, 22, 23, 25, 23, 22, 23, 25, 25, 27, 24, 23, 24, 24, 25, 26, 26, 23, 22, 22, 22, 20, 24, 23, 23, 25, 26, 27, 26, 27, 26, 24, 26, 24, 24, 24, 24, 25, 25, 28, 26, 28, 30], 1: [240, 242, 246, 246, 247, 251, 251, 251, 254, 257, 259, 264, 264, 264, 266, 267, 268, 269, 269, 273, 274, 275, 275, 275, 275, 279, 283, 283, 283, 287, 288, 289, 289, 290, 290, 291, 297, 298, 303, 303, 305, 305, 305, 307, 307, 307, 308, 308, 308, 308, 309, 310, 310, 310, 311, 312, 313, 313, 313, 314, 314, 318, 321, 321, 321, 321, 321, 326, 330, 331, 332, 333, 335, 337, 341, 343, 345, 346, 349, 349, 352, 352, 352, 352, 353, 356, 356, 361, 364, 365, 368, 369, 370, 371, 372, 374, 375, 379, 379, 379]}
962 {0: [29, 29, 25, 25, 29, 26, 27, 28, 27, 27, 25, 25, 26, 27, 25, 25, 26, 26, 26, 26, 26, 25, 25, 25, 25, 26, 24, 25, 25, 23, 26, 26, 26, 27, 27, 29, 25, 26, 22, 23, 22, 22, 23, 22, 22, 23, 22, 22, 22, 22, 22, 22, 22, 22, 23, 22, 22, 22, 22, 23, 25, 23, 22, 23, 25, 25, 27, 24, 23, 24, 24, 25, 26, 26, 23, 22, 22, 22, 20, 24, 23, 23, 25, 26, 27, 26, 27, 26, 24, 26, 24, 24, 24, 24, 25, 25, 28, 26, 28, 30], 1: [240, 242, 246, 246, 247, 251, 251, 251, 254, 257, 259, 264, 264, 264, 266, 267, 268, 269, 269, 273, 274, 275, 275, 275, 275, 279, 283, 283, 283, 287, 288, 289, 289, 290, 290, 291, 297, 298, 303, 303, 305, 305, 305, 307, 307, 307, 308, 308, 308, 308, 309, 310, 310, 310, 311, 312, 313, 313, 313, 314, 314, 318, 321, 321, 321, 321, 321, 326, 330, 331, 332, 333, 335, 337, 341, 343, 345, 346, 349, 349, 352, 352, 352, 352, 353, 356, 356, 361, 364, 365, 368, 369, 370, 371, 372, 374, 375, 379, 379, 379]}
472 {0: [29, 29, 25, 25, 29, 26, 27, 28, 27, 27, 25, 25, 26, 27, 25, 25, 26, 26, 26, 26, 26, 25, 25, 25, 25, 26, 24, 25, 25, 23, 26, 26, 26, 27, 27, 29, 25, 26, 22, 23, 22, 22, 23, 22, 22, 23, 22, 22, 22, 22, 22, 22, 22, 22, 23, 22, 22, 22, 22, 23, 25, 23, 22, 23, 25, 25, 27, 24, 23, 24, 24, 25, 26, 26, 23, 22, 22, 22, 20, 24, 23, 23, 25, 26, 27, 26, 27, 26, 24, 26, 24, 24, 24, 24, 25, 25, 28, 26, 28, 30], 1: [240, 242, 246, 246, 247, 251, 251, 251, 254, 257, 259, 264, 264, 264, 266, 267, 268, 269, 269, 273, 274, 275, 275, 275, 275, 279, 283, 283, 283, 287, 288, 289, 289, 290, 290, 291, 297, 298, 303, 303, 305, 305, 305, 307, 307, 307, 308, 308, 308, 308, 309, 310, 310, 310, 311, 312, 313, 313, 313, 314, 314, 318, 321, 321, 321, 321, 321, 326, 330, 331, 332, 333, 335, 337, 341, 343, 345, 346, 349, 349, 352, 352, 352, 352, 353, 356, 356, 361, 364, 365, 368, 369, 370, 371, 372, 374, 375, 379, 379, 379]}
740 {0: [29, 29, 25, 25, 29, 26, 27, 28, 27, 27, 25, 25, 26, 27, 25, 25, 26, 26, 26, 26, 26, 25, 25, 25, 25, 26, 24, 25, 25, 23, 26, 26, 26, 27, 27, 29, 25, 26, 22, 23, 22, 22, 23, 22, 22, 23, 22, 22, 22, 22, 22, 22, 22, 22, 23, 22, 22, 22, 22, 23, 25, 23, 22, 23, 25, 25, 27, 24, 23, 24, 24, 25, 26, 26, 23, 22, 22, 22, 20, 24, 23, 23, 25, 26, 27, 26, 27, 26, 24, 26, 24, 24, 24, 24, 25, 25, 28, 26, 28, 30], 1: [240, 242, 246, 246, 247, 251, 251, 251, 254, 257, 259, 264, 264, 264, 266, 267, 268, 269, 269, 273, 274, 275, 275, 275, 275, 279, 283, 283, 283, 287, 288, 289, 289, 290, 290, 291, 297, 298, 303, 303, 305, 305, 305, 307, 307, 307, 308, 308, 308, 308, 309, 310, 310, 310, 311, 312, 313, 313, 313, 314, 314, 318, 321, 321, 321, 321, 321, 326, 330, 331, 332, 333, 335, 337, 341, 343, 345, 346, 349, 349, 352, 352, 352, 352, 353, 356, 356, 361, 364, 365, 368, 369, 370, 371, 372, 374, 375, 379, 379, 379]}
227 {0: [29, 29, 25, 25, 29, 26, 27, 28, 27, 27, 25, 25, 26, 27, 25, 25, 26, 26, 26, 26, 26, 25, 25, 25, 25, 26, 24, 25, 25, 23, 26, 26, 26, 27, 27, 29, 25, 26, 22, 23, 22, 22, 23, 22, 22, 23, 22, 22, 22, 22, 22, 22, 22, 22, 23, 22, 22, 22, 22, 23, 25, 23, 22, 23, 25, 25, 27, 24, 23, 24, 24, 25, 26, 26, 23, 22, 22, 22, 20, 24, 23, 23, 25, 26, 27, 26, 27, 26, 24, 26, 24, 24, 24, 24, 25, 25, 28, 26, 28, 30], 1: [240, 242, 246, 246, 247, 251, 251, 251, 254, 257, 259, 264, 264, 264, 266, 267, 268, 269, 269, 273, 274, 275, 275, 275, 275, 279, 283, 283, 283, 287, 288, 289, 289, 290, 290, 291, 297, 298, 303, 303, 305, 305, 305, 307, 307, 307, 308, 308, 308, 308, 309, 310, 310, 310, 311, 312, 313, 313, 313, 314, 314, 318, 321, 321, 321, 321, 321, 326, 330, 331, 332, 333, 335, 337, 341, 343, 345, 346, 349, 349, 352, 352, 352, 352, 353, 356, 356, 361, 364, 365, 368, 369, 370, 371, 372, 374, 375, 379, 379, 379]}
963 {0: [29, 29, 25, 25, 29, 26, 27, 28, 27, 27, 25, 25, 26, 27, 25, 25, 26, 26, 26, 26, 26, 25, 25, 25, 25, 26, 24, 25, 25, 23, 26, 26, 26, 27, 27, 29, 25, 26, 22, 23, 22, 22, 23, 22, 22, 23, 22, 22, 22, 22, 22, 22, 22, 22, 23, 22, 22, 22, 22, 23, 25, 23, 22, 23, 25, 25, 27, 24, 23, 24, 24, 25, 26, 26, 23, 22, 22, 22, 20, 24, 23, 23, 25, 26, 27, 26, 27, 26, 24, 26, 24, 24, 24, 24, 25, 25, 28, 26, 28, 30], 1: [240, 242, 246, 246, 247, 251, 251, 251, 254, 257, 259, 264, 264, 264, 266, 267, 268, 269, 269, 273, 274, 275, 275, 275, 275, 279, 283, 283, 283, 287, 288, 289, 289, 290, 290, 291, 297, 298, 303, 303, 305, 305, 305, 307, 307, 307, 308, 308, 308, 308, 309, 310, 310, 310, 311, 312, 313, 313, 313, 314, 314, 318, 321, 321, 321, 321, 321, 326, 330, 331, 332, 333, 335, 337, 341, 343, 345, 346, 349, 349, 352, 352, 352, 352, 353, 356, 356, 361, 364, 365, 368, 369, 370, 371, 372, 374, 375, 379, 379, 379]}
473 {0: [29, 29, 25, 25, 29, 26, 27, 28, 27, 27, 25, 25, 26, 27, 25, 25, 26, 26, 26, 26, 26, 25, 25, 25, 25, 26, 24, 25, 25, 23, 26, 26, 26, 27, 27, 29, 25, 26, 22, 23, 22, 22, 23, 22, 22, 23, 22, 22, 22, 22, 22, 22, 22, 22, 23, 22, 22, 22, 22, 23, 25, 23, 22, 23, 25, 25, 27, 24, 23, 24, 24, 25, 26, 26, 23, 22, 22, 22, 20, 24, 23, 23, 25, 26, 27, 26, 27, 26, 24, 26, 24, 24, 24, 24, 25, 25, 28, 26, 28, 30], 1: [240, 242, 246, 246, 247, 251, 251, 251, 254, 257, 259, 264, 264, 264, 266, 267, 268, 269, 269, 273, 274, 275, 275, 275, 275, 279, 283, 283, 283, 287, 288, 289, 289, 290, 290, 291, 297, 298, 303, 303, 305, 305, 305, 307, 307, 307, 308, 308, 308, 308, 309, 310, 310, 310, 311, 312, 313, 313, 313, 314, 314, 318, 321, 321, 321, 321, 321, 326, 330, 331, 332, 333, 335, 337, 341, 343, 345, 346, 349, 349, 352, 352, 352, 352, 353, 356, 356, 361, 364, 365, 368, 369, 370, 371, 372, 374, 375, 379, 379, 379]}
741 {0: [29, 29, 25, 25, 29, 26, 27, 28, 27, 27, 25, 25, 26, 27, 25, 25, 26, 26, 26, 26, 26, 25, 25, 25, 25, 26, 24, 25, 25, 23, 26, 26, 26, 27, 27, 29, 25, 26, 22, 23, 22, 22, 23, 22, 22, 23, 22, 22, 22, 22, 22, 22, 22, 22, 23, 22, 22, 22, 22, 23, 25, 23, 22, 23, 25, 25, 27, 24, 23, 24, 24, 25, 26, 26, 23, 22, 22, 22, 20, 24, 23, 23, 25, 26, 27, 26, 27, 26, 24, 26, 24, 24, 24, 24, 25, 25, 28, 26, 28, 30], 1: [240, 242, 246, 246, 247, 251, 251, 251, 254, 257, 259, 264, 264, 264, 266, 267, 268, 269, 269, 273, 274, 275, 275, 275, 275, 279, 283, 283, 283, 287, 288, 289, 289, 290, 290, 291, 297, 298, 303, 303, 305, 305, 305, 307, 307, 307, 308, 308, 308, 308, 309, 310, 310, 310, 311, 312, 313, 313, 313, 314, 314, 318, 321, 321, 321, 321, 321, 326, 330, 331, 332, 333, 335, 337, 341, 343, 345, 346, 349, 349, 352, 352, 352, 352, 353, 356, 356, 361, 364, 365, 368, 369, 370, 371, 372, 374, 375, 379, 379, 379]}
228 {0: [29, 29, 25, 25, 29, 26, 27, 28, 27, 27, 25, 25, 26, 27, 25, 25, 26, 26, 26, 26, 26, 25, 25, 25, 25, 26, 24, 25, 25, 23, 26, 26, 26, 27, 27, 29, 25, 26, 22, 23, 22, 22, 23, 22, 22, 23, 22, 22, 22, 22, 22, 22, 22, 22, 23, 22, 22, 22, 22, 23, 25, 23, 22, 23, 25, 25, 27, 24, 23, 24, 24, 25, 26, 26, 23, 22, 22, 22, 20, 24, 23, 23, 25, 26, 27, 26, 27, 26, 24, 26, 24, 24, 24, 24, 25, 25, 28, 26, 28, 30], 1: [240, 242, 246, 246, 247, 251, 251, 251, 254, 257, 259, 264, 264, 264, 266, 267, 268, 269, 269, 273, 274, 275, 275, 275, 275, 279, 283, 283, 283, 287, 288, 289, 289, 290, 290, 291, 297, 298, 303, 303, 305, 305, 305, 307, 307, 307, 308, 308, 308, 308, 309, 310, 310, 310, 311, 312, 313, 313, 313, 314, 314, 318, 321, 321, 321, 321, 321, 326, 330, 331, 332, 333, 335, 337, 341, 343, 345, 346, 349, 349, 352, 352, 352, 352, 353, 356, 356, 361, 364, 365, 368, 369, 370, 371, 372, 374, 375, 379, 379, 379]}
964 {0: [29, 29, 25, 25, 29, 26, 27, 28, 27, 27, 25, 25, 26, 27, 25, 25, 26, 26, 26, 26, 26, 25, 25, 25, 25, 26, 24, 25, 25, 23, 26, 26, 26, 27, 27, 29, 25, 26, 22, 23, 22, 22, 23, 22, 22, 23, 22, 22, 22, 22, 22, 22, 22, 22, 23, 22, 22, 22, 22, 23, 25, 23, 22, 23, 25, 25, 27, 24, 23, 24, 24, 25, 26, 26, 23, 22, 22, 22, 20, 24, 23, 23, 25, 26, 27, 26, 27, 26, 24, 26, 24, 24, 24, 24, 25, 25, 28, 26, 28, 30], 1: [240, 242, 246, 246, 247, 251, 251, 251, 254, 257, 259, 264, 264, 264, 266, 267, 268, 269, 269, 273, 274, 275, 275, 275, 275, 279, 283, 283, 283, 287, 288, 289, 289, 290, 290, 291, 297, 298, 303, 303, 305, 305, 305, 307, 307, 307, 308, 308, 308, 308, 309, 310, 310, 310, 311, 312, 313, 313, 313, 314, 314, 318, 321, 321, 321, 321, 321, 326, 330, 331, 332, 333, 335, 337, 341, 343, 345, 346, 349, 349, 352, 352, 352, 352, 353, 356, 356, 361, 364, 365, 368, 369, 370, 371, 372, 374, 375, 379, 379, 379]}
474 {0: [29, 29, 25, 25, 29, 26, 27, 28, 27, 27, 25, 25, 26, 27, 25, 25, 26, 26, 26, 26, 26, 25, 25, 25, 25, 26, 24, 25, 25, 23, 26, 26, 26, 27, 27, 29, 25, 26, 22, 23, 22, 22, 23, 22, 22, 23, 22, 22, 22, 22, 22, 22, 22, 22, 23, 22, 22, 22, 22, 23, 25, 23, 22, 23, 25, 25, 27, 24, 23, 24, 24, 25, 26, 26, 23, 22, 22, 22, 20, 24, 23, 23, 25, 26, 27, 26, 27, 26, 24, 26, 24, 24, 24, 24, 25, 25, 28, 26, 28, 30], 1: [240, 242, 246, 246, 247, 251, 251, 251, 254, 257, 259, 264, 264, 264, 266, 267, 268, 269, 269, 273, 274, 275, 275, 275, 275, 279, 283, 283, 283, 287, 288, 289, 289, 290, 290, 291, 297, 298, 303, 303, 305, 305, 305, 307, 307, 307, 308, 308, 308, 308, 309, 310, 310, 310, 311, 312, 313, 313, 313, 314, 314, 318, 321, 321, 321, 321, 321, 326, 330, 331, 332, 333, 335, 337, 341, 343, 345, 346, 349, 349, 352, 352, 352, 352, 353, 356, 356, 361, 364, 365, 368, 369, 370, 371, 372, 374, 375, 379, 379, 379]}
742 {0: [29, 29, 25, 25, 29, 26, 27, 28, 27, 27, 25, 25, 26, 27, 25, 25, 26, 26, 26, 26, 26, 25, 25, 25, 25, 26, 24, 25, 25, 23, 26, 26, 26, 27, 27, 29, 25, 26, 22, 23, 22, 22, 23, 22, 22, 23, 22, 22, 22, 22, 22, 22, 22, 22, 23, 22, 22, 22, 22, 23, 25, 23, 22, 23, 25, 25, 27, 24, 23, 24, 24, 25, 26, 26, 23, 22, 22, 22, 20, 24, 23, 23, 25, 26, 27, 26, 27, 26, 24, 26, 24, 24, 24, 24, 25, 25, 28, 26, 28, 30], 1: [240, 242, 246, 246, 247, 251, 251, 251, 254, 257, 259, 264, 264, 264, 266, 267, 268, 269, 269, 273, 274, 275, 275, 275, 275, 279, 283, 283, 283, 287, 288, 289, 289, 290, 290, 291, 297, 298, 303, 303, 305, 305, 305, 307, 307, 307, 308, 308, 308, 308, 309, 310, 310, 310, 311, 312, 313, 313, 313, 314, 314, 318, 321, 321, 321, 321, 321, 326, 330, 331, 332, 333, 335, 337, 341, 343, 345, 346, 349, 349, 352, 352, 352, 352, 353, 356, 356, 361, 364, 365, 368, 369, 370, 371, 372, 374, 375, 379, 379, 379]}
229 {0: [29, 29, 25, 25, 29, 26, 27, 28, 27, 27, 25, 25, 26, 27, 25, 25, 26, 26, 26, 26, 26, 25, 25, 25, 25, 26, 24, 25, 25, 23, 26, 26, 26, 27, 27, 29, 25, 26, 22, 23, 22, 22, 23, 22, 22, 23, 22, 22, 22, 22, 22, 22, 22, 22, 23, 22, 22, 22, 22, 23, 25, 23, 22, 23, 25, 25, 27, 24, 23, 24, 24, 25, 26, 26, 23, 22, 22, 22, 20, 24, 23, 23, 25, 26, 27, 26, 27, 26, 24, 26, 24, 24, 24, 24, 25, 25, 28, 26, 28, 30], 1: [240, 242, 246, 246, 247, 251, 251, 251, 254, 257, 259, 264, 264, 264, 266, 267, 268, 269, 269, 273, 274, 275, 275, 275, 275, 279, 283, 283, 283, 287, 288, 289, 289, 290, 290, 291, 297, 298, 303, 303, 305, 305, 305, 307, 307, 307, 308, 308, 308, 308, 309, 310, 310, 310, 311, 312, 313, 313, 313, 314, 314, 318, 321, 321, 321, 321, 321, 326, 330, 331, 332, 333, 335, 337, 341, 343, 345, 346, 349, 349, 352, 352, 352, 352, 353, 356, 356, 361, 364, 365, 368, 369, 370, 371, 372, 374, 375, 379, 379, 379]}
965 {0: [28, 27, 25, 25, 26, 24, 24, 25, 22, 23, 26, 24, 23, 24, 24, 25, 25, 26, 28, 26, 22, 23, 24, 24, 26, 25, 26, 26, 27, 28, 27, 25, 26, 25, 24, 26, 26, 26, 28, 26, 26, 29, 27, 26, 26, 27, 26, 25, 26, 25, 26, 26, 26, 27, 23, 24, 24, 24, 23, 26, 25, 26, 25, 27, 25, 23, 23, 24, 23, 24, 24, 26, 24, 24, 26, 25, 24, 24, 27, 26, 27, 28, 27, 25, 27, 27, 27, 27, 26, 28, 29, 28, 27, 27, 29, 27, 28, 27, 27, 27], 1: [240, 242, 246, 249, 249, 253, 253, 255, 258, 258, 258, 261, 263, 264, 265, 265, 265, 266, 268, 272, 277, 277, 280, 281, 281, 283, 284, 285, 286, 288, 294, 297, 298, 299, 301, 302, 306, 308, 308, 311, 311, 311, 313, 315, 318, 318, 319, 322, 322, 323, 323, 325, 326, 327, 333, 334, 335, 335, 337, 337, 338, 341, 343, 346, 350, 355, 355, 356, 357, 357, 357, 358, 361, 363, 364, 366, 370, 370, 370, 372, 373, 376, 379, 383, 383, 384, 384, 386, 387, 387, 389, 392, 393, 395, 396, 399, 400, 402, 402, 402]}
475 {0: [29, 27, 27, 26, 24, 24, 23, 23, 23, 22, 22, 24, 23, 24, 23, 22, 24, 24, 24, 24, 24, 24, 26, 24, 27, 24, 23, 23, 23, 24, 23, 22, 24, 23, 23, 23, 25, 25, 24, 23, 25, 24, 25, 24, 25, 25, 24, 25, 25, 27, 25, 29, 25, 27, 26, 28, 22, 23, 22, 23, 22, 23, 27, 27, 27, 27, 28, 27, 28, 28, 28, 25, 27, 28, 29, 27, 29, 28, 28, 28, 26, 27, 28, 27, 28, 30, 28, 28, 27, 28, 29, 28, 26, 27, 28, 29, 27, 26, 26, 27], 1: [240, 243, 245, 248, 252, 253, 254, 254, 255, 256, 256, 256, 261, 262, 264, 265, 265, 266, 268, 268, 269, 269, 272, 274, 276, 281, 282, 282, 284, 285, 289, 291, 292, 293, 295, 296, 296, 300, 302, 303, 303, 305, 305, 306, 307, 309, 310, 310, 311, 313, 315, 315, 320, 321, 322, 323, 330, 332, 333, 334, 335, 335, 335, 336, 336, 336, 337, 341, 343, 346, 349, 354, 355, 357, 357, 359, 359, 361, 363, 365, 368, 368, 368, 370, 371, 371, 373, 374, 376, 378, 378, 384, 387, 387, 387, 390, 393, 395, 395, 395]}
743 {0: [29, 29, 25, 25, 29, 26, 27, 28, 27, 27, 25, 25, 26, 27, 25, 25, 26, 26, 26, 26, 26, 25, 25, 25, 25, 26, 24, 25, 25, 23, 26, 26, 26, 27, 27, 29, 25, 26, 22, 23, 22, 22, 23, 22, 22, 23, 22, 22, 22, 22, 22, 22, 22, 22, 23, 22, 22, 22, 22, 23, 25, 23, 22, 23, 25, 25, 27, 24, 23, 24, 24, 25, 26, 26, 23, 22, 22, 22, 20, 24, 23, 23, 25, 26, 27, 26, 27, 26, 24, 26, 24, 24, 24, 24, 25, 25, 28, 26, 28, 30], 1: [240, 242, 246, 246, 247, 251, 251, 251, 254, 257, 259, 264, 264, 264, 266, 267, 268, 269, 269, 273, 274, 275, 275, 275, 275, 279, 283, 283, 283, 287, 288, 289, 289, 290, 290, 291, 297, 298, 303, 303, 305, 305, 305, 307, 307, 307, 308, 308, 308, 308, 309, 310, 310, 310, 311, 312, 313, 313, 313, 314, 314, 318, 321, 321, 321, 321, 321, 326, 330, 331, 332, 333, 335, 337, 341, 343, 345, 346, 349, 349, 352, 352, 352, 352, 353, 356, 356, 361, 364, 365, 368, 369, 370, 371, 372, 374, 375, 379, 379, 379]}
230 {0: [29, 29, 25, 25, 29, 26, 27, 28, 27, 27, 25, 25, 26, 27, 25, 25, 26, 26, 26, 26, 26, 25, 25, 25, 25, 26, 24, 25, 25, 23, 26, 26, 26, 27, 27, 29, 25, 26, 22, 23, 22, 22, 23, 22, 22, 23, 22, 22, 22, 22, 22, 22, 22, 22, 23, 22, 22, 22, 22, 23, 25, 23, 22, 23, 25, 25, 27, 24, 23, 24, 24, 25, 26, 26, 23, 22, 22, 22, 20, 24, 23, 23, 25, 26, 27, 26, 27, 26, 24, 26, 24, 24, 24, 24, 25, 25, 28, 26, 28, 30], 1: [240, 242, 246, 246, 247, 251, 251, 251, 254, 257, 259, 264, 264, 264, 266, 267, 268, 269, 269, 273, 274, 275, 275, 275, 275, 279, 283, 283, 283, 287, 288, 289, 289, 290, 290, 291, 297, 298, 303, 303, 305, 305, 305, 307, 307, 307, 308, 308, 308, 308, 309, 310, 310, 310, 311, 312, 313, 313, 313, 314, 314, 318, 321, 321, 321, 321, 321, 326, 330, 331, 332, 333, 335, 337, 341, 343, 345, 346, 349, 349, 352, 352, 352, 352, 353, 356, 356, 361, 364, 365, 368, 369, 370, 371, 372, 374, 375, 379, 379, 379]}
966 {0: [28, 27, 25, 25, 26, 24, 24, 25, 22, 23, 26, 24, 23, 24, 24, 25, 25, 26, 28, 26, 22, 23, 24, 24, 26, 25, 26, 26, 27, 28, 27, 25, 26, 25, 24, 26, 26, 26, 28, 26, 26, 29, 27, 26, 26, 27, 26, 25, 26, 25, 26, 26, 26, 27, 23, 24, 24, 24, 23, 26, 25, 26, 25, 27, 25, 23, 23, 24, 23, 24, 24, 26, 24, 24, 26, 25, 24, 24, 27, 26, 27, 28, 27, 25, 27, 27, 27, 27, 26, 28, 29, 28, 27, 27, 29, 27, 28, 27, 27, 27], 1: [240, 242, 246, 249, 249, 253, 253, 255, 258, 258, 258, 261, 263, 264, 265, 265, 265, 266, 268, 272, 277, 277, 280, 281, 281, 283, 284, 285, 286, 288, 294, 297, 298, 299, 301, 302, 306, 308, 308, 311, 311, 311, 313, 315, 318, 318, 319, 322, 322, 323, 323, 325, 326, 327, 333, 334, 335, 335, 337, 337, 338, 341, 343, 346, 350, 355, 355, 356, 357, 357, 357, 358, 361, 363, 364, 366, 370, 370, 370, 372, 373, 376, 379, 383, 383, 384, 384, 386, 387, 387, 389, 392, 393, 395, 396, 399, 400, 402, 402, 402]}
476 {0: [29, 29, 25, 25, 29, 26, 27, 28, 27, 27, 25, 25, 26, 27, 25, 25, 26, 26, 26, 26, 26, 25, 25, 25, 25, 26, 24, 25, 25, 23, 26, 26, 26, 27, 27, 29, 25, 26, 22, 23, 22, 22, 23, 22, 22, 23, 22, 22, 22, 22, 22, 22, 22, 22, 23, 22, 22, 22, 22, 23, 25, 23, 22, 23, 25, 25, 27, 24, 23, 24, 24, 25, 26, 26, 23, 22, 22, 22, 20, 24, 23, 23, 25, 26, 27, 26, 27, 26, 24, 26, 24, 24, 24, 24, 25, 25, 28, 26, 28, 30], 1: [240, 242, 246, 246, 247, 251, 251, 251, 254, 257, 259, 264, 264, 264, 266, 267, 268, 269, 269, 273, 274, 275, 275, 275, 275, 279, 283, 283, 283, 287, 288, 289, 289, 290, 290, 291, 297, 298, 303, 303, 305, 305, 305, 307, 307, 307, 308, 308, 308, 308, 309, 310, 310, 310, 311, 312, 313, 313, 313, 314, 314, 318, 321, 321, 321, 321, 321, 326, 330, 331, 332, 333, 335, 337, 341, 343, 345, 346, 349, 349, 352, 352, 352, 352, 353, 356, 356, 361, 364, 365, 368, 369, 370, 371, 372, 374, 375, 379, 379, 379]}
744 {0: [29, 29, 25, 25, 29, 26, 27, 28, 27, 27, 25, 25, 26, 27, 25, 25, 26, 26, 26, 26, 26, 25, 25, 25, 25, 26, 24, 25, 25, 23, 26, 26, 26, 27, 27, 29, 25, 26, 22, 23, 22, 22, 23, 22, 22, 23, 22, 22, 22, 22, 22, 22, 22, 22, 23, 22, 22, 22, 22, 23, 25, 23, 22, 23, 25, 25, 27, 24, 23, 24, 24, 25, 26, 26, 23, 22, 22, 22, 20, 24, 23, 23, 25, 26, 27, 26, 27, 26, 24, 26, 24, 24, 24, 24, 25, 25, 28, 26, 28, 30], 1: [240, 242, 246, 246, 247, 251, 251, 251, 254, 257, 259, 264, 264, 264, 266, 267, 268, 269, 269, 273, 274, 275, 275, 275, 275, 279, 283, 283, 283, 287, 288, 289, 289, 290, 290, 291, 297, 298, 303, 303, 305, 305, 305, 307, 307, 307, 308, 308, 308, 308, 309, 310, 310, 310, 311, 312, 313, 313, 313, 314, 314, 318, 321, 321, 321, 321, 321, 326, 330, 331, 332, 333, 335, 337, 341, 343, 345, 346, 349, 349, 352, 352, 352, 352, 353, 356, 356, 361, 364, 365, 368, 369, 370, 371, 372, 374, 375, 379, 379, 379]}
231 {0: [29, 31, 28, 28, 24, 26, 26, 26, 26, 26, 27, 28, 27, 28, 27, 28, 28, 30, 28, 28, 29, 27, 27, 26, 29, 25, 26, 28, 29, 28, 28, 28, 28, 27, 27, 27, 25, 26, 28, 28, 28, 25, 26, 27, 26, 27, 28, 25, 25, 25, 26, 26, 26, 25, 23, 23, 24, 24, 24, 23, 24, 24, 26, 24, 24, 24, 23, 23, 28, 26, 25, 26, 27, 27, 22, 22, 22, 22, 23, 25, 24, 26, 25, 26, 28, 24, 23, 22, 22, 21, 22, 21, 22, 23, 25, 26, 25, 27, 28, 25], 1: [239, 242, 247, 250, 255, 255, 257, 258, 259, 261, 262, 263, 264, 264, 267, 268, 270, 271, 276, 278, 281, 285, 287, 290, 291, 296, 297, 299, 300, 304, 307, 309, 309, 311, 311, 312, 315, 315, 315, 316, 318, 321, 324, 327, 330, 330, 333, 336, 341, 341, 343, 345, 348, 352, 354, 354, 357, 358, 360, 362, 362, 365, 365, 369, 370, 370, 373, 373, 373, 377, 378, 378, 380, 382, 388, 390, 392, 393, 394, 397, 398, 398, 401, 401, 402, 407, 412, 413, 414, 415, 415, 417, 419, 422, 423, 425, 428, 428, 429, 433]}
967 {0: [29, 29, 25, 25, 29, 26, 27, 28, 27, 27, 25, 25, 26, 27, 25, 25, 26, 26, 26, 26, 26, 25, 25, 25, 25, 26, 24, 25, 25, 23, 26, 26, 26, 27, 27, 29, 25, 26, 22, 23, 22, 22, 23, 22, 22, 23, 22, 22, 22, 22, 22, 22, 22, 22, 23, 22, 22, 22, 22, 23, 25, 23, 22, 23, 25, 25, 27, 24, 23, 24, 24, 25, 26, 26, 23, 22, 22, 22, 20, 24, 23, 23, 25, 26, 27, 26, 27, 26, 24, 26, 24, 24, 24, 24, 25, 25, 28, 26, 28, 30], 1: [240, 242, 246, 246, 247, 251, 251, 251, 254, 257, 259, 264, 264, 264, 266, 267, 268, 269, 269, 273, 274, 275, 275, 275, 275, 279, 283, 283, 283, 287, 288, 289, 289, 290, 290, 291, 297, 298, 303, 303, 305, 305, 305, 307, 307, 307, 308, 308, 308, 308, 309, 310, 310, 310, 311, 312, 313, 313, 313, 314, 314, 318, 321, 321, 321, 321, 321, 326, 330, 331, 332, 333, 335, 337, 341, 343, 345, 346, 349, 349, 352, 352, 352, 352, 353, 356, 356, 361, 364, 365, 368, 369, 370, 371, 372, 374, 375, 379, 379, 379]}
477 {0: [29, 29, 25, 25, 29, 26, 27, 28, 27, 27, 25, 25, 26, 27, 25, 25, 26, 26, 26, 26, 26, 25, 25, 25, 25, 26, 24, 25, 25, 23, 26, 26, 26, 27, 27, 29, 25, 26, 22, 23, 22, 22, 23, 22, 22, 23, 22, 22, 22, 22, 22, 22, 22, 22, 23, 22, 22, 22, 22, 23, 25, 23, 22, 23, 25, 25, 27, 24, 23, 24, 24, 25, 26, 26, 23, 22, 22, 22, 20, 24, 23, 23, 25, 26, 27, 26, 27, 26, 24, 26, 24, 24, 24, 24, 25, 25, 28, 26, 28, 30], 1: [240, 242, 246, 246, 247, 251, 251, 251, 254, 257, 259, 264, 264, 264, 266, 267, 268, 269, 269, 273, 274, 275, 275, 275, 275, 279, 283, 283, 283, 287, 288, 289, 289, 290, 290, 291, 297, 298, 303, 303, 305, 305, 305, 307, 307, 307, 308, 308, 308, 308, 309, 310, 310, 310, 311, 312, 313, 313, 313, 314, 314, 318, 321, 321, 321, 321, 321, 326, 330, 331, 332, 333, 335, 337, 341, 343, 345, 346, 349, 349, 352, 352, 352, 352, 353, 356, 356, 361, 364, 365, 368, 369, 370, 371, 372, 374, 375, 379, 379, 379]}
745 {0: [29, 29, 25, 25, 29, 26, 27, 28, 27, 27, 25, 25, 26, 27, 25, 25, 26, 26, 26, 26, 26, 25, 25, 25, 25, 26, 24, 25, 25, 23, 26, 26, 26, 27, 27, 29, 25, 26, 22, 23, 22, 22, 23, 22, 22, 23, 22, 22, 22, 22, 22, 22, 22, 22, 23, 22, 22, 22, 22, 23, 25, 23, 22, 23, 25, 25, 27, 24, 23, 24, 24, 25, 26, 26, 23, 22, 22, 22, 20, 24, 23, 23, 25, 26, 27, 26, 27, 26, 24, 26, 24, 24, 24, 24, 25, 25, 28, 26, 28, 30], 1: [240, 242, 246, 246, 247, 251, 251, 251, 254, 257, 259, 264, 264, 264, 266, 267, 268, 269, 269, 273, 274, 275, 275, 275, 275, 279, 283, 283, 283, 287, 288, 289, 289, 290, 290, 291, 297, 298, 303, 303, 305, 305, 305, 307, 307, 307, 308, 308, 308, 308, 309, 310, 310, 310, 311, 312, 313, 313, 313, 314, 314, 318, 321, 321, 321, 321, 321, 326, 330, 331, 332, 333, 335, 337, 341, 343, 345, 346, 349, 349, 352, 352, 352, 352, 353, 356, 356, 361, 364, 365, 368, 369, 370, 371, 372, 374, 375, 379, 379, 379]}
232 {0: [29, 29, 25, 25, 29, 26, 27, 28, 27, 27, 25, 25, 26, 27, 25, 25, 26, 26, 26, 26, 26, 25, 25, 25, 25, 26, 24, 25, 25, 23, 26, 26, 26, 27, 27, 29, 25, 26, 22, 23, 22, 22, 23, 22, 22, 23, 22, 22, 22, 22, 22, 22, 22, 22, 23, 22, 22, 22, 22, 23, 25, 23, 22, 23, 25, 25, 27, 24, 23, 24, 24, 25, 26, 26, 23, 22, 22, 22, 20, 24, 23, 23, 25, 26, 27, 26, 27, 26, 24, 26, 24, 24, 24, 24, 25, 25, 28, 26, 28, 30], 1: [240, 242, 246, 246, 247, 251, 251, 251, 254, 257, 259, 264, 264, 264, 266, 267, 268, 269, 269, 273, 274, 275, 275, 275, 275, 279, 283, 283, 283, 287, 288, 289, 289, 290, 290, 291, 297, 298, 303, 303, 305, 305, 305, 307, 307, 307, 308, 308, 308, 308, 309, 310, 310, 310, 311, 312, 313, 313, 313, 314, 314, 318, 321, 321, 321, 321, 321, 326, 330, 331, 332, 333, 335, 337, 341, 343, 345, 346, 349, 349, 352, 352, 352, 352, 353, 356, 356, 361, 364, 365, 368, 369, 370, 371, 372, 374, 375, 379, 379, 379]}
968 {0: [29, 29, 25, 25, 29, 26, 27, 28, 27, 27, 25, 25, 26, 27, 25, 25, 26, 26, 26, 26, 26, 25, 25, 25, 25, 26, 24, 25, 25, 23, 26, 26, 26, 27, 27, 29, 25, 26, 22, 23, 22, 22, 23, 22, 22, 23, 22, 22, 22, 22, 22, 22, 22, 22, 23, 22, 22, 22, 22, 23, 25, 23, 22, 23, 25, 25, 27, 24, 23, 24, 24, 25, 26, 26, 23, 22, 22, 22, 20, 24, 23, 23, 25, 26, 27, 26, 27, 26, 24, 26, 24, 24, 24, 24, 25, 25, 28, 26, 28, 30], 1: [240, 242, 246, 246, 247, 251, 251, 251, 254, 257, 259, 264, 264, 264, 266, 267, 268, 269, 269, 273, 274, 275, 275, 275, 275, 279, 283, 283, 283, 287, 288, 289, 289, 290, 290, 291, 297, 298, 303, 303, 305, 305, 305, 307, 307, 307, 308, 308, 308, 308, 309, 310, 310, 310, 311, 312, 313, 313, 313, 314, 314, 318, 321, 321, 321, 321, 321, 326, 330, 331, 332, 333, 335, 337, 341, 343, 345, 346, 349, 349, 352, 352, 352, 352, 353, 356, 356, 361, 364, 365, 368, 369, 370, 371, 372, 374, 375, 379, 379, 379]}
478 {0: [29, 29, 25, 25, 29, 26, 27, 28, 27, 27, 25, 25, 26, 27, 25, 25, 26, 26, 26, 26, 26, 25, 25, 25, 25, 26, 24, 25, 25, 23, 26, 26, 26, 27, 27, 29, 25, 26, 22, 23, 22, 22, 23, 22, 22, 23, 22, 22, 22, 22, 22, 22, 22, 22, 23, 22, 22, 22, 22, 23, 25, 23, 22, 23, 25, 25, 27, 24, 23, 24, 24, 25, 26, 26, 23, 22, 22, 22, 20, 24, 23, 23, 25, 26, 27, 26, 27, 26, 24, 26, 24, 24, 24, 24, 25, 25, 28, 26, 28, 30], 1: [240, 242, 246, 246, 247, 251, 251, 251, 254, 257, 259, 264, 264, 264, 266, 267, 268, 269, 269, 273, 274, 275, 275, 275, 275, 279, 283, 283, 283, 287, 288, 289, 289, 290, 290, 291, 297, 298, 303, 303, 305, 305, 305, 307, 307, 307, 308, 308, 308, 308, 309, 310, 310, 310, 311, 312, 313, 313, 313, 314, 314, 318, 321, 321, 321, 321, 321, 326, 330, 331, 332, 333, 335, 337, 341, 343, 345, 346, 349, 349, 352, 352, 352, 352, 353, 356, 356, 361, 364, 365, 368, 369, 370, 371, 372, 374, 375, 379, 379, 379]}
746 {0: [29, 29, 25, 25, 29, 26, 27, 28, 27, 27, 25, 25, 26, 27, 25, 25, 26, 26, 26, 26, 26, 25, 25, 25, 25, 26, 24, 25, 25, 23, 26, 26, 26, 27, 27, 29, 25, 26, 22, 23, 22, 22, 23, 22, 22, 23, 22, 22, 22, 22, 22, 22, 22, 22, 23, 22, 22, 22, 22, 23, 25, 23, 22, 23, 25, 25, 27, 24, 23, 24, 24, 25, 26, 26, 23, 22, 22, 22, 20, 24, 23, 23, 25, 26, 27, 26, 27, 26, 24, 26, 24, 24, 24, 24, 25, 25, 28, 26, 28, 30], 1: [240, 242, 246, 246, 247, 251, 251, 251, 254, 257, 259, 264, 264, 264, 266, 267, 268, 269, 269, 273, 274, 275, 275, 275, 275, 279, 283, 283, 283, 287, 288, 289, 289, 290, 290, 291, 297, 298, 303, 303, 305, 305, 305, 307, 307, 307, 308, 308, 308, 308, 309, 310, 310, 310, 311, 312, 313, 313, 313, 314, 314, 318, 321, 321, 321, 321, 321, 326, 330, 331, 332, 333, 335, 337, 341, 343, 345, 346, 349, 349, 352, 352, 352, 352, 353, 356, 356, 361, 364, 365, 368, 369, 370, 371, 372, 374, 375, 379, 379, 379]}
233 {0: [28, 27, 25, 25, 26, 24, 24, 25, 22, 23, 26, 24, 23, 24, 24, 25, 25, 26, 28, 26, 22, 23, 24, 24, 26, 25, 26, 26, 27, 28, 27, 25, 26, 25, 24, 26, 26, 26, 28, 26, 26, 29, 27, 26, 26, 27, 26, 25, 26, 25, 26, 26, 26, 27, 23, 24, 24, 24, 23, 26, 25, 26, 25, 27, 25, 23, 23, 24, 23, 24, 24, 26, 24, 24, 26, 25, 24, 24, 27, 26, 27, 28, 27, 25, 27, 27, 27, 27, 26, 28, 29, 28, 27, 27, 29, 27, 28, 27, 27, 27], 1: [240, 242, 246, 249, 249, 253, 253, 255, 258, 258, 258, 261, 263, 264, 265, 265, 265, 266, 268, 272, 277, 277, 280, 281, 281, 283, 284, 285, 286, 288, 294, 297, 298, 299, 301, 302, 306, 308, 308, 311, 311, 311, 313, 315, 318, 318, 319, 322, 322, 323, 323, 325, 326, 327, 333, 334, 335, 335, 337, 337, 338, 341, 343, 346, 350, 355, 355, 356, 357, 357, 357, 358, 361, 363, 364, 366, 370, 370, 370, 372, 373, 376, 379, 383, 383, 384, 384, 386, 387, 387, 389, 392, 393, 395, 396, 399, 400, 402, 402, 402]}
969 {0: [28, 27, 25, 25, 26, 24, 24, 25, 22, 23, 26, 24, 23, 24, 24, 25, 25, 26, 28, 26, 22, 23, 24, 24, 26, 25, 26, 26, 27, 28, 27, 25, 26, 25, 24, 26, 26, 26, 28, 26, 26, 29, 27, 26, 26, 27, 26, 25, 26, 25, 26, 26, 26, 27, 23, 24, 24, 24, 23, 26, 25, 26, 25, 27, 25, 23, 23, 24, 23, 24, 24, 26, 24, 24, 26, 25, 24, 24, 27, 26, 27, 28, 27, 25, 27, 27, 27, 27, 26, 28, 29, 28, 27, 27, 29, 27, 28, 27, 27, 27], 1: [240, 242, 246, 249, 249, 253, 253, 255, 258, 258, 258, 261, 263, 264, 265, 265, 265, 266, 268, 272, 277, 277, 280, 281, 281, 283, 284, 285, 286, 288, 294, 297, 298, 299, 301, 302, 306, 308, 308, 311, 311, 311, 313, 315, 318, 318, 319, 322, 322, 323, 323, 325, 326, 327, 333, 334, 335, 335, 337, 337, 338, 341, 343, 346, 350, 355, 355, 356, 357, 357, 357, 358, 361, 363, 364, 366, 370, 370, 370, 372, 373, 376, 379, 383, 383, 384, 384, 386, 387, 387, 389, 392, 393, 395, 396, 399, 400, 402, 402, 402]}
479 {0: [29, 29, 25, 25, 29, 26, 27, 28, 27, 27, 25, 25, 26, 27, 25, 25, 26, 26, 26, 26, 26, 25, 25, 25, 25, 26, 24, 25, 25, 23, 26, 26, 26, 27, 27, 29, 25, 26, 22, 23, 22, 22, 23, 22, 22, 23, 22, 22, 22, 22, 22, 22, 22, 22, 23, 22, 22, 22, 22, 23, 25, 23, 22, 23, 25, 25, 27, 24, 23, 24, 24, 25, 26, 26, 23, 22, 22, 22, 20, 24, 23, 23, 25, 26, 27, 26, 27, 26, 24, 26, 24, 24, 24, 24, 25, 25, 28, 26, 28, 30], 1: [240, 242, 246, 246, 247, 251, 251, 251, 254, 257, 259, 264, 264, 264, 266, 267, 268, 269, 269, 273, 274, 275, 275, 275, 275, 279, 283, 283, 283, 287, 288, 289, 289, 290, 290, 291, 297, 298, 303, 303, 305, 305, 305, 307, 307, 307, 308, 308, 308, 308, 309, 310, 310, 310, 311, 312, 313, 313, 313, 314, 314, 318, 321, 321, 321, 321, 321, 326, 330, 331, 332, 333, 335, 337, 341, 343, 345, 346, 349, 349, 352, 352, 352, 352, 353, 356, 356, 361, 364, 365, 368, 369, 370, 371, 372, 374, 375, 379, 379, 379]}
747 {0: [29, 29, 25, 25, 29, 26, 27, 28, 27, 27, 25, 25, 26, 27, 25, 25, 26, 26, 26, 26, 26, 25, 25, 25, 25, 26, 24, 25, 25, 23, 26, 26, 26, 27, 27, 29, 25, 26, 22, 23, 22, 22, 23, 22, 22, 23, 22, 22, 22, 22, 22, 22, 22, 22, 23, 22, 22, 22, 22, 23, 25, 23, 22, 23, 25, 25, 27, 24, 23, 24, 24, 25, 26, 26, 23, 22, 22, 22, 20, 24, 23, 23, 25, 26, 27, 26, 27, 26, 24, 26, 24, 24, 24, 24, 25, 25, 28, 26, 28, 30], 1: [240, 242, 246, 246, 247, 251, 251, 251, 254, 257, 259, 264, 264, 264, 266, 267, 268, 269, 269, 273, 274, 275, 275, 275, 275, 279, 283, 283, 283, 287, 288, 289, 289, 290, 290, 291, 297, 298, 303, 303, 305, 305, 305, 307, 307, 307, 308, 308, 308, 308, 309, 310, 310, 310, 311, 312, 313, 313, 313, 314, 314, 318, 321, 321, 321, 321, 321, 326, 330, 331, 332, 333, 335, 337, 341, 343, 345, 346, 349, 349, 352, 352, 352, 352, 353, 356, 356, 361, 364, 365, 368, 369, 370, 371, 372, 374, 375, 379, 379, 379]}
234 {0: [29, 29, 25, 25, 29, 26, 27, 28, 27, 27, 25, 25, 26, 27, 25, 25, 26, 26, 26, 26, 26, 25, 25, 25, 25, 26, 24, 25, 25, 23, 26, 26, 26, 27, 27, 29, 25, 26, 22, 23, 22, 22, 23, 22, 22, 23, 22, 22, 22, 22, 22, 22, 22, 22, 23, 22, 22, 22, 22, 23, 25, 23, 22, 23, 25, 25, 27, 24, 23, 24, 24, 25, 26, 26, 23, 22, 22, 22, 20, 24, 23, 23, 25, 26, 27, 26, 27, 26, 24, 26, 24, 24, 24, 24, 25, 25, 28, 26, 28, 30], 1: [240, 242, 246, 246, 247, 251, 251, 251, 254, 257, 259, 264, 264, 264, 266, 267, 268, 269, 269, 273, 274, 275, 275, 275, 275, 279, 283, 283, 283, 287, 288, 289, 289, 290, 290, 291, 297, 298, 303, 303, 305, 305, 305, 307, 307, 307, 308, 308, 308, 308, 309, 310, 310, 310, 311, 312, 313, 313, 313, 314, 314, 318, 321, 321, 321, 321, 321, 326, 330, 331, 332, 333, 335, 337, 341, 343, 345, 346, 349, 349, 352, 352, 352, 352, 353, 356, 356, 361, 364, 365, 368, 369, 370, 371, 372, 374, 375, 379, 379, 379]}
970 {0: [29, 29, 25, 25, 29, 26, 27, 28, 27, 27, 25, 25, 26, 27, 25, 25, 26, 26, 26, 26, 26, 25, 25, 25, 25, 26, 24, 25, 25, 23, 26, 26, 26, 27, 27, 29, 25, 26, 22, 23, 22, 22, 23, 22, 22, 23, 22, 22, 22, 22, 22, 22, 22, 22, 23, 22, 22, 22, 22, 23, 25, 23, 22, 23, 25, 25, 27, 24, 23, 24, 24, 25, 26, 26, 23, 22, 22, 22, 20, 24, 23, 23, 25, 26, 27, 26, 27, 26, 24, 26, 24, 24, 24, 24, 25, 25, 28, 26, 28, 30], 1: [240, 242, 246, 246, 247, 251, 251, 251, 254, 257, 259, 264, 264, 264, 266, 267, 268, 269, 269, 273, 274, 275, 275, 275, 275, 279, 283, 283, 283, 287, 288, 289, 289, 290, 290, 291, 297, 298, 303, 303, 305, 305, 305, 307, 307, 307, 308, 308, 308, 308, 309, 310, 310, 310, 311, 312, 313, 313, 313, 314, 314, 318, 321, 321, 321, 321, 321, 326, 330, 331, 332, 333, 335, 337, 341, 343, 345, 346, 349, 349, 352, 352, 352, 352, 353, 356, 356, 361, 364, 365, 368, 369, 370, 371, 372, 374, 375, 379, 379, 379]}
480 {0: [28, 27, 25, 25, 26, 24, 24, 25, 22, 23, 26, 24, 23, 24, 24, 25, 25, 26, 28, 26, 22, 23, 24, 24, 26, 25, 26, 26, 27, 28, 27, 25, 26, 25, 24, 26, 26, 26, 28, 26, 26, 29, 27, 26, 26, 27, 26, 25, 26, 25, 26, 26, 26, 27, 23, 24, 24, 24, 23, 26, 25, 26, 25, 27, 25, 23, 23, 24, 23, 24, 24, 26, 24, 24, 26, 25, 24, 24, 27, 26, 27, 28, 27, 25, 27, 27, 27, 27, 26, 28, 29, 28, 27, 27, 29, 27, 28, 27, 27, 27], 1: [240, 242, 246, 249, 249, 253, 253, 255, 258, 258, 258, 261, 263, 264, 265, 265, 265, 266, 268, 272, 277, 277, 280, 281, 281, 283, 284, 285, 286, 288, 294, 297, 298, 299, 301, 302, 306, 308, 308, 311, 311, 311, 313, 315, 318, 318, 319, 322, 322, 323, 323, 325, 326, 327, 333, 334, 335, 335, 337, 337, 338, 341, 343, 346, 350, 355, 355, 356, 357, 357, 357, 358, 361, 363, 364, 366, 370, 370, 370, 372, 373, 376, 379, 383, 383, 384, 384, 386, 387, 387, 389, 392, 393, 395, 396, 399, 400, 402, 402, 402]}
748 {0: [29, 29, 25, 25, 29, 26, 27, 28, 27, 27, 25, 25, 26, 27, 25, 25, 26, 26, 26, 26, 26, 25, 25, 25, 25, 26, 24, 25, 25, 23, 26, 26, 26, 27, 27, 29, 25, 26, 22, 23, 22, 22, 23, 22, 22, 23, 22, 22, 22, 22, 22, 22, 22, 22, 23, 22, 22, 22, 22, 23, 25, 23, 22, 23, 25, 25, 27, 24, 23, 24, 24, 25, 26, 26, 23, 22, 22, 22, 20, 24, 23, 23, 25, 26, 27, 26, 27, 26, 24, 26, 24, 24, 24, 24, 25, 25, 28, 26, 28, 30], 1: [240, 242, 246, 246, 247, 251, 251, 251, 254, 257, 259, 264, 264, 264, 266, 267, 268, 269, 269, 273, 274, 275, 275, 275, 275, 279, 283, 283, 283, 287, 288, 289, 289, 290, 290, 291, 297, 298, 303, 303, 305, 305, 305, 307, 307, 307, 308, 308, 308, 308, 309, 310, 310, 310, 311, 312, 313, 313, 313, 314, 314, 318, 321, 321, 321, 321, 321, 326, 330, 331, 332, 333, 335, 337, 341, 343, 345, 346, 349, 349, 352, 352, 352, 352, 353, 356, 356, 361, 364, 365, 368, 369, 370, 371, 372, 374, 375, 379, 379, 379]}
235 {0: [29, 29, 25, 25, 29, 26, 27, 28, 27, 27, 25, 25, 26, 27, 25, 25, 26, 26, 26, 26, 26, 25, 25, 25, 25, 26, 24, 25, 25, 23, 26, 26, 26, 27, 27, 29, 25, 26, 22, 23, 22, 22, 23, 22, 22, 23, 22, 22, 22, 22, 22, 22, 22, 22, 23, 22, 22, 22, 22, 23, 25, 23, 22, 23, 25, 25, 27, 24, 23, 24, 24, 25, 26, 26, 23, 22, 22, 22, 20, 24, 23, 23, 25, 26, 27, 26, 27, 26, 24, 26, 24, 24, 24, 24, 25, 25, 28, 26, 28, 30], 1: [240, 242, 246, 246, 247, 251, 251, 251, 254, 257, 259, 264, 264, 264, 266, 267, 268, 269, 269, 273, 274, 275, 275, 275, 275, 279, 283, 283, 283, 287, 288, 289, 289, 290, 290, 291, 297, 298, 303, 303, 305, 305, 305, 307, 307, 307, 308, 308, 308, 308, 309, 310, 310, 310, 311, 312, 313, 313, 313, 314, 314, 318, 321, 321, 321, 321, 321, 326, 330, 331, 332, 333, 335, 337, 341, 343, 345, 346, 349, 349, 352, 352, 352, 352, 353, 356, 356, 361, 364, 365, 368, 369, 370, 371, 372, 374, 375, 379, 379, 379]}
971 {0: [29, 29, 25, 25, 29, 26, 27, 28, 27, 27, 25, 25, 26, 27, 25, 25, 26, 26, 26, 26, 26, 25, 25, 25, 25, 26, 24, 25, 25, 23, 26, 26, 26, 27, 27, 29, 25, 26, 22, 23, 22, 22, 23, 22, 22, 23, 22, 22, 22, 22, 22, 22, 22, 22, 23, 22, 22, 22, 22, 23, 25, 23, 22, 23, 25, 25, 27, 24, 23, 24, 24, 25, 26, 26, 23, 22, 22, 22, 20, 24, 23, 23, 25, 26, 27, 26, 27, 26, 24, 26, 24, 24, 24, 24, 25, 25, 28, 26, 28, 30], 1: [240, 242, 246, 246, 247, 251, 251, 251, 254, 257, 259, 264, 264, 264, 266, 267, 268, 269, 269, 273, 274, 275, 275, 275, 275, 279, 283, 283, 283, 287, 288, 289, 289, 290, 290, 291, 297, 298, 303, 303, 305, 305, 305, 307, 307, 307, 308, 308, 308, 308, 309, 310, 310, 310, 311, 312, 313, 313, 313, 314, 314, 318, 321, 321, 321, 321, 321, 326, 330, 331, 332, 333, 335, 337, 341, 343, 345, 346, 349, 349, 352, 352, 352, 352, 353, 356, 356, 361, 364, 365, 368, 369, 370, 371, 372, 374, 375, 379, 379, 379]}
481 {0: [29, 29, 25, 25, 29, 26, 27, 28, 27, 27, 25, 25, 26, 27, 25, 25, 26, 26, 26, 26, 26, 25, 25, 25, 25, 26, 24, 25, 25, 23, 26, 26, 26, 27, 27, 29, 25, 26, 22, 23, 22, 22, 23, 22, 22, 23, 22, 22, 22, 22, 22, 22, 22, 22, 23, 22, 22, 22, 22, 23, 25, 23, 22, 23, 25, 25, 27, 24, 23, 24, 24, 25, 26, 26, 23, 22, 22, 22, 20, 24, 23, 23, 25, 26, 27, 26, 27, 26, 24, 26, 24, 24, 24, 24, 25, 25, 28, 26, 28, 30], 1: [240, 242, 246, 246, 247, 251, 251, 251, 254, 257, 259, 264, 264, 264, 266, 267, 268, 269, 269, 273, 274, 275, 275, 275, 275, 279, 283, 283, 283, 287, 288, 289, 289, 290, 290, 291, 297, 298, 303, 303, 305, 305, 305, 307, 307, 307, 308, 308, 308, 308, 309, 310, 310, 310, 311, 312, 313, 313, 313, 314, 314, 318, 321, 321, 321, 321, 321, 326, 330, 331, 332, 333, 335, 337, 341, 343, 345, 346, 349, 349, 352, 352, 352, 352, 353, 356, 356, 361, 364, 365, 368, 369, 370, 371, 372, 374, 375, 379, 379, 379]}
749 {0: [29, 29, 25, 25, 29, 26, 27, 28, 27, 27, 25, 25, 26, 27, 25, 25, 26, 26, 26, 26, 26, 25, 25, 25, 25, 26, 24, 25, 25, 23, 26, 26, 26, 27, 27, 29, 25, 26, 22, 23, 22, 22, 23, 22, 22, 23, 22, 22, 22, 22, 22, 22, 22, 22, 23, 22, 22, 22, 22, 23, 25, 23, 22, 23, 25, 25, 27, 24, 23, 24, 24, 25, 26, 26, 23, 22, 22, 22, 20, 24, 23, 23, 25, 26, 27, 26, 27, 26, 24, 26, 24, 24, 24, 24, 25, 25, 28, 26, 28, 30], 1: [240, 242, 246, 246, 247, 251, 251, 251, 254, 257, 259, 264, 264, 264, 266, 267, 268, 269, 269, 273, 274, 275, 275, 275, 275, 279, 283, 283, 283, 287, 288, 289, 289, 290, 290, 291, 297, 298, 303, 303, 305, 305, 305, 307, 307, 307, 308, 308, 308, 308, 309, 310, 310, 310, 311, 312, 313, 313, 313, 314, 314, 318, 321, 321, 321, 321, 321, 326, 330, 331, 332, 333, 335, 337, 341, 343, 345, 346, 349, 349, 352, 352, 352, 352, 353, 356, 356, 361, 364, 365, 368, 369, 370, 371, 372, 374, 375, 379, 379, 379]}
236 {0: [29, 29, 25, 25, 29, 26, 27, 28, 27, 27, 25, 25, 26, 27, 25, 25, 26, 26, 26, 26, 26, 25, 25, 25, 25, 26, 24, 25, 25, 23, 26, 26, 26, 27, 27, 29, 25, 26, 22, 23, 22, 22, 23, 22, 22, 23, 22, 22, 22, 22, 22, 22, 22, 22, 23, 22, 22, 22, 22, 23, 25, 23, 22, 23, 25, 25, 27, 24, 23, 24, 24, 25, 26, 26, 23, 22, 22, 22, 20, 24, 23, 23, 25, 26, 27, 26, 27, 26, 24, 26, 24, 24, 24, 24, 25, 25, 28, 26, 28, 30], 1: [240, 242, 246, 246, 247, 251, 251, 251, 254, 257, 259, 264, 264, 264, 266, 267, 268, 269, 269, 273, 274, 275, 275, 275, 275, 279, 283, 283, 283, 287, 288, 289, 289, 290, 290, 291, 297, 298, 303, 303, 305, 305, 305, 307, 307, 307, 308, 308, 308, 308, 309, 310, 310, 310, 311, 312, 313, 313, 313, 314, 314, 318, 321, 321, 321, 321, 321, 326, 330, 331, 332, 333, 335, 337, 341, 343, 345, 346, 349, 349, 352, 352, 352, 352, 353, 356, 356, 361, 364, 365, 368, 369, 370, 371, 372, 374, 375, 379, 379, 379]}
972 {0: [29, 29, 25, 25, 29, 26, 27, 28, 27, 27, 25, 25, 26, 27, 25, 25, 26, 26, 26, 26, 26, 25, 25, 25, 25, 26, 24, 25, 25, 23, 26, 26, 26, 27, 27, 29, 25, 26, 22, 23, 22, 22, 23, 22, 22, 23, 22, 22, 22, 22, 22, 22, 22, 22, 23, 22, 22, 22, 22, 23, 25, 23, 22, 23, 25, 25, 27, 24, 23, 24, 24, 25, 26, 26, 23, 22, 22, 22, 20, 24, 23, 23, 25, 26, 27, 26, 27, 26, 24, 26, 24, 24, 24, 24, 25, 25, 28, 26, 28, 30], 1: [240, 242, 246, 246, 247, 251, 251, 251, 254, 257, 259, 264, 264, 264, 266, 267, 268, 269, 269, 273, 274, 275, 275, 275, 275, 279, 283, 283, 283, 287, 288, 289, 289, 290, 290, 291, 297, 298, 303, 303, 305, 305, 305, 307, 307, 307, 308, 308, 308, 308, 309, 310, 310, 310, 311, 312, 313, 313, 313, 314, 314, 318, 321, 321, 321, 321, 321, 326, 330, 331, 332, 333, 335, 337, 341, 343, 345, 346, 349, 349, 352, 352, 352, 352, 353, 356, 356, 361, 364, 365, 368, 369, 370, 371, 372, 374, 375, 379, 379, 379]}
482 {0: [29, 29, 25, 25, 29, 26, 27, 28, 27, 27, 25, 25, 26, 27, 25, 25, 26, 26, 26, 26, 26, 25, 25, 25, 25, 26, 24, 25, 25, 23, 26, 26, 26, 27, 27, 29, 25, 26, 22, 23, 22, 22, 23, 22, 22, 23, 22, 22, 22, 22, 22, 22, 22, 22, 23, 22, 22, 22, 22, 23, 25, 23, 22, 23, 25, 25, 27, 24, 23, 24, 24, 25, 26, 26, 23, 22, 22, 22, 20, 24, 23, 23, 25, 26, 27, 26, 27, 26, 24, 26, 24, 24, 24, 24, 25, 25, 28, 26, 28, 30], 1: [240, 242, 246, 246, 247, 251, 251, 251, 254, 257, 259, 264, 264, 264, 266, 267, 268, 269, 269, 273, 274, 275, 275, 275, 275, 279, 283, 283, 283, 287, 288, 289, 289, 290, 290, 291, 297, 298, 303, 303, 305, 305, 305, 307, 307, 307, 308, 308, 308, 308, 309, 310, 310, 310, 311, 312, 313, 313, 313, 314, 314, 318, 321, 321, 321, 321, 321, 326, 330, 331, 332, 333, 335, 337, 341, 343, 345, 346, 349, 349, 352, 352, 352, 352, 353, 356, 356, 361, 364, 365, 368, 369, 370, 371, 372, 374, 375, 379, 379, 379]}
237 {0: [29, 29, 25, 25, 29, 26, 27, 28, 27, 27, 25, 25, 26, 27, 25, 25, 26, 26, 26, 26, 26, 25, 25, 25, 25, 26, 24, 25, 25, 23, 26, 26, 26, 27, 27, 29, 25, 26, 22, 23, 22, 22, 23, 22, 22, 23, 22, 22, 22, 22, 22, 22, 22, 22, 23, 22, 22, 22, 22, 23, 25, 23, 22, 23, 25, 25, 27, 24, 23, 24, 24, 25, 26, 26, 23, 22, 22, 22, 20, 24, 23, 23, 25, 26, 27, 26, 27, 26, 24, 26, 24, 24, 24, 24, 25, 25, 28, 26, 28, 30], 1: [240, 242, 246, 246, 247, 251, 251, 251, 254, 257, 259, 264, 264, 264, 266, 267, 268, 269, 269, 273, 274, 275, 275, 275, 275, 279, 283, 283, 283, 287, 288, 289, 289, 290, 290, 291, 297, 298, 303, 303, 305, 305, 305, 307, 307, 307, 308, 308, 308, 308, 309, 310, 310, 310, 311, 312, 313, 313, 313, 314, 314, 318, 321, 321, 321, 321, 321, 326, 330, 331, 332, 333, 335, 337, 341, 343, 345, 346, 349, 349, 352, 352, 352, 352, 353, 356, 356, 361, 364, 365, 368, 369, 370, 371, 372, 374, 375, 379, 379, 379]}
973 {0: [29, 29, 25, 25, 29, 26, 27, 28, 27, 27, 25, 25, 26, 27, 25, 25, 26, 26, 26, 26, 26, 25, 25, 25, 25, 26, 24, 25, 25, 23, 26, 26, 26, 27, 27, 29, 25, 26, 22, 23, 22, 22, 23, 22, 22, 23, 22, 22, 22, 22, 22, 22, 22, 22, 23, 22, 22, 22, 22, 23, 25, 23, 22, 23, 25, 25, 27, 24, 23, 24, 24, 25, 26, 26, 23, 22, 22, 22, 20, 24, 23, 23, 25, 26, 27, 26, 27, 26, 24, 26, 24, 24, 24, 24, 25, 25, 28, 26, 28, 30], 1: [240, 242, 246, 246, 247, 251, 251, 251, 254, 257, 259, 264, 264, 264, 266, 267, 268, 269, 269, 273, 274, 275, 275, 275, 275, 279, 283, 283, 283, 287, 288, 289, 289, 290, 290, 291, 297, 298, 303, 303, 305, 305, 305, 307, 307, 307, 308, 308, 308, 308, 309, 310, 310, 310, 311, 312, 313, 313, 313, 314, 314, 318, 321, 321, 321, 321, 321, 326, 330, 331, 332, 333, 335, 337, 341, 343, 345, 346, 349, 349, 352, 352, 352, 352, 353, 356, 356, 361, 364, 365, 368, 369, 370, 371, 372, 374, 375, 379, 379, 379]}
483 {0: [29, 29, 25, 25, 29, 26, 27, 28, 27, 27, 25, 25, 26, 27, 25, 25, 26, 26, 26, 26, 26, 25, 25, 25, 25, 26, 24, 25, 25, 23, 26, 26, 26, 27, 27, 29, 25, 26, 22, 23, 22, 22, 23, 22, 22, 23, 22, 22, 22, 22, 22, 22, 22, 22, 23, 22, 22, 22, 22, 23, 25, 23, 22, 23, 25, 25, 27, 24, 23, 24, 24, 25, 26, 26, 23, 22, 22, 22, 20, 24, 23, 23, 25, 26, 27, 26, 27, 26, 24, 26, 24, 24, 24, 24, 25, 25, 28, 26, 28, 30], 1: [240, 242, 246, 246, 247, 251, 251, 251, 254, 257, 259, 264, 264, 264, 266, 267, 268, 269, 269, 273, 274, 275, 275, 275, 275, 279, 283, 283, 283, 287, 288, 289, 289, 290, 290, 291, 297, 298, 303, 303, 305, 305, 305, 307, 307, 307, 308, 308, 308, 308, 309, 310, 310, 310, 311, 312, 313, 313, 313, 314, 314, 318, 321, 321, 321, 321, 321, 326, 330, 331, 332, 333, 335, 337, 341, 343, 345, 346, 349, 349, 352, 352, 352, 352, 353, 356, 356, 361, 364, 365, 368, 369, 370, 371, 372, 374, 375, 379, 379, 379]}
238 {0: [29, 29, 25, 25, 29, 26, 27, 28, 27, 27, 25, 25, 26, 27, 25, 25, 26, 26, 26, 26, 26, 25, 25, 25, 25, 26, 24, 25, 25, 23, 26, 26, 26, 27, 27, 29, 25, 26, 22, 23, 22, 22, 23, 22, 22, 23, 22, 22, 22, 22, 22, 22, 22, 22, 23, 22, 22, 22, 22, 23, 25, 23, 22, 23, 25, 25, 27, 24, 23, 24, 24, 25, 26, 26, 23, 22, 22, 22, 20, 24, 23, 23, 25, 26, 27, 26, 27, 26, 24, 26, 24, 24, 24, 24, 25, 25, 28, 26, 28, 30], 1: [240, 242, 246, 246, 247, 251, 251, 251, 254, 257, 259, 264, 264, 264, 266, 267, 268, 269, 269, 273, 274, 275, 275, 275, 275, 279, 283, 283, 283, 287, 288, 289, 289, 290, 290, 291, 297, 298, 303, 303, 305, 305, 305, 307, 307, 307, 308, 308, 308, 308, 309, 310, 310, 310, 311, 312, 313, 313, 313, 314, 314, 318, 321, 321, 321, 321, 321, 326, 330, 331, 332, 333, 335, 337, 341, 343, 345, 346, 349, 349, 352, 352, 352, 352, 353, 356, 356, 361, 364, 365, 368, 369, 370, 371, 372, 374, 375, 379, 379, 379]}
974 {0: [29, 29, 25, 25, 29, 26, 27, 28, 27, 27, 25, 25, 26, 27, 25, 25, 26, 26, 26, 26, 26, 25, 25, 25, 25, 26, 24, 25, 25, 23, 26, 26, 26, 27, 27, 29, 25, 26, 22, 23, 22, 22, 23, 22, 22, 23, 22, 22, 22, 22, 22, 22, 22, 22, 23, 22, 22, 22, 22, 23, 25, 23, 22, 23, 25, 25, 27, 24, 23, 24, 24, 25, 26, 26, 23, 22, 22, 22, 20, 24, 23, 23, 25, 26, 27, 26, 27, 26, 24, 26, 24, 24, 24, 24, 25, 25, 28, 26, 28, 30], 1: [240, 242, 246, 246, 247, 251, 251, 251, 254, 257, 259, 264, 264, 264, 266, 267, 268, 269, 269, 273, 274, 275, 275, 275, 275, 279, 283, 283, 283, 287, 288, 289, 289, 290, 290, 291, 297, 298, 303, 303, 305, 305, 305, 307, 307, 307, 308, 308, 308, 308, 309, 310, 310, 310, 311, 312, 313, 313, 313, 314, 314, 318, 321, 321, 321, 321, 321, 326, 330, 331, 332, 333, 335, 337, 341, 343, 345, 346, 349, 349, 352, 352, 352, 352, 353, 356, 356, 361, 364, 365, 368, 369, 370, 371, 372, 374, 375, 379, 379, 379]}
484 {0: [29, 29, 25, 25, 29, 26, 27, 28, 27, 27, 25, 25, 26, 27, 25, 25, 26, 26, 26, 26, 26, 25, 25, 25, 25, 26, 24, 25, 25, 23, 26, 26, 26, 27, 27, 29, 25, 26, 22, 23, 22, 22, 23, 22, 22, 23, 22, 22, 22, 22, 22, 22, 22, 22, 23, 22, 22, 22, 22, 23, 25, 23, 22, 23, 25, 25, 27, 24, 23, 24, 24, 25, 26, 26, 23, 22, 22, 22, 20, 24, 23, 23, 25, 26, 27, 26, 27, 26, 24, 26, 24, 24, 24, 24, 25, 25, 28, 26, 28, 30], 1: [240, 242, 246, 246, 247, 251, 251, 251, 254, 257, 259, 264, 264, 264, 266, 267, 268, 269, 269, 273, 274, 275, 275, 275, 275, 279, 283, 283, 283, 287, 288, 289, 289, 290, 290, 291, 297, 298, 303, 303, 305, 305, 305, 307, 307, 307, 308, 308, 308, 308, 309, 310, 310, 310, 311, 312, 313, 313, 313, 314, 314, 318, 321, 321, 321, 321, 321, 326, 330, 331, 332, 333, 335, 337, 341, 343, 345, 346, 349, 349, 352, 352, 352, 352, 353, 356, 356, 361, 364, 365, 368, 369, 370, 371, 372, 374, 375, 379, 379, 379]}
239 {0: [29, 29, 25, 25, 29, 26, 27, 28, 27, 27, 25, 25, 26, 27, 25, 25, 26, 26, 26, 26, 26, 25, 25, 25, 25, 26, 24, 25, 25, 23, 26, 26, 26, 27, 27, 29, 25, 26, 22, 23, 22, 22, 23, 22, 22, 23, 22, 22, 22, 22, 22, 22, 22, 22, 23, 22, 22, 22, 22, 23, 25, 23, 22, 23, 25, 25, 27, 24, 23, 24, 24, 25, 26, 26, 23, 22, 22, 22, 20, 24, 23, 23, 25, 26, 27, 26, 27, 26, 24, 26, 24, 24, 24, 24, 25, 25, 28, 26, 28, 30], 1: [240, 242, 246, 246, 247, 251, 251, 251, 254, 257, 259, 264, 264, 264, 266, 267, 268, 269, 269, 273, 274, 275, 275, 275, 275, 279, 283, 283, 283, 287, 288, 289, 289, 290, 290, 291, 297, 298, 303, 303, 305, 305, 305, 307, 307, 307, 308, 308, 308, 308, 309, 310, 310, 310, 311, 312, 313, 313, 313, 314, 314, 318, 321, 321, 321, 321, 321, 326, 330, 331, 332, 333, 335, 337, 341, 343, 345, 346, 349, 349, 352, 352, 352, 352, 353, 356, 356, 361, 364, 365, 368, 369, 370, 371, 372, 374, 375, 379, 379, 379]}
975 {0: [29, 29, 25, 25, 29, 26, 27, 28, 27, 27, 25, 25, 26, 27, 25, 25, 26, 26, 26, 26, 26, 25, 25, 25, 25, 26, 24, 25, 25, 23, 26, 26, 26, 27, 27, 29, 25, 26, 22, 23, 22, 22, 23, 22, 22, 23, 22, 22, 22, 22, 22, 22, 22, 22, 23, 22, 22, 22, 22, 23, 25, 23, 22, 23, 25, 25, 27, 24, 23, 24, 24, 25, 26, 26, 23, 22, 22, 22, 20, 24, 23, 23, 25, 26, 27, 26, 27, 26, 24, 26, 24, 24, 24, 24, 25, 25, 28, 26, 28, 30], 1: [240, 242, 246, 246, 247, 251, 251, 251, 254, 257, 259, 264, 264, 264, 266, 267, 268, 269, 269, 273, 274, 275, 275, 275, 275, 279, 283, 283, 283, 287, 288, 289, 289, 290, 290, 291, 297, 298, 303, 303, 305, 305, 305, 307, 307, 307, 308, 308, 308, 308, 309, 310, 310, 310, 311, 312, 313, 313, 313, 314, 314, 318, 321, 321, 321, 321, 321, 326, 330, 331, 332, 333, 335, 337, 341, 343, 345, 346, 349, 349, 352, 352, 352, 352, 353, 356, 356, 361, 364, 365, 368, 369, 370, 371, 372, 374, 375, 379, 379, 379]}
485 {0: [29, 29, 25, 25, 29, 26, 27, 28, 27, 27, 25, 25, 26, 27, 25, 25, 26, 26, 26, 26, 26, 25, 25, 25, 25, 26, 24, 25, 25, 23, 26, 26, 26, 27, 27, 29, 25, 26, 22, 23, 22, 22, 23, 22, 22, 23, 22, 22, 22, 22, 22, 22, 22, 22, 23, 22, 22, 22, 22, 23, 25, 23, 22, 23, 25, 25, 27, 24, 23, 24, 24, 25, 26, 26, 23, 22, 22, 22, 20, 24, 23, 23, 25, 26, 27, 26, 27, 26, 24, 26, 24, 24, 24, 24, 25, 25, 28, 26, 28, 30], 1: [240, 242, 246, 246, 247, 251, 251, 251, 254, 257, 259, 264, 264, 264, 266, 267, 268, 269, 269, 273, 274, 275, 275, 275, 275, 279, 283, 283, 283, 287, 288, 289, 289, 290, 290, 291, 297, 298, 303, 303, 305, 305, 305, 307, 307, 307, 308, 308, 308, 308, 309, 310, 310, 310, 311, 312, 313, 313, 313, 314, 314, 318, 321, 321, 321, 321, 321, 326, 330, 331, 332, 333, 335, 337, 341, 343, 345, 346, 349, 349, 352, 352, 352, 352, 353, 356, 356, 361, 364, 365, 368, 369, 370, 371, 372, 374, 375, 379, 379, 379]}
240 {0: [29, 29, 25, 25, 29, 26, 27, 28, 27, 27, 25, 25, 26, 27, 25, 25, 26, 26, 26, 26, 26, 25, 25, 25, 25, 26, 24, 25, 25, 23, 26, 26, 26, 27, 27, 29, 25, 26, 22, 23, 22, 22, 23, 22, 22, 23, 22, 22, 22, 22, 22, 22, 22, 22, 23, 22, 22, 22, 22, 23, 25, 23, 22, 23, 25, 25, 27, 24, 23, 24, 24, 25, 26, 26, 23, 22, 22, 22, 20, 24, 23, 23, 25, 26, 27, 26, 27, 26, 24, 26, 24, 24, 24, 24, 25, 25, 28, 26, 28, 30], 1: [240, 242, 246, 246, 247, 251, 251, 251, 254, 257, 259, 264, 264, 264, 266, 267, 268, 269, 269, 273, 274, 275, 275, 275, 275, 279, 283, 283, 283, 287, 288, 289, 289, 290, 290, 291, 297, 298, 303, 303, 305, 305, 305, 307, 307, 307, 308, 308, 308, 308, 309, 310, 310, 310, 311, 312, 313, 313, 313, 314, 314, 318, 321, 321, 321, 321, 321, 326, 330, 331, 332, 333, 335, 337, 341, 343, 345, 346, 349, 349, 352, 352, 352, 352, 353, 356, 356, 361, 364, 365, 368, 369, 370, 371, 372, 374, 375, 379, 379, 379]}
976 {0: [29, 29, 25, 25, 29, 26, 27, 28, 27, 27, 25, 25, 26, 27, 25, 25, 26, 26, 26, 26, 26, 25, 25, 25, 25, 26, 24, 25, 25, 23, 26, 26, 26, 27, 27, 29, 25, 26, 22, 23, 22, 22, 23, 22, 22, 23, 22, 22, 22, 22, 22, 22, 22, 22, 23, 22, 22, 22, 22, 23, 25, 23, 22, 23, 25, 25, 27, 24, 23, 24, 24, 25, 26, 26, 23, 22, 22, 22, 20, 24, 23, 23, 25, 26, 27, 26, 27, 26, 24, 26, 24, 24, 24, 24, 25, 25, 28, 26, 28, 30], 1: [240, 242, 246, 246, 247, 251, 251, 251, 254, 257, 259, 264, 264, 264, 266, 267, 268, 269, 269, 273, 274, 275, 275, 275, 275, 279, 283, 283, 283, 287, 288, 289, 289, 290, 290, 291, 297, 298, 303, 303, 305, 305, 305, 307, 307, 307, 308, 308, 308, 308, 309, 310, 310, 310, 311, 312, 313, 313, 313, 314, 314, 318, 321, 321, 321, 321, 321, 326, 330, 331, 332, 333, 335, 337, 341, 343, 345, 346, 349, 349, 352, 352, 352, 352, 353, 356, 356, 361, 364, 365, 368, 369, 370, 371, 372, 374, 375, 379, 379, 379]}
486 {0: [29, 29, 25, 25, 29, 26, 27, 28, 27, 27, 25, 25, 26, 27, 25, 25, 26, 26, 26, 26, 26, 25, 25, 25, 25, 26, 24, 25, 25, 23, 26, 26, 26, 27, 27, 29, 25, 26, 22, 23, 22, 22, 23, 22, 22, 23, 22, 22, 22, 22, 22, 22, 22, 22, 23, 22, 22, 22, 22, 23, 25, 23, 22, 23, 25, 25, 27, 24, 23, 24, 24, 25, 26, 26, 23, 22, 22, 22, 20, 24, 23, 23, 25, 26, 27, 26, 27, 26, 24, 26, 24, 24, 24, 24, 25, 25, 28, 26, 28, 30], 1: [240, 242, 246, 246, 247, 251, 251, 251, 254, 257, 259, 264, 264, 264, 266, 267, 268, 269, 269, 273, 274, 275, 275, 275, 275, 279, 283, 283, 283, 287, 288, 289, 289, 290, 290, 291, 297, 298, 303, 303, 305, 305, 305, 307, 307, 307, 308, 308, 308, 308, 309, 310, 310, 310, 311, 312, 313, 313, 313, 314, 314, 318, 321, 321, 321, 321, 321, 326, 330, 331, 332, 333, 335, 337, 341, 343, 345, 346, 349, 349, 352, 352, 352, 352, 353, 356, 356, 361, 364, 365, 368, 369, 370, 371, 372, 374, 375, 379, 379, 379]}
241 {0: [29, 29, 25, 25, 29, 26, 27, 28, 27, 27, 25, 25, 26, 27, 25, 25, 26, 26, 26, 26, 26, 25, 25, 25, 25, 26, 24, 25, 25, 23, 26, 26, 26, 27, 27, 29, 25, 26, 22, 23, 22, 22, 23, 22, 22, 23, 22, 22, 22, 22, 22, 22, 22, 22, 23, 22, 22, 22, 22, 23, 25, 23, 22, 23, 25, 25, 27, 24, 23, 24, 24, 25, 26, 26, 23, 22, 22, 22, 20, 24, 23, 23, 25, 26, 27, 26, 27, 26, 24, 26, 24, 24, 24, 24, 25, 25, 28, 26, 28, 30], 1: [240, 242, 246, 246, 247, 251, 251, 251, 254, 257, 259, 264, 264, 264, 266, 267, 268, 269, 269, 273, 274, 275, 275, 275, 275, 279, 283, 283, 283, 287, 288, 289, 289, 290, 290, 291, 297, 298, 303, 303, 305, 305, 305, 307, 307, 307, 308, 308, 308, 308, 309, 310, 310, 310, 311, 312, 313, 313, 313, 314, 314, 318, 321, 321, 321, 321, 321, 326, 330, 331, 332, 333, 335, 337, 341, 343, 345, 346, 349, 349, 352, 352, 352, 352, 353, 356, 356, 361, 364, 365, 368, 369, 370, 371, 372, 374, 375, 379, 379, 379]}
977 {0: [29, 29, 25, 25, 29, 26, 27, 28, 27, 27, 25, 25, 26, 27, 25, 25, 26, 26, 26, 26, 26, 25, 25, 25, 25, 26, 24, 25, 25, 23, 26, 26, 26, 27, 27, 29, 25, 26, 22, 23, 22, 22, 23, 22, 22, 23, 22, 22, 22, 22, 22, 22, 22, 22, 23, 22, 22, 22, 22, 23, 25, 23, 22, 23, 25, 25, 27, 24, 23, 24, 24, 25, 26, 26, 23, 22, 22, 22, 20, 24, 23, 23, 25, 26, 27, 26, 27, 26, 24, 26, 24, 24, 24, 24, 25, 25, 28, 26, 28, 30], 1: [240, 242, 246, 246, 247, 251, 251, 251, 254, 257, 259, 264, 264, 264, 266, 267, 268, 269, 269, 273, 274, 275, 275, 275, 275, 279, 283, 283, 283, 287, 288, 289, 289, 290, 290, 291, 297, 298, 303, 303, 305, 305, 305, 307, 307, 307, 308, 308, 308, 308, 309, 310, 310, 310, 311, 312, 313, 313, 313, 314, 314, 318, 321, 321, 321, 321, 321, 326, 330, 331, 332, 333, 335, 337, 341, 343, 345, 346, 349, 349, 352, 352, 352, 352, 353, 356, 356, 361, 364, 365, 368, 369, 370, 371, 372, 374, 375, 379, 379, 379]}
487 {0: [29, 29, 25, 25, 29, 26, 27, 28, 27, 27, 25, 25, 26, 27, 25, 25, 26, 26, 26, 26, 26, 25, 25, 25, 25, 26, 24, 25, 25, 23, 26, 26, 26, 27, 27, 29, 25, 26, 22, 23, 22, 22, 23, 22, 22, 23, 22, 22, 22, 22, 22, 22, 22, 22, 23, 22, 22, 22, 22, 23, 25, 23, 22, 23, 25, 25, 27, 24, 23, 24, 24, 25, 26, 26, 23, 22, 22, 22, 20, 24, 23, 23, 25, 26, 27, 26, 27, 26, 24, 26, 24, 24, 24, 24, 25, 25, 28, 26, 28, 30], 1: [240, 242, 246, 246, 247, 251, 251, 251, 254, 257, 259, 264, 264, 264, 266, 267, 268, 269, 269, 273, 274, 275, 275, 275, 275, 279, 283, 283, 283, 287, 288, 289, 289, 290, 290, 291, 297, 298, 303, 303, 305, 305, 305, 307, 307, 307, 308, 308, 308, 308, 309, 310, 310, 310, 311, 312, 313, 313, 313, 314, 314, 318, 321, 321, 321, 321, 321, 326, 330, 331, 332, 333, 335, 337, 341, 343, 345, 346, 349, 349, 352, 352, 352, 352, 353, 356, 356, 361, 364, 365, 368, 369, 370, 371, 372, 374, 375, 379, 379, 379]}
242 {0: [29, 29, 25, 25, 29, 26, 27, 28, 27, 27, 25, 25, 26, 27, 25, 25, 26, 26, 26, 26, 26, 25, 25, 25, 25, 26, 24, 25, 25, 23, 26, 26, 26, 27, 27, 29, 25, 26, 22, 23, 22, 22, 23, 22, 22, 23, 22, 22, 22, 22, 22, 22, 22, 22, 23, 22, 22, 22, 22, 23, 25, 23, 22, 23, 25, 25, 27, 24, 23, 24, 24, 25, 26, 26, 23, 22, 22, 22, 20, 24, 23, 23, 25, 26, 27, 26, 27, 26, 24, 26, 24, 24, 24, 24, 25, 25, 28, 26, 28, 30], 1: [240, 242, 246, 246, 247, 251, 251, 251, 254, 257, 259, 264, 264, 264, 266, 267, 268, 269, 269, 273, 274, 275, 275, 275, 275, 279, 283, 283, 283, 287, 288, 289, 289, 290, 290, 291, 297, 298, 303, 303, 305, 305, 305, 307, 307, 307, 308, 308, 308, 308, 309, 310, 310, 310, 311, 312, 313, 313, 313, 314, 314, 318, 321, 321, 321, 321, 321, 326, 330, 331, 332, 333, 335, 337, 341, 343, 345, 346, 349, 349, 352, 352, 352, 352, 353, 356, 356, 361, 364, 365, 368, 369, 370, 371, 372, 374, 375, 379, 379, 379]}
978 {0: [29, 29, 25, 25, 29, 26, 27, 28, 27, 27, 25, 25, 26, 27, 25, 25, 26, 26, 26, 26, 26, 25, 25, 25, 25, 26, 24, 25, 25, 23, 26, 26, 26, 27, 27, 29, 25, 26, 22, 23, 22, 22, 23, 22, 22, 23, 22, 22, 22, 22, 22, 22, 22, 22, 23, 22, 22, 22, 22, 23, 25, 23, 22, 23, 25, 25, 27, 24, 23, 24, 24, 25, 26, 26, 23, 22, 22, 22, 20, 24, 23, 23, 25, 26, 27, 26, 27, 26, 24, 26, 24, 24, 24, 24, 25, 25, 28, 26, 28, 30], 1: [240, 242, 246, 246, 247, 251, 251, 251, 254, 257, 259, 264, 264, 264, 266, 267, 268, 269, 269, 273, 274, 275, 275, 275, 275, 279, 283, 283, 283, 287, 288, 289, 289, 290, 290, 291, 297, 298, 303, 303, 305, 305, 305, 307, 307, 307, 308, 308, 308, 308, 309, 310, 310, 310, 311, 312, 313, 313, 313, 314, 314, 318, 321, 321, 321, 321, 321, 326, 330, 331, 332, 333, 335, 337, 341, 343, 345, 346, 349, 349, 352, 352, 352, 352, 353, 356, 356, 361, 364, 365, 368, 369, 370, 371, 372, 374, 375, 379, 379, 379]}
488 {0: [29, 29, 25, 25, 29, 26, 27, 28, 27, 27, 25, 25, 26, 27, 25, 25, 26, 26, 26, 26, 26, 25, 25, 25, 25, 26, 24, 25, 25, 23, 26, 26, 26, 27, 27, 29, 25, 26, 22, 23, 22, 22, 23, 22, 22, 23, 22, 22, 22, 22, 22, 22, 22, 22, 23, 22, 22, 22, 22, 23, 25, 23, 22, 23, 25, 25, 27, 24, 23, 24, 24, 25, 26, 26, 23, 22, 22, 22, 20, 24, 23, 23, 25, 26, 27, 26, 27, 26, 24, 26, 24, 24, 24, 24, 25, 25, 28, 26, 28, 30], 1: [240, 242, 246, 246, 247, 251, 251, 251, 254, 257, 259, 264, 264, 264, 266, 267, 268, 269, 269, 273, 274, 275, 275, 275, 275, 279, 283, 283, 283, 287, 288, 289, 289, 290, 290, 291, 297, 298, 303, 303, 305, 305, 305, 307, 307, 307, 308, 308, 308, 308, 309, 310, 310, 310, 311, 312, 313, 313, 313, 314, 314, 318, 321, 321, 321, 321, 321, 326, 330, 331, 332, 333, 335, 337, 341, 343, 345, 346, 349, 349, 352, 352, 352, 352, 353, 356, 356, 361, 364, 365, 368, 369, 370, 371, 372, 374, 375, 379, 379, 379]}
243 {0: [29, 29, 25, 25, 29, 26, 27, 28, 27, 27, 25, 25, 26, 27, 25, 25, 26, 26, 26, 26, 26, 25, 25, 25, 25, 26, 24, 25, 25, 23, 26, 26, 26, 27, 27, 29, 25, 26, 22, 23, 22, 22, 23, 22, 22, 23, 22, 22, 22, 22, 22, 22, 22, 22, 23, 22, 22, 22, 22, 23, 25, 23, 22, 23, 25, 25, 27, 24, 23, 24, 24, 25, 26, 26, 23, 22, 22, 22, 20, 24, 23, 23, 25, 26, 27, 26, 27, 26, 24, 26, 24, 24, 24, 24, 25, 25, 28, 26, 28, 30], 1: [240, 242, 246, 246, 247, 251, 251, 251, 254, 257, 259, 264, 264, 264, 266, 267, 268, 269, 269, 273, 274, 275, 275, 275, 275, 279, 283, 283, 283, 287, 288, 289, 289, 290, 290, 291, 297, 298, 303, 303, 305, 305, 305, 307, 307, 307, 308, 308, 308, 308, 309, 310, 310, 310, 311, 312, 313, 313, 313, 314, 314, 318, 321, 321, 321, 321, 321, 326, 330, 331, 332, 333, 335, 337, 341, 343, 345, 346, 349, 349, 352, 352, 352, 352, 353, 356, 356, 361, 364, 365, 368, 369, 370, 371, 372, 374, 375, 379, 379, 379]}
979 {0: [29, 29, 25, 25, 29, 26, 27, 28, 27, 27, 25, 25, 26, 27, 25, 25, 26, 26, 26, 26, 26, 25, 25, 25, 25, 26, 24, 25, 25, 23, 26, 26, 26, 27, 27, 29, 25, 26, 22, 23, 22, 22, 23, 22, 22, 23, 22, 22, 22, 22, 22, 22, 22, 22, 23, 22, 22, 22, 22, 23, 25, 23, 22, 23, 25, 25, 27, 24, 23, 24, 24, 25, 26, 26, 23, 22, 22, 22, 20, 24, 23, 23, 25, 26, 27, 26, 27, 26, 24, 26, 24, 24, 24, 24, 25, 25, 28, 26, 28, 30], 1: [240, 242, 246, 246, 247, 251, 251, 251, 254, 257, 259, 264, 264, 264, 266, 267, 268, 269, 269, 273, 274, 275, 275, 275, 275, 279, 283, 283, 283, 287, 288, 289, 289, 290, 290, 291, 297, 298, 303, 303, 305, 305, 305, 307, 307, 307, 308, 308, 308, 308, 309, 310, 310, 310, 311, 312, 313, 313, 313, 314, 314, 318, 321, 321, 321, 321, 321, 326, 330, 331, 332, 333, 335, 337, 341, 343, 345, 346, 349, 349, 352, 352, 352, 352, 353, 356, 356, 361, 364, 365, 368, 369, 370, 371, 372, 374, 375, 379, 379, 379]}
489 {0: [29, 29, 25, 25, 29, 26, 27, 28, 27, 27, 25, 25, 26, 27, 25, 25, 26, 26, 26, 26, 26, 25, 25, 25, 25, 26, 24, 25, 25, 23, 26, 26, 26, 27, 27, 29, 25, 26, 22, 23, 22, 22, 23, 22, 22, 23, 22, 22, 22, 22, 22, 22, 22, 22, 23, 22, 22, 22, 22, 23, 25, 23, 22, 23, 25, 25, 27, 24, 23, 24, 24, 25, 26, 26, 23, 22, 22, 22, 20, 24, 23, 23, 25, 26, 27, 26, 27, 26, 24, 26, 24, 24, 24, 24, 25, 25, 28, 26, 28, 30], 1: [240, 242, 246, 246, 247, 251, 251, 251, 254, 257, 259, 264, 264, 264, 266, 267, 268, 269, 269, 273, 274, 275, 275, 275, 275, 279, 283, 283, 283, 287, 288, 289, 289, 290, 290, 291, 297, 298, 303, 303, 305, 305, 305, 307, 307, 307, 308, 308, 308, 308, 309, 310, 310, 310, 311, 312, 313, 313, 313, 314, 314, 318, 321, 321, 321, 321, 321, 326, 330, 331, 332, 333, 335, 337, 341, 343, 345, 346, 349, 349, 352, 352, 352, 352, 353, 356, 356, 361, 364, 365, 368, 369, 370, 371, 372, 374, 375, 379, 379, 379]}
244 {0: [29, 29, 25, 25, 29, 26, 27, 28, 27, 27, 25, 25, 26, 27, 25, 25, 26, 26, 26, 26, 26, 25, 25, 25, 25, 26, 24, 25, 25, 23, 26, 26, 26, 27, 27, 29, 25, 26, 22, 23, 22, 22, 23, 22, 22, 23, 22, 22, 22, 22, 22, 22, 22, 22, 23, 22, 22, 22, 22, 23, 25, 23, 22, 23, 25, 25, 27, 24, 23, 24, 24, 25, 26, 26, 23, 22, 22, 22, 20, 24, 23, 23, 25, 26, 27, 26, 27, 26, 24, 26, 24, 24, 24, 24, 25, 25, 28, 26, 28, 30], 1: [240, 242, 246, 246, 247, 251, 251, 251, 254, 257, 259, 264, 264, 264, 266, 267, 268, 269, 269, 273, 274, 275, 275, 275, 275, 279, 283, 283, 283, 287, 288, 289, 289, 290, 290, 291, 297, 298, 303, 303, 305, 305, 305, 307, 307, 307, 308, 308, 308, 308, 309, 310, 310, 310, 311, 312, 313, 313, 313, 314, 314, 318, 321, 321, 321, 321, 321, 326, 330, 331, 332, 333, 335, 337, 341, 343, 345, 346, 349, 349, 352, 352, 352, 352, 353, 356, 356, 361, 364, 365, 368, 369, 370, 371, 372, 374, 375, 379, 379, 379]}
980 {0: [29, 29, 25, 25, 29, 26, 27, 28, 27, 27, 25, 25, 26, 27, 25, 25, 26, 26, 26, 26, 26, 25, 25, 25, 25, 26, 24, 25, 25, 23, 26, 26, 26, 27, 27, 29, 25, 26, 22, 23, 22, 22, 23, 22, 22, 23, 22, 22, 22, 22, 22, 22, 22, 22, 23, 22, 22, 22, 22, 23, 25, 23, 22, 23, 25, 25, 27, 24, 23, 24, 24, 25, 26, 26, 23, 22, 22, 22, 20, 24, 23, 23, 25, 26, 27, 26, 27, 26, 24, 26, 24, 24, 24, 24, 25, 25, 28, 26, 28, 30], 1: [240, 242, 246, 246, 247, 251, 251, 251, 254, 257, 259, 264, 264, 264, 266, 267, 268, 269, 269, 273, 274, 275, 275, 275, 275, 279, 283, 283, 283, 287, 288, 289, 289, 290, 290, 291, 297, 298, 303, 303, 305, 305, 305, 307, 307, 307, 308, 308, 308, 308, 309, 310, 310, 310, 311, 312, 313, 313, 313, 314, 314, 318, 321, 321, 321, 321, 321, 326, 330, 331, 332, 333, 335, 337, 341, 343, 345, 346, 349, 349, 352, 352, 352, 352, 353, 356, 356, 361, 364, 365, 368, 369, 370, 371, 372, 374, 375, 379, 379, 379]}
490 {0: [29, 29, 25, 25, 29, 26, 27, 28, 27, 27, 25, 25, 26, 27, 25, 25, 26, 26, 26, 26, 26, 25, 25, 25, 25, 26, 24, 25, 25, 23, 26, 26, 26, 27, 27, 29, 25, 26, 22, 23, 22, 22, 23, 22, 22, 23, 22, 22, 22, 22, 22, 22, 22, 22, 23, 22, 22, 22, 22, 23, 25, 23, 22, 23, 25, 25, 27, 24, 23, 24, 24, 25, 26, 26, 23, 22, 22, 22, 20, 24, 23, 23, 25, 26, 27, 26, 27, 26, 24, 26, 24, 24, 24, 24, 25, 25, 28, 26, 28, 30], 1: [240, 242, 246, 246, 247, 251, 251, 251, 254, 257, 259, 264, 264, 264, 266, 267, 268, 269, 269, 273, 274, 275, 275, 275, 275, 279, 283, 283, 283, 287, 288, 289, 289, 290, 290, 291, 297, 298, 303, 303, 305, 305, 305, 307, 307, 307, 308, 308, 308, 308, 309, 310, 310, 310, 311, 312, 313, 313, 313, 314, 314, 318, 321, 321, 321, 321, 321, 326, 330, 331, 332, 333, 335, 337, 341, 343, 345, 346, 349, 349, 352, 352, 352, 352, 353, 356, 356, 361, 364, 365, 368, 369, 370, 371, 372, 374, 375, 379, 379, 379]}
245 {0: [29, 29, 25, 25, 29, 26, 27, 28, 27, 27, 25, 25, 26, 27, 25, 25, 26, 26, 26, 26, 26, 25, 25, 25, 25, 26, 24, 25, 25, 23, 26, 26, 26, 27, 27, 29, 25, 26, 22, 23, 22, 22, 23, 22, 22, 23, 22, 22, 22, 22, 22, 22, 22, 22, 23, 22, 22, 22, 22, 23, 25, 23, 22, 23, 25, 25, 27, 24, 23, 24, 24, 25, 26, 26, 23, 22, 22, 22, 20, 24, 23, 23, 25, 26, 27, 26, 27, 26, 24, 26, 24, 24, 24, 24, 25, 25, 28, 26, 28, 30], 1: [240, 242, 246, 246, 247, 251, 251, 251, 254, 257, 259, 264, 264, 264, 266, 267, 268, 269, 269, 273, 274, 275, 275, 275, 275, 279, 283, 283, 283, 287, 288, 289, 289, 290, 290, 291, 297, 298, 303, 303, 305, 305, 305, 307, 307, 307, 308, 308, 308, 308, 309, 310, 310, 310, 311, 312, 313, 313, 313, 314, 314, 318, 321, 321, 321, 321, 321, 326, 330, 331, 332, 333, 335, 337, 341, 343, 345, 346, 349, 349, 352, 352, 352, 352, 353, 356, 356, 361, 364, 365, 368, 369, 370, 371, 372, 374, 375, 379, 379, 379]}
981 {0: [29, 29, 25, 25, 29, 26, 27, 28, 27, 27, 25, 25, 26, 27, 25, 25, 26, 26, 26, 26, 26, 25, 25, 25, 25, 26, 24, 25, 25, 23, 26, 26, 26, 27, 27, 29, 25, 26, 22, 23, 22, 22, 23, 22, 22, 23, 22, 22, 22, 22, 22, 22, 22, 22, 23, 22, 22, 22, 22, 23, 25, 23, 22, 23, 25, 25, 27, 24, 23, 24, 24, 25, 26, 26, 23, 22, 22, 22, 20, 24, 23, 23, 25, 26, 27, 26, 27, 26, 24, 26, 24, 24, 24, 24, 25, 25, 28, 26, 28, 30], 1: [240, 242, 246, 246, 247, 251, 251, 251, 254, 257, 259, 264, 264, 264, 266, 267, 268, 269, 269, 273, 274, 275, 275, 275, 275, 279, 283, 283, 283, 287, 288, 289, 289, 290, 290, 291, 297, 298, 303, 303, 305, 305, 305, 307, 307, 307, 308, 308, 308, 308, 309, 310, 310, 310, 311, 312, 313, 313, 313, 314, 314, 318, 321, 321, 321, 321, 321, 326, 330, 331, 332, 333, 335, 337, 341, 343, 345, 346, 349, 349, 352, 352, 352, 352, 353, 356, 356, 361, 364, 365, 368, 369, 370, 371, 372, 374, 375, 379, 379, 379]}
491 {0: [29, 29, 25, 25, 29, 26, 27, 28, 27, 27, 25, 25, 26, 27, 25, 25, 26, 26, 26, 26, 26, 25, 25, 25, 25, 26, 24, 25, 25, 23, 26, 26, 26, 27, 27, 29, 25, 26, 22, 23, 22, 22, 23, 22, 22, 23, 22, 22, 22, 22, 22, 22, 22, 22, 23, 22, 22, 22, 22, 23, 25, 23, 22, 23, 25, 25, 27, 24, 23, 24, 24, 25, 26, 26, 23, 22, 22, 22, 20, 24, 23, 23, 25, 26, 27, 26, 27, 26, 24, 26, 24, 24, 24, 24, 25, 25, 28, 26, 28, 30], 1: [240, 242, 246, 246, 247, 251, 251, 251, 254, 257, 259, 264, 264, 264, 266, 267, 268, 269, 269, 273, 274, 275, 275, 275, 275, 279, 283, 283, 283, 287, 288, 289, 289, 290, 290, 291, 297, 298, 303, 303, 305, 305, 305, 307, 307, 307, 308, 308, 308, 308, 309, 310, 310, 310, 311, 312, 313, 313, 313, 314, 314, 318, 321, 321, 321, 321, 321, 326, 330, 331, 332, 333, 335, 337, 341, 343, 345, 346, 349, 349, 352, 352, 352, 352, 353, 356, 356, 361, 364, 365, 368, 369, 370, 371, 372, 374, 375, 379, 379, 379]}
246 {0: [29, 29, 25, 25, 29, 26, 27, 28, 27, 27, 25, 25, 26, 27, 25, 25, 26, 26, 26, 26, 26, 25, 25, 25, 25, 26, 24, 25, 25, 23, 26, 26, 26, 27, 27, 29, 25, 26, 22, 23, 22, 22, 23, 22, 22, 23, 22, 22, 22, 22, 22, 22, 22, 22, 23, 22, 22, 22, 22, 23, 25, 23, 22, 23, 25, 25, 27, 24, 23, 24, 24, 25, 26, 26, 23, 22, 22, 22, 20, 24, 23, 23, 25, 26, 27, 26, 27, 26, 24, 26, 24, 24, 24, 24, 25, 25, 28, 26, 28, 30], 1: [240, 242, 246, 246, 247, 251, 251, 251, 254, 257, 259, 264, 264, 264, 266, 267, 268, 269, 269, 273, 274, 275, 275, 275, 275, 279, 283, 283, 283, 287, 288, 289, 289, 290, 290, 291, 297, 298, 303, 303, 305, 305, 305, 307, 307, 307, 308, 308, 308, 308, 309, 310, 310, 310, 311, 312, 313, 313, 313, 314, 314, 318, 321, 321, 321, 321, 321, 326, 330, 331, 332, 333, 335, 337, 341, 343, 345, 346, 349, 349, 352, 352, 352, 352, 353, 356, 356, 361, 364, 365, 368, 369, 370, 371, 372, 374, 375, 379, 379, 379]}
982 {0: [29, 29, 25, 25, 29, 26, 27, 28, 27, 27, 25, 25, 26, 27, 25, 25, 26, 26, 26, 26, 26, 25, 25, 25, 25, 26, 24, 25, 25, 23, 26, 26, 26, 27, 27, 29, 25, 26, 22, 23, 22, 22, 23, 22, 22, 23, 22, 22, 22, 22, 22, 22, 22, 22, 23, 22, 22, 22, 22, 23, 25, 23, 22, 23, 25, 25, 27, 24, 23, 24, 24, 25, 26, 26, 23, 22, 22, 22, 20, 24, 23, 23, 25, 26, 27, 26, 27, 26, 24, 26, 24, 24, 24, 24, 25, 25, 28, 26, 28, 30], 1: [240, 242, 246, 246, 247, 251, 251, 251, 254, 257, 259, 264, 264, 264, 266, 267, 268, 269, 269, 273, 274, 275, 275, 275, 275, 279, 283, 283, 283, 287, 288, 289, 289, 290, 290, 291, 297, 298, 303, 303, 305, 305, 305, 307, 307, 307, 308, 308, 308, 308, 309, 310, 310, 310, 311, 312, 313, 313, 313, 314, 314, 318, 321, 321, 321, 321, 321, 326, 330, 331, 332, 333, 335, 337, 341, 343, 345, 346, 349, 349, 352, 352, 352, 352, 353, 356, 356, 361, 364, 365, 368, 369, 370, 371, 372, 374, 375, 379, 379, 379]}
492 {0: [29, 29, 25, 25, 29, 26, 27, 28, 27, 27, 25, 25, 26, 27, 25, 25, 26, 26, 26, 26, 26, 25, 25, 25, 25, 26, 24, 25, 25, 23, 26, 26, 26, 27, 27, 29, 25, 26, 22, 23, 22, 22, 23, 22, 22, 23, 22, 22, 22, 22, 22, 22, 22, 22, 23, 22, 22, 22, 22, 23, 25, 23, 22, 23, 25, 25, 27, 24, 23, 24, 24, 25, 26, 26, 23, 22, 22, 22, 20, 24, 23, 23, 25, 26, 27, 26, 27, 26, 24, 26, 24, 24, 24, 24, 25, 25, 28, 26, 28, 30], 1: [240, 242, 246, 246, 247, 251, 251, 251, 254, 257, 259, 264, 264, 264, 266, 267, 268, 269, 269, 273, 274, 275, 275, 275, 275, 279, 283, 283, 283, 287, 288, 289, 289, 290, 290, 291, 297, 298, 303, 303, 305, 305, 305, 307, 307, 307, 308, 308, 308, 308, 309, 310, 310, 310, 311, 312, 313, 313, 313, 314, 314, 318, 321, 321, 321, 321, 321, 326, 330, 331, 332, 333, 335, 337, 341, 343, 345, 346, 349, 349, 352, 352, 352, 352, 353, 356, 356, 361, 364, 365, 368, 369, 370, 371, 372, 374, 375, 379, 379, 379]}
247 {0: [29, 29, 25, 25, 29, 26, 27, 28, 27, 27, 25, 25, 26, 27, 25, 25, 26, 26, 26, 26, 26, 25, 25, 25, 25, 26, 24, 25, 25, 23, 26, 26, 26, 27, 27, 29, 25, 26, 22, 23, 22, 22, 23, 22, 22, 23, 22, 22, 22, 22, 22, 22, 22, 22, 23, 22, 22, 22, 22, 23, 25, 23, 22, 23, 25, 25, 27, 24, 23, 24, 24, 25, 26, 26, 23, 22, 22, 22, 20, 24, 23, 23, 25, 26, 27, 26, 27, 26, 24, 26, 24, 24, 24, 24, 25, 25, 28, 26, 28, 30], 1: [240, 242, 246, 246, 247, 251, 251, 251, 254, 257, 259, 264, 264, 264, 266, 267, 268, 269, 269, 273, 274, 275, 275, 275, 275, 279, 283, 283, 283, 287, 288, 289, 289, 290, 290, 291, 297, 298, 303, 303, 305, 305, 305, 307, 307, 307, 308, 308, 308, 308, 309, 310, 310, 310, 311, 312, 313, 313, 313, 314, 314, 318, 321, 321, 321, 321, 321, 326, 330, 331, 332, 333, 335, 337, 341, 343, 345, 346, 349, 349, 352, 352, 352, 352, 353, 356, 356, 361, 364, 365, 368, 369, 370, 371, 372, 374, 375, 379, 379, 379]}
983 {0: [29, 29, 25, 25, 29, 26, 27, 28, 27, 27, 25, 25, 26, 27, 25, 25, 26, 26, 26, 26, 26, 25, 25, 25, 25, 26, 24, 25, 25, 23, 26, 26, 26, 27, 27, 29, 25, 26, 22, 23, 22, 22, 23, 22, 22, 23, 22, 22, 22, 22, 22, 22, 22, 22, 23, 22, 22, 22, 22, 23, 25, 23, 22, 23, 25, 25, 27, 24, 23, 24, 24, 25, 26, 26, 23, 22, 22, 22, 20, 24, 23, 23, 25, 26, 27, 26, 27, 26, 24, 26, 24, 24, 24, 24, 25, 25, 28, 26, 28, 30], 1: [240, 242, 246, 246, 247, 251, 251, 251, 254, 257, 259, 264, 264, 264, 266, 267, 268, 269, 269, 273, 274, 275, 275, 275, 275, 279, 283, 283, 283, 287, 288, 289, 289, 290, 290, 291, 297, 298, 303, 303, 305, 305, 305, 307, 307, 307, 308, 308, 308, 308, 309, 310, 310, 310, 311, 312, 313, 313, 313, 314, 314, 318, 321, 321, 321, 321, 321, 326, 330, 331, 332, 333, 335, 337, 341, 343, 345, 346, 349, 349, 352, 352, 352, 352, 353, 356, 356, 361, 364, 365, 368, 369, 370, 371, 372, 374, 375, 379, 379, 379]}
493 {0: [29, 29, 25, 25, 29, 26, 27, 28, 27, 27, 25, 25, 26, 27, 25, 25, 26, 26, 26, 26, 26, 25, 25, 25, 25, 26, 24, 25, 25, 23, 26, 26, 26, 27, 27, 29, 25, 26, 22, 23, 22, 22, 23, 22, 22, 23, 22, 22, 22, 22, 22, 22, 22, 22, 23, 22, 22, 22, 22, 23, 25, 23, 22, 23, 25, 25, 27, 24, 23, 24, 24, 25, 26, 26, 23, 22, 22, 22, 20, 24, 23, 23, 25, 26, 27, 26, 27, 26, 24, 26, 24, 24, 24, 24, 25, 25, 28, 26, 28, 30], 1: [240, 242, 246, 246, 247, 251, 251, 251, 254, 257, 259, 264, 264, 264, 266, 267, 268, 269, 269, 273, 274, 275, 275, 275, 275, 279, 283, 283, 283, 287, 288, 289, 289, 290, 290, 291, 297, 298, 303, 303, 305, 305, 305, 307, 307, 307, 308, 308, 308, 308, 309, 310, 310, 310, 311, 312, 313, 313, 313, 314, 314, 318, 321, 321, 321, 321, 321, 326, 330, 331, 332, 333, 335, 337, 341, 343, 345, 346, 349, 349, 352, 352, 352, 352, 353, 356, 356, 361, 364, 365, 368, 369, 370, 371, 372, 374, 375, 379, 379, 379]}
248 {0: [29, 29, 25, 25, 29, 26, 27, 28, 27, 27, 25, 25, 26, 27, 25, 25, 26, 26, 26, 26, 26, 25, 25, 25, 25, 26, 24, 25, 25, 23, 26, 26, 26, 27, 27, 29, 25, 26, 22, 23, 22, 22, 23, 22, 22, 23, 22, 22, 22, 22, 22, 22, 22, 22, 23, 22, 22, 22, 22, 23, 25, 23, 22, 23, 25, 25, 27, 24, 23, 24, 24, 25, 26, 26, 23, 22, 22, 22, 20, 24, 23, 23, 25, 26, 27, 26, 27, 26, 24, 26, 24, 24, 24, 24, 25, 25, 28, 26, 28, 30], 1: [240, 242, 246, 246, 247, 251, 251, 251, 254, 257, 259, 264, 264, 264, 266, 267, 268, 269, 269, 273, 274, 275, 275, 275, 275, 279, 283, 283, 283, 287, 288, 289, 289, 290, 290, 291, 297, 298, 303, 303, 305, 305, 305, 307, 307, 307, 308, 308, 308, 308, 309, 310, 310, 310, 311, 312, 313, 313, 313, 314, 314, 318, 321, 321, 321, 321, 321, 326, 330, 331, 332, 333, 335, 337, 341, 343, 345, 346, 349, 349, 352, 352, 352, 352, 353, 356, 356, 361, 364, 365, 368, 369, 370, 371, 372, 374, 375, 379, 379, 379]}
984 {0: [29, 29, 25, 25, 29, 26, 27, 28, 27, 27, 25, 25, 26, 27, 25, 25, 26, 26, 26, 26, 26, 25, 25, 25, 25, 26, 24, 25, 25, 23, 26, 26, 26, 27, 27, 29, 25, 26, 22, 23, 22, 22, 23, 22, 22, 23, 22, 22, 22, 22, 22, 22, 22, 22, 23, 22, 22, 22, 22, 23, 25, 23, 22, 23, 25, 25, 27, 24, 23, 24, 24, 25, 26, 26, 23, 22, 22, 22, 20, 24, 23, 23, 25, 26, 27, 26, 27, 26, 24, 26, 24, 24, 24, 24, 25, 25, 28, 26, 28, 30], 1: [240, 242, 246, 246, 247, 251, 251, 251, 254, 257, 259, 264, 264, 264, 266, 267, 268, 269, 269, 273, 274, 275, 275, 275, 275, 279, 283, 283, 283, 287, 288, 289, 289, 290, 290, 291, 297, 298, 303, 303, 305, 305, 305, 307, 307, 307, 308, 308, 308, 308, 309, 310, 310, 310, 311, 312, 313, 313, 313, 314, 314, 318, 321, 321, 321, 321, 321, 326, 330, 331, 332, 333, 335, 337, 341, 343, 345, 346, 349, 349, 352, 352, 352, 352, 353, 356, 356, 361, 364, 365, 368, 369, 370, 371, 372, 374, 375, 379, 379, 379]}
494 {0: [29, 29, 25, 25, 29, 26, 27, 28, 27, 27, 25, 25, 26, 27, 25, 25, 26, 26, 26, 26, 26, 25, 25, 25, 25, 26, 24, 25, 25, 23, 26, 26, 26, 27, 27, 29, 25, 26, 22, 23, 22, 22, 23, 22, 22, 23, 22, 22, 22, 22, 22, 22, 22, 22, 23, 22, 22, 22, 22, 23, 25, 23, 22, 23, 25, 25, 27, 24, 23, 24, 24, 25, 26, 26, 23, 22, 22, 22, 20, 24, 23, 23, 25, 26, 27, 26, 27, 26, 24, 26, 24, 24, 24, 24, 25, 25, 28, 26, 28, 30], 1: [240, 242, 246, 246, 247, 251, 251, 251, 254, 257, 259, 264, 264, 264, 266, 267, 268, 269, 269, 273, 274, 275, 275, 275, 275, 279, 283, 283, 283, 287, 288, 289, 289, 290, 290, 291, 297, 298, 303, 303, 305, 305, 305, 307, 307, 307, 308, 308, 308, 308, 309, 310, 310, 310, 311, 312, 313, 313, 313, 314, 314, 318, 321, 321, 321, 321, 321, 326, 330, 331, 332, 333, 335, 337, 341, 343, 345, 346, 349, 349, 352, 352, 352, 352, 353, 356, 356, 361, 364, 365, 368, 369, 370, 371, 372, 374, 375, 379, 379, 379]}
249 {0: [29, 29, 25, 25, 29, 26, 27, 28, 27, 27, 25, 25, 26, 27, 25, 25, 26, 26, 26, 26, 26, 25, 25, 25, 25, 26, 24, 25, 25, 23, 26, 26, 26, 27, 27, 29, 25, 26, 22, 23, 22, 22, 23, 22, 22, 23, 22, 22, 22, 22, 22, 22, 22, 22, 23, 22, 22, 22, 22, 23, 25, 23, 22, 23, 25, 25, 27, 24, 23, 24, 24, 25, 26, 26, 23, 22, 22, 22, 20, 24, 23, 23, 25, 26, 27, 26, 27, 26, 24, 26, 24, 24, 24, 24, 25, 25, 28, 26, 28, 30], 1: [240, 242, 246, 246, 247, 251, 251, 251, 254, 257, 259, 264, 264, 264, 266, 267, 268, 269, 269, 273, 274, 275, 275, 275, 275, 279, 283, 283, 283, 287, 288, 289, 289, 290, 290, 291, 297, 298, 303, 303, 305, 305, 305, 307, 307, 307, 308, 308, 308, 308, 309, 310, 310, 310, 311, 312, 313, 313, 313, 314, 314, 318, 321, 321, 321, 321, 321, 326, 330, 331, 332, 333, 335, 337, 341, 343, 345, 346, 349, 349, 352, 352, 352, 352, 353, 356, 356, 361, 364, 365, 368, 369, 370, 371, 372, 374, 375, 379, 379, 379]}
985 {0: [29, 29, 25, 25, 29, 26, 27, 28, 27, 27, 25, 25, 26, 27, 25, 25, 26, 26, 26, 26, 26, 25, 25, 25, 25, 26, 24, 25, 25, 23, 26, 26, 26, 27, 27, 29, 25, 26, 22, 23, 22, 22, 23, 22, 22, 23, 22, 22, 22, 22, 22, 22, 22, 22, 23, 22, 22, 22, 22, 23, 25, 23, 22, 23, 25, 25, 27, 24, 23, 24, 24, 25, 26, 26, 23, 22, 22, 22, 20, 24, 23, 23, 26, 27, 25, 26, 27, 27, 27, 29, 28, 26, 25, 25, 27, 28, 27, 29, 27, 30], 1: [240, 242, 246, 246, 247, 251, 251, 251, 254, 257, 259, 264, 264, 264, 266, 267, 268, 269, 269, 273, 274, 275, 275, 275, 275, 279, 283, 283, 283, 287, 288, 289, 289, 290, 290, 291, 297, 298, 303, 303, 305, 305, 305, 307, 307, 307, 308, 308, 308, 308, 309, 310, 310, 310, 311, 312, 313, 313, 313, 314, 314, 318, 321, 321, 321, 321, 321, 326, 330, 331, 332, 333, 335, 337, 341, 343, 345, 346, 349, 349, 352, 352, 353, 355, 358, 358, 358, 358, 360, 362, 365, 369, 373, 374, 374, 376, 379, 380, 383, 384]}
495 {0: [29, 29, 25, 25, 29, 26, 27, 28, 27, 27, 25, 25, 26, 27, 25, 25, 26, 26, 26, 26, 26, 25, 25, 25, 25, 26, 24, 25, 25, 23, 26, 26, 26, 27, 27, 29, 25, 26, 22, 23, 22, 22, 23, 22, 22, 23, 22, 22, 22, 22, 22, 22, 22, 22, 23, 22, 22, 22, 22, 23, 25, 23, 22, 23, 25, 25, 27, 24, 23, 24, 24, 25, 26, 26, 23, 22, 22, 22, 20, 24, 23, 23, 25, 26, 27, 26, 27, 26, 24, 26, 24, 24, 24, 24, 25, 25, 28, 26, 28, 30], 1: [240, 242, 246, 246, 247, 251, 251, 251, 254, 257, 259, 264, 264, 264, 266, 267, 268, 269, 269, 273, 274, 275, 275, 275, 275, 279, 283, 283, 283, 287, 288, 289, 289, 290, 290, 291, 297, 298, 303, 303, 305, 305, 305, 307, 307, 307, 308, 308, 308, 308, 309, 310, 310, 310, 311, 312, 313, 313, 313, 314, 314, 318, 321, 321, 321, 321, 321, 326, 330, 331, 332, 333, 335, 337, 341, 343, 345, 346, 349, 349, 352, 352, 352, 352, 353, 356, 356, 361, 364, 365, 368, 369, 370, 371, 372, 374, 375, 379, 379, 379]}
986 {0: [29, 29, 25, 25, 29, 26, 27, 28, 27, 27, 25, 25, 26, 27, 25, 25, 26, 26, 26, 26, 26, 25, 25, 25, 25, 26, 24, 25, 25, 23, 26, 26, 26, 27, 27, 29, 25, 26, 22, 23, 22, 22, 23, 22, 22, 23, 22, 22, 22, 22, 22, 22, 22, 22, 23, 22, 22, 22, 22, 23, 25, 23, 22, 23, 25, 25, 27, 24, 23, 24, 24, 25, 26, 26, 23, 22, 22, 22, 20, 24, 23, 23, 25, 26, 27, 26, 27, 26, 24, 26, 24, 24, 24, 24, 25, 25, 28, 26, 28, 30], 1: [240, 242, 246, 246, 247, 251, 251, 251, 254, 257, 259, 264, 264, 264, 266, 267, 268, 269, 269, 273, 274, 275, 275, 275, 275, 279, 283, 283, 283, 287, 288, 289, 289, 290, 290, 291, 297, 298, 303, 303, 305, 305, 305, 307, 307, 307, 308, 308, 308, 308, 309, 310, 310, 310, 311, 312, 313, 313, 313, 314, 314, 318, 321, 321, 321, 321, 321, 326, 330, 331, 332, 333, 335, 337, 341, 343, 345, 346, 349, 349, 352, 352, 352, 352, 353, 356, 356, 361, 364, 365, 368, 369, 370, 371, 372, 374, 375, 379, 379, 379]}
496 {0: [29, 29, 25, 25, 29, 26, 27, 28, 27, 27, 25, 25, 26, 27, 25, 25, 26, 26, 26, 26, 26, 25, 25, 25, 25, 26, 24, 25, 25, 23, 26, 26, 26, 27, 27, 29, 25, 26, 22, 23, 22, 22, 23, 22, 22, 23, 22, 22, 22, 22, 22, 22, 22, 22, 23, 22, 22, 22, 22, 23, 25, 23, 22, 23, 25, 25, 27, 24, 23, 24, 24, 25, 26, 26, 23, 22, 22, 22, 20, 24, 23, 23, 25, 26, 27, 26, 27, 26, 24, 26, 24, 24, 24, 24, 25, 25, 28, 26, 28, 30], 1: [240, 242, 246, 246, 247, 251, 251, 251, 254, 257, 259, 264, 264, 264, 266, 267, 268, 269, 269, 273, 274, 275, 275, 275, 275, 279, 283, 283, 283, 287, 288, 289, 289, 290, 290, 291, 297, 298, 303, 303, 305, 305, 305, 307, 307, 307, 308, 308, 308, 308, 309, 310, 310, 310, 311, 312, 313, 313, 313, 314, 314, 318, 321, 321, 321, 321, 321, 326, 330, 331, 332, 333, 335, 337, 341, 343, 345, 346, 349, 349, 352, 352, 352, 352, 353, 356, 356, 361, 364, 365, 368, 369, 370, 371, 372, 374, 375, 379, 379, 379]}
987 {0: [29, 29, 25, 25, 29, 26, 27, 28, 27, 27, 25, 25, 26, 27, 25, 25, 26, 26, 26, 26, 26, 25, 25, 25, 25, 26, 24, 25, 25, 23, 26, 26, 26, 27, 27, 29, 25, 26, 22, 23, 22, 22, 23, 22, 22, 23, 22, 22, 22, 22, 22, 22, 22, 22, 23, 22, 22, 22, 22, 23, 25, 23, 22, 23, 25, 25, 27, 24, 23, 24, 24, 25, 26, 26, 23, 22, 22, 22, 20, 24, 23, 23, 25, 26, 27, 26, 27, 26, 24, 26, 24, 24, 24, 24, 25, 25, 28, 26, 28, 30], 1: [240, 242, 246, 246, 247, 251, 251, 251, 254, 257, 259, 264, 264, 264, 266, 267, 268, 269, 269, 273, 274, 275, 275, 275, 275, 279, 283, 283, 283, 287, 288, 289, 289, 290, 290, 291, 297, 298, 303, 303, 305, 305, 305, 307, 307, 307, 308, 308, 308, 308, 309, 310, 310, 310, 311, 312, 313, 313, 313, 314, 314, 318, 321, 321, 321, 321, 321, 326, 330, 331, 332, 333, 335, 337, 341, 343, 345, 346, 349, 349, 352, 352, 352, 352, 353, 356, 356, 361, 364, 365, 368, 369, 370, 371, 372, 374, 375, 379, 379, 379]}
497 {0: [29, 29, 25, 25, 29, 26, 27, 28, 27, 27, 25, 25, 26, 27, 25, 25, 26, 26, 26, 26, 26, 25, 25, 25, 25, 26, 24, 25, 25, 23, 26, 26, 26, 27, 27, 29, 25, 26, 22, 23, 22, 22, 23, 22, 22, 23, 22, 22, 22, 22, 22, 22, 22, 22, 23, 22, 22, 22, 22, 23, 25, 23, 22, 23, 25, 25, 27, 24, 23, 24, 24, 25, 26, 26, 23, 22, 22, 22, 20, 24, 23, 23, 25, 26, 27, 26, 27, 26, 24, 26, 24, 24, 24, 24, 25, 25, 28, 26, 28, 30], 1: [240, 242, 246, 246, 247, 251, 251, 251, 254, 257, 259, 264, 264, 264, 266, 267, 268, 269, 269, 273, 274, 275, 275, 275, 275, 279, 283, 283, 283, 287, 288, 289, 289, 290, 290, 291, 297, 298, 303, 303, 305, 305, 305, 307, 307, 307, 308, 308, 308, 308, 309, 310, 310, 310, 311, 312, 313, 313, 313, 314, 314, 318, 321, 321, 321, 321, 321, 326, 330, 331, 332, 333, 335, 337, 341, 343, 345, 346, 349, 349, 352, 352, 352, 352, 353, 356, 356, 361, 364, 365, 368, 369, 370, 371, 372, 374, 375, 379, 379, 379]}
988 {0: [29, 29, 25, 25, 29, 26, 27, 28, 27, 27, 25, 25, 26, 27, 25, 25, 26, 26, 26, 26, 26, 25, 25, 25, 25, 26, 24, 25, 25, 23, 26, 26, 26, 27, 27, 29, 25, 26, 22, 23, 22, 22, 23, 22, 22, 23, 22, 22, 22, 22, 22, 22, 22, 22, 23, 22, 22, 22, 22, 23, 25, 23, 22, 23, 25, 25, 27, 24, 23, 24, 24, 25, 26, 26, 23, 22, 22, 22, 20, 24, 23, 23, 25, 26, 27, 26, 27, 26, 24, 26, 24, 24, 24, 24, 25, 25, 28, 26, 28, 30], 1: [240, 242, 246, 246, 247, 251, 251, 251, 254, 257, 259, 264, 264, 264, 266, 267, 268, 269, 269, 273, 274, 275, 275, 275, 275, 279, 283, 283, 283, 287, 288, 289, 289, 290, 290, 291, 297, 298, 303, 303, 305, 305, 305, 307, 307, 307, 308, 308, 308, 308, 309, 310, 310, 310, 311, 312, 313, 313, 313, 314, 314, 318, 321, 321, 321, 321, 321, 326, 330, 331, 332, 333, 335, 337, 341, 343, 345, 346, 349, 349, 352, 352, 352, 352, 353, 356, 356, 361, 364, 365, 368, 369, 370, 371, 372, 374, 375, 379, 379, 379]}
498 {0: [29, 29, 25, 25, 29, 26, 27, 28, 27, 27, 25, 25, 26, 27, 25, 25, 26, 26, 26, 26, 26, 25, 25, 25, 25, 26, 24, 25, 25, 23, 26, 26, 26, 27, 27, 29, 25, 26, 22, 23, 22, 22, 23, 22, 22, 23, 22, 22, 22, 22, 22, 22, 22, 22, 23, 22, 22, 22, 22, 23, 25, 23, 22, 23, 25, 25, 27, 24, 23, 24, 24, 25, 26, 26, 23, 22, 22, 22, 20, 24, 23, 23, 25, 26, 27, 26, 27, 26, 24, 26, 24, 24, 24, 24, 25, 25, 28, 26, 28, 30], 1: [240, 242, 246, 246, 247, 251, 251, 251, 254, 257, 259, 264, 264, 264, 266, 267, 268, 269, 269, 273, 274, 275, 275, 275, 275, 279, 283, 283, 283, 287, 288, 289, 289, 290, 290, 291, 297, 298, 303, 303, 305, 305, 305, 307, 307, 307, 308, 308, 308, 308, 309, 310, 310, 310, 311, 312, 313, 313, 313, 314, 314, 318, 321, 321, 321, 321, 321, 326, 330, 331, 332, 333, 335, 337, 341, 343, 345, 346, 349, 349, 352, 352, 352, 352, 353, 356, 356, 361, 364, 365, 368, 369, 370, 371, 372, 374, 375, 379, 379, 379]}
989 {0: [29, 29, 25, 25, 29, 26, 27, 28, 27, 27, 25, 25, 26, 27, 25, 25, 26, 26, 26, 26, 26, 25, 25, 25, 25, 26, 24, 25, 25, 23, 26, 26, 26, 27, 27, 29, 25, 26, 22, 23, 22, 22, 23, 22, 22, 23, 22, 22, 22, 22, 22, 22, 22, 22, 23, 22, 22, 22, 22, 23, 25, 23, 22, 23, 25, 25, 27, 24, 23, 24, 24, 25, 26, 26, 23, 22, 22, 22, 20, 24, 23, 23, 26, 27, 25, 26, 27, 27, 27, 29, 28, 26, 25, 25, 27, 28, 27, 29, 27, 30], 1: [240, 242, 246, 246, 247, 251, 251, 251, 254, 257, 259, 264, 264, 264, 266, 267, 268, 269, 269, 273, 274, 275, 275, 275, 275, 279, 283, 283, 283, 287, 288, 289, 289, 290, 290, 291, 297, 298, 303, 303, 305, 305, 305, 307, 307, 307, 308, 308, 308, 308, 309, 310, 310, 310, 311, 312, 313, 313, 313, 314, 314, 318, 321, 321, 321, 321, 321, 326, 330, 331, 332, 333, 335, 337, 341, 343, 345, 346, 349, 349, 352, 352, 353, 355, 358, 358, 358, 358, 360, 362, 365, 369, 373, 374, 374, 376, 379, 380, 383, 384]}
499 {0: [29, 29, 25, 25, 29, 26, 27, 28, 27, 27, 25, 25, 26, 27, 25, 25, 26, 26, 26, 26, 26, 25, 25, 25, 25, 26, 24, 25, 25, 23, 26, 26, 26, 27, 27, 29, 25, 26, 22, 23, 22, 22, 23, 22, 22, 23, 22, 22, 22, 22, 22, 22, 22, 22, 23, 22, 22, 22, 22, 23, 25, 23, 22, 23, 25, 25, 27, 24, 23, 24, 24, 25, 26, 26, 23, 22, 22, 22, 20, 24, 23, 23, 25, 26, 27, 26, 27, 26, 24, 26, 24, 24, 24, 24, 25, 25, 28, 26, 28, 30], 1: [240, 242, 246, 246, 247, 251, 251, 251, 254, 257, 259, 264, 264, 264, 266, 267, 268, 269, 269, 273, 274, 275, 275, 275, 275, 279, 283, 283, 283, 287, 288, 289, 289, 290, 290, 291, 297, 298, 303, 303, 305, 305, 305, 307, 307, 307, 308, 308, 308, 308, 309, 310, 310, 310, 311, 312, 313, 313, 313, 314, 314, 318, 321, 321, 321, 321, 321, 326, 330, 331, 332, 333, 335, 337, 341, 343, 345, 346, 349, 349, 352, 352, 352, 352, 353, 356, 356, 361, 364, 365, 368, 369, 370, 371, 372, 374, 375, 379, 379, 379]}
990 {0: [29, 29, 25, 25, 29, 26, 27, 28, 27, 27, 25, 25, 26, 27, 25, 25, 26, 26, 26, 26, 26, 25, 25, 25, 25, 26, 24, 25, 25, 23, 26, 26, 26, 27, 27, 29, 25, 26, 22, 23, 22, 22, 23, 22, 22, 23, 22, 22, 22, 22, 22, 22, 22, 22, 23, 22, 22, 22, 22, 23, 25, 23, 22, 23, 25, 25, 27, 24, 23, 24, 24, 25, 26, 26, 23, 22, 22, 22, 20, 24, 23, 23, 26, 27, 25, 26, 27, 27, 27, 29, 28, 26, 25, 25, 27, 28, 27, 29, 27, 30], 1: [240, 242, 246, 246, 247, 251, 251, 251, 254, 257, 259, 264, 264, 264, 266, 267, 268, 269, 269, 273, 274, 275, 275, 275, 275, 279, 283, 283, 283, 287, 288, 289, 289, 290, 290, 291, 297, 298, 303, 303, 305, 305, 305, 307, 307, 307, 308, 308, 308, 308, 309, 310, 310, 310, 311, 312, 313, 313, 313, 314, 314, 318, 321, 321, 321, 321, 321, 326, 330, 331, 332, 333, 335, 337, 341, 343, 345, 346, 349, 349, 352, 352, 353, 355, 358, 358, 358, 358, 360, 362, 365, 369, 373, 374, 374, 376, 379, 380, 383, 384]}
991 {0: [29, 29, 25, 25, 29, 26, 27, 28, 27, 27, 25, 25, 26, 27, 25, 25, 26, 26, 26, 26, 26, 25, 25, 25, 25, 26, 24, 25, 25, 23, 26, 26, 26, 27, 27, 29, 25, 26, 22, 23, 22, 22, 23, 22, 22, 23, 22, 22, 22, 22, 22, 22, 22, 22, 23, 22, 22, 22, 22, 23, 25, 23, 22, 23, 25, 25, 27, 24, 23, 24, 24, 25, 26, 26, 23, 22, 22, 22, 20, 24, 23, 23, 26, 27, 25, 26, 27, 27, 27, 29, 28, 26, 25, 25, 27, 28, 27, 29, 27, 30], 1: [240, 242, 246, 246, 247, 251, 251, 251, 254, 257, 259, 264, 264, 264, 266, 267, 268, 269, 269, 273, 274, 275, 275, 275, 275, 279, 283, 283, 283, 287, 288, 289, 289, 290, 290, 291, 297, 298, 303, 303, 305, 305, 305, 307, 307, 307, 308, 308, 308, 308, 309, 310, 310, 310, 311, 312, 313, 313, 313, 314, 314, 318, 321, 321, 321, 321, 321, 326, 330, 331, 332, 333, 335, 337, 341, 343, 345, 346, 349, 349, 352, 352, 353, 355, 358, 358, 358, 358, 360, 362, 365, 369, 373, 374, 374, 376, 379, 380, 383, 384]}
992 {0: [29, 29, 25, 25, 29, 26, 27, 28, 27, 27, 25, 25, 26, 27, 25, 25, 26, 26, 26, 26, 26, 25, 25, 25, 25, 26, 24, 25, 25, 23, 26, 26, 26, 27, 27, 29, 25, 26, 22, 23, 22, 22, 23, 22, 22, 23, 22, 22, 22, 22, 22, 22, 22, 22, 23, 22, 22, 22, 22, 23, 25, 23, 22, 23, 25, 25, 27, 24, 23, 24, 24, 25, 26, 26, 23, 22, 22, 22, 20, 24, 23, 23, 25, 26, 27, 26, 27, 26, 24, 26, 24, 24, 24, 24, 25, 25, 28, 26, 28, 30], 1: [240, 242, 246, 246, 247, 251, 251, 251, 254, 257, 259, 264, 264, 264, 266, 267, 268, 269, 269, 273, 274, 275, 275, 275, 275, 279, 283, 283, 283, 287, 288, 289, 289, 290, 290, 291, 297, 298, 303, 303, 305, 305, 305, 307, 307, 307, 308, 308, 308, 308, 309, 310, 310, 310, 311, 312, 313, 313, 313, 314, 314, 318, 321, 321, 321, 321, 321, 326, 330, 331, 332, 333, 335, 337, 341, 343, 345, 346, 349, 349, 352, 352, 352, 352, 353, 356, 356, 361, 364, 365, 368, 369, 370, 371, 372, 374, 375, 379, 379, 379]}
993 {0: [29, 29, 25, 25, 29, 26, 27, 28, 27, 27, 25, 25, 26, 27, 25, 25, 26, 26, 26, 26, 26, 25, 25, 25, 25, 26, 24, 25, 25, 23, 26, 26, 26, 27, 27, 29, 25, 26, 22, 23, 22, 22, 23, 22, 22, 23, 22, 22, 22, 22, 22, 22, 22, 22, 23, 22, 22, 22, 22, 23, 25, 23, 22, 23, 25, 25, 27, 24, 23, 24, 24, 25, 26, 26, 23, 22, 22, 22, 20, 24, 23, 23, 25, 26, 27, 26, 27, 26, 24, 26, 24, 24, 24, 24, 25, 25, 28, 26, 28, 30], 1: [240, 242, 246, 246, 247, 251, 251, 251, 254, 257, 259, 264, 264, 264, 266, 267, 268, 269, 269, 273, 274, 275, 275, 275, 275, 279, 283, 283, 283, 287, 288, 289, 289, 290, 290, 291, 297, 298, 303, 303, 305, 305, 305, 307, 307, 307, 308, 308, 308, 308, 309, 310, 310, 310, 311, 312, 313, 313, 313, 314, 314, 318, 321, 321, 321, 321, 321, 326, 330, 331, 332, 333, 335, 337, 341, 343, 345, 346, 349, 349, 352, 352, 352, 352, 353, 356, 356, 361, 364, 365, 368, 369, 370, 371, 372, 374, 375, 379, 379, 379]}
994 {0: [29, 29, 25, 25, 29, 26, 27, 28, 27, 27, 25, 25, 26, 27, 25, 25, 26, 26, 26, 26, 26, 25, 25, 25, 25, 26, 24, 25, 25, 23, 26, 26, 26, 27, 27, 29, 25, 26, 22, 23, 22, 22, 23, 22, 22, 23, 22, 22, 22, 22, 22, 22, 22, 22, 23, 22, 22, 22, 22, 23, 25, 23, 22, 23, 25, 25, 27, 24, 23, 24, 24, 25, 26, 26, 23, 22, 22, 22, 20, 24, 23, 23, 25, 26, 27, 26, 27, 26, 24, 26, 24, 24, 24, 24, 25, 25, 28, 26, 28, 30], 1: [240, 242, 246, 246, 247, 251, 251, 251, 254, 257, 259, 264, 264, 264, 266, 267, 268, 269, 269, 273, 274, 275, 275, 275, 275, 279, 283, 283, 283, 287, 288, 289, 289, 290, 290, 291, 297, 298, 303, 303, 305, 305, 305, 307, 307, 307, 308, 308, 308, 308, 309, 310, 310, 310, 311, 312, 313, 313, 313, 314, 314, 318, 321, 321, 321, 321, 321, 326, 330, 331, 332, 333, 335, 337, 341, 343, 345, 346, 349, 349, 352, 352, 352, 352, 353, 356, 356, 361, 364, 365, 368, 369, 370, 371, 372, 374, 375, 379, 379, 379]}
995 {0: [29, 29, 25, 25, 29, 26, 27, 28, 27, 27, 25, 25, 26, 27, 25, 25, 26, 26, 26, 26, 26, 25, 25, 25, 25, 26, 24, 25, 25, 23, 26, 26, 26, 27, 27, 29, 25, 26, 22, 23, 22, 22, 23, 22, 22, 23, 22, 22, 22, 22, 22, 22, 22, 22, 23, 22, 22, 22, 22, 23, 25, 23, 22, 23, 25, 25, 27, 24, 23, 24, 24, 25, 26, 26, 23, 22, 22, 22, 20, 24, 23, 23, 25, 26, 27, 26, 27, 26, 24, 26, 24, 24, 24, 24, 25, 25, 28, 26, 28, 30], 1: [240, 242, 246, 246, 247, 251, 251, 251, 254, 257, 259, 264, 264, 264, 266, 267, 268, 269, 269, 273, 274, 275, 275, 275, 275, 279, 283, 283, 283, 287, 288, 289, 289, 290, 290, 291, 297, 298, 303, 303, 305, 305, 305, 307, 307, 307, 308, 308, 308, 308, 309, 310, 310, 310, 311, 312, 313, 313, 313, 314, 314, 318, 321, 321, 321, 321, 321, 326, 330, 331, 332, 333, 335, 337, 341, 343, 345, 346, 349, 349, 352, 352, 352, 352, 353, 356, 356, 361, 364, 365, 368, 369, 370, 371, 372, 374, 375, 379, 379, 379]}
996 {0: [29, 29, 25, 25, 29, 26, 27, 28, 27, 27, 25, 25, 26, 27, 25, 25, 26, 26, 26, 26, 26, 25, 25, 25, 25, 26, 24, 25, 25, 23, 26, 26, 26, 27, 27, 29, 25, 26, 22, 23, 22, 22, 23, 22, 22, 23, 22, 22, 22, 22, 22, 22, 22, 22, 23, 22, 22, 22, 22, 23, 25, 23, 22, 23, 25, 25, 27, 24, 23, 24, 24, 25, 26, 26, 23, 22, 22, 22, 20, 24, 23, 23, 25, 26, 27, 26, 27, 26, 24, 26, 24, 24, 24, 24, 25, 25, 28, 26, 28, 30], 1: [240, 242, 246, 246, 247, 251, 251, 251, 254, 257, 259, 264, 264, 264, 266, 267, 268, 269, 269, 273, 274, 275, 275, 275, 275, 279, 283, 283, 283, 287, 288, 289, 289, 290, 290, 291, 297, 298, 303, 303, 305, 305, 305, 307, 307, 307, 308, 308, 308, 308, 309, 310, 310, 310, 311, 312, 313, 313, 313, 314, 314, 318, 321, 321, 321, 321, 321, 326, 330, 331, 332, 333, 335, 337, 341, 343, 345, 346, 349, 349, 352, 352, 352, 352, 353, 356, 356, 361, 364, 365, 368, 369, 370, 371, 372, 374, 375, 379, 379, 379]}
997 {0: [29, 29, 25, 25, 29, 26, 27, 28, 27, 27, 25, 25, 26, 27, 25, 25, 26, 26, 26, 26, 26, 25, 25, 25, 25, 26, 24, 25, 25, 23, 26, 26, 26, 27, 27, 29, 25, 26, 22, 23, 22, 22, 23, 22, 22, 23, 22, 22, 22, 22, 22, 22, 22, 22, 23, 22, 22, 22, 22, 23, 25, 23, 22, 23, 25, 25, 27, 24, 23, 24, 24, 25, 26, 26, 23, 22, 22, 22, 20, 24, 23, 23, 25, 26, 27, 26, 27, 26, 24, 26, 24, 24, 24, 24, 25, 25, 28, 26, 28, 30], 1: [240, 242, 246, 246, 247, 251, 251, 251, 254, 257, 259, 264, 264, 264, 266, 267, 268, 269, 269, 273, 274, 275, 275, 275, 275, 279, 283, 283, 283, 287, 288, 289, 289, 290, 290, 291, 297, 298, 303, 303, 305, 305, 305, 307, 307, 307, 308, 308, 308, 308, 309, 310, 310, 310, 311, 312, 313, 313, 313, 314, 314, 318, 321, 321, 321, 321, 321, 326, 330, 331, 332, 333, 335, 337, 341, 343, 345, 346, 349, 349, 352, 352, 352, 352, 353, 356, 356, 361, 364, 365, 368, 369, 370, 371, 372, 374, 375, 379, 379, 379]}
998 {0: [29, 29, 25, 25, 29, 26, 27, 28, 27, 27, 25, 25, 26, 27, 25, 25, 26, 26, 26, 26, 26, 25, 25, 25, 25, 26, 24, 25, 25, 23, 26, 26, 26, 27, 27, 29, 25, 26, 22, 23, 22, 22, 23, 22, 22, 23, 22, 22, 22, 22, 22, 22, 22, 22, 23, 22, 22, 22, 22, 23, 25, 23, 22, 23, 25, 25, 27, 24, 23, 24, 24, 25, 26, 26, 23, 22, 22, 22, 20, 24, 23, 23, 25, 26, 27, 26, 27, 26, 24, 26, 24, 24, 24, 24, 25, 25, 28, 26, 28, 30], 1: [240, 242, 246, 246, 247, 251, 251, 251, 254, 257, 259, 264, 264, 264, 266, 267, 268, 269, 269, 273, 274, 275, 275, 275, 275, 279, 283, 283, 283, 287, 288, 289, 289, 290, 290, 291, 297, 298, 303, 303, 305, 305, 305, 307, 307, 307, 308, 308, 308, 308, 309, 310, 310, 310, 311, 312, 313, 313, 313, 314, 314, 318, 321, 321, 321, 321, 321, 326, 330, 331, 332, 333, 335, 337, 341, 343, 345, 346, 349, 349, 352, 352, 352, 352, 353, 356, 356, 361, 364, 365, 368, 369, 370, 371, 372, 374, 375, 379, 379, 379]}
999 {0: [29, 29, 25, 25, 29, 26, 27, 28, 27, 27, 25, 25, 26, 27, 25, 25, 26, 26, 26, 26, 26, 25, 25, 25, 25, 26, 24, 25, 25, 23, 26, 26, 26, 27, 27, 29, 25, 26, 22, 23, 22, 22, 23, 22, 22, 23, 22, 22, 22, 22, 22, 22, 22, 22, 23, 22, 22, 22, 22, 23, 25, 23, 22, 23, 25, 25, 27, 24, 23, 24, 24, 25, 26, 26, 23, 22, 22, 22, 20, 24, 23, 23, 25, 26, 27, 26, 27, 26, 24, 26, 24, 24, 24, 24, 25, 25, 28, 26, 28, 30], 1: [240, 242, 246, 246, 247, 251, 251, 251, 254, 257, 259, 264, 264, 264, 266, 267, 268, 269, 269, 273, 274, 275, 275, 275, 275, 279, 283, 283, 283, 287, 288, 289, 289, 290, 290, 291, 297, 298, 303, 303, 305, 305, 305, 307, 307, 307, 308, 308, 308, 308, 309, 310, 310, 310, 311, 312, 313, 313, 313, 314, 314, 318, 321, 321, 321, 321, 321, 326, 330, 331, 332, 333, 335, 337, 341, 343, 345, 346, 349, 349, 352, 352, 352, 352, 353, 356, 356, 361, 364, 365, 368, 369, 370, 371, 372, 374, 375, 379, 379, 379]}
1000 {0: [29, 29, 25, 25, 29, 26, 27, 28, 27, 27, 25, 25, 26, 27, 25, 25, 26, 26, 26, 26, 26, 25, 25, 25, 25, 26, 24, 25, 25, 23, 26, 26, 26, 27, 27, 29, 25, 26, 22, 23, 22, 22, 23, 22, 22, 23, 22, 22, 22, 22, 22, 22, 22, 22, 23, 22, 22, 22, 22, 23, 25, 23, 22, 23, 25, 25, 27, 24, 23, 24, 24, 25, 26, 26, 23, 22, 22, 22, 20, 24, 23, 23, 25, 26, 27, 26, 27, 26, 24, 26, 24, 24, 24, 24, 25, 25, 28, 26, 28, 30], 1: [240, 242, 246, 246, 247, 251, 251, 251, 254, 257, 259, 264, 264, 264, 266, 267, 268, 269, 269, 273, 274, 275, 275, 275, 275, 279, 283, 283, 283, 287, 288, 289, 289, 290, 290, 291, 297, 298, 303, 303, 305, 305, 305, 307, 307, 307, 308, 308, 308, 308, 309, 310, 310, 310, 311, 312, 313, 313, 313, 314, 314, 318, 321, 321, 321, 321, 321, 326, 330, 331, 332, 333, 335, 337, 341, 343, 345, 346, 349, 349, 352, 352, 352, 352, 353, 356, 356, 361, 364, 365, 368, 369, 370, 371, 372, 374, 375, 379, 379, 379]}
1001 {0: [29, 29, 25, 25, 29, 26, 27, 28, 27, 27, 25, 25, 26, 27, 25, 25, 26, 26, 26, 26, 26, 25, 25, 25, 25, 26, 24, 25, 25, 23, 26, 26, 26, 27, 27, 29, 25, 26, 22, 23, 22, 22, 23, 22, 22, 23, 22, 22, 22, 22, 22, 22, 22, 22, 23, 22, 22, 22, 22, 23, 25, 23, 22, 23, 25, 25, 27, 24, 23, 24, 24, 25, 26, 26, 23, 22, 22, 22, 20, 24, 23, 23, 25, 26, 27, 26, 27, 26, 24, 26, 24, 24, 24, 24, 25, 25, 28, 26, 28, 30], 1: [240, 242, 246, 246, 247, 251, 251, 251, 254, 257, 259, 264, 264, 264, 266, 267, 268, 269, 269, 273, 274, 275, 275, 275, 275, 279, 283, 283, 283, 287, 288, 289, 289, 290, 290, 291, 297, 298, 303, 303, 305, 305, 305, 307, 307, 307, 308, 308, 308, 308, 309, 310, 310, 310, 311, 312, 313, 313, 313, 314, 314, 318, 321, 321, 321, 321, 321, 326, 330, 331, 332, 333, 335, 337, 341, 343, 345, 346, 349, 349, 352, 352, 352, 352, 353, 356, 356, 361, 364, 365, 368, 369, 370, 371, 372, 374, 375, 379, 379, 379]}
1002 {0: [29, 29, 25, 25, 29, 26, 27, 28, 27, 27, 25, 25, 26, 27, 25, 25, 26, 26, 26, 26, 26, 25, 25, 25, 25, 26, 24, 25, 25, 23, 26, 26, 26, 27, 27, 29, 25, 26, 22, 23, 22, 22, 23, 22, 22, 23, 22, 22, 22, 22, 22, 22, 22, 22, 23, 22, 22, 22, 22, 23, 25, 23, 22, 23, 25, 25, 27, 24, 23, 24, 24, 25, 26, 26, 23, 22, 22, 22, 20, 24, 23, 23, 25, 26, 27, 26, 27, 26, 24, 26, 24, 24, 24, 24, 25, 25, 28, 26, 28, 30], 1: [240, 242, 246, 246, 247, 251, 251, 251, 254, 257, 259, 264, 264, 264, 266, 267, 268, 269, 269, 273, 274, 275, 275, 275, 275, 279, 283, 283, 283, 287, 288, 289, 289, 290, 290, 291, 297, 298, 303, 303, 305, 305, 305, 307, 307, 307, 308, 308, 308, 308, 309, 310, 310, 310, 311, 312, 313, 313, 313, 314, 314, 318, 321, 321, 321, 321, 321, 326, 330, 331, 332, 333, 335, 337, 341, 343, 345, 346, 349, 349, 352, 352, 352, 352, 353, 356, 356, 361, 364, 365, 368, 369, 370, 371, 372, 374, 375, 379, 379, 379]}
1003 {0: [29, 29, 25, 25, 29, 26, 27, 28, 27, 27, 25, 25, 26, 27, 25, 25, 26, 26, 26, 26, 26, 25, 25, 25, 25, 26, 24, 25, 25, 23, 26, 26, 26, 27, 27, 29, 25, 26, 22, 23, 22, 22, 23, 22, 22, 23, 22, 22, 22, 22, 22, 22, 22, 22, 23, 22, 22, 22, 22, 23, 25, 23, 22, 23, 25, 25, 27, 24, 23, 24, 24, 25, 26, 26, 23, 22, 22, 22, 20, 24, 23, 23, 25, 26, 27, 26, 27, 26, 24, 26, 24, 24, 24, 24, 25, 25, 28, 26, 28, 30], 1: [240, 242, 246, 246, 247, 251, 251, 251, 254, 257, 259, 264, 264, 264, 266, 267, 268, 269, 269, 273, 274, 275, 275, 275, 275, 279, 283, 283, 283, 287, 288, 289, 289, 290, 290, 291, 297, 298, 303, 303, 305, 305, 305, 307, 307, 307, 308, 308, 308, 308, 309, 310, 310, 310, 311, 312, 313, 313, 313, 314, 314, 318, 321, 321, 321, 321, 321, 326, 330, 331, 332, 333, 335, 337, 341, 343, 345, 346, 349, 349, 352, 352, 352, 352, 353, 356, 356, 361, 364, 365, 368, 369, 370, 371, 372, 374, 375, 379, 379, 379]}
1004 {0: [29, 29, 25, 25, 29, 26, 27, 28, 27, 27, 25, 25, 26, 27, 25, 25, 26, 26, 26, 26, 26, 25, 25, 25, 25, 26, 24, 25, 25, 23, 26, 26, 26, 27, 27, 29, 25, 26, 22, 23, 22, 22, 23, 22, 22, 23, 22, 22, 22, 22, 22, 22, 22, 22, 23, 22, 22, 22, 22, 23, 25, 23, 22, 23, 25, 25, 27, 24, 23, 24, 24, 25, 26, 26, 23, 22, 22, 22, 20, 24, 23, 23, 25, 26, 27, 26, 27, 26, 24, 26, 24, 24, 24, 24, 25, 25, 28, 26, 28, 30], 1: [240, 242, 246, 246, 247, 251, 251, 251, 254, 257, 259, 264, 264, 264, 266, 267, 268, 269, 269, 273, 274, 275, 275, 275, 275, 279, 283, 283, 283, 287, 288, 289, 289, 290, 290, 291, 297, 298, 303, 303, 305, 305, 305, 307, 307, 307, 308, 308, 308, 308, 309, 310, 310, 310, 311, 312, 313, 313, 313, 314, 314, 318, 321, 321, 321, 321, 321, 326, 330, 331, 332, 333, 335, 337, 341, 343, 345, 346, 349, 349, 352, 352, 352, 352, 353, 356, 356, 361, 364, 365, 368, 369, 370, 371, 372, 374, 375, 379, 379, 379]}
1005 {0: [29, 29, 25, 25, 29, 26, 27, 28, 27, 27, 25, 25, 26, 27, 25, 25, 26, 26, 26, 26, 26, 25, 25, 25, 25, 26, 24, 25, 25, 23, 26, 26, 26, 27, 27, 29, 25, 26, 22, 23, 22, 22, 23, 22, 22, 23, 22, 22, 22, 22, 22, 22, 22, 22, 23, 22, 22, 22, 22, 23, 25, 23, 22, 23, 25, 25, 27, 24, 23, 24, 24, 25, 26, 26, 23, 22, 22, 22, 20, 24, 23, 23, 25, 26, 27, 26, 27, 26, 24, 26, 24, 24, 24, 24, 25, 25, 28, 26, 28, 30], 1: [240, 242, 246, 246, 247, 251, 251, 251, 254, 257, 259, 264, 264, 264, 266, 267, 268, 269, 269, 273, 274, 275, 275, 275, 275, 279, 283, 283, 283, 287, 288, 289, 289, 290, 290, 291, 297, 298, 303, 303, 305, 305, 305, 307, 307, 307, 308, 308, 308, 308, 309, 310, 310, 310, 311, 312, 313, 313, 313, 314, 314, 318, 321, 321, 321, 321, 321, 326, 330, 331, 332, 333, 335, 337, 341, 343, 345, 346, 349, 349, 352, 352, 352, 352, 353, 356, 356, 361, 364, 365, 368, 369, 370, 371, 372, 374, 375, 379, 379, 379]}
1006 {0: [29, 29, 25, 25, 29, 26, 27, 28, 27, 27, 25, 25, 26, 27, 25, 25, 26, 26, 26, 26, 26, 25, 25, 25, 25, 26, 24, 25, 25, 23, 26, 26, 26, 27, 27, 29, 25, 26, 22, 23, 22, 22, 23, 22, 22, 23, 22, 22, 22, 22, 22, 22, 22, 22, 23, 22, 22, 22, 22, 23, 25, 23, 22, 23, 25, 25, 27, 24, 23, 24, 24, 25, 26, 26, 23, 22, 22, 22, 20, 24, 23, 23, 25, 26, 27, 26, 27, 26, 24, 26, 24, 24, 24, 24, 25, 25, 28, 26, 28, 30], 1: [240, 242, 246, 246, 247, 251, 251, 251, 254, 257, 259, 264, 264, 264, 266, 267, 268, 269, 269, 273, 274, 275, 275, 275, 275, 279, 283, 283, 283, 287, 288, 289, 289, 290, 290, 291, 297, 298, 303, 303, 305, 305, 305, 307, 307, 307, 308, 308, 308, 308, 309, 310, 310, 310, 311, 312, 313, 313, 313, 314, 314, 318, 321, 321, 321, 321, 321, 326, 330, 331, 332, 333, 335, 337, 341, 343, 345, 346, 349, 349, 352, 352, 352, 352, 353, 356, 356, 361, 364, 365, 368, 369, 370, 371, 372, 374, 375, 379, 379, 379]}
1007 {0: [29, 29, 25, 25, 29, 26, 27, 28, 27, 27, 25, 25, 26, 27, 25, 25, 26, 26, 26, 26, 26, 25, 25, 25, 25, 26, 24, 25, 25, 23, 26, 26, 26, 27, 27, 29, 25, 26, 22, 23, 22, 22, 23, 22, 22, 23, 22, 22, 22, 22, 22, 22, 22, 22, 23, 22, 22, 22, 22, 23, 25, 23, 22, 23, 25, 25, 27, 24, 23, 24, 24, 25, 26, 26, 23, 22, 22, 22, 20, 24, 23, 23, 25, 26, 27, 26, 27, 26, 24, 26, 24, 24, 24, 24, 25, 25, 28, 26, 28, 30], 1: [240, 242, 246, 246, 247, 251, 251, 251, 254, 257, 259, 264, 264, 264, 266, 267, 268, 269, 269, 273, 274, 275, 275, 275, 275, 279, 283, 283, 283, 287, 288, 289, 289, 290, 290, 291, 297, 298, 303, 303, 305, 305, 305, 307, 307, 307, 308, 308, 308, 308, 309, 310, 310, 310, 311, 312, 313, 313, 313, 314, 314, 318, 321, 321, 321, 321, 321, 326, 330, 331, 332, 333, 335, 337, 341, 343, 345, 346, 349, 349, 352, 352, 352, 352, 353, 356, 356, 361, 364, 365, 368, 369, 370, 371, 372, 374, 375, 379, 379, 379]}
1008 {0: [29, 29, 25, 25, 29, 26, 27, 28, 27, 27, 25, 25, 26, 27, 25, 25, 26, 26, 26, 26, 26, 25, 25, 25, 25, 26, 24, 25, 25, 23, 26, 26, 26, 27, 27, 29, 25, 26, 22, 23, 22, 22, 23, 22, 22, 23, 22, 22, 22, 22, 22, 22, 22, 22, 23, 22, 22, 22, 22, 23, 25, 23, 22, 23, 25, 25, 27, 24, 23, 24, 24, 25, 26, 26, 23, 22, 22, 22, 20, 24, 23, 23, 25, 26, 27, 26, 27, 26, 24, 26, 24, 24, 24, 24, 25, 25, 28, 26, 28, 30], 1: [240, 242, 246, 246, 247, 251, 251, 251, 254, 257, 259, 264, 264, 264, 266, 267, 268, 269, 269, 273, 274, 275, 275, 275, 275, 279, 283, 283, 283, 287, 288, 289, 289, 290, 290, 291, 297, 298, 303, 303, 305, 305, 305, 307, 307, 307, 308, 308, 308, 308, 309, 310, 310, 310, 311, 312, 313, 313, 313, 314, 314, 318, 321, 321, 321, 321, 321, 326, 330, 331, 332, 333, 335, 337, 341, 343, 345, 346, 349, 349, 352, 352, 352, 352, 353, 356, 356, 361, 364, 365, 368, 369, 370, 371, 372, 374, 375, 379, 379, 379]}
1009 {0: [29, 29, 25, 25, 29, 26, 27, 28, 27, 27, 25, 25, 26, 27, 25, 25, 26, 26, 26, 26, 26, 25, 25, 25, 25, 26, 24, 25, 25, 23, 26, 26, 26, 27, 27, 29, 25, 26, 22, 23, 22, 22, 23, 22, 22, 23, 22, 22, 22, 22, 22, 22, 22, 22, 23, 22, 22, 22, 22, 23, 25, 23, 22, 23, 25, 25, 27, 24, 23, 24, 24, 25, 26, 26, 23, 22, 22, 22, 20, 24, 23, 23, 25, 26, 27, 26, 27, 26, 24, 26, 24, 24, 24, 24, 25, 25, 28, 26, 28, 30], 1: [240, 242, 246, 246, 247, 251, 251, 251, 254, 257, 259, 264, 264, 264, 266, 267, 268, 269, 269, 273, 274, 275, 275, 275, 275, 279, 283, 283, 283, 287, 288, 289, 289, 290, 290, 291, 297, 298, 303, 303, 305, 305, 305, 307, 307, 307, 308, 308, 308, 308, 309, 310, 310, 310, 311, 312, 313, 313, 313, 314, 314, 318, 321, 321, 321, 321, 321, 326, 330, 331, 332, 333, 335, 337, 341, 343, 345, 346, 349, 349, 352, 352, 352, 352, 353, 356, 356, 361, 364, 365, 368, 369, 370, 371, 372, 374, 375, 379, 379, 379]}
1010 {0: [29, 29, 25, 25, 29, 26, 27, 28, 27, 27, 25, 25, 26, 27, 25, 25, 26, 26, 26, 26, 26, 25, 25, 25, 25, 26, 24, 25, 25, 23, 26, 26, 26, 27, 27, 29, 25, 26, 22, 23, 22, 22, 23, 22, 22, 23, 22, 22, 22, 22, 22, 22, 22, 22, 23, 22, 22, 22, 22, 23, 25, 23, 22, 23, 25, 25, 27, 24, 23, 24, 24, 25, 26, 26, 23, 22, 22, 22, 20, 24, 23, 23, 25, 26, 27, 26, 27, 26, 24, 26, 24, 24, 24, 24, 25, 25, 28, 26, 28, 30], 1: [240, 242, 246, 246, 247, 251, 251, 251, 254, 257, 259, 264, 264, 264, 266, 267, 268, 269, 269, 273, 274, 275, 275, 275, 275, 279, 283, 283, 283, 287, 288, 289, 289, 290, 290, 291, 297, 298, 303, 303, 305, 305, 305, 307, 307, 307, 308, 308, 308, 308, 309, 310, 310, 310, 311, 312, 313, 313, 313, 314, 314, 318, 321, 321, 321, 321, 321, 326, 330, 331, 332, 333, 335, 337, 341, 343, 345, 346, 349, 349, 352, 352, 352, 352, 353, 356, 356, 361, 364, 365, 368, 369, 370, 371, 372, 374, 375, 379, 379, 379]}
1011 {0: [29, 29, 25, 25, 29, 26, 27, 28, 27, 27, 25, 25, 26, 27, 25, 25, 26, 26, 26, 26, 26, 25, 25, 25, 25, 26, 24, 25, 25, 23, 26, 26, 26, 27, 27, 29, 25, 26, 22, 23, 22, 22, 23, 22, 22, 23, 22, 22, 22, 22, 22, 22, 22, 22, 23, 22, 22, 22, 22, 23, 25, 23, 22, 23, 25, 25, 27, 24, 23, 24, 24, 25, 26, 26, 23, 22, 22, 22, 20, 24, 23, 23, 25, 26, 27, 26, 27, 26, 24, 26, 24, 24, 24, 24, 25, 25, 28, 26, 28, 30], 1: [240, 242, 246, 246, 247, 251, 251, 251, 254, 257, 259, 264, 264, 264, 266, 267, 268, 269, 269, 273, 274, 275, 275, 275, 275, 279, 283, 283, 283, 287, 288, 289, 289, 290, 290, 291, 297, 298, 303, 303, 305, 305, 305, 307, 307, 307, 308, 308, 308, 308, 309, 310, 310, 310, 311, 312, 313, 313, 313, 314, 314, 318, 321, 321, 321, 321, 321, 326, 330, 331, 332, 333, 335, 337, 341, 343, 345, 346, 349, 349, 352, 352, 352, 352, 353, 356, 356, 361, 364, 365, 368, 369, 370, 371, 372, 374, 375, 379, 379, 379]}
1012 {0: [29, 29, 25, 25, 29, 26, 27, 28, 27, 27, 25, 25, 26, 27, 25, 25, 26, 26, 26, 26, 26, 25, 25, 25, 25, 26, 24, 25, 25, 23, 26, 26, 26, 27, 27, 29, 25, 26, 22, 23, 22, 22, 23, 22, 22, 23, 22, 22, 22, 22, 22, 22, 22, 22, 23, 22, 22, 22, 22, 23, 25, 23, 22, 23, 25, 25, 27, 24, 23, 24, 24, 25, 26, 26, 23, 22, 22, 22, 20, 24, 23, 23, 25, 26, 27, 26, 27, 26, 24, 26, 24, 24, 24, 24, 25, 25, 28, 26, 28, 30], 1: [240, 242, 246, 246, 247, 251, 251, 251, 254, 257, 259, 264, 264, 264, 266, 267, 268, 269, 269, 273, 274, 275, 275, 275, 275, 279, 283, 283, 283, 287, 288, 289, 289, 290, 290, 291, 297, 298, 303, 303, 305, 305, 305, 307, 307, 307, 308, 308, 308, 308, 309, 310, 310, 310, 311, 312, 313, 313, 313, 314, 314, 318, 321, 321, 321, 321, 321, 326, 330, 331, 332, 333, 335, 337, 341, 343, 345, 346, 349, 349, 352, 352, 352, 352, 353, 356, 356, 361, 364, 365, 368, 369, 370, 371, 372, 374, 375, 379, 379, 379]}
1013 {0: [29, 29, 25, 25, 29, 26, 27, 28, 27, 27, 25, 25, 26, 27, 25, 25, 26, 26, 26, 26, 26, 25, 25, 25, 25, 26, 24, 25, 25, 23, 26, 26, 26, 27, 27, 29, 25, 26, 22, 23, 22, 22, 23, 22, 22, 23, 22, 22, 22, 22, 22, 22, 22, 22, 23, 22, 22, 22, 22, 23, 25, 23, 22, 23, 25, 25, 27, 24, 23, 24, 24, 25, 26, 26, 23, 22, 22, 22, 20, 24, 23, 23, 25, 26, 27, 26, 27, 26, 24, 26, 24, 24, 24, 24, 25, 25, 28, 26, 28, 30], 1: [240, 242, 246, 246, 247, 251, 251, 251, 254, 257, 259, 264, 264, 264, 266, 267, 268, 269, 269, 273, 274, 275, 275, 275, 275, 279, 283, 283, 283, 287, 288, 289, 289, 290, 290, 291, 297, 298, 303, 303, 305, 305, 305, 307, 307, 307, 308, 308, 308, 308, 309, 310, 310, 310, 311, 312, 313, 313, 313, 314, 314, 318, 321, 321, 321, 321, 321, 326, 330, 331, 332, 333, 335, 337, 341, 343, 345, 346, 349, 349, 352, 352, 352, 352, 353, 356, 356, 361, 364, 365, 368, 369, 370, 371, 372, 374, 375, 379, 379, 379]}
1014 {0: [29, 29, 25, 25, 29, 26, 27, 28, 27, 27, 25, 25, 26, 27, 25, 25, 26, 26, 26, 26, 26, 25, 25, 25, 25, 26, 24, 25, 25, 23, 26, 26, 26, 27, 27, 29, 25, 26, 22, 23, 22, 22, 23, 22, 22, 23, 22, 22, 22, 22, 22, 22, 22, 22, 23, 22, 22, 22, 22, 23, 25, 23, 22, 23, 25, 25, 27, 24, 23, 24, 24, 25, 26, 26, 23, 22, 22, 22, 20, 24, 23, 23, 25, 26, 27, 26, 27, 26, 24, 26, 24, 24, 24, 24, 25, 25, 28, 26, 28, 30], 1: [240, 242, 246, 246, 247, 251, 251, 251, 254, 257, 259, 264, 264, 264, 266, 267, 268, 269, 269, 273, 274, 275, 275, 275, 275, 279, 283, 283, 283, 287, 288, 289, 289, 290, 290, 291, 297, 298, 303, 303, 305, 305, 305, 307, 307, 307, 308, 308, 308, 308, 309, 310, 310, 310, 311, 312, 313, 313, 313, 314, 314, 318, 321, 321, 321, 321, 321, 326, 330, 331, 332, 333, 335, 337, 341, 343, 345, 346, 349, 349, 352, 352, 352, 352, 353, 356, 356, 361, 364, 365, 368, 369, 370, 371, 372, 374, 375, 379, 379, 379]}
1015 {0: [29, 29, 25, 25, 29, 26, 27, 28, 27, 27, 25, 25, 26, 27, 25, 25, 26, 26, 26, 26, 26, 25, 25, 25, 25, 26, 24, 25, 25, 23, 26, 26, 26, 27, 27, 29, 25, 26, 22, 23, 22, 22, 23, 22, 22, 23, 22, 22, 22, 22, 22, 22, 22, 22, 23, 22, 22, 22, 22, 23, 25, 23, 22, 23, 25, 25, 27, 24, 23, 24, 24, 25, 26, 26, 23, 22, 22, 22, 20, 24, 23, 23, 25, 26, 27, 26, 27, 26, 24, 26, 24, 24, 24, 24, 25, 25, 28, 26, 28, 30], 1: [240, 242, 246, 246, 247, 251, 251, 251, 254, 257, 259, 264, 264, 264, 266, 267, 268, 269, 269, 273, 274, 275, 275, 275, 275, 279, 283, 283, 283, 287, 288, 289, 289, 290, 290, 291, 297, 298, 303, 303, 305, 305, 305, 307, 307, 307, 308, 308, 308, 308, 309, 310, 310, 310, 311, 312, 313, 313, 313, 314, 314, 318, 321, 321, 321, 321, 321, 326, 330, 331, 332, 333, 335, 337, 341, 343, 345, 346, 349, 349, 352, 352, 352, 352, 353, 356, 356, 361, 364, 365, 368, 369, 370, 371, 372, 374, 375, 379, 379, 379]}
1016 {0: [29, 29, 25, 25, 29, 26, 27, 28, 27, 27, 25, 25, 26, 27, 25, 25, 26, 26, 26, 26, 26, 25, 25, 25, 25, 26, 24, 25, 25, 23, 26, 26, 26, 27, 27, 29, 25, 26, 22, 23, 22, 22, 23, 22, 22, 23, 22, 22, 22, 22, 22, 22, 22, 22, 23, 22, 22, 22, 22, 23, 25, 23, 22, 23, 25, 25, 27, 24, 23, 24, 24, 25, 26, 26, 23, 22, 22, 22, 20, 24, 23, 23, 25, 26, 27, 26, 27, 26, 24, 26, 24, 24, 24, 24, 25, 25, 28, 26, 28, 30], 1: [240, 242, 246, 246, 247, 251, 251, 251, 254, 257, 259, 264, 264, 264, 266, 267, 268, 269, 269, 273, 274, 275, 275, 275, 275, 279, 283, 283, 283, 287, 288, 289, 289, 290, 290, 291, 297, 298, 303, 303, 305, 305, 305, 307, 307, 307, 308, 308, 308, 308, 309, 310, 310, 310, 311, 312, 313, 313, 313, 314, 314, 318, 321, 321, 321, 321, 321, 326, 330, 331, 332, 333, 335, 337, 341, 343, 345, 346, 349, 349, 352, 352, 352, 352, 353, 356, 356, 361, 364, 365, 368, 369, 370, 371, 372, 374, 375, 379, 379, 379]}
1017 {0: [29, 29, 25, 25, 29, 26, 27, 28, 27, 27, 25, 25, 26, 27, 25, 25, 26, 26, 26, 26, 26, 25, 25, 25, 25, 26, 24, 25, 25, 23, 26, 26, 26, 27, 27, 29, 25, 26, 22, 23, 22, 22, 23, 22, 22, 23, 22, 22, 22, 22, 22, 22, 22, 22, 23, 22, 22, 22, 22, 23, 25, 23, 22, 23, 25, 25, 27, 24, 23, 24, 24, 25, 26, 26, 23, 22, 22, 22, 20, 24, 23, 23, 25, 26, 27, 26, 27, 26, 24, 26, 24, 24, 24, 24, 25, 25, 28, 26, 28, 30], 1: [240, 242, 246, 246, 247, 251, 251, 251, 254, 257, 259, 264, 264, 264, 266, 267, 268, 269, 269, 273, 274, 275, 275, 275, 275, 279, 283, 283, 283, 287, 288, 289, 289, 290, 290, 291, 297, 298, 303, 303, 305, 305, 305, 307, 307, 307, 308, 308, 308, 308, 309, 310, 310, 310, 311, 312, 313, 313, 313, 314, 314, 318, 321, 321, 321, 321, 321, 326, 330, 331, 332, 333, 335, 337, 341, 343, 345, 346, 349, 349, 352, 352, 352, 352, 353, 356, 356, 361, 364, 365, 368, 369, 370, 371, 372, 374, 375, 379, 379, 379]}
1018 {0: [29, 29, 25, 25, 29, 26, 27, 28, 27, 27, 25, 25, 26, 27, 25, 25, 26, 26, 26, 26, 26, 25, 25, 25, 25, 26, 24, 25, 25, 23, 26, 26, 26, 27, 27, 29, 25, 26, 22, 23, 22, 22, 23, 22, 22, 23, 22, 22, 22, 22, 22, 22, 22, 22, 23, 22, 22, 22, 22, 23, 25, 23, 22, 23, 25, 25, 27, 24, 23, 24, 24, 25, 26, 26, 23, 22, 22, 22, 20, 24, 23, 23, 25, 26, 27, 26, 27, 26, 24, 26, 24, 24, 24, 24, 25, 25, 28, 26, 28, 30], 1: [240, 242, 246, 246, 247, 251, 251, 251, 254, 257, 259, 264, 264, 264, 266, 267, 268, 269, 269, 273, 274, 275, 275, 275, 275, 279, 283, 283, 283, 287, 288, 289, 289, 290, 290, 291, 297, 298, 303, 303, 305, 305, 305, 307, 307, 307, 308, 308, 308, 308, 309, 310, 310, 310, 311, 312, 313, 313, 313, 314, 314, 318, 321, 321, 321, 321, 321, 326, 330, 331, 332, 333, 335, 337, 341, 343, 345, 346, 349, 349, 352, 352, 352, 352, 353, 356, 356, 361, 364, 365, 368, 369, 370, 371, 372, 374, 375, 379, 379, 379]}
1019 {0: [29, 29, 25, 25, 29, 26, 27, 28, 27, 27, 25, 25, 26, 27, 25, 25, 26, 26, 26, 26, 26, 25, 25, 25, 25, 26, 24, 25, 25, 23, 26, 26, 26, 27, 27, 29, 25, 26, 22, 23, 22, 22, 23, 22, 22, 23, 22, 22, 22, 22, 22, 22, 22, 22, 23, 22, 22, 22, 22, 23, 25, 23, 22, 23, 25, 25, 27, 24, 23, 24, 24, 25, 26, 26, 23, 22, 22, 22, 20, 24, 23, 23, 25, 26, 27, 26, 27, 26, 24, 26, 24, 24, 24, 24, 25, 25, 28, 26, 28, 30], 1: [240, 242, 246, 246, 247, 251, 251, 251, 254, 257, 259, 264, 264, 264, 266, 267, 268, 269, 269, 273, 274, 275, 275, 275, 275, 279, 283, 283, 283, 287, 288, 289, 289, 290, 290, 291, 297, 298, 303, 303, 305, 305, 305, 307, 307, 307, 308, 308, 308, 308, 309, 310, 310, 310, 311, 312, 313, 313, 313, 314, 314, 318, 321, 321, 321, 321, 321, 326, 330, 331, 332, 333, 335, 337, 341, 343, 345, 346, 349, 349, 352, 352, 352, 352, 353, 356, 356, 361, 364, 365, 368, 369, 370, 371, 372, 374, 375, 379, 379, 379]}
1020 {0: [29, 29, 25, 25, 29, 26, 27, 28, 27, 27, 25, 25, 26, 27, 25, 25, 26, 26, 26, 26, 26, 25, 25, 25, 25, 26, 24, 25, 25, 23, 26, 26, 26, 27, 27, 29, 25, 26, 22, 23, 22, 22, 23, 22, 22, 23, 22, 22, 22, 22, 22, 22, 22, 22, 23, 22, 22, 22, 22, 23, 25, 23, 22, 23, 25, 25, 27, 24, 23, 24, 24, 25, 26, 26, 23, 22, 22, 22, 20, 24, 23, 23, 25, 26, 27, 26, 27, 26, 24, 26, 24, 24, 24, 24, 25, 25, 28, 26, 28, 30], 1: [240, 242, 246, 246, 247, 251, 251, 251, 254, 257, 259, 264, 264, 264, 266, 267, 268, 269, 269, 273, 274, 275, 275, 275, 275, 279, 283, 283, 283, 287, 288, 289, 289, 290, 290, 291, 297, 298, 303, 303, 305, 305, 305, 307, 307, 307, 308, 308, 308, 308, 309, 310, 310, 310, 311, 312, 313, 313, 313, 314, 314, 318, 321, 321, 321, 321, 321, 326, 330, 331, 332, 333, 335, 337, 341, 343, 345, 346, 349, 349, 352, 352, 352, 352, 353, 356, 356, 361, 364, 365, 368, 369, 370, 371, 372, 374, 375, 379, 379, 379]}
1021 {0: [29, 29, 25, 25, 29, 26, 27, 28, 27, 27, 25, 25, 26, 27, 25, 25, 26, 26, 26, 26, 26, 25, 25, 25, 25, 26, 24, 25, 25, 23, 26, 26, 26, 27, 27, 29, 25, 26, 22, 23, 22, 22, 23, 22, 22, 23, 22, 22, 22, 22, 22, 22, 22, 22, 23, 22, 22, 22, 22, 23, 25, 23, 22, 23, 25, 25, 27, 24, 23, 24, 24, 25, 26, 26, 23, 22, 22, 22, 20, 24, 23, 23, 25, 26, 27, 26, 27, 26, 24, 26, 24, 24, 24, 24, 25, 25, 28, 26, 28, 30], 1: [240, 242, 246, 246, 247, 251, 251, 251, 254, 257, 259, 264, 264, 264, 266, 267, 268, 269, 269, 273, 274, 275, 275, 275, 275, 279, 283, 283, 283, 287, 288, 289, 289, 290, 290, 291, 297, 298, 303, 303, 305, 305, 305, 307, 307, 307, 308, 308, 308, 308, 309, 310, 310, 310, 311, 312, 313, 313, 313, 314, 314, 318, 321, 321, 321, 321, 321, 326, 330, 331, 332, 333, 335, 337, 341, 343, 345, 346, 349, 349, 352, 352, 352, 352, 353, 356, 356, 361, 364, 365, 368, 369, 370, 371, 372, 374, 375, 379, 379, 379]}
1022 {0: [29, 29, 25, 25, 29, 26, 27, 28, 27, 27, 25, 25, 26, 27, 25, 25, 26, 26, 26, 26, 26, 25, 25, 25, 25, 26, 24, 25, 25, 23, 26, 26, 26, 27, 27, 29, 25, 26, 22, 23, 22, 22, 23, 22, 22, 23, 22, 22, 22, 22, 22, 22, 22, 22, 23, 22, 22, 22, 22, 23, 25, 23, 22, 23, 25, 25, 27, 24, 23, 24, 24, 25, 26, 26, 23, 22, 22, 22, 20, 24, 23, 23, 25, 26, 27, 26, 27, 26, 24, 26, 24, 24, 24, 24, 25, 25, 28, 26, 28, 30], 1: [240, 242, 246, 246, 247, 251, 251, 251, 254, 257, 259, 264, 264, 264, 266, 267, 268, 269, 269, 273, 274, 275, 275, 275, 275, 279, 283, 283, 283, 287, 288, 289, 289, 290, 290, 291, 297, 298, 303, 303, 305, 305, 305, 307, 307, 307, 308, 308, 308, 308, 309, 310, 310, 310, 311, 312, 313, 313, 313, 314, 314, 318, 321, 321, 321, 321, 321, 326, 330, 331, 332, 333, 335, 337, 341, 343, 345, 346, 349, 349, 352, 352, 352, 352, 353, 356, 356, 361, 364, 365, 368, 369, 370, 371, 372, 374, 375, 379, 379, 379]}
1023 {0: [29, 29, 25, 25, 29, 26, 27, 28, 27, 27, 25, 25, 26, 27, 25, 25, 26, 26, 26, 26, 26, 25, 25, 25, 25, 26, 24, 25, 25, 23, 26, 26, 26, 27, 27, 29, 25, 26, 22, 23, 22, 22, 23, 22, 22, 23, 22, 22, 22, 22, 22, 22, 22, 22, 23, 22, 22, 22, 22, 23, 25, 23, 22, 23, 25, 25, 27, 24, 23, 24, 24, 25, 26, 26, 23, 22, 22, 22, 20, 24, 23, 23, 25, 26, 27, 26, 27, 26, 24, 26, 24, 24, 24, 24, 25, 25, 28, 26, 28, 30], 1: [240, 242, 246, 246, 247, 251, 251, 251, 254, 257, 259, 264, 264, 264, 266, 267, 268, 269, 269, 273, 274, 275, 275, 275, 275, 279, 283, 283, 283, 287, 288, 289, 289, 290, 290, 291, 297, 298, 303, 303, 305, 305, 305, 307, 307, 307, 308, 308, 308, 308, 309, 310, 310, 310, 311, 312, 313, 313, 313, 314, 314, 318, 321, 321, 321, 321, 321, 326, 330, 331, 332, 333, 335, 337, 341, 343, 345, 346, 349, 349, 352, 352, 352, 352, 353, 356, 356, 361, 364, 365, 368, 369, 370, 371, 372, 374, 375, 379, 379, 379]}
