cross	cell_definitions/cell_definition/phenotype/mechanics/cell_adhesion_affinities/cell_adhesion_affinity_membrane_membrane	cell_definitions/cell_definition/phenotype/mechanics/cell_adhesion_affinities/cell_adhesion_affinity_membrane_attracted	cell_definitions/cell_definition/phenotype/mechanics/cell_adhesion_affinities/cell_adhesion_affinity_attracted_membrane	cell_definitions/cell_definition/phenotype/motility/migration_bias_attracted	cell_definitions/cell_definition/phenotype/volume/total_attracted
0.000000e+00	8.505855e-01	9.313660e-01	3.627176e-01	3.645502e-01	3.349864e+03
1.000000e+00	5.607025e-01	9.313660e-01	3.627176e-01	3.645502e-01	3.349864e+03
1.000000e+00	8.505855e-01	4.225346e-01	3.627176e-01	3.645502e-01	3.349864e+03
0.000000e+00	8.505855e-01	9.313660e-01	3.892125e-01	3.645502e-01	3.349864e+03
0.000000e+00	8.505855e-01	9.313660e-01	3.627176e-01	1.867756e-01	3.349864e+03
1.000000e+00	8.505855e-01	9.313660e-01	3.627176e-01	3.645502e-01	5.163950e+03
0.000000e+00	8.505855e-01	4.225346e-01	3.892125e-01	1.867756e-01	5.163950e+03
0.000000e+00	5.607025e-01	9.313660e-01	3.892125e-01	1.867756e-01	5.163950e+03
0.000000e+00	5.607025e-01	4.225346e-01	3.627176e-01	1.867756e-01	5.163950e+03
0.000000e+00	5.607025e-01	4.225346e-01	3.892125e-01	3.645502e-01	5.163950e+03
0.000000e+00	5.607025e-01	4.225346e-01	3.892125e-01	1.867756e-01	3.349864e+03
0.000000e+00	5.607025e-01	4.225346e-01	3.892125e-01	1.867756e-01	5.163950e+03
1.000000e+00	4.981257e-01	2.346157e-01	8.692318e-01	6.817866e-01	5.282307e+03
1.000000e+00	3.070994e-01	2.346157e-01	8.692318e-01	6.817866e-01	5.282307e+03
1.000000e+00	4.981257e-01	9.503398e-01	8.692318e-01	6.817866e-01	5.282307e+03
1.000000e+00	4.981257e-01	2.346157e-01	9.499946e-01	6.817866e-01	5.282307e+03
1.000000e+00	4.981257e-01	2.346157e-01	8.692318e-01	7.926336e-01	5.282307e+03
1.000000e+00	4.981257e-01	2.346157e-01	8.692318e-01	6.817866e-01	3.172906e+03
1.000000e+00	4.981257e-01	9.503398e-01	9.499946e-01	7.926336e-01	3.172906e+03
1.000000e+00	3.070994e-01	2.346157e-01	9.499946e-01	7.926336e-01	3.172906e+03
0.000000e+00	3.070994e-01	9.503398e-01	8.692318e-01	7.926336e-01	3.172906e+03
1.000000e+00	3.070994e-01	9.503398e-01	9.499946e-01	6.817866e-01	3.172906e+03
0.000000e+00	3.070994e-01	9.503398e-01	9.499946e-01	7.926336e-01	5.282307e+03
0.000000e+00	3.070994e-01	9.503398e-01	9.499946e-01	7.926336e-01	3.172906e+03
0.000000e+00	4.466009e-02	7.128637e-01	1.906826e-01	2.161289e-01	4.693370e+03
0.000000e+00	2.111925e-01	7.128637e-01	1.906826e-01	2.161289e-01	4.693370e+03
0.000000e+00	4.466009e-02	1.773136e-01	1.906826e-01	2.161289e-01	4.693370e+03
0.000000e+00	4.466009e-02	7.128637e-01	5.191051e-01	2.161289e-01	4.693370e+03
1.000000e+00	4.466009e-02	7.128637e-01	1.906826e-01	6.972826e-01	4.693370e+03
0.000000e+00	4.466009e-02	7.128637e-01	1.906826e-01	2.161289e-01	4.013185e+03
1.000000e+00	4.466009e-02	1.773136e-01	5.191051e-01	6.972826e-01	4.013185e+03
1.000000e+00	2.111925e-01	7.128637e-01	5.191051e-01	6.972826e-01	4.013185e+03
1.000000e+00	2.111925e-01	1.773136e-01	1.906826e-01	6.972826e-01	4.013185e+03
0.000000e+00	2.111925e-01	1.773136e-01	5.191051e-01	2.161289e-01	4.013185e+03
1.000000e+00	2.111925e-01	1.773136e-01	5.191051e-01	6.972826e-01	4.693370e+03
1.000000e+00	2.111925e-01	1.773136e-01	5.191051e-01	6.972826e-01	4.013185e+03
1.000000e+00	6.770633e-01	3.911129e-01	6.974854e-01	7.677994e-01	4.005881e+03
1.000000e+00	9.649138e-01	3.911129e-01	6.974854e-01	7.677994e-01	4.005881e+03
1.000000e+00	6.770633e-01	6.954069e-01	6.974854e-01	7.677994e-01	4.005881e+03
1.000000e+00	6.770633e-01	3.911129e-01	7.992051e-02	7.677994e-01	4.005881e+03
1.000000e+00	6.770633e-01	3.911129e-01	6.974854e-01	3.427059e-01	4.005881e+03
1.000000e+00	6.770633e-01	3.911129e-01	6.974854e-01	7.677994e-01	4.678543e+03
1.000000e+00	6.770633e-01	6.954069e-01	7.992051e-02	3.427059e-01	4.678543e+03
1.000000e+00	9.649138e-01	3.911129e-01	7.992051e-02	3.427059e-01	4.678543e+03
1.000000e+00	9.649138e-01	6.954069e-01	6.974854e-01	3.427059e-01	4.678543e+03
1.000000e+00	9.649138e-01	6.954069e-01	7.992051e-02	7.677994e-01	4.678543e+03
1.000000e+00	9.649138e-01	6.954069e-01	7.992051e-02	3.427059e-01	4.005881e+03
1.000000e+00	9.649138e-01	6.954069e-01	7.992051e-02	3.427059e-01	4.678543e+03
0.000000e+00	5.046536e-01	6.169911e-01	8.812058e-01	9.923701e-01	3.856818e+03
1.000000e+00	6.290915e-01	6.169911e-01	8.812058e-01	9.923701e-01	3.856818e+03
0.000000e+00	5.046536e-01	6.953643e-02	8.812058e-01	9.923701e-01	3.856818e+03
0.000000e+00	5.046536e-01	6.169911e-01	6.744423e-01	9.923701e-01	3.856818e+03
1.000000e+00	5.046536e-01	6.169911e-01	8.812058e-01	5.802759e-01	3.856818e+03
0.000000e+00	5.046536e-01	6.169911e-01	8.812058e-01	9.923701e-01	3.458714e+03
1.000000e+00	5.046536e-01	6.953643e-02	6.744423e-01	5.802759e-01	3.458714e+03
1.000000e+00	6.290915e-01	6.169911e-01	6.744423e-01	5.802759e-01	3.458714e+03
1.000000e+00	6.290915e-01	6.953643e-02	8.812058e-01	5.802759e-01	3.458714e+03
0.000000e+00	6.290915e-01	6.953643e-02	6.744423e-01	9.923701e-01	3.458714e+03
1.000000e+00	6.290915e-01	6.953643e-02	6.744423e-01	5.802759e-01	3.856818e+03
1.000000e+00	6.290915e-01	6.953643e-02	6.744423e-01	5.802759e-01	3.458714e+03
0.000000e+00	1.524988e-01	3.108351e-01	3.897747e-01	5.397503e-02	4.541548e+03
0.000000e+00	3.753666e-01	3.108351e-01	3.897747e-01	5.397503e-02	4.541548e+03
0.000000e+00	1.524988e-01	5.573636e-01	3.897747e-01	5.397503e-02	4.541548e+03
0.000000e+00	1.524988e-01	3.108351e-01	2.352597e-01	5.397503e-02	4.541548e+03
1.000000e+00	1.524988e-01	3.108351e-01	3.897747e-01	4.441906e-01	4.541548e+03
0.000000e+00	1.524988e-01	3.108351e-01	3.897747e-01	5.397503e-02	5.215383e+03
1.000000e+00	1.524988e-01	5.573636e-01	2.352597e-01	4.441906e-01	5.215383e+03
1.000000e+00	3.753666e-01	3.108351e-01	2.352597e-01	4.441906e-01	5.215383e+03
0.000000e+00	3.753666e-01	5.573636e-01	3.897747e-01	4.441906e-01	5.215383e+03
0.000000e+00	3.753666e-01	5.573636e-01	2.352597e-01	5.397503e-02	5.215383e+03
0.000000e+00	3.753666e-01	5.573636e-01	2.352597e-01	4.441906e-01	4.541548e+03
1.000000e+00	3.753666e-01	5.573636e-01	2.352597e-01	4.441906e-01	5.215383e+03
1.000000e+00	3.276647e-01	7.729968e-01	5.531796e-01	5.783219e-01	5.119490e+03
1.000000e+00	9.604850e-02	7.729968e-01	5.531796e-01	5.783219e-01	5.119490e+03
1.000000e+00	3.276647e-01	3.144906e-01	5.531796e-01	5.783219e-01	5.119490e+03
1.000000e+00	3.276647e-01	7.729968e-01	2.966192e-01	5.783219e-01	5.119490e+03
0.000000e+00	3.276647e-01	7.729968e-01	5.531796e-01	3.853497e-02	5.119490e+03
1.000000e+00	3.276647e-01	7.729968e-01	5.531796e-01	5.783219e-01	4.451961e+03
0.000000e+00	3.276647e-01	3.144906e-01	2.966192e-01	3.853497e-02	4.451961e+03
0.000000e+00	9.604850e-02	7.729968e-01	2.966192e-01	3.853497e-02	4.451961e+03
0.000000e+00	9.604850e-02	3.144906e-01	5.531796e-01	3.853497e-02	4.451961e+03
1.000000e+00	9.604850e-02	3.144906e-01	2.966192e-01	5.783219e-01	4.451961e+03
0.000000e+00	9.604850e-02	3.144906e-01	2.966192e-01	3.853497e-02	5.119490e+03
0.000000e+00	9.604850e-02	3.144906e-01	2.966192e-01	3.853497e-02	4.451961e+03
0.000000e+00	9.603733e-01	9.184031e-02	6.158227e-02	4.056148e-01	3.189786e+03
1.000000e+00	8.496475e-01	9.184031e-02	6.158227e-02	4.056148e-01	3.189786e+03
1.000000e+00	9.603733e-01	8.120150e-01	6.158227e-02	4.056148e-01	3.189786e+03
1.000000e+00	9.603733e-01	9.184031e-02	8.573994e-01	4.056148e-01	3.189786e+03
0.000000e+00	9.603733e-01	9.184031e-02	6.158227e-02	9.254133e-01	3.189786e+03
1.000000e+00	9.603733e-01	9.184031e-02	6.158227e-02	4.056148e-01	3.864727e+03
0.000000e+00	9.603733e-01	8.120150e-01	8.573994e-01	9.254133e-01	3.864727e+03
0.000000e+00	8.496475e-01	9.184031e-02	8.573994e-01	9.254133e-01	3.864727e+03
0.000000e+00	8.496475e-01	8.120150e-01	6.158227e-02	9.254133e-01	3.864727e+03
1.000000e+00	8.496475e-01	8.120150e-01	8.573994e-01	4.056148e-01	3.864727e+03
0.000000e+00	8.496475e-01	8.120150e-01	8.573994e-01	9.254133e-01	3.189786e+03
0.000000e+00	8.496475e-01	8.120150e-01	8.573994e-01	9.254133e-01	3.864727e+03
0.000000e+00	9.000481e-01	6.391415e-01	5.990788e-01	8.947032e-02	5.477880e+03
0.000000e+00	8.900120e-01	6.391415e-01	5.990788e-01	8.947032e-02	5.477880e+03
0.000000e+00	9.000481e-01	6.238444e-02	5.990788e-01	8.947032e-02	5.477880e+03
0.000000e+00	9.000481e-01	6.391415e-01	7.312653e-01	8.947032e-02	5.477880e+03
1.000000e+00	9.000481e-01	6.391415e-01	5.990788e-01	5.101844e-01	5.477880e+03
0.000000e+00	9.000481e-01	6.391415e-01	5.990788e-01	8.947032e-02	4.862809e+03
1.000000e+00	9.000481e-01	6.238444e-02	7.312653e-01	5.101844e-01	4.862809e+03
1.000000e+00	8.900120e-01	6.391415e-01	7.312653e-01	5.101844e-01	4.862809e+03
1.000000e+00	8.900120e-01	6.238444e-02	5.990788e-01	5.101844e-01	4.862809e+03
0.000000e+00	8.900120e-01	6.238444e-02	7.312653e-01	8.947032e-02	4.862809e+03
1.000000e+00	8.900120e-01	6.238444e-02	7.312653e-01	5.101844e-01	5.477880e+03
1.000000e+00	8.900120e-01	6.238444e-02	7.312653e-01	5.101844e-01	4.862809e+03
0.000000e+00	2.512721e-01	4.452974e-01	1.055269e-01	8.954658e-01	3.545431e+03
0.000000e+00	1.358024e-01	4.452974e-01	1.055269e-01	8.954658e-01	3.545431e+03
0.000000e+00	2.512721e-01	5.648527e-01	1.055269e-01	8.954658e-01	3.545431e+03
0.000000e+00	2.512721e-01	4.452974e-01	1.704950e-01	8.954658e-01	3.545431e+03
1.000000e+00	2.512721e-01	4.452974e-01	1.055269e-01	4.048155e-01	3.545431e+03
0.000000e+00	2.512721e-01	4.452974e-01	1.055269e-01	8.954658e-01	4.121919e+03
1.000000e+00	2.512721e-01	5.648527e-01	1.704950e-01	4.048155e-01	4.121919e+03
1.000000e+00	1.358024e-01	4.452974e-01	1.704950e-01	4.048155e-01	4.121919e+03
1.000000e+00	1.358024e-01	5.648527e-01	1.055269e-01	4.048155e-01	4.121919e+03
0.000000e+00	1.358024e-01	5.648527e-01	1.704950e-01	8.954658e-01	4.121919e+03
1.000000e+00	1.358024e-01	5.648527e-01	1.704950e-01	4.048155e-01	3.545431e+03
1.000000e+00	1.358024e-01	5.648527e-01	1.704950e-01	4.048155e-01	4.121919e+03
1.000000e+00	2.059423e-01	9.826505e-01	9.583535e-01	4.878020e-01	4.123419e+03
1.000000e+00	3.527425e-01	9.826505e-01	9.583535e-01	4.878020e-01	4.123419e+03
1.000000e+00	2.059423e-01	3.074833e-01	9.583535e-01	4.878020e-01	4.123419e+03
1.000000e+00	2.059423e-01	9.826505e-01	3.611341e-01	4.878020e-01	4.123419e+03
0.000000e+00	2.059423e-01	9.826505e-01	9.583535e-01	1.241900e-01	4.123419e+03
1.000000e+00	2.059423e-01	9.826505e-01	9.583535e-01	4.878020e-01	3.044815e+03
0.000000e+00	2.059423e-01	3.074833e-01	3.611341e-01	1.241900e-01	3.044815e+03
0.000000e+00	3.527425e-01	9.826505e-01	3.611341e-01	1.241900e-01	3.044815e+03
0.000000e+00	3.527425e-01	3.074833e-01	9.583535e-01	1.241900e-01	3.044815e+03
1.000000e+00	3.527425e-01	3.074833e-01	3.611341e-01	4.878020e-01	3.044815e+03
0.000000e+00	3.527425e-01	3.074833e-01	3.611341e-01	1.241900e-01	4.123419e+03
0.000000e+00	3.527425e-01	3.074833e-01	3.611341e-01	1.241900e-01	3.044815e+03
1.000000e+00	5.723029e-01	1.638068e-01	4.649707e-01	5.594816e-01	4.810912e+03
1.000000e+00	6.068339e-01	1.638068e-01	4.649707e-01	5.594816e-01	4.810912e+03
1.000000e+00	5.723029e-01	8.196635e-01	4.649707e-01	5.594816e-01	4.810912e+03
1.000000e+00	5.723029e-01	1.638068e-01	8.003379e-01	5.594816e-01	4.810912e+03
0.000000e+00	5.723029e-01	1.638068e-01	4.649707e-01	9.802307e-01	4.810912e+03
1.000000e+00	5.723029e-01	1.638068e-01	4.649707e-01	5.594816e-01	4.960022e+03
0.000000e+00	5.723029e-01	8.196635e-01	8.003379e-01	9.802307e-01	4.960022e+03
0.000000e+00	6.068339e-01	1.638068e-01	8.003379e-01	9.802307e-01	4.960022e+03
0.000000e+00	6.068339e-01	8.196635e-01	4.649707e-01	9.802307e-01	4.960022e+03
1.000000e+00	6.068339e-01	8.196635e-01	8.003379e-01	5.594816e-01	4.960022e+03
0.000000e+00	6.068339e-01	8.196635e-01	8.003379e-01	9.802307e-01	4.810912e+03
0.000000e+00	6.068339e-01	8.196635e-01	8.003379e-01	9.802307e-01	4.960022e+03
1.000000e+00	7.457056e-01	8.125595e-01	1.408772e-01	7.099510e-01	4.345961e+03
1.000000e+00	8.020289e-01	8.125595e-01	1.408772e-01	7.099510e-01	4.345961e+03
1.000000e+00	7.457056e-01	4.457772e-01	1.408772e-01	7.099510e-01	4.345961e+03
1.000000e+00	7.457056e-01	8.125595e-01	4.540878e-01	7.099510e-01	4.345961e+03
0.000000e+00	7.457056e-01	8.125595e-01	1.408772e-01	2.256929e-01	4.345961e+03
1.000000e+00	7.457056e-01	8.125595e-01	1.408772e-01	7.099510e-01	3.758596e+03
0.000000e+00	7.457056e-01	4.457772e-01	4.540878e-01	2.256929e-01	3.758596e+03
0.000000e+00	8.020289e-01	8.125595e-01	4.540878e-01	2.256929e-01	3.758596e+03
0.000000e+00	8.020289e-01	4.457772e-01	1.408772e-01	2.256929e-01	3.758596e+03
1.000000e+00	8.020289e-01	4.457772e-01	4.540878e-01	7.099510e-01	3.758596e+03
0.000000e+00	8.020289e-01	4.457772e-01	4.540878e-01	2.256929e-01	4.345961e+03
0.000000e+00	8.020289e-01	4.457772e-01	4.540878e-01	2.256929e-01	3.758596e+03
0.000000e+00	9.711243e-02	9.309947e-03	6.496346e-01	2.749920e-01	3.661227e+03
0.000000e+00	4.794157e-02	9.309947e-03	6.496346e-01	2.749920e-01	3.661227e+03
1.000000e+00	9.711243e-02	9.276766e-01	6.496346e-01	2.749920e-01	3.661227e+03
0.000000e+00	9.711243e-02	9.309947e-03	8.932898e-01	2.749920e-01	3.661227e+03
0.000000e+00	9.711243e-02	9.309947e-03	6.496346e-01	8.632439e-01	3.661227e+03
0.000000e+00	9.711243e-02	9.309947e-03	6.496346e-01	2.749920e-01	4.265111e+03
0.000000e+00	9.711243e-02	9.276766e-01	8.932898e-01	8.632439e-01	4.265111e+03
0.000000e+00	4.794157e-02	9.309947e-03	8.932898e-01	8.632439e-01	4.265111e+03
0.000000e+00	4.794157e-02	9.276766e-01	6.496346e-01	8.632439e-01	4.265111e+03
0.000000e+00	4.794157e-02	9.276766e-01	8.932898e-01	2.749920e-01	4.265111e+03
0.000000e+00	4.794157e-02	9.276766e-01	8.932898e-01	8.632439e-01	3.661227e+03
0.000000e+00	4.794157e-02	9.276766e-01	8.932898e-01	8.632439e-01	4.265111e+03
0.000000e+00	4.227238e-01	5.315530e-01	2.816636e-01	8.739057e-01	3.072262e+03
1.000000e+00	4.562265e-01	5.315530e-01	2.816636e-01	8.739057e-01	3.072262e+03
1.000000e+00	4.227238e-01	2.004568e-01	2.816636e-01	8.739057e-01	3.072262e+03
1.000000e+00	4.227238e-01	5.315530e-01	5.760558e-01	8.739057e-01	3.072262e+03
1.000000e+00	4.227238e-01	5.315530e-01	2.816636e-01	6.429230e-01	3.072262e+03
0.000000e+00	4.227238e-01	5.315530e-01	2.816636e-01	8.739057e-01	5.421590e+03
1.000000e+00	4.227238e-01	2.004568e-01	5.760558e-01	6.429230e-01	5.421590e+03
0.000000e+00	4.562265e-01	5.315530e-01	5.760558e-01	6.429230e-01	5.421590e+03
1.000000e+00	4.562265e-01	2.004568e-01	2.816636e-01	6.429230e-01	5.421590e+03
0.000000e+00	4.562265e-01	2.004568e-01	5.760558e-01	8.739057e-01	5.421590e+03
1.000000e+00	4.562265e-01	2.004568e-01	5.760558e-01	6.429230e-01	3.072262e+03
1.000000e+00	4.562265e-01	2.004568e-01	5.760558e-01	6.429230e-01	5.421590e+03
0.000000e+00	7.892678e-01	3.533039e-01	7.901296e-01	1.733848e-01	5.001971e+03
0.000000e+00	7.104397e-01	3.533039e-01	7.901296e-01	1.733848e-01	5.001971e+03
0.000000e+00	7.892678e-01	6.726590e-01	7.901296e-01	1.733848e-01	5.001971e+03
0.000000e+00	7.892678e-01	3.533039e-01	1.528734e-02	1.733848e-01	5.001971e+03
0.000000e+00	7.892678e-01	3.533039e-01	7.901296e-01	2.565321e-01	5.001971e+03
0.000000e+00	7.892678e-01	3.533039e-01	7.901296e-01	1.733848e-01	3.584507e+03
0.000000e+00	7.892678e-01	6.726590e-01	1.528734e-02	2.565321e-01	3.584507e+03
0.000000e+00	7.104397e-01	3.533039e-01	1.528734e-02	2.565321e-01	3.584507e+03
0.000000e+00	7.104397e-01	6.726590e-01	7.901296e-01	2.565321e-01	3.584507e+03
0.000000e+00	7.104397e-01	6.726590e-01	1.528734e-02	1.733848e-01	3.584507e+03
0.000000e+00	7.104397e-01	6.726590e-01	1.528734e-02	2.565321e-01	5.001971e+03
0.000000e+00	7.104397e-01	6.726590e-01	1.528734e-02	2.565321e-01	3.584507e+03
1.000000e+00	7.619610e-01	5.186334e-01	8.912246e-02	6.175016e-01	4.031409e+03
1.000000e+00	6.608620e-03	5.186334e-01	8.912246e-02	6.175016e-01	4.031409e+03
1.000000e+00	7.619610e-01	9.897473e-01	8.912246e-02	6.175016e-01	4.031409e+03
1.000000e+00	7.619610e-01	5.186334e-01	6.001541e-01	6.175016e-01	4.031409e+03
1.000000e+00	7.619610e-01	5.186334e-01	8.912246e-02	4.300375e-01	4.031409e+03
1.000000e+00	7.619610e-01	5.186334e-01	8.912246e-02	6.175016e-01	5.265702e+03
1.000000e+00	7.619610e-01	9.897473e-01	6.001541e-01	4.300375e-01	5.265702e+03
0.000000e+00	6.608620e-03	5.186334e-01	6.001541e-01	4.300375e-01	5.265702e+03
1.000000e+00	6.608620e-03	9.897473e-01	8.912246e-02	4.300375e-01	5.265702e+03
1.000000e+00	6.608620e-03	9.897473e-01	6.001541e-01	6.175016e-01	5.265702e+03
1.000000e+00	6.608620e-03	9.897473e-01	6.001541e-01	4.300375e-01	4.031409e+03
1.000000e+00	6.608620e-03	9.897473e-01	6.001541e-01	4.300375e-01	5.265702e+03
0.000000e+00	3.953430e-01	3.384541e-01	5.802965e-01	4.289273e-01	4.601410e+03
1.000000e+00	7.525211e-01	3.384541e-01	5.802965e-01	4.289273e-01	4.601410e+03
1.000000e+00	3.953430e-01	3.828481e-01	5.802965e-01	4.289273e-01	4.601410e+03
1.000000e+00	3.953430e-01	3.384541e-01	3.591968e-02	4.289273e-01	4.601410e+03
1.000000e+00	3.953430e-01	3.384541e-01	5.802965e-01	5.436459e-01	4.601410e+03
1.000000e+00	3.953430e-01	3.384541e-01	5.802965e-01	4.289273e-01	3.352783e+03
1.000000e+00	3.953430e-01	3.828481e-01	3.591968e-02	5.436459e-01	3.352783e+03
1.000000e+00	7.525211e-01	3.384541e-01	3.591968e-02	5.436459e-01	3.352783e+03
1.000000e+00	7.525211e-01	3.828481e-01	5.802965e-01	5.436459e-01	3.352783e+03
1.000000e+00	7.525211e-01	3.828481e-01	3.591968e-02	4.289273e-01	3.352783e+03
1.000000e+00	7.525211e-01	3.828481e-01	3.591968e-02	5.436459e-01	4.601410e+03
1.000000e+00	7.525211e-01	3.828481e-01	3.591968e-02	5.436459e-01	3.352783e+03
0.000000e+00	6.980608e-02	8.626264e-01	4.799065e-01	9.534229e-01	5.257389e+03
0.000000e+00	7.194154e-01	8.626264e-01	4.799065e-01	9.534229e-01	5.257389e+03
0.000000e+00	6.980608e-02	7.350962e-01	4.799065e-01	9.534229e-01	5.257389e+03
0.000000e+00	6.980608e-02	8.626264e-01	4.956788e-01	9.534229e-01	5.257389e+03
1.000000e+00	6.980608e-02	8.626264e-01	4.799065e-01	9.503090e-01	5.257389e+03
0.000000e+00	6.980608e-02	8.626264e-01	4.799065e-01	9.534229e-01	3.804010e+03
0.000000e+00	6.980608e-02	7.350962e-01	4.956788e-01	9.503090e-01	3.804010e+03
0.000000e+00	7.194154e-01	8.626264e-01	4.956788e-01	9.503090e-01	3.804010e+03
0.000000e+00	7.194154e-01	7.350962e-01	4.799065e-01	9.503090e-01	3.804010e+03
0.000000e+00	7.194154e-01	7.350962e-01	4.956788e-01	9.534229e-01	3.804010e+03
0.000000e+00	7.194154e-01	7.350962e-01	4.956788e-01	9.503090e-01	5.257389e+03
0.000000e+00	7.194154e-01	7.350962e-01	4.956788e-01	9.503090e-01	3.804010e+03
0.000000e+00	7.183245e-01	5.744657e-02	9.707920e-01	3.041440e-02	3.442434e+03
0.000000e+00	4.736289e-01	5.744657e-02	9.707920e-01	3.041440e-02	3.442434e+03
0.000000e+00	7.183245e-01	1.378937e-01	9.707920e-01	3.041440e-02	3.442434e+03
0.000000e+00	7.183245e-01	5.744657e-02	9.314797e-01	3.041440e-02	3.442434e+03
0.000000e+00	7.183245e-01	5.744657e-02	9.707920e-01	8.785985e-02	3.442434e+03
0.000000e+00	7.183245e-01	5.744657e-02	9.707920e-01	3.041440e-02	4.547494e+03
0.000000e+00	7.183245e-01	1.378937e-01	9.314797e-01	8.785985e-02	4.547494e+03
0.000000e+00	4.736289e-01	5.744657e-02	9.314797e-01	8.785985e-02	4.547494e+03
0.000000e+00	4.736289e-01	1.378937e-01	9.707920e-01	8.785985e-02	4.547494e+03
0.000000e+00	4.736289e-01	1.378937e-01	9.314797e-01	3.041440e-02	4.547494e+03
0.000000e+00	4.736289e-01	1.378937e-01	9.314797e-01	8.785985e-02	3.442434e+03
0.000000e+00	4.736289e-01	1.378937e-01	9.314797e-01	8.785985e-02	4.547494e+03
0.000000e+00	6.074354e-01	9.661871e-01	6.703647e-01	2.394454e-01	3.292446e+03
0.000000e+00	1.844338e-01	9.661871e-01	6.703647e-01	2.394454e-01	3.292446e+03
0.000000e+00	6.074354e-01	5.020455e-01	6.703647e-01	2.394454e-01	3.292446e+03
0.000000e+00	6.074354e-01	9.661871e-01	3.385105e-01	2.394454e-01	3.292446e+03
0.000000e+00	6.074354e-01	9.661871e-01	6.703647e-01	8.331699e-01	3.292446e+03
0.000000e+00	6.074354e-01	9.661871e-01	6.703647e-01	2.394454e-01	3.267803e+03
1.000000e+00	6.074354e-01	5.020455e-01	3.385105e-01	8.331699e-01	3.267803e+03
1.000000e+00	1.844338e-01	9.661871e-01	3.385105e-01	8.331699e-01	3.267803e+03
1.000000e+00	1.844338e-01	5.020455e-01	6.703647e-01	8.331699e-01	3.267803e+03
0.000000e+00	1.844338e-01	5.020455e-01	3.385105e-01	2.394454e-01	3.267803e+03
1.000000e+00	1.844338e-01	5.020455e-01	3.385105e-01	8.331699e-01	3.292446e+03
1.000000e+00	1.844338e-01	5.020455e-01	3.385105e-01	8.331699e-01	3.267803e+03
1.000000e+00	2.411223e-01	1.454132e-01	1.631462e-01	8.069908e-01	5.105272e+03
1.000000e+00	9.302244e-01	1.454132e-01	1.631462e-01	8.069908e-01	5.105272e+03
1.000000e+00	2.411223e-01	1.245775e-01	1.631462e-01	8.069908e-01	5.105272e+03
1.000000e+00	2.411223e-01	1.454132e-01	7.743095e-01	8.069908e-01	5.105272e+03
0.000000e+00	2.411223e-01	1.454132e-01	1.631462e-01	1.892099e-01	5.105272e+03
1.000000e+00	2.411223e-01	1.454132e-01	1.631462e-01	8.069908e-01	5.102597e+03
0.000000e+00	2.411223e-01	1.245775e-01	7.743095e-01	1.892099e-01	5.102597e+03
0.000000e+00	9.302244e-01	1.454132e-01	7.743095e-01	1.892099e-01	5.102597e+03
0.000000e+00	9.302244e-01	1.245775e-01	1.631462e-01	1.892099e-01	5.102597e+03
0.000000e+00	9.302244e-01	1.245775e-01	7.743095e-01	8.069908e-01	5.102597e+03
0.000000e+00	9.302244e-01	1.245775e-01	7.743095e-01	1.892099e-01	5.105272e+03
0.000000e+00	9.302244e-01	1.245775e-01	7.743095e-01	1.892099e-01	5.102597e+03
1.000000e+00	2.864045e-01	6.846956e-01	7.796419e-01	3.409936e-01	4.438278e+03
1.000000e+00	5.885856e-01	6.846956e-01	7.796419e-01	3.409936e-01	4.438278e+03
1.000000e+00	2.864045e-01	7.569787e-01	7.796419e-01	3.409936e-01	4.438278e+03
1.000000e+00	2.864045e-01	6.846956e-01	6.950667e-01	3.409936e-01	4.438278e+03
0.000000e+00	2.864045e-01	6.846956e-01	7.796419e-01	2.816622e-01	4.438278e+03
0.000000e+00	2.864045e-01	6.846956e-01	7.796419e-01	3.409936e-01	4.574513e+03
1.000000e+00	2.864045e-01	7.569787e-01	6.950667e-01	2.816622e-01	4.574513e+03
0.000000e+00	5.885856e-01	6.846956e-01	6.950667e-01	2.816622e-01	4.574513e+03
0.000000e+00	5.885856e-01	7.569787e-01	7.796419e-01	2.816622e-01	4.574513e+03
1.000000e+00	5.885856e-01	7.569787e-01	6.950667e-01	3.409936e-01	4.574513e+03
0.000000e+00	5.885856e-01	7.569787e-01	6.950667e-01	2.816622e-01	4.438278e+03
0.000000e+00	5.885856e-01	7.569787e-01	6.950667e-01	2.816622e-01	4.574513e+03
1.000000e+00	9.352282e-01	4.889212e-01	2.725896e-01	6.428511e-01	3.870425e+03
1.000000e+00	3.426767e-01	4.889212e-01	2.725896e-01	6.428511e-01	3.870425e+03
1.000000e+00	9.352282e-01	3.697982e-01	2.725896e-01	6.428511e-01	3.870425e+03
1.000000e+00	9.352282e-01	4.889212e-01	1.308342e-01	6.428511e-01	3.870425e+03
1.000000e+00	9.352282e-01	4.889212e-01	2.725896e-01	6.762931e-01	3.870425e+03
1.000000e+00	9.352282e-01	4.889212e-01	2.725896e-01	6.428511e-01	4.065404e+03
1.000000e+00	9.352282e-01	3.697982e-01	1.308342e-01	6.762931e-01	4.065404e+03
0.000000e+00	3.426767e-01	4.889212e-01	1.308342e-01	6.762931e-01	4.065404e+03
1.000000e+00	3.426767e-01	3.697982e-01	2.725896e-01	6.762931e-01	4.065404e+03
1.000000e+00	3.426767e-01	3.697982e-01	1.308342e-01	6.428511e-01	4.065404e+03
1.000000e+00	3.426767e-01	3.697982e-01	1.308342e-01	6.762931e-01	3.870425e+03
1.000000e+00	3.426767e-01	3.697982e-01	1.308342e-01	6.762931e-01	4.065404e+03
0.000000e+00	9.876951e-01	7.859792e-01	8.255395e-01	8.344762e-01	4.796367e+03
1.000000e+00	4.293972e-01	7.859792e-01	8.255395e-01	8.344762e-01	4.796367e+03
1.000000e+00	9.876951e-01	6.199228e-01	8.255395e-01	8.344762e-01	4.796367e+03
1.000000e+00	9.876951e-01	7.859792e-01	2.547137e-01	8.344762e-01	4.796367e+03
1.000000e+00	9.876951e-01	7.859792e-01	8.255395e-01	7.631395e-01	4.796367e+03
1.000000e+00	9.876951e-01	7.859792e-01	8.255395e-01	8.344762e-01	4.360656e+03
1.000000e+00	9.876951e-01	6.199228e-01	2.547137e-01	7.631395e-01	4.360656e+03
1.000000e+00	4.293972e-01	7.859792e-01	2.547137e-01	7.631395e-01	4.360656e+03
1.000000e+00	4.293972e-01	6.199228e-01	8.255395e-01	7.631395e-01	4.360656e+03
1.000000e+00	4.293972e-01	6.199228e-01	2.547137e-01	8.344762e-01	4.360656e+03
1.000000e+00	4.293972e-01	6.199228e-01	2.547137e-01	7.631395e-01	4.796367e+03
1.000000e+00	4.293972e-01	6.199228e-01	2.547137e-01	7.631395e-01	4.360656e+03
0.000000e+00	3.550305e-01	1.067530e-01	3.165356e-01	1.503069e-01	4.226371e+03
0.000000e+00	6.756721e-01	1.067530e-01	3.165356e-01	1.503069e-01	4.226371e+03
0.000000e+00	3.550305e-01	7.095416e-03	3.165356e-01	1.503069e-01	4.226371e+03
0.000000e+00	3.550305e-01	1.067530e-01	8.189288e-01	1.503069e-01	4.226371e+03
0.000000e+00	3.550305e-01	1.067530e-01	3.165356e-01	1.500180e-01	4.226371e+03
0.000000e+00	3.550305e-01	1.067530e-01	3.165356e-01	1.503069e-01	3.697892e+03
0.000000e+00	3.550305e-01	7.095416e-03	8.189288e-01	1.500180e-01	3.697892e+03
0.000000e+00	6.756721e-01	1.067530e-01	8.189288e-01	1.500180e-01	3.697892e+03
0.000000e+00	6.756721e-01	7.095416e-03	3.165356e-01	1.500180e-01	3.697892e+03
0.000000e+00	6.756721e-01	7.095416e-03	8.189288e-01	1.503069e-01	3.697892e+03
0.000000e+00	6.756721e-01	7.095416e-03	8.189288e-01	1.500180e-01	4.226371e+03
0.000000e+00	6.756721e-01	7.095416e-03	8.189288e-01	1.500180e-01	3.697892e+03
1.000000e+00	1.798207e-01	5.669834e-01	7.475139e-01	7.486446e-01	3.559366e+03
1.000000e+00	8.299329e-01	5.669834e-01	7.475139e-01	7.486446e-01	3.559366e+03
1.000000e+00	1.798207e-01	8.749402e-01	7.475139e-01	7.486446e-01	3.559366e+03
1.000000e+00	1.798207e-01	5.669834e-01	6.502013e-01	7.486446e-01	3.559366e+03
1.000000e+00	1.798207e-01	5.669834e-01	7.475139e-01	3.673783e-01	3.559366e+03
1.000000e+00	1.798207e-01	5.669834e-01	7.475139e-01	7.486446e-01	3.478608e+03
0.000000e+00	1.798207e-01	8.749402e-01	6.502013e-01	3.673783e-01	3.478608e+03
1.000000e+00	8.299329e-01	5.669834e-01	6.502013e-01	3.673783e-01	3.478608e+03
1.000000e+00	8.299329e-01	8.749402e-01	7.475139e-01	3.673783e-01	3.478608e+03
1.000000e+00	8.299329e-01	8.749402e-01	6.502013e-01	7.486446e-01	3.478608e+03
1.000000e+00	8.299329e-01	8.749402e-01	6.502013e-01	3.673783e-01	3.559366e+03
1.000000e+00	8.299329e-01	8.749402e-01	6.502013e-01	3.673783e-01	3.478608e+03
1.000000e+00	5.320192e-01	2.627577e-01	2.383409e-01	2.987911e-01	5.374317e+03
0.000000e+00	8.353222e-02	2.627577e-01	2.383409e-01	2.987911e-01	5.374317e+03
1.000000e+00	5.320192e-01	2.524160e-01	2.383409e-01	2.987911e-01	5.374317e+03
0.000000e+00	5.320192e-01	2.627577e-01	2.143887e-01	2.987911e-01	5.374317e+03
1.000000e+00	5.320192e-01	2.627577e-01	2.383409e-01	7.312936e-01	5.374317e+03
1.000000e+00	5.320192e-01	2.627577e-01	2.383409e-01	2.987911e-01	5.471940e+03
1.000000e+00	5.320192e-01	2.524160e-01	2.143887e-01	7.312936e-01	5.471940e+03
1.000000e+00	8.353222e-02	2.627577e-01	2.143887e-01	7.312936e-01	5.471940e+03
1.000000e+00	8.353222e-02	2.524160e-01	2.383409e-01	7.312936e-01	5.471940e+03
1.000000e+00	8.353222e-02	2.524160e-01	2.143887e-01	2.987911e-01	5.471940e+03
1.000000e+00	8.353222e-02	2.524160e-01	2.143887e-01	7.312936e-01	5.374317e+03
1.000000e+00	8.353222e-02	2.524160e-01	2.143887e-01	7.312936e-01	5.471940e+03
1.000000e+00	6.419463e-01	7.291383e-01	4.301026e-01	4.647354e-01	4.910291e+03
1.000000e+00	2.633504e-01	7.291383e-01	4.301026e-01	4.647354e-01	4.910291e+03
1.000000e+00	6.419463e-01	8.880211e-01	4.301026e-01	4.647354e-01	4.910291e+03
1.000000e+00	6.419463e-01	7.291383e-01	5.556606e-01	4.647354e-01	4.910291e+03
1.000000e+00	6.419463e-01	7.291383e-01	4.301026e-01	4.687717e-01	4.910291e+03
1.000000e+00	6.419463e-01	7.291383e-01	4.301026e-01	4.647354e-01	4.174108e+03
1.000000e+00	6.419463e-01	8.880211e-01	5.556606e-01	4.687717e-01	4.174108e+03
1.000000e+00	2.633504e-01	7.291383e-01	5.556606e-01	4.687717e-01	4.174108e+03
1.000000e+00	2.633504e-01	8.880211e-01	4.301026e-01	4.687717e-01	4.174108e+03
1.000000e+00	2.633504e-01	8.880211e-01	5.556606e-01	4.647354e-01	4.174108e+03
1.000000e+00	2.633504e-01	8.880211e-01	5.556606e-01	4.687717e-01	4.910291e+03
1.000000e+00	2.633504e-01	8.880211e-01	5.556606e-01	4.687717e-01	4.174108e+03
1.000000e+00	9.464527e-03	4.093177e-01	9.229397e-01	5.200556e-01	3.097469e+03
1.000000e+00	5.097475e-01	4.093177e-01	9.229397e-01	5.200556e-01	3.097469e+03
1.000000e+00	9.464527e-03	4.852157e-01	9.229397e-01	5.200556e-01	3.097469e+03
1.000000e+00	9.464527e-03	4.093177e-01	1.198500e-01	5.200556e-01	3.097469e+03
1.000000e+00	9.464527e-03	4.093177e-01	9.229397e-01	6.141952e-01	3.097469e+03
1.000000e+00	9.464527e-03	4.093177e-01	9.229397e-01	5.200556e-01	4.758747e+03
1.000000e+00	9.464527e-03	4.852157e-01	1.198500e-01	6.141952e-01	4.758747e+03
1.000000e+00	5.097475e-01	4.093177e-01	1.198500e-01	6.141952e-01	4.758747e+03
1.000000e+00	5.097475e-01	4.852157e-01	9.229397e-01	6.141952e-01	4.758747e+03
1.000000e+00	5.097475e-01	4.852157e-01	1.198500e-01	5.200556e-01	4.758747e+03
1.000000e+00	5.097475e-01	4.852157e-01	1.198500e-01	6.141952e-01	3.097469e+03
1.000000e+00	5.097475e-01	4.852157e-01	1.198500e-01	6.141952e-01	4.758747e+03
0.000000e+00	4.630084e-01	8.856346e-01	8.067037e-03	1.132806e-01	3.753517e+03
0.000000e+00	9.802310e-01	8.856346e-01	8.067037e-03	1.132806e-01	3.753517e+03
0.000000e+00	4.630084e-01	6.332100e-01	8.067037e-03	1.132806e-01	3.753517e+03
0.000000e+00	4.630084e-01	8.856346e-01	4.119984e-01	1.132806e-01	3.753517e+03
0.000000e+00	4.630084e-01	8.856346e-01	8.067037e-03	8.957663e-01	3.753517e+03
0.000000e+00	4.630084e-01	8.856346e-01	8.067037e-03	1.132806e-01	4.898657e+03
0.000000e+00	4.630084e-01	6.332100e-01	4.119984e-01	8.957663e-01	4.898657e+03
0.000000e+00	9.802310e-01	8.856346e-01	4.119984e-01	8.957663e-01	4.898657e+03
0.000000e+00	9.802310e-01	6.332100e-01	8.067037e-03	8.957663e-01	4.898657e+03
0.000000e+00	9.802310e-01	6.332100e-01	4.119984e-01	1.132806e-01	4.898657e+03
0.000000e+00	9.802310e-01	6.332100e-01	4.119984e-01	8.957663e-01	3.753517e+03
1.000000e+00	9.802310e-01	6.332100e-01	4.119984e-01	8.957663e-01	4.898657e+03
0.000000e+00	8.153903e-01	1.908145e-01	5.011956e-01	9.341630e-01	4.321364e+03
0.000000e+00	2.339521e-01	1.908145e-01	5.011956e-01	9.341630e-01	4.321364e+03
0.000000e+00	8.153903e-01	2.401171e-01	5.011956e-01	9.341630e-01	4.321364e+03
1.000000e+00	8.153903e-01	1.908145e-01	9.762116e-01	9.341630e-01	4.321364e+03
0.000000e+00	8.153903e-01	1.908145e-01	5.011956e-01	1.625026e-03	4.321364e+03
0.000000e+00	8.153903e-01	1.908145e-01	5.011956e-01	9.341630e-01	3.139699e+03
0.000000e+00	8.153903e-01	2.401171e-01	9.762116e-01	1.625026e-03	3.139699e+03
0.000000e+00	2.339521e-01	1.908145e-01	9.762116e-01	1.625026e-03	3.139699e+03
0.000000e+00	2.339521e-01	2.401171e-01	5.011956e-01	1.625026e-03	3.139699e+03
0.000000e+00	2.339521e-01	2.401171e-01	9.762116e-01	9.341630e-01	3.139699e+03
0.000000e+00	2.339521e-01	2.401171e-01	9.762116e-01	1.625026e-03	4.321364e+03
0.000000e+00	2.339521e-01	2.401171e-01	9.762116e-01	1.625026e-03	3.139699e+03
1.000000e+00	8.396225e-01	6.963525e-01	9.490302e-01	6.254065e-01	3.228034e+03
1.000000e+00	6.495638e-02	6.963525e-01	9.490302e-01	6.254065e-01	3.228034e+03
1.000000e+00	8.396225e-01	7.253805e-01	9.490302e-01	6.254065e-01	3.228034e+03
1.000000e+00	8.396225e-01	6.963525e-01	8.348695e-01	6.254065e-01	3.228034e+03
1.000000e+00	8.396225e-01	6.963525e-01	9.490302e-01	5.495350e-01	3.228034e+03
1.000000e+00	8.396225e-01	6.963525e-01	9.490302e-01	6.254065e-01	5.052982e+03
1.000000e+00	8.396225e-01	7.253805e-01	8.348695e-01	5.495350e-01	5.052982e+03
1.000000e+00	6.495638e-02	6.963525e-01	8.348695e-01	5.495350e-01	5.052982e+03
1.000000e+00	6.495638e-02	7.253805e-01	9.490302e-01	5.495350e-01	5.052982e+03
1.000000e+00	6.495638e-02	7.253805e-01	8.348695e-01	6.254065e-01	5.052982e+03
1.000000e+00	6.495638e-02	7.253805e-01	8.348695e-01	5.495350e-01	3.228034e+03
1.000000e+00	6.495638e-02	7.253805e-01	8.348695e-01	5.495350e-01	5.052982e+03
1.000000e+00	4.406025e-01	3.755781e-01	4.401446e-01	3.271500e-01	5.160644e+03
1.000000e+00	8.191658e-01	3.755781e-01	4.401446e-01	3.271500e-01	5.160644e+03
1.000000e+00	4.406025e-01	1.516234e-01	4.401446e-01	3.271500e-01	5.160644e+03
1.000000e+00	4.406025e-01	3.755781e-01	2.701986e-01	3.271500e-01	5.160644e+03
1.000000e+00	4.406025e-01	3.755781e-01	4.401446e-01	4.124277e-01	5.160644e+03
0.000000e+00	4.406025e-01	3.755781e-01	4.401446e-01	3.271500e-01	3.294026e+03
1.000000e+00	4.406025e-01	1.516234e-01	2.701986e-01	4.124277e-01	3.294026e+03
1.000000e+00	8.191658e-01	3.755781e-01	2.701986e-01	4.124277e-01	3.294026e+03
1.000000e+00	8.191658e-01	1.516234e-01	4.401446e-01	4.124277e-01	3.294026e+03
1.000000e+00	8.191658e-01	1.516234e-01	2.701986e-01	3.271500e-01	3.294026e+03
1.000000e+00	8.191658e-01	1.516234e-01	2.701986e-01	4.124277e-01	5.160644e+03
1.000000e+00	8.191658e-01	1.516234e-01	2.701986e-01	4.124277e-01	3.294026e+03
1.000000e+00	1.612376e-02	9.153459e-01	6.209751e-01	7.895157e-01	4.503147e+03
1.000000e+00	6.610487e-01	9.153459e-01	6.209751e-01	7.895157e-01	4.503147e+03
1.000000e+00	1.612376e-02	9.726237e-01	6.209751e-01	7.895157e-01	4.503147e+03
0.000000e+00	1.612376e-02	9.153459e-01	1.991805e-01	7.895157e-01	4.503147e+03
0.000000e+00	1.612376e-02	9.153459e-01	6.209751e-01	7.030918e-02	4.503147e+03
1.000000e+00	1.612376e-02	9.153459e-01	6.209751e-01	7.895157e-01	4.019862e+03
0.000000e+00	1.612376e-02	9.726237e-01	1.991805e-01	7.030918e-02	4.019862e+03
0.000000e+00	6.610487e-01	9.153459e-01	1.991805e-01	7.030918e-02	4.019862e+03
0.000000e+00	6.610487e-01	9.726237e-01	6.209751e-01	7.030918e-02	4.019862e+03
1.000000e+00	6.610487e-01	9.726237e-01	1.991805e-01	7.895157e-01	4.019862e+03
0.000000e+00	6.610487e-01	9.726237e-01	1.991805e-01	7.030918e-02	4.503147e+03
0.000000e+00	6.610487e-01	9.726237e-01	1.991805e-01	7.030918e-02	4.019862e+03
0.000000e+00	6.332167e-01	2.195720e-01	1.119201e-01	2.256935e-01	3.815816e+03
0.000000e+00	4.069576e-01	2.195720e-01	1.119201e-01	2.256935e-01	3.815816e+03
0.000000e+00	6.332167e-01	4.047792e-01	1.119201e-01	2.256935e-01	3.815816e+03
0.000000e+00	6.332167e-01	2.195720e-01	6.344724e-01	2.256935e-01	3.815816e+03
0.000000e+00	6.332167e-01	2.195720e-01	1.119201e-01	9.561353e-01	3.815816e+03
0.000000e+00	6.332167e-01	2.195720e-01	1.119201e-01	2.256935e-01	4.604503e+03
0.000000e+00	6.332167e-01	4.047792e-01	6.344724e-01	9.561353e-01	4.604503e+03
0.000000e+00	4.069576e-01	2.195720e-01	6.344724e-01	9.561353e-01	4.604503e+03
0.000000e+00	4.069576e-01	4.047792e-01	1.119201e-01	9.561353e-01	4.604503e+03
0.000000e+00	4.069576e-01	4.047792e-01	6.344724e-01	2.256935e-01	4.604503e+03
0.000000e+00	4.069576e-01	4.047792e-01	6.344724e-01	9.561353e-01	3.815816e+03
0.000000e+00	4.069576e-01	4.047792e-01	6.344724e-01	9.561353e-01	4.604503e+03
0.000000e+00	5.566179e-01	7.572178e-01	3.114944e-01	1.273328e-02	3.968868e+03
0.000000e+00	2.427814e-01	7.572178e-01	3.114944e-01	1.273328e-02	3.968868e+03
0.000000e+00	5.566179e-01	7.669154e-01	3.114944e-01	1.273328e-02	3.968868e+03
0.000000e+00	5.566179e-01	7.572178e-01	1.042659e-01	1.273328e-02	3.968868e+03
0.000000e+00	5.566179e-01	7.572178e-01	3.114944e-01	2.185385e-01	3.968868e+03
0.000000e+00	5.566179e-01	7.572178e-01	3.114944e-01	1.273328e-02	3.325622e+03
0.000000e+00	5.566179e-01	7.669154e-01	1.042659e-01	2.185385e-01	3.325622e+03
0.000000e+00	2.427814e-01	7.572178e-01	1.042659e-01	2.185385e-01	3.325622e+03
1.000000e+00	2.427814e-01	7.669154e-01	3.114944e-01	2.185385e-01	3.325622e+03
0.000000e+00	2.427814e-01	7.669154e-01	1.042659e-01	1.273328e-02	3.325622e+03
0.000000e+00	2.427814e-01	7.669154e-01	1.042659e-01	2.185385e-01	3.968868e+03
0.000000e+00	2.427814e-01	7.669154e-01	1.042659e-01	2.185385e-01	3.325622e+03
0.000000e+00	1.572925e-01	7.703800e-02	8.042134e-01	9.398311e-01	4.653459e+03
0.000000e+00	9.968690e-01	7.703800e-02	8.042134e-01	9.398311e-01	4.653459e+03
0.000000e+00	1.572925e-01	3.563053e-01	8.042134e-01	9.398311e-01	4.653459e+03
1.000000e+00	1.572925e-01	7.703800e-02	5.395597e-01	9.398311e-01	4.653459e+03
0.000000e+00	1.572925e-01	7.703800e-02	8.042134e-01	8.233745e-01	4.653459e+03
0.000000e+00	1.572925e-01	7.703800e-02	8.042134e-01	9.398311e-01	5.318953e+03
1.000000e+00	1.572925e-01	3.563053e-01	5.395597e-01	8.233745e-01	5.318953e+03
1.000000e+00	9.968690e-01	7.703800e-02	5.395597e-01	8.233745e-01	5.318953e+03
1.000000e+00	9.968690e-01	3.563053e-01	8.042134e-01	8.233745e-01	5.318953e+03
0.000000e+00	9.968690e-01	3.563053e-01	5.395597e-01	9.398311e-01	5.318953e+03
1.000000e+00	9.968690e-01	3.563053e-01	5.395597e-01	8.233745e-01	4.653459e+03
0.000000e+00	9.968690e-01	3.563053e-01	5.395597e-01	8.233745e-01	5.318953e+03
0.000000e+00	3.620556e-01	6.007268e-01	1.394886e-01	4.112157e-01	5.319473e+03
1.000000e+00	5.302188e-01	6.007268e-01	1.394886e-01	4.112157e-01	5.319473e+03
1.000000e+00	3.620556e-01	5.199551e-01	1.394886e-01	4.112157e-01	5.319473e+03
1.000000e+00	3.620556e-01	6.007268e-01	9.920397e-01	4.112157e-01	5.319473e+03
1.000000e+00	3.620556e-01	6.007268e-01	1.394886e-01	6.665607e-01	5.319473e+03
1.000000e+00	3.620556e-01	6.007268e-01	1.394886e-01	4.112157e-01	4.513724e+03
1.000000e+00	3.620556e-01	5.199551e-01	9.920397e-01	6.665607e-01	4.513724e+03
1.000000e+00	5.302188e-01	6.007268e-01	9.920397e-01	6.665607e-01	4.513724e+03
1.000000e+00	5.302188e-01	5.199551e-01	1.394886e-01	6.665607e-01	4.513724e+03
1.000000e+00	5.302188e-01	5.199551e-01	9.920397e-01	4.112157e-01	4.513724e+03
1.000000e+00	5.302188e-01	5.199551e-01	9.920397e-01	6.665607e-01	5.319473e+03
1.000000e+00	5.302188e-01	5.199551e-01	9.920397e-01	6.665607e-01	4.513724e+03
1.000000e+00	9.788436e-01	2.955475e-01	6.324988e-01	6.040013e-01	3.389621e+03
1.000000e+00	2.760053e-01	2.955475e-01	6.324988e-01	6.040013e-01	3.389621e+03
1.000000e+00	9.788436e-01	1.034168e-01	6.324988e-01	6.040013e-01	3.389621e+03
1.000000e+00	9.788436e-01	2.955475e-01	4.273669e-01	6.040013e-01	3.389621e+03
0.000000e+00	9.788436e-01	2.955475e-01	6.324988e-01	3.109317e-01	3.389621e+03
1.000000e+00	9.788436e-01	2.955475e-01	6.324988e-01	6.040013e-01	3.850958e+03
1.000000e+00	9.788436e-01	1.034168e-01	4.273669e-01	3.109317e-01	3.850958e+03
1.000000e+00	2.760053e-01	2.955475e-01	4.273669e-01	3.109317e-01	3.850958e+03
1.000000e+00	2.760053e-01	1.034168e-01	6.324988e-01	3.109317e-01	3.850958e+03
1.000000e+00	2.760053e-01	1.034168e-01	4.273669e-01	6.040013e-01	3.850958e+03
1.000000e+00	2.760053e-01	1.034168e-01	4.273669e-01	3.109317e-01	3.389621e+03
0.000000e+00	2.760053e-01	1.034168e-01	4.273669e-01	3.109317e-01	3.850958e+03
0.000000e+00	9.107660e-01	9.988537e-01	2.166377e-01	9.206246e-01	4.964976e+03
0.000000e+00	4.882371e-01	9.988537e-01	2.166377e-01	9.206246e-01	4.964976e+03
0.000000e+00	9.107660e-01	8.530558e-01	2.166377e-01	9.206246e-01	4.964976e+03
0.000000e+00	9.107660e-01	9.988537e-01	5.147319e-02	9.206246e-01	4.964976e+03
0.000000e+00	9.107660e-01	9.988537e-01	2.166377e-01	1.324105e-01	4.964976e+03
0.000000e+00	9.107660e-01	9.988537e-01	2.166377e-01	9.206246e-01	4.732769e+03
0.000000e+00	9.107660e-01	8.530558e-01	5.147319e-02	1.324105e-01	4.732769e+03
0.000000e+00	4.882371e-01	9.988537e-01	5.147319e-02	1.324105e-01	4.732769e+03
0.000000e+00	4.882371e-01	8.530558e-01	2.166377e-01	1.324105e-01	4.732769e+03
0.000000e+00	4.882371e-01	8.530558e-01	5.147319e-02	9.206246e-01	4.732769e+03
0.000000e+00	4.882371e-01	8.530558e-01	5.147319e-02	1.324105e-01	4.964976e+03
0.000000e+00	4.882371e-01	8.530558e-01	5.147319e-02	1.324105e-01	4.732769e+03
0.000000e+00	3.090386e-01	1.790336e-01	7.076933e-01	9.553080e-02	3.032371e+03
0.000000e+00	7.418400e-01	1.790336e-01	7.076933e-01	9.553080e-02	3.032371e+03
0.000000e+00	3.090386e-01	2.695863e-01	7.076933e-01	9.553080e-02	3.032371e+03
0.000000e+00	3.090386e-01	1.790336e-01	6.161634e-01	9.553080e-02	3.032371e+03
0.000000e+00	3.090386e-01	1.790336e-01	7.076933e-01	7.690301e-01	3.032371e+03
0.000000e+00	3.090386e-01	1.790336e-01	7.076933e-01	9.553080e-02	4.223658e+03
1.000000e+00	3.090386e-01	2.695863e-01	6.161634e-01	7.690301e-01	4.223658e+03
1.000000e+00	7.418400e-01	1.790336e-01	6.161634e-01	7.690301e-01	4.223658e+03
1.000000e+00	7.418400e-01	2.695863e-01	7.076933e-01	7.690301e-01	4.223658e+03
0.000000e+00	7.418400e-01	2.695863e-01	6.161634e-01	9.553080e-02	4.223658e+03
1.000000e+00	7.418400e-01	2.695863e-01	6.161634e-01	7.690301e-01	3.032371e+03
1.000000e+00	7.418400e-01	2.695863e-01	6.161634e-01	7.690301e-01	4.223658e+03
1.000000e+00	2.342354e-01	6.548593e-01	3.573921e-01	5.064867e-01	3.698374e+03
1.000000e+00	7.711123e-01	6.548593e-01	3.573921e-01	5.064867e-01	3.698374e+03
1.000000e+00	2.342354e-01	6.061788e-01	3.573921e-01	5.064867e-01	3.698374e+03
1.000000e+00	2.342354e-01	6.548593e-01	9.156821e-01	5.064867e-01	3.698374e+03
1.000000e+00	2.342354e-01	6.548593e-01	3.573921e-01	7.371252e-01	3.698374e+03
1.000000e+00	2.342354e-01	6.548593e-01	3.573921e-01	5.064867e-01	3.109630e+03
1.000000e+00	2.342354e-01	6.061788e-01	9.156821e-01	7.371252e-01	3.109630e+03
1.000000e+00	7.711123e-01	6.548593e-01	9.156821e-01	7.371252e-01	3.109630e+03
1.000000e+00	7.711123e-01	6.061788e-01	3.573921e-01	7.371252e-01	3.109630e+03
1.000000e+00	7.711123e-01	6.061788e-01	9.156821e-01	5.064867e-01	3.109630e+03
1.000000e+00	7.711123e-01	6.061788e-01	9.156821e-01	7.371252e-01	3.698374e+03
1.000000e+00	7.711123e-01	6.061788e-01	9.156821e-01	7.371252e-01	3.109630e+03
1.000000e+00	6.163946e-01	4.600387e-01	8.481594e-01	4.470771e-01	4.385700e+03
1.000000e+00	1.739116e-02	4.600387e-01	8.481594e-01	4.470771e-01	4.385700e+03
1.000000e+00	6.163946e-01	1.679678e-02	8.481594e-01	4.470771e-01	4.385700e+03
0.000000e+00	6.163946e-01	4.600387e-01	4.804019e-01	4.470771e-01	4.385700e+03
1.000000e+00	6.163946e-01	4.600387e-01	8.481594e-01	3.498337e-01	4.385700e+03
1.000000e+00	6.163946e-01	4.600387e-01	8.481594e-01	4.470771e-01	4.944422e+03
1.000000e+00	6.163946e-01	1.679678e-02	4.804019e-01	3.498337e-01	4.944422e+03
1.000000e+00	1.739116e-02	4.600387e-01	4.804019e-01	3.498337e-01	4.944422e+03
0.000000e+00	1.739116e-02	1.679678e-02	8.481594e-01	3.498337e-01	4.944422e+03
1.000000e+00	1.739116e-02	1.679678e-02	4.804019e-01	4.470771e-01	4.944422e+03
0.000000e+00	1.739116e-02	1.679678e-02	4.804019e-01	3.498337e-01	4.385700e+03
1.000000e+00	1.739116e-02	1.679678e-02	4.804019e-01	3.498337e-01	4.944422e+03
0.000000e+00	6.939845e-01	5.475121e-01	5.399197e-01	2.850162e-01	4.849103e+03
0.000000e+00	3.221901e-01	5.475121e-01	5.399197e-01	2.850162e-01	4.849103e+03
1.000000e+00	6.939845e-01	6.544156e-01	5.399197e-01	2.850162e-01	4.849103e+03
1.000000e+00	6.939845e-01	5.475121e-01	7.583993e-01	2.850162e-01	4.849103e+03
1.000000e+00	6.939845e-01	5.475121e-01	5.399197e-01	6.043982e-01	4.849103e+03
0.000000e+00	6.939845e-01	5.475121e-01	5.399197e-01	2.850162e-01	3.644577e+03
1.000000e+00	6.939845e-01	6.544156e-01	7.583993e-01	6.043982e-01	3.644577e+03
1.000000e+00	3.221901e-01	5.475121e-01	7.583993e-01	6.043982e-01	3.644577e+03
1.000000e+00	3.221901e-01	6.544156e-01	5.399197e-01	6.043982e-01	3.644577e+03
1.000000e+00	3.221901e-01	6.544156e-01	7.583993e-01	2.850162e-01	3.644577e+03
1.000000e+00	3.221901e-01	6.544156e-01	7.583993e-01	6.043982e-01	4.849103e+03
1.000000e+00	3.221901e-01	6.544156e-01	7.583993e-01	6.043982e-01	3.644577e+03
1.000000e+00	9.207368e-02	3.682864e-01	3.281931e-02	7.311466e-01	4.164516e+03
1.000000e+00	5.759152e-01	3.682864e-01	3.281931e-02	7.311466e-01	4.164516e+03
1.000000e+00	9.207368e-02	2.222522e-01	3.281931e-02	7.311466e-01	4.164516e+03
1.000000e+00	9.207368e-02	3.682864e-01	3.231172e-01	7.311466e-01	4.164516e+03
1.000000e+00	9.207368e-02	3.682864e-01	3.281931e-02	4.980979e-01	4.164516e+03
0.000000e+00	9.207368e-02	3.682864e-01	3.281931e-02	7.311466e-01	4.388062e+03
1.000000e+00	9.207368e-02	2.222522e-01	3.231172e-01	4.980979e-01	4.388062e+03
1.000000e+00	5.759152e-01	3.682864e-01	3.231172e-01	4.980979e-01	4.388062e+03
1.000000e+00	5.759152e-01	2.222522e-01	3.281931e-02	4.980979e-01	4.388062e+03
1.000000e+00	5.759152e-01	2.222522e-01	3.231172e-01	7.311466e-01	4.388062e+03
1.000000e+00	5.759152e-01	2.222522e-01	3.231172e-01	4.980979e-01	4.164516e+03
1.000000e+00	5.759152e-01	2.222522e-01	3.231172e-01	4.980979e-01	4.388062e+03
0.000000e+00	3.885780e-01	8.290099e-01	8.992262e-01	1.365015e-01	3.507088e+03
0.000000e+00	9.214103e-01	8.290099e-01	8.992262e-01	1.365015e-01	3.507088e+03
0.000000e+00	3.885780e-01	9.014979e-01	8.992262e-01	1.365015e-01	3.507088e+03
0.000000e+00	3.885780e-01	8.290099e-01	1.460119e-01	1.365015e-01	3.507088e+03
0.000000e+00	3.885780e-01	8.290099e-01	8.992262e-01	3.088835e-02	3.507088e+03
0.000000e+00	3.885780e-01	8.290099e-01	8.992262e-01	1.365015e-01	5.425215e+03
0.000000e+00	3.885780e-01	9.014979e-01	1.460119e-01	3.088835e-02	5.425215e+03
0.000000e+00	9.214103e-01	8.290099e-01	1.460119e-01	3.088835e-02	5.425215e+03
0.000000e+00	9.214103e-01	9.014979e-01	8.992262e-01	3.088835e-02	5.425215e+03
0.000000e+00	9.214103e-01	9.014979e-01	1.460119e-01	1.365015e-01	5.425215e+03
0.000000e+00	9.214103e-01	9.014979e-01	1.460119e-01	3.088835e-02	3.507088e+03
0.000000e+00	9.214103e-01	9.014979e-01	1.460119e-01	3.088835e-02	5.425215e+03
0.000000e+00	7.705543e-01	2.478366e-02	3.922923e-01	8.170697e-01	5.436934e+03
0.000000e+00	1.678110e-01	2.478366e-02	3.922923e-01	8.170697e-01	5.436934e+03
1.000000e+00	7.705543e-01	4.752628e-01	3.922923e-01	8.170697e-01	5.436934e+03
0.000000e+00	7.705543e-01	2.478366e-02	7.107040e-01	8.170697e-01	5.436934e+03
0.000000e+00	7.705543e-01	2.478366e-02	3.922923e-01	8.860285e-01	5.436934e+03
1.000000e+00	7.705543e-01	2.478366e-02	3.922923e-01	8.170697e-01	3.512298e+03
1.000000e+00	7.705543e-01	4.752628e-01	7.107040e-01	8.860285e-01	3.512298e+03
0.000000e+00	1.678110e-01	2.478366e-02	7.107040e-01	8.860285e-01	3.512298e+03
0.000000e+00	1.678110e-01	4.752628e-01	3.922923e-01	8.860285e-01	3.512298e+03
0.000000e+00	1.678110e-01	4.752628e-01	7.107040e-01	8.170697e-01	3.512298e+03
0.000000e+00	1.678110e-01	4.752628e-01	7.107040e-01	8.860285e-01	5.436934e+03
0.000000e+00	1.678110e-01	4.752628e-01	7.107040e-01	8.860285e-01	3.512298e+03
0.000000e+00	7.978759e-01	8.473977e-01	7.225352e-01	3.881397e-01	3.909098e+03
1.000000e+00	6.195652e-01	8.473977e-01	7.225352e-01	3.881397e-01	3.909098e+03
0.000000e+00	7.978759e-01	1.600594e-01	7.225352e-01	3.881397e-01	3.909098e+03
1.000000e+00	7.978759e-01	8.473977e-01	1.864451e-01	3.881397e-01	3.909098e+03
1.000000e+00	7.978759e-01	8.473977e-01	7.225352e-01	8.023717e-01	3.909098e+03
1.000000e+00	7.978759e-01	8.473977e-01	7.225352e-01	3.881397e-01	5.262461e+03
1.000000e+00	7.978759e-01	1.600594e-01	1.864451e-01	8.023717e-01	5.262461e+03
1.000000e+00	6.195652e-01	8.473977e-01	1.864451e-01	8.023717e-01	5.262461e+03
1.000000e+00	6.195652e-01	1.600594e-01	7.225352e-01	8.023717e-01	5.262461e+03
1.000000e+00	6.195652e-01	1.600594e-01	1.864451e-01	3.881397e-01	5.262461e+03
1.000000e+00	6.195652e-01	1.600594e-01	1.864451e-01	8.023717e-01	3.909098e+03
1.000000e+00	6.195652e-01	1.600594e-01	1.864451e-01	8.023717e-01	5.262461e+03
1.000000e+00	4.159438e-01	4.124131e-02	2.291091e-01	5.645699e-01	4.478931e+03
1.000000e+00	3.732901e-01	4.124131e-02	2.291091e-01	5.645699e-01	4.478931e+03
1.000000e+00	4.159438e-01	7.172225e-01	2.291091e-01	5.645699e-01	4.478931e+03
1.000000e+00	4.159438e-01	4.124131e-02	7.467558e-01	5.645699e-01	4.478931e+03
0.000000e+00	4.159438e-01	4.124131e-02	2.291091e-01	1.575120e-01	4.478931e+03
1.000000e+00	4.159438e-01	4.124131e-02	2.291091e-01	5.645699e-01	3.425380e+03
0.000000e+00	4.159438e-01	7.172225e-01	7.467558e-01	1.575120e-01	3.425380e+03
0.000000e+00	3.732901e-01	4.124131e-02	7.467558e-01	1.575120e-01	3.425380e+03
0.000000e+00	3.732901e-01	7.172225e-01	2.291091e-01	1.575120e-01	3.425380e+03
1.000000e+00	3.732901e-01	7.172225e-01	7.467558e-01	5.645699e-01	3.425380e+03
0.000000e+00	3.732901e-01	7.172225e-01	7.467558e-01	1.575120e-01	4.478931e+03
0.000000e+00	3.732901e-01	7.172225e-01	7.467558e-01	1.575120e-01	3.425380e+03
0.000000e+00	1.193957e-01	5.038941e-01	8.318413e-01	3.653043e-02	5.066752e+03
0.000000e+00	1.523641e-01	5.038941e-01	8.318413e-01	3.653043e-02	5.066752e+03
0.000000e+00	1.193957e-01	4.129477e-01	8.318413e-01	3.653043e-02	5.066752e+03
0.000000e+00	1.193957e-01	5.038941e-01	7.851201e-01	3.653043e-02	5.066752e+03
0.000000e+00	1.193957e-01	5.038941e-01	8.318413e-01	3.133794e-01	5.066752e+03
0.000000e+00	1.193957e-01	5.038941e-01	8.318413e-01	3.653043e-02	3.917805e+03
1.000000e+00	1.193957e-01	4.129477e-01	7.851201e-01	3.133794e-01	3.917805e+03
1.000000e+00	1.523641e-01	5.038941e-01	7.851201e-01	3.133794e-01	3.917805e+03
0.000000e+00	1.523641e-01	4.129477e-01	8.318413e-01	3.133794e-01	3.917805e+03
0.000000e+00	1.523641e-01	4.129477e-01	7.851201e-01	3.653043e-02	3.917805e+03
1.000000e+00	1.523641e-01	4.129477e-01	7.851201e-01	3.133794e-01	5.066752e+03
1.000000e+00	1.523641e-01	4.129477e-01	7.851201e-01	3.133794e-01	3.917805e+03
0.000000e+00	7.213500e-01	3.227381e-01	3.385845e-01	9.785266e-01	3.251639e+03
0.000000e+00	8.987650e-01	3.227381e-01	3.385845e-01	9.785266e-01	3.251639e+03
0.000000e+00	7.213500e-01	9.641830e-01	3.385845e-01	9.785266e-01	3.251639e+03
0.000000e+00	7.213500e-01	3.227381e-01	3.453994e-01	9.785266e-01	3.251639e+03
1.000000e+00	7.213500e-01	3.227381e-01	3.385845e-01	7.070798e-01	3.251639e+03
0.000000e+00	7.213500e-01	3.227381e-01	3.385845e-01	9.785266e-01	4.424321e+03
0.000000e+00	7.213500e-01	9.641830e-01	3.453994e-01	7.070798e-01	4.424321e+03
1.000000e+00	8.987650e-01	3.227381e-01	3.453994e-01	7.070798e-01	4.424321e+03
1.000000e+00	8.987650e-01	9.641830e-01	3.385845e-01	7.070798e-01	4.424321e+03
0.000000e+00	8.987650e-01	9.641830e-01	3.453994e-01	9.785266e-01	4.424321e+03
1.000000e+00	8.987650e-01	9.641830e-01	3.453994e-01	7.070798e-01	3.251639e+03
1.000000e+00	8.987650e-01	9.641830e-01	3.453994e-01	7.070798e-01	4.424321e+03
1.000000e+00	5.812775e-01	6.697110e-01	2.230346e-02	7.500878e-01	3.405005e+03
1.000000e+00	6.879543e-01	6.697110e-01	2.230346e-02	7.500878e-01	3.405005e+03
1.000000e+00	5.812775e-01	3.325157e-01	2.230346e-02	7.500878e-01	3.405005e+03
1.000000e+00	5.812775e-01	6.697110e-01	8.777153e-01	7.500878e-01	3.405005e+03
1.000000e+00	5.812775e-01	6.697110e-01	2.230346e-02	4.617354e-01	3.405005e+03
1.000000e+00	5.812775e-01	6.697110e-01	2.230346e-02	7.500878e-01	3.202765e+03
1.000000e+00	5.812775e-01	3.325157e-01	8.777153e-01	4.617354e-01	3.202765e+03
1.000000e+00	6.879543e-01	6.697110e-01	8.777153e-01	4.617354e-01	3.202765e+03
1.000000e+00	6.879543e-01	3.325157e-01	2.230346e-02	4.617354e-01	3.202765e+03
1.000000e+00	6.879543e-01	3.325157e-01	8.777153e-01	7.500878e-01	3.202765e+03
1.000000e+00	6.879543e-01	3.325157e-01	8.777153e-01	4.617354e-01	3.405005e+03
1.000000e+00	6.879543e-01	3.325157e-01	8.777153e-01	4.617354e-01	3.202765e+03
0.000000e+00	1.990400e-01	4.729602e-01	5.309349e-01	2.026287e-01	5.217970e+03
0.000000e+00	4.415574e-01	4.729602e-01	5.309349e-01	2.026287e-01	5.217970e+03
0.000000e+00	1.990400e-01	7.909849e-01	5.309349e-01	2.026287e-01	5.217970e+03
0.000000e+00	1.990400e-01	4.729602e-01	4.379927e-01	2.026287e-01	5.217970e+03
1.000000e+00	1.990400e-01	4.729602e-01	5.309349e-01	5.744441e-01	5.217970e+03
0.000000e+00	1.990400e-01	4.729602e-01	5.309349e-01	2.026287e-01	5.117971e+03
1.000000e+00	1.990400e-01	7.909849e-01	4.379927e-01	5.744441e-01	5.117971e+03
1.000000e+00	4.415574e-01	4.729602e-01	4.379927e-01	5.744441e-01	5.117971e+03
1.000000e+00	4.415574e-01	7.909849e-01	5.309349e-01	5.744441e-01	5.117971e+03
0.000000e+00	4.415574e-01	7.909849e-01	4.379927e-01	2.026287e-01	5.117971e+03
1.000000e+00	4.415574e-01	7.909849e-01	4.379927e-01	5.744441e-01	5.217970e+03
1.000000e+00	4.415574e-01	7.909849e-01	4.379927e-01	5.744441e-01	5.117971e+03
0.000000e+00	2.739213e-01	9.507152e-01	4.130583e-01	6.641055e-01	4.638685e+03
1.000000e+00	3.722018e-02	9.507152e-01	4.130583e-01	6.641055e-01	4.638685e+03
1.000000e+00	2.739213e-01	7.935964e-02	4.130583e-01	6.641055e-01	4.638685e+03
1.000000e+00	2.739213e-01	9.507152e-01	3.110597e-02	6.641055e-01	4.638685e+03
0.000000e+00	2.739213e-01	9.507152e-01	4.130583e-01	9.195224e-01	4.638685e+03
1.000000e+00	2.739213e-01	9.507152e-01	4.130583e-01	6.641055e-01	4.704941e+03
1.000000e+00	2.739213e-01	7.935964e-02	3.110597e-02	9.195224e-01	4.704941e+03
0.000000e+00	3.722018e-02	9.507152e-01	3.110597e-02	9.195224e-01	4.704941e+03
0.000000e+00	3.722018e-02	7.935964e-02	4.130583e-01	9.195224e-01	4.704941e+03
1.000000e+00	3.722018e-02	7.935964e-02	3.110597e-02	6.641055e-01	4.704941e+03
0.000000e+00	3.722018e-02	7.935964e-02	3.110597e-02	9.195224e-01	4.638685e+03
0.000000e+00	3.722018e-02	7.935964e-02	3.110597e-02	9.195224e-01	4.704941e+03
1.000000e+00	8.755707e-01	1.289649e-01	9.213985e-01	3.509584e-01	4.070981e+03
1.000000e+00	7.834988e-01	1.289649e-01	9.213985e-01	3.509584e-01	4.070981e+03
1.000000e+00	8.755707e-01	5.437419e-01	9.213985e-01	3.509584e-01	4.070981e+03
1.000000e+00	8.755707e-01	1.289649e-01	5.914186e-01	3.509584e-01	4.070981e+03
0.000000e+00	8.755707e-01	1.289649e-01	9.213985e-01	5.614272e-02	4.070981e+03
1.000000e+00	8.755707e-01	1.289649e-01	9.213985e-01	3.509584e-01	3.964049e+03
0.000000e+00	8.755707e-01	5.437419e-01	5.914186e-01	5.614272e-02	3.964049e+03
0.000000e+00	7.834988e-01	1.289649e-01	5.914186e-01	5.614272e-02	3.964049e+03
0.000000e+00	7.834988e-01	5.437419e-01	9.213985e-01	5.614272e-02	3.964049e+03
1.000000e+00	7.834988e-01	5.437419e-01	5.914186e-01	3.509584e-01	3.964049e+03
0.000000e+00	7.834988e-01	5.437419e-01	5.914186e-01	5.614272e-02	4.070981e+03
0.000000e+00	7.834988e-01	5.437419e-01	5.914186e-01	5.614272e-02	3.964049e+03
0.000000e+00	9.515370e-01	5.825162e-01	4.902061e-01	1.598159e-01	4.283879e+03
0.000000e+00	9.483368e-01	5.825162e-01	4.902061e-01	1.598159e-01	4.283879e+03
0.000000e+00	9.515370e-01	2.936239e-01	4.902061e-01	1.598159e-01	4.283879e+03
0.000000e+00	9.515370e-01	5.825162e-01	9.655385e-01	1.598159e-01	4.283879e+03
1.000000e+00	9.515370e-01	5.825162e-01	4.902061e-01	3.755464e-01	4.283879e+03
1.000000e+00	9.515370e-01	5.825162e-01	4.902061e-01	1.598159e-01	4.298671e+03
1.000000e+00	9.515370e-01	2.936239e-01	9.655385e-01	3.755464e-01	4.298671e+03
1.000000e+00	9.483368e-01	5.825162e-01	9.655385e-01	3.755464e-01	4.298671e+03
1.000000e+00	9.483368e-01	2.936239e-01	4.902061e-01	3.755464e-01	4.298671e+03
0.000000e+00	9.483368e-01	2.936239e-01	9.655385e-01	1.598159e-01	4.298671e+03
1.000000e+00	9.483368e-01	2.936239e-01	9.655385e-01	3.755464e-01	4.283879e+03
1.000000e+00	9.483368e-01	2.936239e-01	9.655385e-01	3.755464e-01	4.298671e+03
0.000000e+00	3.346748e-01	2.792671e-01	9.965945e-01	8.562475e-01	3.714040e+03
0.000000e+00	2.024241e-01	2.792671e-01	9.965945e-01	8.562475e-01	3.714040e+03
0.000000e+00	3.346748e-01	8.292343e-01	9.965945e-01	8.562475e-01	3.714040e+03
0.000000e+00	3.346748e-01	2.792671e-01	4.052160e-01	8.562475e-01	3.714040e+03
1.000000e+00	3.346748e-01	2.792671e-01	9.965945e-01	5.199166e-01	3.714040e+03
0.000000e+00	3.346748e-01	2.792671e-01	9.965945e-01	8.562475e-01	3.711435e+03
1.000000e+00	3.346748e-01	8.292343e-01	4.052160e-01	5.199166e-01	3.711435e+03
1.000000e+00	2.024241e-01	2.792671e-01	4.052160e-01	5.199166e-01	3.711435e+03
1.000000e+00	2.024241e-01	8.292343e-01	9.965945e-01	5.199166e-01	3.711435e+03
1.000000e+00	2.024241e-01	8.292343e-01	4.052160e-01	8.562475e-01	3.711435e+03
1.000000e+00	2.024241e-01	8.292343e-01	4.052160e-01	5.199166e-01	3.714040e+03
1.000000e+00	2.024241e-01	8.292343e-01	4.052160e-01	5.199166e-01	3.711435e+03
0.000000e+00	1.299859e-01	8.010247e-01	6.820257e-02	2.614537e-01	3.134802e+03
0.000000e+00	2.943833e-01	8.010247e-01	6.820257e-02	2.614537e-01	3.134802e+03
1.000000e+00	1.299859e-01	4.061360e-02	6.820257e-02	2.614537e-01	3.134802e+03
1.000000e+00	1.299859e-01	8.010247e-01	6.413240e-02	2.614537e-01	3.134802e+03
0.000000e+00	1.299859e-01	8.010247e-01	6.820257e-02	9.900259e-01	3.134802e+03
1.000000e+00	1.299859e-01	8.010247e-01	6.820257e-02	2.614537e-01	3.612087e+03
0.000000e+00	1.299859e-01	4.061360e-02	6.413240e-02	9.900259e-01	3.612087e+03
0.000000e+00	2.943833e-01	8.010247e-01	6.413240e-02	9.900259e-01	3.612087e+03
0.000000e+00	2.943833e-01	4.061360e-02	6.820257e-02	9.900259e-01	3.612087e+03
0.000000e+00	2.943833e-01	4.061360e-02	6.413240e-02	2.614537e-01	3.612087e+03
0.000000e+00	2.943833e-01	4.061360e-02	6.413240e-02	9.900259e-01	3.134802e+03
0.000000e+00	2.943833e-01	4.061360e-02	6.413240e-02	9.900259e-01	3.612087e+03
1.000000e+00	5.292369e-01	1.227752e-01	5.748794e-01	6.922012e-01	4.949919e+03
1.000000e+00	5.401701e-01	1.227752e-01	5.748794e-01	6.922012e-01	4.949919e+03
1.000000e+00	5.292369e-01	5.821517e-01	5.748794e-01	6.922012e-01	4.949919e+03
1.000000e+00	5.292369e-01	1.227752e-01	5.038339e-01	6.922012e-01	4.949919e+03
0.000000e+00	5.292369e-01	1.227752e-01	5.748794e-01	9.486165e-02	4.949919e+03
1.000000e+00	5.292369e-01	1.227752e-01	5.748794e-01	6.922012e-01	5.368754e+03
0.000000e+00	5.292369e-01	5.821517e-01	5.038339e-01	9.486165e-02	5.368754e+03
0.000000e+00	5.401701e-01	1.227752e-01	5.038339e-01	9.486165e-02	5.368754e+03
0.000000e+00	5.401701e-01	5.821517e-01	5.748794e-01	9.486165e-02	5.368754e+03
1.000000e+00	5.401701e-01	5.821517e-01	5.038339e-01	6.922012e-01	5.368754e+03
0.000000e+00	5.401701e-01	5.821517e-01	5.038339e-01	9.486165e-02	4.949919e+03
0.000000e+00	5.401701e-01	5.821517e-01	5.038339e-01	9.486165e-02	5.368754e+03
1.000000e+00	6.683492e-01	9.004351e-01	7.507873e-01	5.456762e-01	5.413008e+03
1.000000e+00	8.603538e-01	9.004351e-01	7.507873e-01	5.456762e-01	5.413008e+03
1.000000e+00	6.683492e-01	2.140642e-01	7.507873e-01	5.456762e-01	5.413008e+03
1.000000e+00	6.683492e-01	9.004351e-01	2.193400e-01	5.456762e-01	5.413008e+03
1.000000e+00	6.683492e-01	9.004351e-01	7.507873e-01	8.574180e-01	5.413008e+03
1.000000e+00	6.683492e-01	9.004351e-01	7.507873e-01	5.456762e-01	4.167815e+03
1.000000e+00	6.683492e-01	2.140642e-01	2.193400e-01	8.574180e-01	4.167815e+03
0.000000e+00	8.603538e-01	9.004351e-01	2.193400e-01	8.574180e-01	4.167815e+03
0.000000e+00	8.603538e-01	2.140642e-01	7.507873e-01	8.574180e-01	4.167815e+03
1.000000e+00	8.603538e-01	2.140642e-01	2.193400e-01	5.456762e-01	4.167815e+03
0.000000e+00	8.603538e-01	2.140642e-01	2.193400e-01	8.574180e-01	5.413008e+03
1.000000e+00	8.603538e-01	2.140642e-01	2.193400e-01	8.574180e-01	4.167815e+03
1.000000e+00	5.130364e-02	2.065914e-01	2.594822e-01	4.703956e-01	3.600039e+03
1.000000e+00	1.145634e-01	2.065914e-01	2.594822e-01	4.703956e-01	3.600039e+03
1.000000e+00	5.130364e-02	6.628215e-01	2.594822e-01	4.703956e-01	3.600039e+03
1.000000e+00	5.130364e-02	2.065914e-01	6.590433e-01	4.703956e-01	3.600039e+03
0.000000e+00	5.130364e-02	2.065914e-01	2.594822e-01	2.432433e-01	3.600039e+03
1.000000e+00	5.130364e-02	2.065914e-01	2.594822e-01	4.703956e-01	4.833175e+03
0.000000e+00	5.130364e-02	6.628215e-01	6.590433e-01	2.432433e-01	4.833175e+03
1.000000e+00	1.145634e-01	2.065914e-01	6.590433e-01	2.432433e-01	4.833175e+03
0.000000e+00	1.145634e-01	6.628215e-01	2.594822e-01	2.432433e-01	4.833175e+03
1.000000e+00	1.145634e-01	6.628215e-01	6.590433e-01	4.703956e-01	4.833175e+03
0.000000e+00	1.145634e-01	6.628215e-01	6.590433e-01	2.432433e-01	3.600039e+03
0.000000e+00	1.145634e-01	6.628215e-01	6.590433e-01	2.432433e-01	4.833175e+03
0.000000e+00	4.757348e-01	7.444280e-01	6.727298e-01	8.816910e-01	4.187832e+03
0.000000e+00	3.978674e-01	7.444280e-01	6.727298e-01	8.816910e-01	4.187832e+03
0.000000e+00	4.757348e-01	4.668540e-01	6.727298e-01	8.816910e-01	4.187832e+03
0.000000e+00	4.757348e-01	7.444280e-01	8.725866e-01	8.816910e-01	4.187832e+03
0.000000e+00	4.757348e-01	7.444280e-01	6.727298e-01	2.741417e-01	4.187832e+03
1.000000e+00	4.757348e-01	7.444280e-01	6.727298e-01	8.816910e-01	5.009399e+03
0.000000e+00	4.757348e-01	4.668540e-01	8.725866e-01	2.741417e-01	5.009399e+03
1.000000e+00	3.978674e-01	7.444280e-01	8.725866e-01	2.741417e-01	5.009399e+03
0.000000e+00	3.978674e-01	4.668540e-01	6.727298e-01	2.741417e-01	5.009399e+03
1.000000e+00	3.978674e-01	4.668540e-01	8.725866e-01	8.816910e-01	5.009399e+03
0.000000e+00	3.978674e-01	4.668540e-01	8.725866e-01	2.741417e-01	4.187832e+03
0.000000e+00	3.978674e-01	4.668540e-01	8.725866e-01	2.741417e-01	5.009399e+03
0.000000e+00	8.748028e-01	4.255838e-01	1.812582e-01	7.197230e-02	4.755541e+03
0.000000e+00	6.437760e-01	4.255838e-01	1.812582e-01	7.197230e-02	4.755541e+03
0.000000e+00	8.748028e-01	9.096983e-01	1.812582e-01	7.197230e-02	4.755541e+03
0.000000e+00	8.748028e-01	4.255838e-01	3.122624e-01	7.197230e-02	4.755541e+03
1.000000e+00	8.748028e-01	4.255838e-01	1.812582e-01	6.370341e-01	4.755541e+03
0.000000e+00	8.748028e-01	4.255838e-01	1.812582e-01	7.197230e-02	3.018357e+03
1.000000e+00	8.748028e-01	9.096983e-01	3.122624e-01	6.370341e-01	3.018357e+03
1.000000e+00	6.437760e-01	4.255838e-01	3.122624e-01	6.370341e-01	3.018357e+03
1.000000e+00	6.437760e-01	9.096983e-01	1.812582e-01	6.370341e-01	3.018357e+03
0.000000e+00	6.437760e-01	9.096983e-01	3.122624e-01	7.197230e-02	3.018357e+03
1.000000e+00	6.437760e-01	9.096983e-01	3.122624e-01	6.370341e-01	4.755541e+03
1.000000e+00	6.437760e-01	9.096983e-01	3.122624e-01	6.370341e-01	3.018357e+03
1.000000e+00	8.620008e-01	6.021317e-01	6.415223e-01	8.457757e-01	5.185819e+03
1.000000e+00	8.065410e-01	6.021317e-01	6.415223e-01	8.457757e-01	5.185819e+03
1.000000e+00	8.620008e-01	7.622293e-01	6.415223e-01	8.457757e-01	5.185819e+03
1.000000e+00	8.620008e-01	6.021317e-01	3.519994e-01	8.457757e-01	5.185819e+03
0.000000e+00	8.620008e-01	6.021317e-01	6.415223e-01	9.613739e-01	5.185819e+03
0.000000e+00	8.620008e-01	6.021317e-01	6.415223e-01	8.457757e-01	4.923173e+03
0.000000e+00	8.620008e-01	7.622293e-01	3.519994e-01	9.613739e-01	4.923173e+03
0.000000e+00	8.065410e-01	6.021317e-01	3.519994e-01	9.613739e-01	4.923173e+03
0.000000e+00	8.065410e-01	7.622293e-01	6.415223e-01	9.613739e-01	4.923173e+03
1.000000e+00	8.065410e-01	7.622293e-01	3.519994e-01	8.457757e-01	4.923173e+03
0.000000e+00	8.065410e-01	7.622293e-01	3.519994e-01	9.613739e-01	5.185819e+03
0.000000e+00	8.065410e-01	7.622293e-01	3.519994e-01	9.613739e-01	4.923173e+03
0.000000e+00	4.788632e-01	2.822957e-01	1.499669e-01	1.694103e-01	3.212015e+03
0.000000e+00	6.026238e-02	2.822957e-01	1.499669e-01	1.694103e-01	3.212015e+03
0.000000e+00	4.788632e-01	3.604005e-01	1.499669e-01	1.694103e-01	3.212015e+03
0.000000e+00	4.788632e-01	2.822957e-01	7.912154e-01	1.694103e-01	3.212015e+03
0.000000e+00	4.788632e-01	2.822957e-01	1.499669e-01	7.479992e-02	3.212015e+03
0.000000e+00	4.788632e-01	2.822957e-01	1.499669e-01	1.694103e-01	3.085938e+03
0.000000e+00	4.788632e-01	3.604005e-01	7.912154e-01	7.479992e-02	3.085938e+03
0.000000e+00	6.026238e-02	2.822957e-01	7.912154e-01	7.479992e-02	3.085938e+03
0.000000e+00	6.026238e-02	3.604005e-01	1.499669e-01	7.479992e-02	3.085938e+03
0.000000e+00	6.026238e-02	3.604005e-01	7.912154e-01	1.694103e-01	3.085938e+03
0.000000e+00	6.026238e-02	3.604005e-01	7.912154e-01	7.479992e-02	3.212015e+03
0.000000e+00	6.026238e-02	3.604005e-01	7.912154e-01	7.479992e-02	3.085938e+03
1.000000e+00	5.659831e-02	7.586280e-01	7.820027e-01	6.973239e-01	3.794914e+03
1.000000e+00	4.683227e-01	7.586280e-01	7.820027e-01	6.973239e-01	3.794914e+03
1.000000e+00	5.659831e-02	5.094929e-01	7.820027e-01	6.973239e-01	3.794914e+03
1.000000e+00	5.659831e-02	7.586280e-01	7.396831e-01	6.973239e-01	3.794914e+03
1.000000e+00	5.659831e-02	7.586280e-01	7.820027e-01	4.191438e-01	3.794914e+03
1.000000e+00	5.659831e-02	7.586280e-01	7.820027e-01	6.973239e-01	4.237505e+03
1.000000e+00	5.659831e-02	5.094929e-01	7.396831e-01	4.191438e-01	4.237505e+03
0.000000e+00	4.683227e-01	7.586280e-01	7.396831e-01	4.191438e-01	4.237505e+03
1.000000e+00	4.683227e-01	5.094929e-01	7.820027e-01	4.191438e-01	4.237505e+03
1.000000e+00	4.683227e-01	5.094929e-01	7.396831e-01	6.973239e-01	4.237505e+03
1.000000e+00	4.683227e-01	5.094929e-01	7.396831e-01	4.191438e-01	3.794914e+03
1.000000e+00	4.683227e-01	5.094929e-01	7.396831e-01	4.191438e-01	4.237505e+03
0.000000e+00	6.573473e-01	6.379250e-02	2.907662e-01	2.552705e-01	4.513673e+03
0.000000e+00	7.147196e-01	6.379250e-02	2.907662e-01	2.552705e-01	4.513673e+03
0.000000e+00	6.573473e-01	1.134703e-01	2.907662e-01	2.552705e-01	4.513673e+03
0.000000e+00	6.573473e-01	6.379250e-02	1.788695e-01	2.552705e-01	4.513673e+03
1.000000e+00	6.573473e-01	6.379250e-02	2.907662e-01	5.565117e-01	4.513673e+03
0.000000e+00	6.573473e-01	6.379250e-02	2.907662e-01	2.552705e-01	4.744173e+03
1.000000e+00	6.573473e-01	1.134703e-01	1.788695e-01	5.565117e-01	4.744173e+03
1.000000e+00	7.147196e-01	6.379250e-02	1.788695e-01	5.565117e-01	4.744173e+03
1.000000e+00	7.147196e-01	1.134703e-01	2.907662e-01	5.565117e-01	4.744173e+03
0.000000e+00	7.147196e-01	1.134703e-01	1.788695e-01	2.552705e-01	4.744173e+03
1.000000e+00	7.147196e-01	1.134703e-01	1.788695e-01	5.565117e-01	4.513673e+03
1.000000e+00	7.147196e-01	1.134703e-01	1.788695e-01	5.565117e-01	4.744173e+03
1.000000e+00	5.161604e-01	9.129704e-01	9.947889e-02	4.838276e-01	4.677108e+03
1.000000e+00	8.788976e-01	9.129704e-01	9.947889e-02	4.838276e-01	4.677108e+03
1.000000e+00	5.161604e-01	7.452307e-01	9.947889e-02	4.838276e-01	4.677108e+03
1.000000e+00	5.161604e-01	9.129704e-01	5.823908e-01	4.838276e-01	4.677108e+03
0.000000e+00	5.161604e-01	9.129704e-01	9.947889e-02	3.017717e-01	4.677108e+03
1.000000e+00	5.161604e-01	9.129704e-01	9.947889e-02	4.838276e-01	3.542015e+03
1.000000e+00	5.161604e-01	7.452307e-01	5.823908e-01	3.017717e-01	3.542015e+03
1.000000e+00	8.788976e-01	9.129704e-01	5.823908e-01	3.017717e-01	3.542015e+03
1.000000e+00	8.788976e-01	7.452307e-01	9.947889e-02	3.017717e-01	3.542015e+03
1.000000e+00	8.788976e-01	7.452307e-01	5.823908e-01	4.838276e-01	3.542015e+03
0.000000e+00	8.788976e-01	7.452307e-01	5.823908e-01	3.017717e-01	4.677108e+03
0.000000e+00	8.788976e-01	7.452307e-01	5.823908e-01	3.017717e-01	3.542015e+03
1.000000e+00	1.332057e-01	2.337900e-01	6.061025e-01	5.313515e-01	3.955595e+03
1.000000e+00	1.324966e-01	2.337900e-01	6.061025e-01	5.313515e-01	3.955595e+03
1.000000e+00	1.332057e-01	1.314267e-01	6.061025e-01	5.313515e-01	3.955595e+03
1.000000e+00	1.332057e-01	2.337900e-01	2.157915e-02	5.313515e-01	3.955595e+03
1.000000e+00	1.332057e-01	2.337900e-01	6.061025e-01	6.581177e-01	3.955595e+03
1.000000e+00	1.332057e-01	2.337900e-01	6.061025e-01	5.313515e-01	5.457375e+03
1.000000e+00	1.332057e-01	1.314267e-01	2.157915e-02	6.581177e-01	5.457375e+03
1.000000e+00	1.324966e-01	2.337900e-01	2.157915e-02	6.581177e-01	5.457375e+03
1.000000e+00	1.324966e-01	1.314267e-01	6.061025e-01	6.581177e-01	5.457375e+03
1.000000e+00	1.324966e-01	1.314267e-01	2.157915e-02	5.313515e-01	5.457375e+03
1.000000e+00	1.324966e-01	1.314267e-01	2.157915e-02	6.581177e-01	3.955595e+03
1.000000e+00	1.324966e-01	1.314267e-01	2.157915e-02	6.581177e-01	5.457375e+03
0.000000e+00	3.396335e-01	6.939745e-01	4.589376e-01	6.974881e-02	3.361700e+03
0.000000e+00	3.492113e-01	6.939745e-01	4.589376e-01	6.974881e-02	3.361700e+03
0.000000e+00	3.396335e-01	9.981723e-01	4.589376e-01	6.974881e-02	3.361700e+03
0.000000e+00	3.396335e-01	6.939745e-01	4.465477e-01	6.974881e-02	3.361700e+03
0.000000e+00	3.396335e-01	6.939745e-01	4.589376e-01	8.127662e-01	3.361700e+03
0.000000e+00	3.396335e-01	6.939745e-01	4.589376e-01	6.974881e-02	4.385125e+03
1.000000e+00	3.396335e-01	9.981723e-01	4.465477e-01	8.127662e-01	4.385125e+03
1.000000e+00	3.492113e-01	6.939745e-01	4.465477e-01	8.127662e-01	4.385125e+03
1.000000e+00	3.492113e-01	9.981723e-01	4.589376e-01	8.127662e-01	4.385125e+03
0.000000e+00	3.492113e-01	9.981723e-01	4.465477e-01	6.974881e-02	4.385125e+03
1.000000e+00	3.492113e-01	9.981723e-01	4.465477e-01	8.127662e-01	3.361700e+03
1.000000e+00	3.492113e-01	9.981723e-01	4.465477e-01	8.127662e-01	4.385125e+03
0.000000e+00	9.405658e-01	3.897947e-01	9.653641e-01	8.828387e-01	5.338239e+03
1.000000e+00	5.954863e-01	3.897947e-01	9.653641e-01	8.828387e-01	5.338239e+03
1.000000e+00	9.405658e-01	3.785779e-01	9.653641e-01	8.828387e-01	5.338239e+03
1.000000e+00	9.405658e-01	3.897947e-01	8.857618e-01	8.828387e-01	5.338239e+03
0.000000e+00	9.405658e-01	3.897947e-01	9.653641e-01	2.077025e-01	5.338239e+03
0.000000e+00	9.405658e-01	3.897947e-01	9.653641e-01	8.828387e-01	3.644083e+03
0.000000e+00	9.405658e-01	3.785779e-01	8.857618e-01	2.077025e-01	3.644083e+03
0.000000e+00	5.954863e-01	3.897947e-01	8.857618e-01	2.077025e-01	3.644083e+03
0.000000e+00	5.954863e-01	3.785779e-01	9.653641e-01	2.077025e-01	3.644083e+03
0.000000e+00	5.954863e-01	3.785779e-01	8.857618e-01	8.828387e-01	3.644083e+03
0.000000e+00	5.954863e-01	3.785779e-01	8.857618e-01	2.077025e-01	5.338239e+03
0.000000e+00	5.954863e-01	3.785779e-01	8.857618e-01	2.077025e-01	3.644083e+03
1.000000e+00	8.885861e-01	8.431021e-01	3.817899e-01	5.749578e-01	3.016957e+03
1.000000e+00	6.333709e-01	8.431021e-01	3.817899e-01	5.749578e-01	3.016957e+03
1.000000e+00	8.885861e-01	6.286946e-01	3.817899e-01	5.749578e-01	3.016957e+03
1.000000e+00	8.885861e-01	8.431021e-01	5.099484e-01	5.749578e-01	3.016957e+03
0.000000e+00	8.885861e-01	8.431021e-01	3.817899e-01	3.568028e-01	3.016957e+03
1.000000e+00	8.885861e-01	8.431021e-01	3.817899e-01	5.749578e-01	4.637882e+03
1.000000e+00	8.885861e-01	6.286946e-01	5.099484e-01	3.568028e-01	4.637882e+03
1.000000e+00	6.333709e-01	8.431021e-01	5.099484e-01	3.568028e-01	4.637882e+03
1.000000e+00	6.333709e-01	6.286946e-01	3.817899e-01	3.568028e-01	4.637882e+03
1.000000e+00	6.333709e-01	6.286946e-01	5.099484e-01	5.749578e-01	4.637882e+03
1.000000e+00	6.333709e-01	6.286946e-01	5.099484e-01	3.568028e-01	3.016957e+03
0.000000e+00	6.333709e-01	6.286946e-01	5.099484e-01	3.568028e-01	4.637882e+03
1.000000e+00	2.705185e-01	2.228256e-02	8.901681e-01	3.785834e-01	4.990766e+03
1.000000e+00	3.874623e-01	2.228256e-02	8.901681e-01	3.785834e-01	4.990766e+03
1.000000e+00	2.705185e-01	2.482969e-01	8.901681e-01	3.785834e-01	4.990766e+03
1.000000e+00	2.705185e-01	2.228256e-02	7.071313e-02	3.785834e-01	4.990766e+03
1.000000e+00	2.705185e-01	2.228256e-02	8.901681e-01	7.438642e-01	4.990766e+03
1.000000e+00	2.705185e-01	2.228256e-02	8.901681e-01	3.785834e-01	4.050801e+03
1.000000e+00	2.705185e-01	2.482969e-01	7.071313e-02	7.438642e-01	4.050801e+03
1.000000e+00	3.874623e-01	2.228256e-02	7.071313e-02	7.438642e-01	4.050801e+03
1.000000e+00	3.874623e-01	2.482969e-01	8.901681e-01	7.438642e-01	4.050801e+03
1.000000e+00	3.874623e-01	2.482969e-01	7.071313e-02	3.785834e-01	4.050801e+03
0.000000e+00	3.874623e-01	2.482969e-01	7.071313e-02	7.438642e-01	4.990766e+03
1.000000e+00	3.874623e-01	2.482969e-01	7.071313e-02	7.438642e-01	4.050801e+03
0.000000e+00	1.940203e-01	5.616106e-01	5.357969e-02	9.735031e-01	4.396841e+03
0.000000e+00	1.083698e-01	5.616106e-01	5.357969e-02	9.735031e-01	4.396841e+03
0.000000e+00	1.940203e-01	8.817972e-01	5.357969e-02	9.735031e-01	4.396841e+03
0.000000e+00	1.940203e-01	5.616106e-01	3.976521e-01	9.735031e-01	4.396841e+03
0.000000e+00	1.940203e-01	5.616106e-01	5.357969e-02	7.735438e-01	4.396841e+03
0.000000e+00	1.940203e-01	5.616106e-01	5.357969e-02	9.735031e-01	3.292310e+03
1.000000e+00	1.940203e-01	8.817972e-01	3.976521e-01	7.735438e-01	3.292310e+03
1.000000e+00	1.083698e-01	5.616106e-01	3.976521e-01	7.735438e-01	3.292310e+03
1.000000e+00	1.083698e-01	8.817972e-01	5.357969e-02	7.735438e-01	3.292310e+03
0.000000e+00	1.083698e-01	8.817972e-01	3.976521e-01	9.735031e-01	3.292310e+03
1.000000e+00	1.083698e-01	8.817972e-01	3.976521e-01	7.735438e-01	4.396841e+03
1.000000e+00	1.083698e-01	8.817972e-01	3.976521e-01	7.735438e-01	3.292310e+03
0.000000e+00	5.920656e-01	3.657906e-01	5.621578e-01	4.269069e-02	3.678077e+03
0.000000e+00	8.541602e-01	3.657906e-01	5.621578e-01	4.269069e-02	3.678077e+03
0.000000e+00	5.920656e-01	4.955933e-01	5.621578e-01	4.269069e-02	3.678077e+03
0.000000e+00	5.920656e-01	3.657906e-01	9.584540e-01	4.269069e-02	3.678077e+03
0.000000e+00	5.920656e-01	3.657906e-01	5.621578e-01	1.376415e-01	3.678077e+03
0.000000e+00	5.920656e-01	3.657906e-01	5.621578e-01	4.269069e-02	5.048826e+03
0.000000e+00	5.920656e-01	4.955933e-01	9.584540e-01	1.376415e-01	5.048826e+03
0.000000e+00	8.541602e-01	3.657906e-01	9.584540e-01	1.376415e-01	5.048826e+03
0.000000e+00	8.541602e-01	4.955933e-01	5.621578e-01	1.376415e-01	5.048826e+03
0.000000e+00	8.541602e-01	4.955933e-01	9.584540e-01	4.269069e-02	5.048826e+03
0.000000e+00	8.541602e-01	4.955933e-01	9.584540e-01	1.376415e-01	3.678077e+03
0.000000e+00	8.541602e-01	4.955933e-01	9.584540e-01	1.376415e-01	5.048826e+03
0.000000e+00	7.342130e-01	6.417339e-01	8.630566e-01	1.890975e-01	4.150629e+03
0.000000e+00	5.493554e-01	6.417339e-01	8.630566e-01	1.890975e-01	4.150629e+03
0.000000e+00	7.342130e-01	8.635898e-01	8.630566e-01	1.890975e-01	4.150629e+03
0.000000e+00	7.342130e-01	6.417339e-01	3.027472e-01	1.890975e-01	4.150629e+03
0.000000e+00	7.342130e-01	6.417339e-01	8.630566e-01	8.751696e-01	4.150629e+03
0.000000e+00	7.342130e-01	6.417339e-01	8.630566e-01	1.890975e-01	3.828489e+03
0.000000e+00	7.342130e-01	8.635898e-01	3.027472e-01	8.751696e-01	3.828489e+03
0.000000e+00	5.493554e-01	6.417339e-01	3.027472e-01	8.751696e-01	3.828489e+03
1.000000e+00	5.493554e-01	8.635898e-01	8.630566e-01	8.751696e-01	3.828489e+03
0.000000e+00	5.493554e-01	8.635898e-01	3.027472e-01	1.890975e-01	3.828489e+03
0.000000e+00	5.493554e-01	8.635898e-01	3.027472e-01	8.751696e-01	4.150629e+03
0.000000e+00	5.493554e-01	8.635898e-01	3.027472e-01	8.751696e-01	3.828489e+03
1.000000e+00	1.164504e-01	4.615697e-01	3.698684e-01	7.644353e-01	4.872147e+03
1.000000e+00	3.035686e-01	4.615697e-01	3.698684e-01	7.644353e-01	4.872147e+03
0.000000e+00	1.164504e-01	2.596203e-01	3.698684e-01	7.644353e-01	4.872147e+03
0.000000e+00	1.164504e-01	4.615697e-01	8.635471e-01	7.644353e-01	4.872147e+03
0.000000e+00	1.164504e-01	4.615697e-01	3.698684e-01	2.028767e-02	4.872147e+03
1.000000e+00	1.164504e-01	4.615697e-01	3.698684e-01	7.644353e-01	4.493695e+03
0.000000e+00	1.164504e-01	2.596203e-01	8.635471e-01	2.028767e-02	4.493695e+03
0.000000e+00	3.035686e-01	4.615697e-01	8.635471e-01	2.028767e-02	4.493695e+03
0.000000e+00	3.035686e-01	2.596203e-01	3.698684e-01	2.028767e-02	4.493695e+03
1.000000e+00	3.035686e-01	2.596203e-01	8.635471e-01	7.644353e-01	4.493695e+03
0.000000e+00	3.035686e-01	2.596203e-01	8.635471e-01	2.028767e-02	4.872147e+03
0.000000e+00	3.035686e-01	2.596203e-01	8.635471e-01	2.028767e-02	4.493695e+03
1.000000e+00	4.107102e-01	9.857268e-01	6.913277e-01	3.532658e-01	5.455095e+03
0.000000e+00	2.078863e-01	9.857268e-01	6.913277e-01	3.532658e-01	5.455095e+03
1.000000e+00	4.107102e-01	6.107702e-01	6.913277e-01	3.532658e-01	5.455095e+03
0.000000e+00	4.107102e-01	9.857268e-01	6.671092e-01	3.532658e-01	5.455095e+03
1.000000e+00	4.107102e-01	9.857268e-01	6.913277e-01	4.896626e-01	5.455095e+03
1.000000e+00	4.107102e-01	9.857268e-01	6.913277e-01	3.532658e-01	5.329138e+03
1.000000e+00	4.107102e-01	6.107702e-01	6.671092e-01	4.896626e-01	5.329138e+03
1.000000e+00	2.078863e-01	9.857268e-01	6.671092e-01	4.896626e-01	5.329138e+03
1.000000e+00	2.078863e-01	6.107702e-01	6.913277e-01	4.896626e-01	5.329138e+03
1.000000e+00	2.078863e-01	6.107702e-01	6.671092e-01	3.532658e-01	5.329138e+03
1.000000e+00	2.078863e-01	6.107702e-01	6.671092e-01	4.896626e-01	5.455095e+03
1.000000e+00	2.078863e-01	6.107702e-01	6.671092e-01	4.896626e-01	5.329138e+03
1.000000e+00	8.090609e-01	1.805622e-01	1.978178e-01	6.629196e-01	3.478551e+03
1.000000e+00	9.537989e-01	1.805622e-01	1.978178e-01	6.629196e-01	3.478551e+03
1.000000e+00	8.090609e-01	1.259122e-02	1.978178e-01	6.629196e-01	3.478551e+03
1.000000e+00	8.090609e-01	1.805622e-01	2.278757e-01	6.629196e-01	3.478551e+03
1.000000e+00	8.090609e-01	1.805622e-01	1.978178e-01	5.952154e-01	3.478551e+03
1.000000e+00	8.090609e-01	1.805622e-01	1.978178e-01	6.629196e-01	3.338247e+03
1.000000e+00	8.090609e-01	1.259122e-02	2.278757e-01	5.952154e-01	3.338247e+03
1.000000e+00	9.537989e-01	1.805622e-01	2.278757e-01	5.952154e-01	3.338247e+03
1.000000e+00	9.537989e-01	1.259122e-02	1.978178e-01	5.952154e-01	3.338247e+03
1.000000e+00	9.537989e-01	1.259122e-02	2.278757e-01	6.629196e-01	3.338247e+03
1.000000e+00	9.537989e-01	1.259122e-02	2.278757e-01	5.952154e-01	3.478551e+03
1.000000e+00	9.537989e-01	1.259122e-02	2.278757e-01	5.952154e-01	3.338247e+03
0.000000e+00	7.738656e-01	9.396728e-01	9.304425e-01	1.084517e-01	4.461081e+03
0.000000e+00	2.510119e-01	9.396728e-01	9.304425e-01	1.084517e-01	4.461081e+03
0.000000e+00	7.738656e-01	3.219352e-01	9.304425e-01	1.084517e-01	4.461081e+03
0.000000e+00	7.738656e-01	9.396728e-01	6.254347e-01	1.084517e-01	4.461081e+03
1.000000e+00	7.738656e-01	9.396728e-01	9.304425e-01	7.181845e-01	4.461081e+03
0.000000e+00	7.738656e-01	9.396728e-01	9.304425e-01	1.084517e-01	5.358187e+03
1.000000e+00	7.738656e-01	3.219352e-01	6.254347e-01	7.181845e-01	5.358187e+03
1.000000e+00	2.510119e-01	9.396728e-01	6.254347e-01	7.181845e-01	5.358187e+03
1.000000e+00	2.510119e-01	3.219352e-01	9.304425e-01	7.181845e-01	5.358187e+03
0.000000e+00	2.510119e-01	3.219352e-01	6.254347e-01	1.084517e-01	5.358187e+03
1.000000e+00	2.510119e-01	3.219352e-01	6.254347e-01	7.181845e-01	4.461081e+03
1.000000e+00	2.510119e-01	3.219352e-01	6.254347e-01	7.181845e-01	5.358187e+03
0.000000e+00	3.755931e-01	1.364689e-01	4.235772e-01	9.066433e-01	3.937324e+03
1.000000e+00	5.052254e-01	1.364689e-01	4.235772e-01	9.066433e-01	3.937324e+03
0.000000e+00	3.755931e-01	8.009049e-01	4.235772e-01	9.066433e-01	3.937324e+03
0.000000e+00	3.755931e-01	1.364689e-01	1.896634e-01	9.066433e-01	3.937324e+03
0.000000e+00	3.755931e-01	1.364689e-01	4.235772e-01	3.237380e-01	3.937324e+03
0.000000e+00	3.755931e-01	1.364689e-01	4.235772e-01	9.066433e-01	3.599077e+03
1.000000e+00	3.755931e-01	8.009049e-01	1.896634e-01	3.237380e-01	3.599077e+03
0.000000e+00	5.052254e-01	1.364689e-01	1.896634e-01	3.237380e-01	3.599077e+03
1.000000e+00	5.052254e-01	8.009049e-01	4.235772e-01	3.237380e-01	3.599077e+03
0.000000e+00	5.052254e-01	8.009049e-01	1.896634e-01	9.066433e-01	3.599077e+03
1.000000e+00	5.052254e-01	8.009049e-01	1.896634e-01	3.237380e-01	3.937324e+03
0.000000e+00	5.052254e-01	8.009049e-01	1.896634e-01	3.237380e-01	3.599077e+03
1.000000e+00	8.125510e-02	6.586662e-01	5.087112e-01	4.444035e-01	3.265217e+03
1.000000e+00	9.759649e-01	6.586662e-01	5.087112e-01	4.444035e-01	3.265217e+03
1.000000e+00	8.125510e-02	7.478423e-02	5.087112e-01	4.444035e-01	3.265217e+03
1.000000e+00	8.125510e-02	6.586662e-01	2.787324e-01	4.444035e-01	3.265217e+03
0.000000e+00	8.125510e-02	6.586662e-01	5.087112e-01	1.661899e-01	3.265217e+03
1.000000e+00	8.125510e-02	6.586662e-01	5.087112e-01	4.444035e-01	3.734132e+03
0.000000e+00	8.125510e-02	7.478423e-02	2.787324e-01	1.661899e-01	3.734132e+03
0.000000e+00	9.759649e-01	6.586662e-01	2.787324e-01	1.661899e-01	3.734132e+03
0.000000e+00	9.759649e-01	7.478423e-02	5.087112e-01	1.661899e-01	3.734132e+03
1.000000e+00	9.759649e-01	7.478423e-02	2.787324e-01	4.444035e-01	3.734132e+03
0.000000e+00	9.759649e-01	7.478423e-02	2.787324e-01	1.661899e-01	3.265217e+03
0.000000e+00	9.759649e-01	7.478423e-02	2.787324e-01	1.661899e-01	3.734132e+03
1.000000e+00	6.990958e-01	4.804628e-01	1.527032e-03	5.082829e-01	5.044019e+03
1.000000e+00	2.218774e-01	4.804628e-01	1.527032e-03	5.082829e-01	5.044019e+03
1.000000e+00	6.990958e-01	5.479630e-01	1.527032e-03	5.082829e-01	5.044019e+03
1.000000e+00	6.990958e-01	4.804628e-01	8.429372e-01	5.082829e-01	5.044019e+03
0.000000e+00	6.990958e-01	4.804628e-01	1.527032e-03	8.113082e-01	5.044019e+03
1.000000e+00	6.990958e-01	4.804628e-01	1.527032e-03	5.082829e-01	4.318925e+03
1.000000e+00	6.990958e-01	5.479630e-01	8.429372e-01	8.113082e-01	4.318925e+03
1.000000e+00	2.218774e-01	4.804628e-01	8.429372e-01	8.113082e-01	4.318925e+03
1.000000e+00	2.218774e-01	5.479630e-01	1.527032e-03	8.113082e-01	4.318925e+03
1.000000e+00	2.218774e-01	5.479630e-01	8.429372e-01	5.082829e-01	4.318925e+03
1.000000e+00	2.218774e-01	5.479630e-01	8.429372e-01	8.113082e-01	5.044019e+03
1.000000e+00	2.218774e-01	5.479630e-01	8.429372e-01	8.113082e-01	4.318925e+03
1.000000e+00	6.194315e-01	5.120127e-01	3.261227e-01	7.211249e-01	5.206529e+03
1.000000e+00	4.326825e-01	5.120127e-01	3.261227e-01	7.211249e-01	5.206529e+03
1.000000e+00	6.194315e-01	1.857339e-01	3.261227e-01	7.211249e-01	5.206529e+03
1.000000e+00	6.194315e-01	5.120127e-01	4.339495e-01	7.211249e-01	5.206529e+03
0.000000e+00	6.194315e-01	5.120127e-01	3.261227e-01	4.892735e-02	5.206529e+03
1.000000e+00	6.194315e-01	5.120127e-01	3.261227e-01	7.211249e-01	3.020303e+03
0.000000e+00	6.194315e-01	1.857339e-01	4.339495e-01	4.892735e-02	3.020303e+03
0.000000e+00	4.326825e-01	5.120127e-01	4.339495e-01	4.892735e-02	3.020303e+03
0.000000e+00	4.326825e-01	1.857339e-01	3.261227e-01	4.892735e-02	3.020303e+03
1.000000e+00	4.326825e-01	1.857339e-01	4.339495e-01	7.211249e-01	3.020303e+03
0.000000e+00	4.326825e-01	1.857339e-01	4.339495e-01	4.892735e-02	5.206529e+03
0.000000e+00	4.326825e-01	1.857339e-01	4.339495e-01	4.892735e-02	3.020303e+03
1.000000e+00	2.213419e-01	3.181535e-01	8.169280e-01	2.939622e-01	3.425602e+03
0.000000e+00	6.867736e-01	3.181535e-01	8.169280e-01	2.939622e-01	3.425602e+03
1.000000e+00	2.213419e-01	6.911318e-01	8.169280e-01	2.939622e-01	3.425602e+03
1.000000e+00	2.213419e-01	3.181535e-01	9.981524e-01	2.939622e-01	3.425602e+03
0.000000e+00	2.213419e-01	3.181535e-01	8.169280e-01	9.130258e-01	3.425602e+03
1.000000e+00	2.213419e-01	3.181535e-01	8.169280e-01	2.939622e-01	5.013788e+03
0.000000e+00	2.213419e-01	6.911318e-01	9.981524e-01	9.130258e-01	5.013788e+03
0.000000e+00	6.867736e-01	3.181535e-01	9.981524e-01	9.130258e-01	5.013788e+03
1.000000e+00	6.867736e-01	6.911318e-01	8.169280e-01	9.130258e-01	5.013788e+03
0.000000e+00	6.867736e-01	6.911318e-01	9.981524e-01	2.939622e-01	5.013788e+03
1.000000e+00	6.867736e-01	6.911318e-01	9.981524e-01	9.130258e-01	3.425602e+03
0.000000e+00	6.867736e-01	6.911318e-01	9.981524e-01	9.130258e-01	5.013788e+03
1.000000e+00	2.978840e-01	8.555217e-01	2.479150e-01	8.227035e-01	4.086695e+03
0.000000e+00	8.412896e-01	8.555217e-01	2.479150e-01	8.227035e-01	4.086695e+03
1.000000e+00	2.978840e-01	4.326643e-01	2.479150e-01	8.227035e-01	4.086695e+03
1.000000e+00	2.978840e-01	8.555217e-01	5.324733e-01	8.227035e-01	4.086695e+03
1.000000e+00	2.978840e-01	8.555217e-01	2.479150e-01	5.696885e-01	4.086695e+03
1.000000e+00	2.978840e-01	8.555217e-01	2.479150e-01	8.227035e-01	4.799416e+03
1.000000e+00	2.978840e-01	4.326643e-01	5.324733e-01	5.696885e-01	4.799416e+03
1.000000e+00	8.412896e-01	8.555217e-01	5.324733e-01	5.696885e-01	4.799416e+03
1.000000e+00	8.412896e-01	4.326643e-01	2.479150e-01	5.696885e-01	4.799416e+03
1.000000e+00	8.412896e-01	4.326643e-01	5.324733e-01	8.227035e-01	4.799416e+03
1.000000e+00	8.412896e-01	4.326643e-01	5.324733e-01	5.696885e-01	4.086695e+03
1.000000e+00	8.412896e-01	4.326643e-01	5.324733e-01	5.696885e-01	4.799416e+03
0.000000e+00	9.159081e-01	3.666293e-02	7.389173e-01	1.299751e-01	4.612595e+03
0.000000e+00	8.708019e-02	3.666293e-02	7.389173e-01	1.299751e-01	4.612595e+03
0.000000e+00	9.159081e-01	9.438680e-01	7.389173e-01	1.299751e-01	4.612595e+03
0.000000e+00	9.159081e-01	3.666293e-02	9.670390e-02	1.299751e-01	4.612595e+03
1.000000e+00	9.159081e-01	3.666293e-02	7.389173e-01	4.567502e-01	4.612595e+03
0.000000e+00	9.159081e-01	3.666293e-02	7.389173e-01	1.299751e-01	4.136498e+03
1.000000e+00	9.159081e-01	9.438680e-01	9.670390e-02	4.567502e-01	4.136498e+03
1.000000e+00	8.708019e-02	3.666293e-02	9.670390e-02	4.567502e-01	4.136498e+03
1.000000e+00	8.708019e-02	9.438680e-01	7.389173e-01	4.567502e-01	4.136498e+03
0.000000e+00	8.708019e-02	9.438680e-01	9.670390e-02	1.299751e-01	4.136498e+03
1.000000e+00	8.708019e-02	9.438680e-01	9.670390e-02	4.567502e-01	4.612595e+03
1.000000e+00	8.708019e-02	9.438680e-01	9.670390e-02	4.567502e-01	4.136498e+03
1.000000e+00	9.757457e-01	7.402136e-01	1.707658e-01	3.143284e-01	3.741661e+03
1.000000e+00	1.723586e-01	7.402136e-01	1.707658e-01	3.143284e-01	3.741661e+03
1.000000e+00	9.757457e-01	1.942300e-01	1.707658e-01	3.143284e-01	3.741661e+03
1.000000e+00	9.757457e-01	7.402136e-01	4.708732e-01	3.143284e-01	3.741661e+03
0.000000e+00	9.757457e-01	7.402136e-01	1.707658e-01	1.037753e-01	3.741661e+03
0.000000e+00	9.757457e-01	7.402136e-01	1.707658e-01	3.143284e-01	4.427487e+03
0.000000e+00	9.757457e-01	1.942300e-01	4.708732e-01	1.037753e-01	4.427487e+03
0.000000e+00	1.723586e-01	7.402136e-01	4.708732e-01	1.037753e-01	4.427487e+03
0.000000e+00	1.723586e-01	1.942300e-01	1.707658e-01	1.037753e-01	4.427487e+03
1.000000e+00	1.723586e-01	1.942300e-01	4.708732e-01	3.143284e-01	4.427487e+03
0.000000e+00	1.723586e-01	1.942300e-01	4.708732e-01	1.037753e-01	3.741661e+03
0.000000e+00	1.723586e-01	1.942300e-01	4.708732e-01	1.037753e-01	4.427487e+03
1.000000e+00	3.747661e-01	4.340730e-01	6.637227e-01	6.393649e-01	4.265414e+03
1.000000e+00	9.259579e-01	4.340730e-01	6.637227e-01	6.393649e-01	4.265414e+03
1.000000e+00	3.747661e-01	6.830338e-01	6.637227e-01	6.393649e-01	4.265414e+03
1.000000e+00	3.747661e-01	4.340730e-01	9.066562e-01	6.393649e-01	4.265414e+03
1.000000e+00	3.747661e-01	4.340730e-01	6.637227e-01	9.987113e-01	4.265414e+03
1.000000e+00	3.747661e-01	4.340730e-01	6.637227e-01	6.393649e-01	3.918531e+03
0.000000e+00	3.747661e-01	6.830338e-01	9.066562e-01	9.987113e-01	3.918531e+03
1.000000e+00	9.259579e-01	4.340730e-01	9.066562e-01	9.987113e-01	3.918531e+03
0.000000e+00	9.259579e-01	6.830338e-01	6.637227e-01	9.987113e-01	3.918531e+03
1.000000e+00	9.259579e-01	6.830338e-01	9.066562e-01	6.393649e-01	3.918531e+03
0.000000e+00	9.259579e-01	6.830338e-01	9.066562e-01	9.987113e-01	4.265414e+03
1.000000e+00	9.259579e-01	6.830338e-01	9.066562e-01	9.987113e-01	3.918531e+03
0.000000e+00	1.683860e-01	8.962192e-01	2.802250e-01	2.282832e-01	4.926571e+03
0.000000e+00	5.840639e-01	8.962192e-01	2.802250e-01	2.282832e-01	4.926571e+03
0.000000e+00	1.683860e-01	4.412589e-01	2.802250e-01	2.282832e-01	4.926571e+03
0.000000e+00	1.683860e-01	8.962192e-01	6.242118e-01	2.282832e-01	4.926571e+03
1.000000e+00	1.683860e-01	8.962192e-01	2.802250e-01	5.302830e-01	4.926571e+03
0.000000e+00	1.683860e-01	8.962192e-01	2.802250e-01	2.282832e-01	3.395283e+03
1.000000e+00	1.683860e-01	4.412589e-01	6.242118e-01	5.302830e-01	3.395283e+03
1.000000e+00	5.840639e-01	8.962192e-01	6.242118e-01	5.302830e-01	3.395283e+03
1.000000e+00	5.840639e-01	4.412589e-01	2.802250e-01	5.302830e-01	3.395283e+03
1.000000e+00	5.840639e-01	4.412589e-01	6.242118e-01	2.282832e-01	3.395283e+03
1.000000e+00	5.840639e-01	4.412589e-01	6.242118e-01	5.302830e-01	4.926571e+03
1.000000e+00	5.840639e-01	4.412589e-01	6.242118e-01	5.302830e-01	3.395283e+03
1.000000e+00	5.512927e-01	2.150781e-01	7.729820e-01	7.877576e-01	3.147775e+03
1.000000e+00	3.303388e-01	2.150781e-01	7.729820e-01	7.877576e-01	3.147775e+03
1.000000e+00	5.512927e-01	9.358536e-01	7.729820e-01	7.877576e-01	3.147775e+03
1.000000e+00	5.512927e-01	2.150781e-01	6.002633e-02	7.877576e-01	3.147775e+03
1.000000e+00	5.512927e-01	2.150781e-01	7.729820e-01	3.866282e-01	3.147775e+03
1.000000e+00	5.512927e-01	2.150781e-01	7.729820e-01	7.877576e-01	5.229924e+03
1.000000e+00	5.512927e-01	9.358536e-01	6.002633e-02	3.866282e-01	5.229924e+03
0.000000e+00	3.303388e-01	2.150781e-01	6.002633e-02	3.866282e-01	5.229924e+03
1.000000e+00	3.303388e-01	9.358536e-01	7.729820e-01	3.866282e-01	5.229924e+03
1.000000e+00	3.303388e-01	9.358536e-01	6.002633e-02	7.877576e-01	5.229924e+03
0.000000e+00	3.303388e-01	9.358536e-01	6.002633e-02	3.866282e-01	3.147775e+03
1.000000e+00	3.303388e-01	9.358536e-01	6.002633e-02	3.866282e-01	5.229924e+03
0.000000e+00	6.299664e-01	8.081591e-01	5.897667e-01	9.499367e-01	3.621251e+03
0.000000e+00	1.015706e-02	8.081591e-01	5.897667e-01	9.499367e-01	3.621251e+03
0.000000e+00	6.299664e-01	2.983259e-01	5.897667e-01	9.499367e-01	3.621251e+03
0.000000e+00	6.299664e-01	8.081591e-01	7.167974e-01	9.499367e-01	3.621251e+03
1.000000e+00	6.299664e-01	8.081591e-01	5.897667e-01	6.320412e-01	3.621251e+03
1.000000e+00	6.299664e-01	8.081591e-01	5.897667e-01	9.499367e-01	3.949820e+03
1.000000e+00	6.299664e-01	2.983259e-01	7.167974e-01	6.320412e-01	3.949820e+03
0.000000e+00	1.015706e-02	8.081591e-01	7.167974e-01	6.320412e-01	3.949820e+03
1.000000e+00	1.015706e-02	2.983259e-01	5.897667e-01	6.320412e-01	3.949820e+03
0.000000e+00	1.015706e-02	2.983259e-01	7.167974e-01	9.499367e-01	3.949820e+03
1.000000e+00	1.015706e-02	2.983259e-01	7.167974e-01	6.320412e-01	3.621251e+03
1.000000e+00	1.015706e-02	2.983259e-01	7.167974e-01	6.320412e-01	3.949820e+03
0.000000e+00	2.929173e-02	1.113628e-01	8.062789e-02	3.749182e-03	5.402172e+03
0.000000e+00	7.638782e-01	1.113628e-01	8.062789e-02	3.749182e-03	5.402172e+03
0.000000e+00	2.929173e-02	8.251546e-01	8.062789e-02	3.749182e-03	5.402172e+03
0.000000e+00	2.929173e-02	1.113628e-01	1.526138e-01	3.749182e-03	5.402172e+03
0.000000e+00	2.929173e-02	1.113628e-01	8.062789e-02	2.694089e-01	5.402172e+03
0.000000e+00	2.929173e-02	1.113628e-01	8.062789e-02	3.749182e-03	4.693152e+03
1.000000e+00	2.929173e-02	8.251546e-01	1.526138e-01	2.694089e-01	4.693152e+03
0.000000e+00	7.638782e-01	1.113628e-01	1.526138e-01	2.694089e-01	4.693152e+03
0.000000e+00	7.638782e-01	8.251546e-01	8.062789e-02	2.694089e-01	4.693152e+03
0.000000e+00	7.638782e-01	8.251546e-01	1.526138e-01	3.749182e-03	4.693152e+03
0.000000e+00	7.638782e-01	8.251546e-01	1.526138e-01	2.694089e-01	5.402172e+03
0.000000e+00	7.638782e-01	8.251546e-01	1.526138e-01	2.694089e-01	4.693152e+03
1.000000e+00	4.514821e-01	5.896568e-01	9.802465e-01	5.982683e-01	4.730057e+03
1.000000e+00	7.305165e-01	5.896568e-01	9.802465e-01	5.982683e-01	4.730057e+03
1.000000e+00	4.514821e-01	5.102932e-02	9.802465e-01	5.982683e-01	4.730057e+03
1.000000e+00	4.514821e-01	5.896568e-01	3.155435e-01	5.982683e-01	4.730057e+03
0.000000e+00	4.514821e-01	5.896568e-01	9.802465e-01	2.367697e-01	4.730057e+03
1.000000e+00	4.514821e-01	5.896568e-01	9.802465e-01	5.982683e-01	5.139448e+03
0.000000e+00	4.514821e-01	5.102932e-02	3.155435e-01	2.367697e-01	5.139448e+03
0.000000e+00	7.305165e-01	5.896568e-01	3.155435e-01	2.367697e-01	5.139448e+03
0.000000e+00	7.305165e-01	5.102932e-02	9.802465e-01	2.367697e-01	5.139448e+03
1.000000e+00	7.305165e-01	5.102932e-02	3.155435e-01	5.982683e-01	5.139448e+03
0.000000e+00	7.305165e-01	5.102932e-02	3.155435e-01	2.367697e-01	4.730057e+03
0.000000e+00	7.305165e-01	5.102932e-02	3.155435e-01	2.367697e-01	5.139448e+03
1.000000e+00	8.346943e-01	2.678601e-01	4.714295e-01	4.177650e-01	4.204161e+03
0.000000e+00	4.769136e-01	2.678601e-01	4.714295e-01	4.177650e-01	4.204161e+03
1.000000e+00	8.346943e-01	5.720522e-01	4.714295e-01	4.177650e-01	4.204161e+03
1.000000e+00	8.346943e-01	2.678601e-01	7.513246e-01	4.177650e-01	4.204161e+03
1.000000e+00	8.346943e-01	2.678601e-01	4.714295e-01	8.501950e-01	4.204161e+03
1.000000e+00	8.346943e-01	2.678601e-01	4.714295e-01	4.177650e-01	3.226682e+03
1.000000e+00	8.346943e-01	5.720522e-01	7.513246e-01	8.501950e-01	3.226682e+03
1.000000e+00	4.769136e-01	2.678601e-01	7.513246e-01	8.501950e-01	3.226682e+03
1.000000e+00	4.769136e-01	5.720522e-01	4.714295e-01	8.501950e-01	3.226682e+03
1.000000e+00	4.769136e-01	5.720522e-01	7.513246e-01	4.177650e-01	3.226682e+03
1.000000e+00	4.769136e-01	5.720522e-01	7.513246e-01	8.501950e-01	4.204161e+03
0.000000e+00	4.769136e-01	5.720522e-01	7.513246e-01	8.501950e-01	3.226682e+03
0.000000e+00	8.276738e-01	7.736727e-01	3.934321e-02	1.476638e-01	5.298331e+03
0.000000e+00	3.176833e-01	7.736727e-01	3.934321e-02	1.476638e-01	5.298331e+03
0.000000e+00	8.276738e-01	8.875686e-02	3.934321e-02	1.476638e-01	5.298331e+03
0.000000e+00	8.276738e-01	7.736727e-01	9.219636e-01	1.476638e-01	5.298331e+03
0.000000e+00	8.276738e-01	7.736727e-01	3.934321e-02	3.335312e-01	5.298331e+03
0.000000e+00	8.276738e-01	7.736727e-01	3.934321e-02	1.476638e-01	4.984930e+03
1.000000e+00	8.276738e-01	8.875686e-02	9.219636e-01	3.335312e-01	4.984930e+03
1.000000e+00	3.176833e-01	7.736727e-01	9.219636e-01	3.335312e-01	4.984930e+03
1.000000e+00	3.176833e-01	8.875686e-02	3.934321e-02	3.335312e-01	4.984930e+03
0.000000e+00	3.176833e-01	8.875686e-02	9.219636e-01	1.476638e-01	4.984930e+03
1.000000e+00	3.176833e-01	8.875686e-02	9.219636e-01	3.335312e-01	5.298331e+03
0.000000e+00	3.176833e-01	8.875686e-02	9.219636e-01	3.335312e-01	4.984930e+03
1.000000e+00	4.603385e-01	7.981392e-02	5.324183e-01	8.363029e-01	3.324684e+03
1.000000e+00	5.635922e-01	7.981392e-02	5.324183e-01	8.363029e-01	3.324684e+03
1.000000e+00	4.603385e-01	5.384907e-01	5.324183e-01	8.363029e-01	3.324684e+03
0.000000e+00	4.603385e-01	7.981392e-02	4.866402e-01	8.363029e-01	3.324684e+03
1.000000e+00	4.603385e-01	7.981392e-02	5.324183e-01	6.888544e-01	3.324684e+03
1.000000e+00	4.603385e-01	7.981392e-02	5.324183e-01	8.363029e-01	3.072165e+03
1.000000e+00	4.603385e-01	5.384907e-01	4.866402e-01	6.888544e-01	3.072165e+03
1.000000e+00	5.635922e-01	7.981392e-02	4.866402e-01	6.888544e-01	3.072165e+03
1.000000e+00	5.635922e-01	5.384907e-01	5.324183e-01	6.888544e-01	3.072165e+03
1.000000e+00	5.635922e-01	5.384907e-01	4.866402e-01	8.363029e-01	3.072165e+03
1.000000e+00	5.635922e-01	5.384907e-01	4.866402e-01	6.888544e-01	3.324684e+03
1.000000e+00	5.635922e-01	5.384907e-01	4.866402e-01	6.888544e-01	3.072165e+03
1.000000e+00	4.688396e-03	6.176657e-01	3.988338e-01	3.116814e-01	3.995350e+03
1.000000e+00	9.093203e-01	6.176657e-01	3.988338e-01	3.116814e-01	3.995350e+03
0.000000e+00	4.688396e-03	3.436214e-01	3.988338e-01	3.116814e-01	3.995350e+03
0.000000e+00	4.688396e-03	6.176657e-01	4.398645e-02	3.116814e-01	3.995350e+03
1.000000e+00	4.688396e-03	6.176657e-01	3.988338e-01	7.820410e-01	3.995350e+03
0.000000e+00	4.688396e-03	6.176657e-01	3.988338e-01	3.116814e-01	4.104408e+03
1.000000e+00	4.688396e-03	3.436214e-01	4.398645e-02	7.820410e-01	4.104408e+03
1.000000e+00	9.093203e-01	6.176657e-01	4.398645e-02	7.820410e-01	4.104408e+03
0.000000e+00	9.093203e-01	3.436214e-01	3.988338e-01	7.820410e-01	4.104408e+03
1.000000e+00	9.093203e-01	3.436214e-01	4.398645e-02	3.116814e-01	4.104408e+03
1.000000e+00	9.093203e-01	3.436214e-01	4.398645e-02	7.820410e-01	3.995350e+03
1.000000e+00	9.093203e-01	3.436214e-01	4.398645e-02	7.820410e-01	4.104408e+03
1.000000e+00	6.524897e-01	2.988064e-01	8.917092e-01	7.346327e-01	4.714277e+03
1.000000e+00	1.635297e-01	2.988064e-01	8.917092e-01	7.346327e-01	4.714277e+03
1.000000e+00	6.524897e-01	7.835360e-01	8.917092e-01	7.346327e-01	4.714277e+03
0.000000e+00	6.524897e-01	2.988064e-01	6.086889e-01	7.346327e-01	4.714277e+03
0.000000e+00	6.524897e-01	2.988064e-01	8.917092e-01	1.759239e-01	4.714277e+03
1.000000e+00	6.524897e-01	2.988064e-01	8.917092e-01	7.346327e-01	4.847740e+03
0.000000e+00	6.524897e-01	7.835360e-01	6.086889e-01	1.759239e-01	4.847740e+03
0.000000e+00	1.635297e-01	2.988064e-01	6.086889e-01	1.759239e-01	4.847740e+03
0.000000e+00	1.635297e-01	7.835360e-01	8.917092e-01	1.759239e-01	4.847740e+03
1.000000e+00	1.635297e-01	7.835360e-01	6.086889e-01	7.346327e-01	4.847740e+03
0.000000e+00	1.635297e-01	7.835360e-01	6.086889e-01	1.759239e-01	4.714277e+03
0.000000e+00	1.635297e-01	7.835360e-01	6.086889e-01	1.759239e-01	4.847740e+03
1.000000e+00	5.446386e-01	7.092635e-01	7.163063e-01	5.257199e-01	4.554826e+03
1.000000e+00	4.993538e-01	7.092635e-01	7.163063e-01	5.257199e-01	4.554826e+03
1.000000e+00	5.446386e-01	4.194162e-01	7.163063e-01	5.257199e-01	4.554826e+03
1.000000e+00	5.446386e-01	7.092635e-01	1.369460e-01	5.257199e-01	4.554826e+03
0.000000e+00	5.446386e-01	7.092635e-01	7.163063e-01	9.306372e-01	4.554826e+03
1.000000e+00	5.446386e-01	7.092635e-01	7.163063e-01	5.257199e-01	3.548689e+03
0.000000e+00	5.446386e-01	4.194162e-01	1.369460e-01	9.306372e-01	3.548689e+03
0.000000e+00	4.993538e-01	7.092635e-01	1.369460e-01	9.306372e-01	3.548689e+03
0.000000e+00	4.993538e-01	4.194162e-01	7.163063e-01	9.306372e-01	3.548689e+03
1.000000e+00	4.993538e-01	4.194162e-01	1.369460e-01	5.257199e-01	3.548689e+03
0.000000e+00	4.993538e-01	4.194162e-01	1.369460e-01	9.306372e-01	4.554826e+03
0.000000e+00	4.993538e-01	4.194162e-01	1.369460e-01	9.306372e-01	3.548689e+03
1.000000e+00	1.771200e-01	4.060601e-01	2.070491e-01	4.582394e-01	3.833165e+03
1.000000e+00	7.451403e-01	4.060601e-01	2.070491e-01	4.582394e-01	3.833165e+03
1.000000e+00	1.771200e-01	9.540500e-01	2.070491e-01	4.582394e-01	3.833165e+03
1.000000e+00	1.771200e-01	4.060601e-01	7.016502e-01	4.582394e-01	3.833165e+03
0.000000e+00	1.771200e-01	4.060601e-01	2.070491e-01	4.304047e-02	3.833165e+03
1.000000e+00	1.771200e-01	4.060601e-01	2.070491e-01	4.582394e-01	5.383329e+03
0.000000e+00	1.771200e-01	9.540500e-01	7.016502e-01	4.304047e-02	5.383329e+03
0.000000e+00	7.451403e-01	4.060601e-01	7.016502e-01	4.304047e-02	5.383329e+03
0.000000e+00	7.451403e-01	9.540500e-01	2.070491e-01	4.304047e-02	5.383329e+03
1.000000e+00	7.451403e-01	9.540500e-01	7.016502e-01	4.582394e-01	5.383329e+03
0.000000e+00	7.451403e-01	9.540500e-01	7.016502e-01	4.304047e-02	3.833165e+03
0.000000e+00	7.451403e-01	9.540500e-01	7.016502e-01	4.304047e-02	5.383329e+03
0.000000e+00	3.505288e-01	9.277720e-01	8.567546e-01	9.241108e-01	3.171015e+03
0.000000e+00	7.746449e-01	9.277720e-01	8.567546e-01	9.241108e-01	3.171015e+03
0.000000e+00	3.505288e-01	1.643302e-01	8.567546e-01	9.241108e-01	3.171015e+03
0.000000e+00	3.505288e-01	9.277720e-01	7.667484e-01	9.241108e-01	3.171015e+03
1.000000e+00	3.505288e-01	9.277720e-01	8.567546e-01	4.509224e-01	3.171015e+03
0.000000e+00	3.505288e-01	9.277720e-01	8.567546e-01	9.241108e-01	4.274154e+03
1.000000e+00	3.505288e-01	1.643302e-01	7.667484e-01	4.509224e-01	4.274154e+03
1.000000e+00	7.746449e-01	9.277720e-01	7.667484e-01	4.509224e-01	4.274154e+03
1.000000e+00	7.746449e-01	1.643302e-01	8.567546e-01	4.509224e-01	4.274154e+03
0.000000e+00	7.746449e-01	1.643302e-01	7.667484e-01	9.241108e-01	4.274154e+03
1.000000e+00	7.746449e-01	1.643302e-01	7.667484e-01	4.509224e-01	3.171015e+03
1.000000e+00	7.746449e-01	1.643302e-01	7.667484e-01	4.509224e-01	4.274154e+03
0.000000e+00	9.981472e-01	2.495681e-01	3.478194e-01	1.221960e-01	5.147415e+03
0.000000e+00	2.873244e-02	2.495681e-01	3.478194e-01	1.221960e-01	5.147415e+03
0.000000e+00	9.981472e-01	7.087980e-01	3.478194e-01	1.221960e-01	5.147415e+03
0.000000e+00	9.981472e-01	2.495681e-01	3.314232e-01	1.221960e-01	5.147415e+03
1.000000e+00	9.981472e-01	2.495681e-01	3.478194e-01	5.872369e-01	5.147415e+03
0.000000e+00	9.981472e-01	2.495681e-01	3.478194e-01	1.221960e-01	3.765197e+03
1.000000e+00	9.981472e-01	7.087980e-01	3.314232e-01	5.872369e-01	3.765197e+03
1.000000e+00	2.873244e-02	2.495681e-01	3.314232e-01	5.872369e-01	3.765197e+03
0.000000e+00	2.873244e-02	7.087980e-01	3.478194e-01	5.872369e-01	3.765197e+03
0.000000e+00	2.873244e-02	7.087980e-01	3.314232e-01	1.221960e-01	3.765197e+03
1.000000e+00	2.873244e-02	7.087980e-01	3.314232e-01	5.872369e-01	5.147415e+03
1.000000e+00	2.873244e-02	7.087980e-01	3.314232e-01	5.872369e-01	3.765197e+03
1.000000e+00	9.226699e-01	5.468701e-01	8.108568e-01	4.315475e-01	3.519646e+03
1.000000e+00	2.384997e-01	5.468701e-01	8.108568e-01	4.315475e-01	3.519646e+03
1.000000e+00	9.226699e-01	4.586727e-01	8.108568e-01	4.315475e-01	3.519646e+03
1.000000e+00	9.226699e-01	5.468701e-01	2.053618e-01	4.315475e-01	3.519646e+03
0.000000e+00	9.226699e-01	5.468701e-01	8.108568e-01	9.693866e-01	3.519646e+03
1.000000e+00	9.226699e-01	5.468701e-01	8.108568e-01	4.315475e-01	4.641504e+03
0.000000e+00	9.226699e-01	4.586727e-01	2.053618e-01	9.693866e-01	4.641504e+03
0.000000e+00	2.384997e-01	5.468701e-01	2.053618e-01	9.693866e-01	4.641504e+03
0.000000e+00	2.384997e-01	4.586727e-01	8.108568e-01	9.693866e-01	4.641504e+03
1.000000e+00	2.384997e-01	4.586727e-01	2.053618e-01	4.315475e-01	4.641504e+03
0.000000e+00	2.384997e-01	4.586727e-01	2.053618e-01	9.693866e-01	3.519646e+03
0.000000e+00	2.384997e-01	4.586727e-01	2.053618e-01	9.693866e-01	4.641504e+03
1.000000e+00	2.892882e-01	3.500733e-01	3.038734e-01	6.157740e-01	5.493288e+03
1.000000e+00	9.847786e-01	3.500733e-01	3.038734e-01	6.157740e-01	5.493288e+03
1.000000e+00	2.892882e-01	9.142122e-01	3.038734e-01	6.157740e-01	5.493288e+03
1.000000e+00	2.892882e-01	3.500733e-01	6.406735e-01	6.157740e-01	5.493288e+03
0.000000e+00	2.892882e-01	3.500733e-01	3.038734e-01	1.135745e-01	5.493288e+03
1.000000e+00	2.892882e-01	3.500733e-01	3.038734e-01	6.157740e-01	3.978586e+03
0.000000e+00	2.892882e-01	9.142122e-01	6.406735e-01	1.135745e-01	3.978586e+03
0.000000e+00	9.847786e-01	3.500733e-01	6.406735e-01	1.135745e-01	3.978586e+03
0.000000e+00	9.847786e-01	9.142122e-01	3.038734e-01	1.135745e-01	3.978586e+03
1.000000e+00	9.847786e-01	9.142122e-01	6.406735e-01	6.157740e-01	3.978586e+03
0.000000e+00	9.847786e-01	9.142122e-01	6.406735e-01	1.135745e-01	5.493288e+03
0.000000e+00	9.847786e-01	9.142122e-01	6.406735e-01	1.135745e-01	3.978586e+03
0.000000e+00	2.456851e-01	8.278743e-01	6.391572e-01	1.756220e-02	4.831204e+03
0.000000e+00	5.178962e-01	8.278743e-01	6.391572e-01	1.756220e-02	4.831204e+03
0.000000e+00	2.456851e-01	2.036861e-01	6.391572e-01	1.756220e-02	4.831204e+03
0.000000e+00	2.456851e-01	8.278743e-01	8.274829e-01	1.756220e-02	4.831204e+03
1.000000e+00	2.456851e-01	8.278743e-01	6.391572e-01	3.963644e-01	4.831204e+03
0.000000e+00	2.456851e-01	8.278743e-01	6.391572e-01	1.756220e-02	3.178286e+03
1.000000e+00	2.456851e-01	2.036861e-01	8.274829e-01	3.963644e-01	3.178286e+03
1.000000e+00	5.178962e-01	8.278743e-01	8.274829e-01	3.963644e-01	3.178286e+03
1.000000e+00	5.178962e-01	2.036861e-01	6.391572e-01	3.963644e-01	3.178286e+03
0.000000e+00	5.178962e-01	2.036861e-01	8.274829e-01	1.756220e-02	3.178286e+03
1.000000e+00	5.178962e-01	2.036861e-01	8.274829e-01	3.963644e-01	4.831204e+03
1.000000e+00	5.178962e-01	2.036861e-01	8.274829e-01	3.963644e-01	3.178286e+03
0.000000e+00	5.971664e-01	6.078044e-03	1.318546e-01	9.673508e-01	4.112283e+03
0.000000e+00	2.714990e-01	6.078044e-03	1.318546e-01	9.673508e-01	4.112283e+03
0.000000e+00	5.971664e-01	6.690449e-01	1.318546e-01	9.673508e-01	4.112283e+03
0.000000e+00	5.971664e-01	6.078044e-03	2.627612e-01	9.673508e-01	4.112283e+03
1.000000e+00	5.971664e-01	6.078044e-03	1.318546e-01	5.010173e-01	4.112283e+03
0.000000e+00	5.971664e-01	6.078044e-03	1.318546e-01	9.673508e-01	5.171771e+03
1.000000e+00	5.971664e-01	6.690449e-01	2.627612e-01	5.010173e-01	5.171771e+03
1.000000e+00	2.714990e-01	6.078044e-03	2.627612e-01	5.010173e-01	5.171771e+03
1.000000e+00	2.714990e-01	6.690449e-01	1.318546e-01	5.010173e-01	5.171771e+03
0.000000e+00	2.714990e-01	6.690449e-01	2.627612e-01	9.673508e-01	5.171771e+03
1.000000e+00	2.714990e-01	6.690449e-01	2.627612e-01	5.010173e-01	4.112283e+03
1.000000e+00	2.714990e-01	6.690449e-01	2.627612e-01	5.010173e-01	5.171771e+03
1.000000e+00	7.059800e-01	9.702538e-01	4.486378e-01	8.012883e-01	3.638189e+03
1.000000e+00	7.629813e-02	9.702538e-01	4.486378e-01	8.012883e-01	3.638189e+03
0.000000e+00	7.059800e-01	3.340983e-02	4.486378e-01	8.012883e-01	3.638189e+03
1.000000e+00	7.059800e-01	9.702538e-01	9.828145e-01	8.012883e-01	3.638189e+03
0.000000e+00	7.059800e-01	9.702538e-01	4.486378e-01	2.635160e-01	3.638189e+03
1.000000e+00	7.059800e-01	9.702538e-01	4.486378e-01	8.012883e-01	3.893298e+03
0.000000e+00	7.059800e-01	3.340983e-02	9.828145e-01	2.635160e-01	3.893298e+03
0.000000e+00	7.629813e-02	9.702538e-01	9.828145e-01	2.635160e-01	3.893298e+03
0.000000e+00	7.629813e-02	3.340983e-02	4.486378e-01	2.635160e-01	3.893298e+03
1.000000e+00	7.629813e-02	3.340983e-02	9.828145e-01	8.012883e-01	3.893298e+03
1.000000e+00	7.629813e-02	3.340983e-02	9.828145e-01	2.635160e-01	3.638189e+03
0.000000e+00	7.629813e-02	3.340983e-02	9.828145e-01	2.635160e-01	3.893298e+03
0.000000e+00	7.229292e-02	1.641127e-01	9.395615e-01	2.460253e-01	4.359844e+03
0.000000e+00	8.226988e-01	1.641127e-01	9.395615e-01	2.460253e-01	4.359844e+03
0.000000e+00	7.229292e-02	5.935026e-01	9.395615e-01	2.460253e-01	4.359844e+03
1.000000e+00	7.229292e-02	1.641127e-01	4.180909e-01	2.460253e-01	4.359844e+03
1.000000e+00	7.229292e-02	1.641127e-01	9.395615e-01	6.496472e-01	4.359844e+03
0.000000e+00	7.229292e-02	1.641127e-01	9.395615e-01	2.460253e-01	4.478091e+03
1.000000e+00	7.229292e-02	5.935026e-01	4.180909e-01	6.496472e-01	4.478091e+03
1.000000e+00	8.226988e-01	1.641127e-01	4.180909e-01	6.496472e-01	4.478091e+03
1.000000e+00	8.226988e-01	5.935026e-01	9.395615e-01	6.496472e-01	4.478091e+03
0.000000e+00	8.226988e-01	5.935026e-01	4.180909e-01	2.460253e-01	4.478091e+03
1.000000e+00	8.226988e-01	5.935026e-01	4.180909e-01	6.496472e-01	4.359844e+03
1.000000e+00	8.226988e-01	5.935026e-01	4.180909e-01	6.496472e-01	4.478091e+03
1.000000e+00	4.000581e-01	6.267500e-01	1.203986e-01	6.529262e-01	5.030502e+03
1.000000e+00	6.643486e-01	6.267500e-01	1.203986e-01	6.529262e-01	5.030502e+03
1.000000e+00	4.000581e-01	2.881296e-01	1.203986e-01	6.529262e-01	5.030502e+03
1.000000e+00	4.000581e-01	6.267500e-01	1.127743e-01	6.529262e-01	5.030502e+03
0.000000e+00	4.000581e-01	6.267500e-01	1.203986e-01	8.677418e-01	5.030502e+03
1.000000e+00	4.000581e-01	6.267500e-01	1.203986e-01	6.529262e-01	5.199092e+03
0.000000e+00	4.000581e-01	2.881296e-01	1.127743e-01	8.677418e-01	5.199092e+03
1.000000e+00	6.643486e-01	6.267500e-01	1.127743e-01	8.677418e-01	5.199092e+03
1.000000e+00	6.643486e-01	2.881296e-01	1.203986e-01	8.677418e-01	5.199092e+03
1.000000e+00	6.643486e-01	2.881296e-01	1.127743e-01	6.529262e-01	5.199092e+03
0.000000e+00	6.643486e-01	2.881296e-01	1.127743e-01	8.677418e-01	5.030502e+03
1.000000e+00	6.643486e-01	2.881296e-01	1.127743e-01	8.677418e-01	5.199092e+03
1.000000e+00	7.512344e-01	4.456094e-01	6.115191e-01	3.319790e-01	3.054106e+03
0.000000e+00	4.180738e-01	4.456094e-01	6.115191e-01	3.319790e-01	3.054106e+03
1.000000e+00	7.512344e-01	8.383884e-01	6.115191e-01	3.319790e-01	3.054106e+03
1.000000e+00	7.512344e-01	4.456094e-01	5.480879e-01	3.319790e-01	3.054106e+03
1.000000e+00	7.512344e-01	4.456094e-01	6.115191e-01	2.309396e-01	3.054106e+03
0.000000e+00	7.512344e-01	4.456094e-01	6.115191e-01	3.319790e-01	3.439983e+03
0.000000e+00	7.512344e-01	8.383884e-01	5.480879e-01	2.309396e-01	3.439983e+03
0.000000e+00	4.180738e-01	4.456094e-01	5.480879e-01	2.309396e-01	3.439983e+03
0.000000e+00	4.180738e-01	8.383884e-01	6.115191e-01	2.309396e-01	3.439983e+03
1.000000e+00	4.180738e-01	8.383884e-01	5.480879e-01	3.319790e-01	3.439983e+03
0.000000e+00	4.180738e-01	8.383884e-01	5.480879e-01	2.309396e-01	3.054106e+03
0.000000e+00	4.180738e-01	8.383884e-01	5.480879e-01	2.309396e-01	3.439983e+03
0.000000e+00	7.864145e-01	6.743814e-01	2.503939e-01	9.005580e-01	4.573178e+03
0.000000e+00	8.726898e-01	6.743814e-01	2.503939e-01	9.005580e-01	4.573178e+03
0.000000e+00	7.864145e-01	5.310656e-01	2.503939e-01	9.005580e-01	4.573178e+03
0.000000e+00	7.864145e-01	6.743814e-01	8.601486e-02	9.005580e-01	4.573178e+03
0.000000e+00	7.864145e-01	6.743814e-01	2.503939e-01	8.062968e-02	4.573178e+03
1.000000e+00	7.864145e-01	6.743814e-01	2.503939e-01	9.005580e-01	5.488609e+03
0.000000e+00	7.864145e-01	5.310656e-01	8.601486e-02	8.062968e-02	5.488609e+03
0.000000e+00	8.726898e-01	6.743814e-01	8.601486e-02	8.062968e-02	5.488609e+03
0.000000e+00	8.726898e-01	5.310656e-01	2.503939e-01	8.062968e-02	5.488609e+03
1.000000e+00	8.726898e-01	5.310656e-01	8.601486e-02	9.005580e-01	5.488609e+03
0.000000e+00	8.726898e-01	5.310656e-01	8.601486e-02	8.062968e-02	4.573178e+03
0.000000e+00	8.726898e-01	5.310656e-01	8.601486e-02	8.062968e-02	5.488609e+03
0.000000e+00	4.351906e-01	4.952016e-01	7.588981e-01	8.325666e-02	4.049264e+03
0.000000e+00	1.190907e-01	4.952016e-01	7.588981e-01	8.325666e-02	4.049264e+03
0.000000e+00	4.351906e-01	9.597263e-02	7.588981e-01	8.325666e-02	4.049264e+03
0.000000e+00	4.351906e-01	4.952016e-01	5.257060e-01	8.325666e-02	4.049264e+03
0.000000e+00	4.351906e-01	4.952016e-01	7.588981e-01	9.438273e-01	4.049264e+03
0.000000e+00	4.351906e-01	4.952016e-01	7.588981e-01	8.325666e-02	3.497719e+03
0.000000e+00	4.351906e-01	9.597263e-02	5.257060e-01	9.438273e-01	3.497719e+03
0.000000e+00	1.190907e-01	4.952016e-01	5.257060e-01	9.438273e-01	3.497719e+03
0.000000e+00	1.190907e-01	9.597263e-02	7.588981e-01	9.438273e-01	3.497719e+03
0.000000e+00	1.190907e-01	9.597263e-02	5.257060e-01	8.325666e-02	3.497719e+03
0.000000e+00	1.190907e-01	9.597263e-02	5.257060e-01	9.438273e-01	4.049264e+03
0.000000e+00	1.190907e-01	9.597263e-02	5.257060e-01	9.438273e-01	3.497719e+03
1.000000e+00	1.074730e-01	9.558791e-01	1.721543e-01	5.490403e-01	3.465172e+03
0.000000e+00	4.021319e-01	9.558791e-01	1.721543e-01	5.490403e-01	3.465172e+03
1.000000e+00	1.074730e-01	7.763174e-01	1.721543e-01	5.490403e-01	3.465172e+03
1.000000e+00	1.074730e-01	9.558791e-01	9.424199e-01	5.490403e-01	3.465172e+03
1.000000e+00	1.074730e-01	9.558791e-01	1.721543e-01	5.389060e-01	3.465172e+03
1.000000e+00	1.074730e-01	9.558791e-01	1.721543e-01	5.490403e-01	3.669089e+03
1.000000e+00	1.074730e-01	7.763174e-01	9.424199e-01	5.389060e-01	3.669089e+03
1.000000e+00	4.021319e-01	9.558791e-01	9.424199e-01	5.389060e-01	3.669089e+03
1.000000e+00	4.021319e-01	7.763174e-01	1.721543e-01	5.389060e-01	3.669089e+03
1.000000e+00	4.021319e-01	7.763174e-01	9.424199e-01	5.490403e-01	3.669089e+03
1.000000e+00	4.021319e-01	7.763174e-01	9.424199e-01	5.389060e-01	3.465172e+03
1.000000e+00	4.021319e-01	7.763174e-01	9.424199e-01	5.389060e-01	3.669089e+03
1.000000e+00	7.411123e-01	1.516988e-01	6.808582e-01	4.974270e-01	5.243806e+03
1.000000e+00	6.558569e-01	1.516988e-01	6.808582e-01	4.974270e-01	5.243806e+03
1.000000e+00	7.411123e-01	3.510589e-01	6.808582e-01	4.974270e-01	5.243806e+03
1.000000e+00	7.411123e-01	1.516988e-01	3.821387e-01	4.974270e-01	5.243806e+03
1.000000e+00	7.411123e-01	1.516988e-01	6.808582e-01	4.250365e-01	5.243806e+03
1.000000e+00	7.411123e-01	1.516988e-01	6.808582e-01	4.974270e-01	4.334296e+03
1.000000e+00	7.411123e-01	3.510589e-01	3.821387e-01	4.250365e-01	4.334296e+03
1.000000e+00	6.558569e-01	1.516988e-01	3.821387e-01	4.250365e-01	4.334296e+03
1.000000e+00	6.558569e-01	3.510589e-01	6.808582e-01	4.250365e-01	4.334296e+03
1.000000e+00	6.558569e-01	3.510589e-01	3.821387e-01	4.974270e-01	4.334296e+03
0.000000e+00	6.558569e-01	3.510589e-01	3.821387e-01	4.250365e-01	5.243806e+03
1.000000e+00	6.558569e-01	3.510589e-01	3.821387e-01	4.250365e-01	4.334296e+03
0.000000e+00	5.697856e-01	8.719694e-01	9.895695e-01	2.727380e-01	5.084670e+03
0.000000e+00	9.450464e-01	8.719694e-01	9.895695e-01	2.727380e-01	5.084670e+03
0.000000e+00	5.697856e-01	9.768974e-01	9.895695e-01	2.727380e-01	5.084670e+03
1.000000e+00	5.697856e-01	8.719694e-01	8.478735e-01	2.727380e-01	5.084670e+03
1.000000e+00	5.697856e-01	8.719694e-01	9.895695e-01	6.873830e-01	5.084670e+03
0.000000e+00	5.697856e-01	8.719694e-01	9.895695e-01	2.727380e-01	3.134093e+03
1.000000e+00	5.697856e-01	9.768974e-01	8.478735e-01	6.873830e-01	3.134093e+03
1.000000e+00	9.450464e-01	8.719694e-01	8.478735e-01	6.873830e-01	3.134093e+03
0.000000e+00	9.450464e-01	9.768974e-01	9.895695e-01	6.873830e-01	3.134093e+03
0.000000e+00	9.450464e-01	9.768974e-01	8.478735e-01	2.727380e-01	3.134093e+03
1.000000e+00	9.450464e-01	9.768974e-01	8.478735e-01	6.873830e-01	5.084670e+03
1.000000e+00	9.450464e-01	9.768974e-01	8.478735e-01	6.873830e-01	3.134093e+03
1.000000e+00	2.183783e-01	5.213393e-02	4.962555e-01	7.110683e-01	3.303892e+03
1.000000e+00	1.913251e-01	5.213393e-02	4.962555e-01	7.110683e-01	3.303892e+03
1.000000e+00	2.183783e-01	3.963576e-01	4.962555e-01	7.110683e-01	3.303892e+03
1.000000e+00	2.183783e-01	5.213393e-02	2.875904e-01	7.110683e-01	3.303892e+03
1.000000e+00	2.183783e-01	5.213393e-02	4.962555e-01	2.920357e-01	3.303892e+03
1.000000e+00	2.183783e-01	5.213393e-02	4.962555e-01	7.110683e-01	4.890609e+03
1.000000e+00	2.183783e-01	3.963576e-01	2.875904e-01	2.920357e-01	4.890609e+03
0.000000e+00	1.913251e-01	5.213393e-02	2.875904e-01	2.920357e-01	4.890609e+03
1.000000e+00	1.913251e-01	3.963576e-01	4.962555e-01	2.920357e-01	4.890609e+03
1.000000e+00	1.913251e-01	3.963576e-01	2.875904e-01	7.110683e-01	4.890609e+03
1.000000e+00	1.913251e-01	3.963576e-01	2.875904e-01	2.920357e-01	3.303892e+03
1.000000e+00	1.913251e-01	3.963576e-01	2.875904e-01	2.920357e-01	4.890609e+03
0.000000e+00	2.619071e-01	5.279751e-01	5.678702e-01	1.868473e-01	3.896520e+03
0.000000e+00	2.830206e-01	5.279751e-01	5.678702e-01	1.868473e-01	3.896520e+03
0.000000e+00	2.619071e-01	7.318519e-01	5.678702e-01	1.868473e-01	3.896520e+03
0.000000e+00	2.619071e-01	5.279751e-01	2.433052e-01	1.868473e-01	3.896520e+03
0.000000e+00	2.619071e-01	5.279751e-01	5.678702e-01	1.979035e-01	3.896520e+03
0.000000e+00	2.619071e-01	5.279751e-01	5.678702e-01	1.868473e-01	4.796171e+03
0.000000e+00	2.619071e-01	7.318519e-01	2.433052e-01	1.979035e-01	4.796171e+03
0.000000e+00	2.830206e-01	5.279751e-01	2.433052e-01	1.979035e-01	4.796171e+03
0.000000e+00	2.830206e-01	7.318519e-01	5.678702e-01	1.979035e-01	4.796171e+03
0.000000e+00	2.830206e-01	7.318519e-01	2.433052e-01	1.868473e-01	4.796171e+03
0.000000e+00	2.830206e-01	7.318519e-01	2.433052e-01	1.979035e-01	3.896520e+03
0.000000e+00	2.830206e-01	7.318519e-01	2.433052e-01	1.979035e-01	4.796171e+03
1.000000e+00	8.953635e-01	3.331391e-01	7.423425e-02	8.596116e-01	4.422559e+03
1.000000e+00	5.366237e-01	3.331391e-01	7.423425e-02	8.596116e-01	4.422559e+03
1.000000e+00	8.953635e-01	1.414933e-01	7.423425e-02	8.596116e-01	4.422559e+03
1.000000e+00	8.953635e-01	3.331391e-01	6.829983e-01	8.596116e-01	4.422559e+03
0.000000e+00	8.953635e-01	3.331391e-01	7.423425e-02	8.420907e-01	4.422559e+03
1.000000e+00	8.953635e-01	3.331391e-01	7.423425e-02	8.596116e-01	4.209089e+03
1.000000e+00	8.953635e-01	1.414933e-01	6.829983e-01	8.420907e-01	4.209089e+03
1.000000e+00	5.366237e-01	3.331391e-01	6.829983e-01	8.420907e-01	4.209089e+03
1.000000e+00	5.366237e-01	1.414933e-01	7.423425e-02	8.420907e-01	4.209089e+03
1.000000e+00	5.366237e-01	1.414933e-01	6.829983e-01	8.596116e-01	4.209089e+03
0.000000e+00	5.366237e-01	1.414933e-01	6.829983e-01	8.420907e-01	4.422559e+03
1.000000e+00	5.366237e-01	1.414933e-01	6.829983e-01	8.420907e-01	4.209089e+03
1.000000e+00	9.629517e-01	8.801960e-01	5.219711e-01	6.767327e-01	4.244832e+03
1.000000e+00	7.000346e-01	8.801960e-01	5.219711e-01	6.767327e-01	4.244832e+03
1.000000e+00	9.629517e-01	8.911245e-01	5.219711e-01	6.767327e-01	4.244832e+03
1.000000e+00	9.629517e-01	8.801960e-01	8.069196e-01	6.767327e-01	4.244832e+03
1.000000e+00	9.629517e-01	8.801960e-01	5.219711e-01	7.263156e-01	4.244832e+03
1.000000e+00	9.629517e-01	8.801960e-01	5.219711e-01	6.767327e-01	4.538226e+03
1.000000e+00	9.629517e-01	8.911245e-01	8.069196e-01	7.263156e-01	4.538226e+03
1.000000e+00	7.000346e-01	8.801960e-01	8.069196e-01	7.263156e-01	4.538226e+03
1.000000e+00	7.000346e-01	8.911245e-01	5.219711e-01	7.263156e-01	4.538226e+03
1.000000e+00	7.000346e-01	8.911245e-01	8.069196e-01	6.767327e-01	4.538226e+03
1.000000e+00	7.000346e-01	8.911245e-01	8.069196e-01	7.263156e-01	4.244832e+03
0.000000e+00	7.000346e-01	8.911245e-01	8.069196e-01	7.263156e-01	4.538226e+03
1.000000e+00	3.154118e-01	2.000313e-01	3.028970e-02	3.706799e-01	4.768751e+03
1.000000e+00	4.458214e-01	2.000313e-01	3.028970e-02	3.706799e-01	4.768751e+03
1.000000e+00	3.154118e-01	4.814910e-01	3.028970e-02	3.706799e-01	4.768751e+03
1.000000e+00	3.154118e-01	2.000313e-01	3.672477e-01	3.706799e-01	4.768751e+03
1.000000e+00	3.154118e-01	2.000313e-01	3.028970e-02	3.626308e-01	4.768751e+03
1.000000e+00	3.154118e-01	2.000313e-01	3.028970e-02	3.706799e-01	3.797183e+03
1.000000e+00	3.154118e-01	4.814910e-01	3.672477e-01	3.626308e-01	3.797183e+03
1.000000e+00	4.458214e-01	2.000313e-01	3.672477e-01	3.626308e-01	3.797183e+03
1.000000e+00	4.458214e-01	4.814910e-01	3.028970e-02	3.626308e-01	3.797183e+03
1.000000e+00	4.458214e-01	4.814910e-01	3.672477e-01	3.706799e-01	3.797183e+03
1.000000e+00	4.458214e-01	4.814910e-01	3.672477e-01	3.626308e-01	4.768751e+03
0.000000e+00	4.458214e-01	4.814910e-01	3.672477e-01	3.626308e-01	3.797183e+03
0.000000e+00	1.419248e-01	7.237049e-01	9.124217e-01	7.782178e-01	5.361349e+03
1.000000e+00	4.174793e-02	7.237049e-01	9.124217e-01	7.782178e-01	5.361349e+03
1.000000e+00	1.419248e-01	6.462390e-01	9.124217e-01	7.782178e-01	5.361349e+03
1.000000e+00	1.419248e-01	7.237049e-01	1.634095e-01	7.782178e-01	5.361349e+03
0.000000e+00	1.419248e-01	7.237049e-01	9.124217e-01	1.435286e-01	5.361349e+03
1.000000e+00	1.419248e-01	7.237049e-01	9.124217e-01	7.782178e-01	3.388987e+03
0.000000e+00	1.419248e-01	6.462390e-01	1.634095e-01	1.435286e-01	3.388987e+03
0.000000e+00	4.174793e-02	7.237049e-01	1.634095e-01	1.435286e-01	3.388987e+03
0.000000e+00	4.174793e-02	6.462390e-01	9.124217e-01	1.435286e-01	3.388987e+03
1.000000e+00	4.174793e-02	6.462390e-01	1.634095e-01	7.782178e-01	3.388987e+03
0.000000e+00	4.174793e-02	6.462390e-01	1.634095e-01	1.435286e-01	5.361349e+03
0.000000e+00	4.174793e-02	6.462390e-01	1.634095e-01	1.435286e-01	3.388987e+03
0.000000e+00	5.095213e-01	4.185407e-01	4.210594e-01	2.066032e-01	3.582709e+03
0.000000e+00	7.958353e-01	4.185407e-01	4.210594e-01	2.066032e-01	3.582709e+03
0.000000e+00	5.095213e-01	2.267709e-01	4.210594e-01	2.066032e-01	3.582709e+03
0.000000e+00	5.095213e-01	4.185407e-01	7.237024e-01	2.066032e-01	3.582709e+03
1.000000e+00	5.095213e-01	4.185407e-01	4.210594e-01	7.559322e-01	3.582709e+03
0.000000e+00	5.095213e-01	4.185407e-01	4.210594e-01	2.066032e-01	5.304346e+03
1.000000e+00	5.095213e-01	2.267709e-01	7.237024e-01	7.559322e-01	5.304346e+03
1.000000e+00	7.958353e-01	4.185407e-01	7.237024e-01	7.559322e-01	5.304346e+03
1.000000e+00	7.958353e-01	2.267709e-01	4.210594e-01	7.559322e-01	5.304346e+03
0.000000e+00	7.958353e-01	2.267709e-01	7.237024e-01	2.066032e-01	5.304346e+03
1.000000e+00	7.958353e-01	2.267709e-01	7.237024e-01	7.559322e-01	3.582709e+03
1.000000e+00	7.958353e-01	2.267709e-01	7.237024e-01	7.559322e-01	5.304346e+03
0.000000e+00	6.798555e-01	5.733893e-01	2.219597e-01	5.625194e-02	3.108300e+03
0.000000e+00	6.160192e-01	5.733893e-01	2.219597e-01	5.625194e-02	3.108300e+03
0.000000e+00	6.798555e-01	6.006874e-01	2.219597e-01	5.625194e-02	3.108300e+03
0.000000e+00	6.798555e-01	5.733893e-01	6.246892e-03	5.625194e-02	3.108300e+03
0.000000e+00	6.798555e-01	5.733893e-01	2.219597e-01	1.055344e-02	3.108300e+03
0.000000e+00	6.798555e-01	5.733893e-01	2.219597e-01	5.625194e-02	4.083294e+03
0.000000e+00	6.798555e-01	6.006874e-01	6.246892e-03	1.055344e-02	4.083294e+03
0.000000e+00	6.160192e-01	5.733893e-01	6.246892e-03	1.055344e-02	4.083294e+03
0.000000e+00	6.160192e-01	6.006874e-01	2.219597e-01	1.055344e-02	4.083294e+03
0.000000e+00	6.160192e-01	6.006874e-01	6.246892e-03	5.625194e-02	4.083294e+03
0.000000e+00	6.160192e-01	6.006874e-01	6.246892e-03	1.055344e-02	3.108300e+03
0.000000e+00	6.160192e-01	6.006874e-01	6.246892e-03	1.055344e-02	4.083294e+03
0.000000e+00	3.201018e-02	2.525693e-01	7.287090e-01	9.911537e-01	4.889084e+03
0.000000e+00	3.619279e-01	2.525693e-01	7.287090e-01	9.911537e-01	4.889084e+03
0.000000e+00	3.201018e-02	2.595374e-02	7.287090e-01	9.911537e-01	4.889084e+03
0.000000e+00	3.201018e-02	2.525693e-01	5.665416e-01	9.911537e-01	4.889084e+03
0.000000e+00	3.201018e-02	2.525693e-01	7.287090e-01	9.044370e-01	4.889084e+03
0.000000e+00	3.201018e-02	2.525693e-01	7.287090e-01	9.911537e-01	4.589962e+03
0.000000e+00	3.201018e-02	2.595374e-02	5.665416e-01	9.044370e-01	4.589962e+03
0.000000e+00	3.619279e-01	2.525693e-01	5.665416e-01	9.044370e-01	4.589962e+03
0.000000e+00	3.619279e-01	2.595374e-02	7.287090e-01	9.044370e-01	4.589962e+03
0.000000e+00	3.619279e-01	2.595374e-02	5.665416e-01	9.911537e-01	4.589962e+03
0.000000e+00	3.619279e-01	2.595374e-02	5.665416e-01	9.044370e-01	4.889084e+03
0.000000e+00	3.619279e-01	2.595374e-02	5.665416e-01	9.044370e-01	4.589962e+03
1.000000e+00	4.877041e-01	7.923827e-01	3.314479e-01	3.921142e-01	4.305040e+03
0.000000e+00	1.412645e-01	7.923827e-01	3.314479e-01	3.921142e-01	4.305040e+03
1.000000e+00	4.877041e-01	8.458549e-01	3.314479e-01	3.921142e-01	4.305040e+03
0.000000e+00	4.877041e-01	7.923827e-01	9.018264e-01	3.921142e-01	4.305040e+03
1.000000e+00	4.877041e-01	7.923827e-01	3.314479e-01	6.245457e-01	4.305040e+03
1.000000e+00	4.877041e-01	7.923827e-01	3.314479e-01	3.921142e-01	5.077456e+03
1.000000e+00	4.877041e-01	8.458549e-01	9.018264e-01	6.245457e-01	5.077456e+03
1.000000e+00	1.412645e-01	7.923827e-01	9.018264e-01	6.245457e-01	5.077456e+03
1.000000e+00	1.412645e-01	8.458549e-01	3.314479e-01	6.245457e-01	5.077456e+03
1.000000e+00	1.412645e-01	8.458549e-01	9.018264e-01	3.921142e-01	5.077456e+03
1.000000e+00	1.412645e-01	8.458549e-01	9.018264e-01	6.245457e-01	4.305040e+03
1.000000e+00	1.412645e-01	8.458549e-01	9.018264e-01	6.245457e-01	5.077456e+03
1.000000e+00	8.549956e-01	9.656322e-02	8.380004e-01	5.926999e-01	3.778997e+03
1.000000e+00	8.954742e-01	9.656322e-02	8.380004e-01	5.926999e-01	3.778997e+03
1.000000e+00	8.549956e-01	2.809401e-01	8.380004e-01	5.926999e-01	3.778997e+03
1.000000e+00	8.549956e-01	9.656322e-02	4.621527e-01	5.926999e-01	3.778997e+03
1.000000e+00	8.549956e-01	9.656322e-02	8.380004e-01	4.798692e-01	3.778997e+03
1.000000e+00	8.549956e-01	9.656322e-02	8.380004e-01	5.926999e-01	3.240222e+03
1.000000e+00	8.549956e-01	2.809401e-01	4.621527e-01	4.798692e-01	3.240222e+03
1.000000e+00	8.954742e-01	9.656322e-02	4.621527e-01	4.798692e-01	3.240222e+03
1.000000e+00	8.954742e-01	2.809401e-01	8.380004e-01	4.798692e-01	3.240222e+03
1.000000e+00	8.954742e-01	2.809401e-01	4.621527e-01	5.926999e-01	3.240222e+03
1.000000e+00	8.954742e-01	2.809401e-01	4.621527e-01	4.798692e-01	3.778997e+03
1.000000e+00	8.954742e-01	2.809401e-01	4.621527e-01	4.798692e-01	3.240222e+03
